,path,interval_folder,sector,ticker,size_bytes,size_gb
0,15_min_interval_stocks/Basic_Materials/ABAT.csv,15_min_interval_stocks,Basic_Materials,ABAT,536761,0.0004998976364731789
1,15_min_interval_stocks/Basic_Materials/AEM.csv,15_min_interval_stocks,Basic_Materials,AEM,11231933,0.010460552759468555
2,15_min_interval_stocks/Basic_Materials/AG.csv,15_min_interval_stocks,Basic_Materials,AG,7536727,0.0070191239938139915
3,15_min_interval_stocks/Basic_Materials/AGI.csv,15_min_interval_stocks,Basic_Materials,AGI,5067698,0.004719661548733711
4,15_min_interval_stocks/Basic_Materials/AMLI.csv,15_min_interval_stocks,Basic_Materials,AMLI,983704,0.0009161457419395447
5,15_min_interval_stocks/Basic_Materials/AMWD.csv,15_min_interval_stocks,Basic_Materials,AMWD,8109567,0.007552622817456722
6,15_min_interval_stocks/Basic_Materials/ASM.csv,15_min_interval_stocks,Basic_Materials,ASM,4561183,0.004247932694852352
7,15_min_interval_stocks/Basic_Materials/AU.csv,15_min_interval_stocks,Basic_Materials,AU,12677514,0.011806854978203773
8,15_min_interval_stocks/Basic_Materials/AUMN.csv,15_min_interval_stocks,Basic_Materials,AUMN,5192929,0.004836292006075382
9,15_min_interval_stocks/Basic_Materials/AUST.csv,15_min_interval_stocks,Basic_Materials,AUST,772558,0.0007195007055997849
10,15_min_interval_stocks/Basic_Materials/BTG.csv,15_min_interval_stocks,Basic_Materials,BTG,5945147,0.005536849610507488
11,15_min_interval_stocks/Basic_Materials/BVN.csv,15_min_interval_stocks,Basic_Materials,BVN,9441409,0.00879299733787775
12,15_min_interval_stocks/Basic_Materials/CCJ.csv,15_min_interval_stocks,Basic_Materials,CCJ,10469621,0.00975059438496828
13,15_min_interval_stocks/Basic_Materials/CDE.csv,15_min_interval_stocks,Basic_Materials,CDE,9793362,0.009120779111981392
14,15_min_interval_stocks/Basic_Materials/CGAU.csv,15_min_interval_stocks,Basic_Materials,CGAU,1387467,0.0012921793386340141
15,15_min_interval_stocks/Basic_Materials/CHNR.csv,15_min_interval_stocks,Basic_Materials,CHNR,3071016,0.0028601065278053284
16,15_min_interval_stocks/Basic_Materials/CLF.csv,15_min_interval_stocks,Basic_Materials,CLF,12520862,0.01166096143424511
17,15_min_interval_stocks/Basic_Materials/CLW.csv,15_min_interval_stocks,Basic_Materials,CLW,5419989,0.005047758109867573
18,15_min_interval_stocks/Basic_Materials/CMCL.csv,15_min_interval_stocks,Basic_Materials,CMCL,3061293,0.002851051278412342
19,15_min_interval_stocks/Basic_Materials/CRML.csv,15_min_interval_stocks,Basic_Materials,CRML,160964,0.00014990940690040588
20,15_min_interval_stocks/Basic_Materials/CRMLW.csv,15_min_interval_stocks,Basic_Materials,CRMLW,46835,4.3618492782115936e-05
21,15_min_interval_stocks/Basic_Materials/CTGO.csv,15_min_interval_stocks,Basic_Materials,CTGO,677286,0.000630771741271019
22,15_min_interval_stocks/Basic_Materials/DC.csv,15_min_interval_stocks,Basic_Materials,DC,884127,0.0008234074339270592
23,15_min_interval_stocks/Basic_Materials/DNN.csv,15_min_interval_stocks,Basic_Materials,DNN,7245188,0.0067476071417331696
24,15_min_interval_stocks/Basic_Materials/DRD.csv,15_min_interval_stocks,Basic_Materials,DRD,6575876,0.006124261766672134
25,15_min_interval_stocks/Basic_Materials/EMX.csv,15_min_interval_stocks,Basic_Materials,EMX,3140166,0.0029245074838399887
26,15_min_interval_stocks/Basic_Materials/EQX.csv,15_min_interval_stocks,Basic_Materials,EQX,2131123,0.0019847629591822624
27,15_min_interval_stocks/Basic_Materials/ERO.csv,15_min_interval_stocks,Basic_Materials,ERO,1216669,0.0011331113055348396
28,15_min_interval_stocks/Basic_Materials/EU.csv,15_min_interval_stocks,Basic_Materials,EU,748163,0.0006967810913920403
29,15_min_interval_stocks/Basic_Materials/EXK.csv,15_min_interval_stocks,Basic_Materials,EXK,6816304,0.006348177790641785
30,15_min_interval_stocks/Basic_Materials/FBIN.csv,15_min_interval_stocks,Basic_Materials,FBIN,5322823,0.004957265220582485
31,15_min_interval_stocks/Basic_Materials/FCX.csv,15_min_interval_stocks,Basic_Materials,FCX,15072035,0.014036926440894604
32,15_min_interval_stocks/Basic_Materials/FMST.csv,15_min_interval_stocks,Basic_Materials,FMST,213335,0.0001986837014555931
33,15_min_interval_stocks/Basic_Materials/FMSTW.csv,15_min_interval_stocks,Basic_Materials,FMSTW,31931,2.9738061130046844e-05
34,15_min_interval_stocks/Basic_Materials/FNV.csv,15_min_interval_stocks,Basic_Materials,FNV,5807501,0.005408656783401966
35,15_min_interval_stocks/Basic_Materials/FSM.csv,15_min_interval_stocks,Basic_Materials,FSM,5116896,0.0047654807567596436
36,15_min_interval_stocks/Basic_Materials/FURY.csv,15_min_interval_stocks,Basic_Materials,FURY,1297873,0.001208738423883915
37,15_min_interval_stocks/Basic_Materials/GATO.csv,15_min_interval_stocks,Basic_Materials,GATO,1551451,0.0014449013397097588
38,15_min_interval_stocks/Basic_Materials/GFI.csv,15_min_interval_stocks,Basic_Materials,GFI,11380343,0.010598770342767239
39,15_min_interval_stocks/Basic_Materials/GLDG.csv,15_min_interval_stocks,Basic_Materials,GLDG,1881777,0.0017525414004921913
40,15_min_interval_stocks/Basic_Materials/GOLD.csv,15_min_interval_stocks,Basic_Materials,GOLD,13405100,0.012484472244977951
41,15_min_interval_stocks/Basic_Materials/GORO.csv,15_min_interval_stocks,Basic_Materials,GORO,7058403,0.006573650054633617
42,15_min_interval_stocks/Basic_Materials/GROY.csv,15_min_interval_stocks,Basic_Materials,GROY,1632953,0.0015208059921860695
43,15_min_interval_stocks/Basic_Materials/GSM.csv,15_min_interval_stocks,Basic_Materials,GSM,6156602,0.005733782425522804
44,15_min_interval_stocks/Basic_Materials/HBM.csv,15_min_interval_stocks,Basic_Materials,HBM,5149194,0.004795560613274574
45,15_min_interval_stocks/Basic_Materials/HMY.csv,15_min_interval_stocks,Basic_Materials,HMY,10764193,0.010024935938417912
46,15_min_interval_stocks/Basic_Materials/HYMC.csv,15_min_interval_stocks,Basic_Materials,HYMC,2238052,0.002084348350763321
47,15_min_interval_stocks/Basic_Materials/HYMCL.csv,15_min_interval_stocks,Basic_Materials,HYMCL,331134,0.00030839256942272186
48,15_min_interval_stocks/Basic_Materials/HYMCW.csv,15_min_interval_stocks,Basic_Materials,HYMCW,786978,0.00073293037712574
49,15_min_interval_stocks/Basic_Materials/IAG.csv,15_min_interval_stocks,Basic_Materials,IAG,7902787,0.007360043935477734
50,15_min_interval_stocks/Basic_Materials/IAUX.csv,15_min_interval_stocks,Basic_Materials,IAUX,1030971,0.0009601665660738945
51,15_min_interval_stocks/Basic_Materials/IDR.csv,15_min_interval_stocks,Basic_Materials,IDR,566977,0.0005280384793877602
52,15_min_interval_stocks/Basic_Materials/IE.csv,15_min_interval_stocks,Basic_Materials,IE,912578,0.0008499044924974442
53,15_min_interval_stocks/Basic_Materials/IP.csv,15_min_interval_stocks,Basic_Materials,IP,10947230,0.010195402428507805
54,15_min_interval_stocks/Basic_Materials/IPX.csv,15_min_interval_stocks,Basic_Materials,IPX,411965,0.0003836723044514656
55,15_min_interval_stocks/Basic_Materials/ITRG.csv,15_min_interval_stocks,Basic_Materials,ITRG,1477694,0.001376209780573845
56,15_min_interval_stocks/Basic_Materials/JELD.csv,15_min_interval_stocks,Basic_Materials,JELD,2766847,0.002576827071607113
57,15_min_interval_stocks/Basic_Materials/KGC.csv,15_min_interval_stocks,Basic_Materials,KGC,10544532,0.009820360690355301
58,15_min_interval_stocks/Basic_Materials/KOP.csv,15_min_interval_stocks,Basic_Materials,KOP,7276846,0.006777090951800346
59,15_min_interval_stocks/Basic_Materials/LAAC.csv,15_min_interval_stocks,Basic_Materials,LAAC,709890,0.000661136582493782
60,15_min_interval_stocks/Basic_Materials/LAC.csv,15_min_interval_stocks,Basic_Materials,LAC,5192187,0.0048356009647250175
61,15_min_interval_stocks/Basic_Materials/LITM.csv,15_min_interval_stocks,Basic_Materials,LITM,1018318,0.0009483825415372849
62,15_min_interval_stocks/Basic_Materials/LPX.csv,15_min_interval_stocks,Basic_Materials,LPX,10136013,0.00943989772349596
63,15_min_interval_stocks/Basic_Materials/LZM.csv,15_min_interval_stocks,Basic_Materials,LZM,432723,0.0004030046984553337
64,15_min_interval_stocks/Basic_Materials/MAG.csv,15_min_interval_stocks,Basic_Materials,MAG,7104113,0.006616220809519291
65,15_min_interval_stocks/Basic_Materials/MAGN.csv,15_min_interval_stocks,Basic_Materials,MAGN,33387,3.109406679868698e-05
66,15_min_interval_stocks/Basic_Materials/MATV.csv,15_min_interval_stocks,Basic_Materials,MATV,6866691,0.006395104341208935
67,15_min_interval_stocks/Basic_Materials/MERC.csv,15_min_interval_stocks,Basic_Materials,MERC,6771310,0.006306273862719536
68,15_min_interval_stocks/Basic_Materials/MP.csv,15_min_interval_stocks,Basic_Materials,MP,2579768,0.0024025961756706238
69,15_min_interval_stocks/Basic_Materials/MTA.csv,15_min_interval_stocks,Basic_Materials,MTA,1919669,0.001787831075489521
70,15_min_interval_stocks/Basic_Materials/MTAL.csv,15_min_interval_stocks,Basic_Materials,MTAL,481695,0.0004486134275794029
71,15_min_interval_stocks/Basic_Materials/MUX.csv,15_min_interval_stocks,Basic_Materials,MUX,7272195,0.00677275937050581
72,15_min_interval_stocks/Basic_Materials/NAK.csv,15_min_interval_stocks,Basic_Materials,NAK,8122328,0.00756450742483139
73,15_min_interval_stocks/Basic_Materials/NB.csv,15_min_interval_stocks,Basic_Materials,NB,548070,0.0005104299634695053
74,15_min_interval_stocks/Basic_Materials/NEM.csv,15_min_interval_stocks,Basic_Materials,NEM,13527582,0.012598542496562004
75,15_min_interval_stocks/Basic_Materials/NEWP.csv,15_min_interval_stocks,Basic_Materials,NEWP,1161825,0.0010820338502526283
76,15_min_interval_stocks/Basic_Materials/NEXA.csv,15_min_interval_stocks,Basic_Materials,NEXA,2269999,0.0021141013130545616
77,15_min_interval_stocks/Basic_Materials/NFGC.csv,15_min_interval_stocks,Basic_Materials,NFGC,1113172,0.0010367222130298615
78,15_min_interval_stocks/Basic_Materials/NG.csv,15_min_interval_stocks,Basic_Materials,NG,8063098,0.007509345188736916
79,15_min_interval_stocks/Basic_Materials/NGD.csv,15_min_interval_stocks,Basic_Materials,NGD,6937324,0.00646088644862175
80,15_min_interval_stocks/Basic_Materials/NIOBW.csv,15_min_interval_stocks,Basic_Materials,NIOBW,125192,0.00011659413576126099
81,15_min_interval_stocks/Basic_Materials/NMG.csv,15_min_interval_stocks,Basic_Materials,NMG,1080880,0.0010066479444503784
82,15_min_interval_stocks/Basic_Materials/NVA.csv,15_min_interval_stocks,Basic_Materials,NVA,93806,8.736364543437958e-05
83,15_min_interval_stocks/Basic_Materials/NXE.csv,15_min_interval_stocks,Basic_Materials,NXE,2902082,0.002702774479985237
84,15_min_interval_stocks/Basic_Materials/ODV.csv,15_min_interval_stocks,Basic_Materials,ODV,720745,0.0006712460890412331
85,15_min_interval_stocks/Basic_Materials/ODVWZ.csv,15_min_interval_stocks,Basic_Materials,ODVWZ,37461,3.488827496767044e-05
86,15_min_interval_stocks/Basic_Materials/OR.csv,15_min_interval_stocks,Basic_Materials,OR,3464047,0.0032261451706290245
87,15_min_interval_stocks/Basic_Materials/ORLA.csv,15_min_interval_stocks,Basic_Materials,ORLA,1339843,0.0012478260323405266
88,15_min_interval_stocks/Basic_Materials/PAAS.csv,15_min_interval_stocks,Basic_Materials,PAAS,11452466,0.01066594012081623
89,15_min_interval_stocks/Basic_Materials/PLG.csv,15_min_interval_stocks,Basic_Materials,PLG,5420932,0.005048636347055435
90,15_min_interval_stocks/Basic_Materials/PPTA.csv,15_min_interval_stocks,Basic_Materials,PPTA,1229048,0.0011446401476860046
91,15_min_interval_stocks/Basic_Materials/PZG.csv,15_min_interval_stocks,Basic_Materials,PZG,4722160,0.004397854208946228
92,15_min_interval_stocks/Basic_Materials/RIO.csv,15_min_interval_stocks,Basic_Materials,RIO,9493970,0.008841948583722115
93,15_min_interval_stocks/Basic_Materials/RYAM.csv,15_min_interval_stocks,Basic_Materials,RYAM,3810583,0.003548881970345974
94,15_min_interval_stocks/Basic_Materials/SA.csv,15_min_interval_stocks,Basic_Materials,SA,7007919,0.00652663316577673
95,15_min_interval_stocks/Basic_Materials/SBSW.csv,15_min_interval_stocks,Basic_Materials,SBSW,6341957,0.005906407721340656
96,15_min_interval_stocks/Basic_Materials/SCCO.csv,15_min_interval_stocks,Basic_Materials,SCCO,10360915,0.00964935403317213
97,15_min_interval_stocks/Basic_Materials/SGML.csv,15_min_interval_stocks,Basic_Materials,SGML,1482792,0.0013809576630592346
98,15_min_interval_stocks/Basic_Materials/SILV.csv,15_min_interval_stocks,Basic_Materials,SILV,2433400,0.0022662803530693054
99,15_min_interval_stocks/Basic_Materials/SKE.csv,15_min_interval_stocks,Basic_Materials,SKE,924571,0.0008610738441348076
100,15_min_interval_stocks/Basic_Materials/SLVM.csv,15_min_interval_stocks,Basic_Materials,SLVM,1325647,0.0012346049770712852
101,15_min_interval_stocks/Basic_Materials/SOJE.csv,15_min_interval_stocks,Basic_Materials,SOJE,1455976,0.001355983316898346
102,15_min_interval_stocks/Basic_Materials/SUZ.csv,15_min_interval_stocks,Basic_Materials,SUZ,2390228,0.002226073294878006
103,15_min_interval_stocks/Basic_Materials/SVM.csv,15_min_interval_stocks,Basic_Materials,SVM,3430101,0.0031945304945111275
104,15_min_interval_stocks/Basic_Materials/TGB.csv,15_min_interval_stocks,Basic_Materials,TGB,6819613,0.006351259537041187
105,15_min_interval_stocks/Basic_Materials/THM.csv,15_min_interval_stocks,Basic_Materials,THM,4594621,0.0042790742591023445
106,15_min_interval_stocks/Basic_Materials/TMC.csv,15_min_interval_stocks,Basic_Materials,TMC,1857490,0.0017299223691225052
107,15_min_interval_stocks/Basic_Materials/TMCWW.csv,15_min_interval_stocks,Basic_Materials,TMCWW,436634,0.00040664710104465485
108,15_min_interval_stocks/Basic_Materials/TMQ.csv,15_min_interval_stocks,Basic_Materials,TMQ,3683770,0.0034307781606912613
109,15_min_interval_stocks/Basic_Materials/TREX.csv,15_min_interval_stocks,Basic_Materials,TREX,5624602,0.00523831881582737
110,15_min_interval_stocks/Basic_Materials/TRX.csv,15_min_interval_stocks,Basic_Materials,TRX,6643185,0.006186948157846928
111,15_min_interval_stocks/Basic_Materials/UEC.csv,15_min_interval_stocks,Basic_Materials,UEC,6840017,0.0063702622428536415
112,15_min_interval_stocks/Basic_Materials/UFPI.csv,15_min_interval_stocks,Basic_Materials,UFPI,9284277,0.008646656759083271
113,15_min_interval_stocks/Basic_Materials/URG.csv,15_min_interval_stocks,Basic_Materials,URG,5608794,0.005223596468567848
114,15_min_interval_stocks/Basic_Materials/USAS.csv,15_min_interval_stocks,Basic_Materials,USAS,2965160,0.0027615204453468323
115,15_min_interval_stocks/Basic_Materials/USAU.csv,15_min_interval_stocks,Basic_Materials,USAU,3191943,0.0029727285727858543
116,15_min_interval_stocks/Basic_Materials/USGO.csv,15_min_interval_stocks,Basic_Materials,USGO,340348,0.0003169737756252289
117,15_min_interval_stocks/Basic_Materials/USGOW.csv,15_min_interval_stocks,Basic_Materials,USGOW,108045,0.00010062474757432938
118,15_min_interval_stocks/Basic_Materials/VALE.csv,15_min_interval_stocks,Basic_Materials,VALE,9135041,0.008507669903337955
119,15_min_interval_stocks/Basic_Materials/VGZ.csv,15_min_interval_stocks,Basic_Materials,VGZ,7249604,0.0067517198622226715
120,15_min_interval_stocks/Basic_Materials/VOXR.csv,15_min_interval_stocks,Basic_Materials,VOXR,580516,0.0005406476557254791
121,15_min_interval_stocks/Basic_Materials/VZLA.csv,15_min_interval_stocks,Basic_Materials,VZLA,1050168,0.0009780451655387878
122,15_min_interval_stocks/Basic_Materials/WFG.csv,15_min_interval_stocks,Basic_Materials,WFG,1573199,0.0014651557430624962
123,15_min_interval_stocks/Basic_Materials/WPM.csv,15_min_interval_stocks,Basic_Materials,WPM,8704015,0.008106245659291744
124,15_min_interval_stocks/Basic_Materials/WRN.csv,15_min_interval_stocks,Basic_Materials,WRN,3339826,0.003110455349087715
125,15_min_interval_stocks/Basic_Materials/WWR.csv,15_min_interval_stocks,Basic_Materials,WWR,6468580,0.006024334579706192
126,15_min_interval_stocks/Basic_Materials/XPL.csv,15_min_interval_stocks,Basic_Materials,XPL,3602100,0.003354717046022415
127,15_min_interval_stocks/Consumer_Discretionary/AAL.csv,15_min_interval_stocks,Consumer_Discretionary,AAL,7280977,0.006780938245356083
128,15_min_interval_stocks/Consumer_Discretionary/AAP.csv,15_min_interval_stocks,Consumer_Discretionary,AAP,9984237,0.009298545308411121
129,15_min_interval_stocks/Consumer_Discretionary/ABG.csv,15_min_interval_stocks,Consumer_Discretionary,ABG,7977713,0.007429824210703373
130,15_min_interval_stocks/Consumer_Discretionary/ABLV.csv,15_min_interval_stocks,Consumer_Discretionary,ABLV,198821,0.00018516648560762405
131,15_min_interval_stocks/Consumer_Discretionary/ABLVW.csv,15_min_interval_stocks,Consumer_Discretionary,ABLVW,20690,1.926906406879425e-05
132,15_min_interval_stocks/Consumer_Discretionary/ACCD.csv,15_min_interval_stocks,Consumer_Discretionary,ACCD,1641323,0.001528601162135601
133,15_min_interval_stocks/Consumer_Discretionary/ACCO.csv,15_min_interval_stocks,Consumer_Discretionary,ACCO,7249005,0.006751162000000477
134,15_min_interval_stocks/Consumer_Discretionary/ACEL.csv,15_min_interval_stocks,Consumer_Discretionary,ACEL,1821415,0.0016963249072432518
135,15_min_interval_stocks/Consumer_Discretionary/ACM.csv,15_min_interval_stocks,Consumer_Discretionary,ACM,7182900,0.006689596921205521
136,15_min_interval_stocks/Consumer_Discretionary/ACN.csv,15_min_interval_stocks,Consumer_Discretionary,ACN,10484176,0.009764149785041809
137,15_min_interval_stocks/Consumer_Discretionary/ACU.csv,15_min_interval_stocks,Consumer_Discretionary,ACU,2491463,0.002320355735719204
138,15_min_interval_stocks/Consumer_Discretionary/ACVA.csv,15_min_interval_stocks,Consumer_Discretionary,ACVA,1330636,0.0012392513453960419
139,15_min_interval_stocks/Consumer_Discretionary/ADD.csv,15_min_interval_stocks,Consumer_Discretionary,ADD,4162220,0.003876369446516037
140,15_min_interval_stocks/Consumer_Discretionary/ADNT.csv,15_min_interval_stocks,Consumer_Discretionary,ADNT,3022249,0.0028146887198090553
141,15_min_interval_stocks/Consumer_Discretionary/ADSE.csv,15_min_interval_stocks,Consumer_Discretionary,ADSE,583207,0.0005431538447737694
142,15_min_interval_stocks/Consumer_Discretionary/ADSEW.csv,15_min_interval_stocks,Consumer_Discretionary,ADSEW,147491,0.00013736169785261154
143,15_min_interval_stocks/Consumer_Discretionary/ADT.csv,15_min_interval_stocks,Consumer_Discretionary,ADT,3147878,0.0029316898435354233
144,15_min_interval_stocks/Consumer_Discretionary/ADV.csv,15_min_interval_stocks,Consumer_Discretionary,ADV,1368286,0.0012743156403303146
145,15_min_interval_stocks/Consumer_Discretionary/AENT.csv,15_min_interval_stocks,Consumer_Discretionary,AENT,284350,0.0002648215740919113
146,15_min_interval_stocks/Consumer_Discretionary/AENTW.csv,15_min_interval_stocks,Consumer_Discretionary,AENTW,49450,4.605390131473541e-05
147,15_min_interval_stocks/Consumer_Discretionary/AEO.csv,15_min_interval_stocks,Consumer_Discretionary,AEO,10748737,0.010010541416704655
148,15_min_interval_stocks/Consumer_Discretionary/AER.csv,15_min_interval_stocks,Consumer_Discretionary,AER,7290113,0.00678944680839777
149,15_min_interval_stocks/Consumer_Discretionary/AERT.csv,15_min_interval_stocks,Consumer_Discretionary,AERT,235411,0.0002192435786128044
150,15_min_interval_stocks/Consumer_Discretionary/AEVA.csv,15_min_interval_stocks,Consumer_Discretionary,AEVA,1883549,0.00175419170409441
151,15_min_interval_stocks/Consumer_Discretionary/AGAE.csv,15_min_interval_stocks,Consumer_Discretionary,AGAE,1715281,0.0015974799171090126
152,15_min_interval_stocks/Consumer_Discretionary/AGS.csv,15_min_interval_stocks,Consumer_Discretionary,AGS,2330838,0.0021707620471715927
153,15_min_interval_stocks/Consumer_Discretionary/AGX.csv,15_min_interval_stocks,Consumer_Discretionary,AGX,5769641,0.005373396910727024
154,15_min_interval_stocks/Consumer_Discretionary/AHG.csv,15_min_interval_stocks,Consumer_Discretionary,AHG,1849246,0.0017222445458173752
155,15_min_interval_stocks/Consumer_Discretionary/AIEV.csv,15_min_interval_stocks,Consumer_Discretionary,AIEV,196843,0.00018332432955503464
156,15_min_interval_stocks/Consumer_Discretionary/AIN.csv,15_min_interval_stocks,Consumer_Discretionary,AIN,9523784,0.0088697150349617
157,15_min_interval_stocks/Consumer_Discretionary/AIRT.csv,15_min_interval_stocks,Consumer_Discretionary,AIRT,2730419,0.0025429008528590202
158,15_min_interval_stocks/Consumer_Discretionary/AIRTP.csv,15_min_interval_stocks,Consumer_Discretionary,AIRTP,240606,0.00022408179938793182
159,15_min_interval_stocks/Consumer_Discretionary/AIT.csv,15_min_interval_stocks,Consumer_Discretionary,AIT,9371620,0.00872800126671791
160,15_min_interval_stocks/Consumer_Discretionary/AKA.csv,15_min_interval_stocks,Consumer_Discretionary,AKA,877731,0.0008174506947398186
161,15_min_interval_stocks/Consumer_Discretionary/AKAM.csv,15_min_interval_stocks,Consumer_Discretionary,AKAM,10311180,0.00960303470492363
162,15_min_interval_stocks/Consumer_Discretionary/AL.csv,15_min_interval_stocks,Consumer_Discretionary,AL,5482118,0.005105620250105858
163,15_min_interval_stocks/Consumer_Discretionary/ALGT.csv,15_min_interval_stocks,Consumer_Discretionary,ALGT,7406449,0.006897793151438236
164,15_min_interval_stocks/Consumer_Discretionary/ALIT.csv,15_min_interval_stocks,Consumer_Discretionary,ALIT,1692914,0.0015766490250825882
165,15_min_interval_stocks/Consumer_Discretionary/ALK.csv,15_min_interval_stocks,Consumer_Discretionary,ALK,10364861,0.009653029032051563
166,15_min_interval_stocks/Consumer_Discretionary/ALLE.csv,15_min_interval_stocks,Consumer_Discretionary,ALLE,4560845,0.004247617907822132
167,15_min_interval_stocks/Consumer_Discretionary/ALSN.csv,15_min_interval_stocks,Consumer_Discretionary,ALSN,5163598,0.004808975383639336
168,15_min_interval_stocks/Consumer_Discretionary/ALTS.csv,15_min_interval_stocks,Consumer_Discretionary,ALTS,160285,0.00014927703887224197
169,15_min_interval_stocks/Consumer_Discretionary/ALV.csv,15_min_interval_stocks,Consumer_Discretionary,ALV,10688108,0.009954076260328293
170,15_min_interval_stocks/Consumer_Discretionary/AMC.csv,15_min_interval_stocks,Consumer_Discretionary,AMC,6670142,0.006212053820490837
171,15_min_interval_stocks/Consumer_Discretionary/AMCR.csv,15_min_interval_stocks,Consumer_Discretionary,AMCR,6711394,0.006250472739338875
172,15_min_interval_stocks/Consumer_Discretionary/AMN.csv,15_min_interval_stocks,Consumer_Discretionary,AMN,7538508,0.007020782679319382
173,15_min_interval_stocks/Consumer_Discretionary/AMRC.csv,15_min_interval_stocks,Consumer_Discretionary,AMRC,4745741,0.004419815726578236
174,15_min_interval_stocks/Consumer_Discretionary/AMSC.csv,15_min_interval_stocks,Consumer_Discretionary,AMSC,8715046,0.008116519078612328
175,15_min_interval_stocks/Consumer_Discretionary/AMWL.csv,15_min_interval_stocks,Consumer_Discretionary,AMWL,1878483,0.001749473623931408
176,15_min_interval_stocks/Consumer_Discretionary/AMZN.csv,15_min_interval_stocks,Consumer_Discretionary,AMZN,15696902,0.014618879184126854
177,15_min_interval_stocks/Consumer_Discretionary/AN.csv,15_min_interval_stocks,Consumer_Discretionary,AN,8943155,0.00832896213978529
178,15_min_interval_stocks/Consumer_Discretionary/ANF.csv,15_min_interval_stocks,Consumer_Discretionary,ANF,10863626,0.010117540135979652
179,15_min_interval_stocks/Consumer_Discretionary/ANGH.csv,15_min_interval_stocks,Consumer_Discretionary,ANGH,598561,0.0005574533715844154
180,15_min_interval_stocks/Consumer_Discretionary/ANGHW.csv,15_min_interval_stocks,Consumer_Discretionary,ANGHW,171676,0.0001598857343196869
181,15_min_interval_stocks/Consumer_Discretionary/ANGI.csv,15_min_interval_stocks,Consumer_Discretionary,ANGI,4657764,0.00433788076043129
182,15_min_interval_stocks/Consumer_Discretionary/ANTE.csv,15_min_interval_stocks,Consumer_Discretionary,ANTE,4289309,0.0039947303012013435
183,15_min_interval_stocks/Consumer_Discretionary/AOS.csv,15_min_interval_stocks,Consumer_Discretionary,AOS,9488025,0.008836411871016026
184,15_min_interval_stocks/Consumer_Discretionary/AOUT.csv,15_min_interval_stocks,Consumer_Discretionary,AOUT,1264768,0.0011779069900512695
185,15_min_interval_stocks/Consumer_Discretionary/APDN.csv,15_min_interval_stocks,Consumer_Discretionary,APDN,4840682,0.004508236423134804
186,15_min_interval_stocks/Consumer_Discretionary/APG.csv,15_min_interval_stocks,Consumer_Discretionary,APG,1791192,0.0016681775450706482
187,15_min_interval_stocks/Consumer_Discretionary/APOG.csv,15_min_interval_stocks,Consumer_Discretionary,APOG,9562998,0.008906235918402672
188,15_min_interval_stocks/Consumer_Discretionary/APTV.csv,15_min_interval_stocks,Consumer_Discretionary,APTV,5339425,0.004972727037966251
189,15_min_interval_stocks/Consumer_Discretionary/ARCO.csv,15_min_interval_stocks,Consumer_Discretionary,ARCO,5308972,0.004944365471601486
190,15_min_interval_stocks/Consumer_Discretionary/ARHS.csv,15_min_interval_stocks,Consumer_Discretionary,ARHS,1263006,0.001176265999674797
191,15_min_interval_stocks/Consumer_Discretionary/ARKR.csv,15_min_interval_stocks,Consumer_Discretionary,ARKR,1991889,0.0018550911918282509
192,15_min_interval_stocks/Consumer_Discretionary/ARMK.csv,15_min_interval_stocks,Consumer_Discretionary,ARMK,4547655,0.004235333763062954
193,15_min_interval_stocks/Consumer_Discretionary/ARRY.csv,15_min_interval_stocks,Consumer_Discretionary,ARRY,2095373,0.001951468177139759
194,15_min_interval_stocks/Consumer_Discretionary/AS.csv,15_min_interval_stocks,Consumer_Discretionary,AS,415367,0.00038684066385030746
195,15_min_interval_stocks/Consumer_Discretionary/ASC.csv,15_min_interval_stocks,Consumer_Discretionary,ASC,4414717,0.0041115256026387215
196,15_min_interval_stocks/Consumer_Discretionary/ASGN.csv,15_min_interval_stocks,Consumer_Discretionary,ASGN,8236241,0.007670597173273563
197,15_min_interval_stocks/Consumer_Discretionary/ASH.csv,15_min_interval_stocks,Consumer_Discretionary,ASH,9968143,0.00928355660289526
198,15_min_interval_stocks/Consumer_Discretionary/ASLE.csv,15_min_interval_stocks,Consumer_Discretionary,ASLE,1438237,0.001339462585747242
199,15_min_interval_stocks/Consumer_Discretionary/ASO.csv,15_min_interval_stocks,Consumer_Discretionary,ASO,2118209,0.001972735859453678
200,15_min_interval_stocks/Consumer_Discretionary/ASPN.csv,15_min_interval_stocks,Consumer_Discretionary,ASPN,3219605,0.0029984908178448677
201,15_min_interval_stocks/Consumer_Discretionary/ASPS.csv,15_min_interval_stocks,Consumer_Discretionary,ASPS,5152885,0.00479899812489748
202,15_min_interval_stocks/Consumer_Discretionary/ASR.csv,15_min_interval_stocks,Consumer_Discretionary,ASR,8330384,0.007758274674415588
203,15_min_interval_stocks/Consumer_Discretionary/ASTH.csv,15_min_interval_stocks,Consumer_Discretionary,ASTH,282234,0.00026285089552402496
204,15_min_interval_stocks/Consumer_Discretionary/ASTS.csv,15_min_interval_stocks,Consumer_Discretionary,ASTS,2346134,0.002185007557272911
205,15_min_interval_stocks/Consumer_Discretionary/ATAT.csv,15_min_interval_stocks,Consumer_Discretionary,ATAT,939780,0.0008752383291721344
206,15_min_interval_stocks/Consumer_Discretionary/ATCOL.csv,15_min_interval_stocks,Consumer_Discretionary,ATCOL,200625,0.00018684659153223038
207,15_min_interval_stocks/Consumer_Discretionary/ATER.csv,15_min_interval_stocks,Consumer_Discretionary,ATER,2511549,0.0023390622809529305
208,15_min_interval_stocks/Consumer_Discretionary/ATIF.csv,15_min_interval_stocks,Consumer_Discretionary,ATIF,1073278,0.0009995680302381516
209,15_min_interval_stocks/Consumer_Discretionary/ATMU.csv,15_min_interval_stocks,Consumer_Discretionary,ATMU,710393,0.0006616050377488136
210,15_min_interval_stocks/Consumer_Discretionary/ATSG.csv,15_min_interval_stocks,Consumer_Discretionary,ATSG,5540785,0.005160258151590824
211,15_min_interval_stocks/Consumer_Discretionary/ATXG.csv,15_min_interval_stocks,Consumer_Discretionary,ATXG,786428,0.0007324181497097015
212,15_min_interval_stocks/Consumer_Discretionary/AVY.csv,15_min_interval_stocks,Consumer_Discretionary,AVY,10261023,0.009556322358548641
213,15_min_interval_stocks/Consumer_Discretionary/AXIL.csv,15_min_interval_stocks,Consumer_Discretionary,AXIL,93929,8.747819811105728e-05
214,15_min_interval_stocks/Consumer_Discretionary/AXL.csv,15_min_interval_stocks,Consumer_Discretionary,AXL,8907082,0.008295366540551186
215,15_min_interval_stocks/Consumer_Discretionary/AXTA.csv,15_min_interval_stocks,Consumer_Discretionary,AXTA,3655423,0.0034043779596686363
216,15_min_interval_stocks/Consumer_Discretionary/AYI.csv,15_min_interval_stocks,Consumer_Discretionary,AYI,9457234,0.00880773551762104
217,15_min_interval_stocks/Consumer_Discretionary/AYRO.csv,15_min_interval_stocks,Consumer_Discretionary,AYRO,4543161,0.004231148399412632
218,15_min_interval_stocks/Consumer_Discretionary/AZI.csv,15_min_interval_stocks,Consumer_Discretionary,AZI,137756,0.00012829527258872986
219,15_min_interval_stocks/Consumer_Discretionary/AZO.csv,15_min_interval_stocks,Consumer_Discretionary,AZO,9533289,0.00887856725603342
220,15_min_interval_stocks/Consumer_Discretionary/AZUL.csv,15_min_interval_stocks,Consumer_Discretionary,AZUL,3167728,0.0029501765966415405
221,15_min_interval_stocks/Consumer_Discretionary/BABA.csv,15_min_interval_stocks,Consumer_Discretionary,BABA,9148804,0.008520487695932388
222,15_min_interval_stocks/Consumer_Discretionary/BAER.csv,15_min_interval_stocks,Consumer_Discretionary,BAER,465347,0.0004333881661295891
223,15_min_interval_stocks/Consumer_Discretionary/BAERW.csv,15_min_interval_stocks,Consumer_Discretionary,BAERW,114308,0.00010645762085914612
224,15_min_interval_stocks/Consumer_Discretionary/BAH.csv,15_min_interval_stocks,Consumer_Discretionary,BAH,5739852,0.005345653742551804
225,15_min_interval_stocks/Consumer_Discretionary/BALY.csv,15_min_interval_stocks,Consumer_Discretionary,BALY,4369687,0.0040695881471037865
226,15_min_interval_stocks/Consumer_Discretionary/BAM.csv,15_min_interval_stocks,Consumer_Discretionary,BAM,7035168,0.006552010774612427
227,15_min_interval_stocks/Consumer_Discretionary/BAOS.csv,15_min_interval_stocks,Consumer_Discretionary,BAOS,948504,0.0008833631873130798
228,15_min_interval_stocks/Consumer_Discretionary/BARK.csv,15_min_interval_stocks,Consumer_Discretionary,BARK,1862974,0.0017350297421216965
229,15_min_interval_stocks/Consumer_Discretionary/BATRA.csv,15_min_interval_stocks,Consumer_Discretionary,BATRA,2590961,0.002413020469248295
230,15_min_interval_stocks/Consumer_Discretionary/BATRK.csv,15_min_interval_stocks,Consumer_Discretionary,BATRK,2884076,0.002686005085706711
231,15_min_interval_stocks/Consumer_Discretionary/BBCP.csv,15_min_interval_stocks,Consumer_Discretionary,BBCP,1715879,0.0015980368480086327
232,15_min_interval_stocks/Consumer_Discretionary/BBGI.csv,15_min_interval_stocks,Consumer_Discretionary,BBGI,4307056,0.004011258482933044
233,15_min_interval_stocks/Consumer_Discretionary/BBSI.csv,15_min_interval_stocks,Consumer_Discretionary,BBSI,6504748,0.006058018654584885
234,15_min_interval_stocks/Consumer_Discretionary/BBU.csv,15_min_interval_stocks,Consumer_Discretionary,BBU,2125649,0.0019796648994088173
235,15_min_interval_stocks/Consumer_Discretionary/BBUC.csv,15_min_interval_stocks,Consumer_Discretionary,BBUC,867532,0.0008079521358013153
236,15_min_interval_stocks/Consumer_Discretionary/BBW.csv,15_min_interval_stocks,Consumer_Discretionary,BBW,7482032,0.006968185305595398
237,15_min_interval_stocks/Consumer_Discretionary/BBWI.csv,15_min_interval_stocks,Consumer_Discretionary,BBWI,7879460,0.007338318973779678
238,15_min_interval_stocks/Consumer_Discretionary/BBY.csv,15_min_interval_stocks,Consumer_Discretionary,BBY,12000573,0.011176404543220997
239,15_min_interval_stocks/Consumer_Discretionary/BCC.csv,15_min_interval_stocks,Consumer_Discretionary,BCC,4812413,0.004481908865272999
240,15_min_interval_stocks/Consumer_Discretionary/BCO.csv,15_min_interval_stocks,Consumer_Discretionary,BCO,8600304,0.008009657263755798
241,15_min_interval_stocks/Consumer_Discretionary/BDL.csv,15_min_interval_stocks,Consumer_Discretionary,BDL,836806,0.0007793363183736801
242,15_min_interval_stocks/Consumer_Discretionary/BECN.csv,15_min_interval_stocks,Consumer_Discretionary,BECN,7158436,0.0066668130457401276
243,15_min_interval_stocks/Consumer_Discretionary/BFAM.csv,15_min_interval_stocks,Consumer_Discretionary,BFAM,4183551,0.0038962354883551598
244,15_min_interval_stocks/Consumer_Discretionary/BFH.csv,15_min_interval_stocks,Consumer_Discretionary,BFH,7434388,0.006923813372850418
245,15_min_interval_stocks/Consumer_Discretionary/BGFV.csv,15_min_interval_stocks,Consumer_Discretionary,BGFV,7622833,0.007099316455423832
246,15_min_interval_stocks/Consumer_Discretionary/BGI.csv,15_min_interval_stocks,Consumer_Discretionary,BGI,1994105,0.0018571550026535988
247,15_min_interval_stocks/Consumer_Discretionary/BGSF.csv,15_min_interval_stocks,Consumer_Discretionary,BGSF,2436731,0.0022693825885653496
248,15_min_interval_stocks/Consumer_Discretionary/BH.csv,15_min_interval_stocks,Consumer_Discretionary,BH,4663290,0.004343027248978615
249,15_min_interval_stocks/Consumer_Discretionary/BHAT.csv,15_min_interval_stocks,Consumer_Discretionary,BHAT,1914755,0.0017832545563578606
250,15_min_interval_stocks/Consumer_Discretionary/BIP.csv,15_min_interval_stocks,Consumer_Discretionary,BIP,6541469,0.00609221775084734
251,15_min_interval_stocks/Consumer_Discretionary/BIPC.csv,15_min_interval_stocks,Consumer_Discretionary,BIPC,1973574,0.0018380340188741684
252,15_min_interval_stocks/Consumer_Discretionary/BIPI.csv,15_min_interval_stocks,Consumer_Discretionary,BIPI,618965,0.0005764560773968697
253,15_min_interval_stocks/Consumer_Discretionary/BIRD.csv,15_min_interval_stocks,Consumer_Discretionary,BIRD,1437896,0.001339145004749298
254,15_min_interval_stocks/Consumer_Discretionary/BIRK.csv,15_min_interval_stocks,Consumer_Discretionary,BIRK,540501,0.0005033807829022408
255,15_min_interval_stocks/Consumer_Discretionary/BJ.csv,15_min_interval_stocks,Consumer_Discretionary,BJ,2568045,0.0023916782811284065
256,15_min_interval_stocks/Consumer_Discretionary/BJRI.csv,15_min_interval_stocks,Consumer_Discretionary,BJRI,7868484,0.007328096777200699
257,15_min_interval_stocks/Consumer_Discretionary/BKE.csv,15_min_interval_stocks,Consumer_Discretionary,BKE,8993406,0.008375762030482292
258,15_min_interval_stocks/Consumer_Discretionary/BKNG.csv,15_min_interval_stocks,Consumer_Discretionary,BKNG,9104155,0.008478905074298382
259,15_min_interval_stocks/Consumer_Discretionary/BLBD.csv,15_min_interval_stocks,Consumer_Discretionary,BLBD,3248460,0.0030253641307353973
260,15_min_interval_stocks/Consumer_Discretionary/BLD.csv,15_min_interval_stocks,Consumer_Discretionary,BLD,3466455,0.0032283877953886986
261,15_min_interval_stocks/Consumer_Discretionary/BLDE.csv,15_min_interval_stocks,Consumer_Discretionary,BLDE,1808074,0.0016839001327753067
262,15_min_interval_stocks/Consumer_Discretionary/BLDEW.csv,15_min_interval_stocks,Consumer_Discretionary,BLDEW,463934,0.0004320722073316574
263,15_min_interval_stocks/Consumer_Discretionary/BLDR.csv,15_min_interval_stocks,Consumer_Discretionary,BLDR,7046423,0.006562492810189724
264,15_min_interval_stocks/Consumer_Discretionary/BLMN.csv,15_min_interval_stocks,Consumer_Discretionary,BLMN,5191648,0.0048350989818573
265,15_min_interval_stocks/Consumer_Discretionary/BLMZ.csv,15_min_interval_stocks,Consumer_Discretionary,BLMZ,199239,0.00018555577844381332
266,15_min_interval_stocks/Consumer_Discretionary/BLNK.csv,15_min_interval_stocks,Consumer_Discretionary,BLNK,3543666,0.0033002961426973343
267,15_min_interval_stocks/Consumer_Discretionary/BLW.csv,15_min_interval_stocks,Consumer_Discretionary,BLW,7354823,0.0068497126922011375
268,15_min_interval_stocks/Consumer_Discretionary/BNED.csv,15_min_interval_stocks,Consumer_Discretionary,BNED,3448861,0.003212002106010914
269,15_min_interval_stocks/Consumer_Discretionary/BODI.csv,15_min_interval_stocks,Consumer_Discretionary,BODI,130769,0.00012178812175989151
270,15_min_interval_stocks/Consumer_Discretionary/BOOT.csv,15_min_interval_stocks,Consumer_Discretionary,BOOT,3666758,0.0034149345010519028
271,15_min_interval_stocks/Consumer_Discretionary/BQ.csv,15_min_interval_stocks,Consumer_Discretionary,BQ,1296688,0.0012076348066329956
272,15_min_interval_stocks/Consumer_Discretionary/BR.csv,15_min_interval_stocks,Consumer_Discretionary,BR,7316343,0.006813875399529934
273,15_min_interval_stocks/Consumer_Discretionary/BRC.csv,15_min_interval_stocks,Consumer_Discretionary,BRC,9449944,0.008800946176052094
274,15_min_interval_stocks/Consumer_Discretionary/BREA.csv,15_min_interval_stocks,Consumer_Discretionary,BREA,432798,0.00040307454764842987
275,15_min_interval_stocks/Consumer_Discretionary/BRLT.csv,15_min_interval_stocks,Consumer_Discretionary,BRLT,1092602,0.001017564907670021
276,15_min_interval_stocks/Consumer_Discretionary/BROS.csv,15_min_interval_stocks,Consumer_Discretionary,BROS,1780602,0.0016583148390054703
277,15_min_interval_stocks/Consumer_Discretionary/BSET.csv,15_min_interval_stocks,Consumer_Discretionary,BSET,7010657,0.006529183126986027
278,15_min_interval_stocks/Consumer_Discretionary/BTBD.csv,15_min_interval_stocks,Consumer_Discretionary,BTBD,241157,0.00022459495812654495
279,15_min_interval_stocks/Consumer_Discretionary/BTOC.csv,15_min_interval_stocks,Consumer_Discretionary,BTOC,123571,0.0001150844618678093
280,15_min_interval_stocks/Consumer_Discretionary/BURL.csv,15_min_interval_stocks,Consumer_Discretionary,BURL,4287160,0.003992728888988495
281,15_min_interval_stocks/Consumer_Discretionary/BV.csv,15_min_interval_stocks,Consumer_Discretionary,BV,2895550,0.002696691080927849
282,15_min_interval_stocks/Consumer_Discretionary/BWA.csv,15_min_interval_stocks,Consumer_Discretionary,BWA,10209314,0.00950816459953785
283,15_min_interval_stocks/Consumer_Discretionary/BWLP.csv,15_min_interval_stocks,Consumer_Discretionary,BWLP,365103,0.00034002866595983505
284,15_min_interval_stocks/Consumer_Discretionary/BWMN.csv,15_min_interval_stocks,Consumer_Discretionary,BWMN,855056,0.0007963329553604126
285,15_min_interval_stocks/Consumer_Discretionary/BWMX.csv,15_min_interval_stocks,Consumer_Discretionary,BWMX,1398364,0.001302327960729599
286,15_min_interval_stocks/Consumer_Discretionary/BXC.csv,15_min_interval_stocks,Consumer_Discretionary,BXC,5931673,0.005524300970137119
287,15_min_interval_stocks/Consumer_Discretionary/BYD.csv,15_min_interval_stocks,Consumer_Discretionary,BYD,10032373,0.009343375451862812
288,15_min_interval_stocks/Consumer_Discretionary/BYON.csv,15_min_interval_stocks,Consumer_Discretionary,BYON,621455,0.0005787750706076622
289,15_min_interval_stocks/Consumer_Discretionary/BZFD.csv,15_min_interval_stocks,Consumer_Discretionary,BZFD,1539456,0.001433730125427246
290,15_min_interval_stocks/Consumer_Discretionary/BZFDW.csv,15_min_interval_stocks,Consumer_Discretionary,BZFDW,345048,0.00032135099172592163
291,15_min_interval_stocks/Consumer_Discretionary/BZH.csv,15_min_interval_stocks,Consumer_Discretionary,BZH,9520124,0.008866306394338608
292,15_min_interval_stocks/Consumer_Discretionary/BZUN.csv,15_min_interval_stocks,Consumer_Discretionary,BZUN,3875207,0.0036090677604079247
293,15_min_interval_stocks/Consumer_Discretionary/CAAP.csv,15_min_interval_stocks,Consumer_Discretionary,CAAP,2133640,0.0019871070981025696
294,15_min_interval_stocks/Consumer_Discretionary/CAAS.csv,15_min_interval_stocks,Consumer_Discretionary,CAAS,5984898,0.005573870614171028
295,15_min_interval_stocks/Consumer_Discretionary/CAKE.csv,15_min_interval_stocks,Consumer_Discretionary,CAKE,10732818,0.009995715692639351
296,15_min_interval_stocks/Consumer_Discretionary/CAL.csv,15_min_interval_stocks,Consumer_Discretionary,CAL,10141221,0.009444748051464558
297,15_min_interval_stocks/Consumer_Discretionary/CALX.csv,15_min_interval_stocks,Consumer_Discretionary,CALX,4961649,0.004620895721018314
298,15_min_interval_stocks/Consumer_Discretionary/CAR.csv,15_min_interval_stocks,Consumer_Discretionary,CAR,8088860,0.0075333379209041595
299,15_min_interval_stocks/Consumer_Discretionary/CART.csv,15_min_interval_stocks,Consumer_Discretionary,CART,754449,0.0007026353850960732
300,15_min_interval_stocks/Consumer_Discretionary/CASS.csv,15_min_interval_stocks,Consumer_Discretionary,CASS,5263147,0.004901687614619732
301,15_min_interval_stocks/Consumer_Discretionary/CASY.csv,15_min_interval_stocks,Consumer_Discretionary,CASY,10241269,0.009537925012409687
302,15_min_interval_stocks/Consumer_Discretionary/CATO.csv,15_min_interval_stocks,Consumer_Discretionary,CATO,5713326,0.005320949479937553
303,15_min_interval_stocks/Consumer_Discretionary/CAVA.csv,15_min_interval_stocks,Consumer_Discretionary,CAVA,1023918,0.0009535979479551315
304,15_min_interval_stocks/Consumer_Discretionary/CBRL.csv,15_min_interval_stocks,Consumer_Discretionary,CBRL,10502830,0.009781522676348686
305,15_min_interval_stocks/Consumer_Discretionary/CBZ.csv,15_min_interval_stocks,Consumer_Discretionary,CBZ,5963534,0.005553973838686943
306,15_min_interval_stocks/Consumer_Discretionary/CCEC.csv,15_min_interval_stocks,Consumer_Discretionary,CCEC,60871,5.669053643941879e-05
307,15_min_interval_stocks/Consumer_Discretionary/CCL.csv,15_min_interval_stocks,Consumer_Discretionary,CCL,13599377,0.012665406800806522
308,15_min_interval_stocks/Consumer_Discretionary/CCO.csv,15_min_interval_stocks,Consumer_Discretionary,CCO,6776696,0.006311289966106415
309,15_min_interval_stocks/Consumer_Discretionary/CCOI.csv,15_min_interval_stocks,Consumer_Discretionary,CCOI,7415327,0.0069060614332556725
310,15_min_interval_stocks/Consumer_Discretionary/CCRN.csv,15_min_interval_stocks,Consumer_Discretionary,CCRN,7704389,0.007175271399319172
311,15_min_interval_stocks/Consumer_Discretionary/CCS.csv,15_min_interval_stocks,Consumer_Discretionary,CCS,4112786,0.0038303304463624954
312,15_min_interval_stocks/Consumer_Discretionary/CCTG.csv,15_min_interval_stocks,Consumer_Discretionary,CCTG,352912,0.00032867491245269775
313,15_min_interval_stocks/Consumer_Discretionary/CDLR.csv,15_min_interval_stocks,Consumer_Discretionary,CDLR,329388,0.00030676648020744324
314,15_min_interval_stocks/Consumer_Discretionary/CDRO.csv,15_min_interval_stocks,Consumer_Discretionary,CDRO,398648,0.0003712698817253113
315,15_min_interval_stocks/Consumer_Discretionary/CDROW.csv,15_min_interval_stocks,Consumer_Discretionary,CDROW,117036,0.00010899826884269714
316,15_min_interval_stocks/Consumer_Discretionary/CDW.csv,15_min_interval_stocks,Consumer_Discretionary,CDW,4885669,0.00455013383179903
317,15_min_interval_stocks/Consumer_Discretionary/CENN.csv,15_min_interval_stocks,Consumer_Discretionary,CENN,4798155,0.004468630068004131
318,15_min_interval_stocks/Consumer_Discretionary/CENT.csv,15_min_interval_stocks,Consumer_Discretionary,CENT,8523446,0.007938077673316002
319,15_min_interval_stocks/Consumer_Discretionary/CENTA.csv,15_min_interval_stocks,Consumer_Discretionary,CENTA,6261655,0.005831620655953884
320,15_min_interval_stocks/Consumer_Discretionary/CETY.csv,15_min_interval_stocks,Consumer_Discretionary,CETY,1375396,0.0012809373438358307
321,15_min_interval_stocks/Consumer_Discretionary/CHD.csv,15_min_interval_stocks,Consumer_Discretionary,CHD,9923394,0.009241880849003792
322,15_min_interval_stocks/Consumer_Discretionary/CHDN.csv,15_min_interval_stocks,Consumer_Discretionary,CHDN,8357806,0.007783813402056694
323,15_min_interval_stocks/Consumer_Discretionary/CHEF.csv,15_min_interval_stocks,Consumer_Discretionary,CHEF,4599213,0.004283350892364979
324,15_min_interval_stocks/Consumer_Discretionary/CHH.csv,15_min_interval_stocks,Consumer_Discretionary,CHH,9510849,0.00885766837745905
325,15_min_interval_stocks/Consumer_Discretionary/CHPT.csv,15_min_interval_stocks,Consumer_Discretionary,CHPT,3142634,0.0029268059879541397
326,15_min_interval_stocks/Consumer_Discretionary/CHRW.csv,15_min_interval_stocks,Consumer_Discretionary,CHRW,10497027,0.009776118211448193
327,15_min_interval_stocks/Consumer_Discretionary/CHWY.csv,15_min_interval_stocks,Consumer_Discretionary,CHWY,3192269,0.002973032183945179
328,15_min_interval_stocks/Consumer_Discretionary/CISO.csv,15_min_interval_stocks,Consumer_Discretionary,CISO,1312467,0.0012223301455378532
329,15_min_interval_stocks/Consumer_Discretionary/CISS.csv,15_min_interval_stocks,Consumer_Discretionary,CISS,844527,0.0007865270599722862
330,15_min_interval_stocks/Consumer_Discretionary/CIX.csv,15_min_interval_stocks,Consumer_Discretionary,CIX,2660847,0.002478106878697872
331,15_min_interval_stocks/Consumer_Discretionary/CJET.csv,15_min_interval_stocks,Consumer_Discretionary,CJET,537120,0.0005002319812774658
332,15_min_interval_stocks/Consumer_Discretionary/CL.csv,15_min_interval_stocks,Consumer_Discretionary,CL,10954270,0.010201958939433098
333,15_min_interval_stocks/Consumer_Discretionary/CLAR.csv,15_min_interval_stocks,Consumer_Discretionary,CLAR,5169274,0.004814261570572853
334,15_min_interval_stocks/Consumer_Discretionary/CLCO.csv,15_min_interval_stocks,Consumer_Discretionary,CLCO,866690,0.0008071679621934891
335,15_min_interval_stocks/Consumer_Discretionary/CLIK.csv,15_min_interval_stocks,Consumer_Discretionary,CLIK,62491,5.819927901029587e-05
336,15_min_interval_stocks/Consumer_Discretionary/CLWT.csv,15_min_interval_stocks,Consumer_Discretionary,CLWT,3361110,0.003130277618765831
337,15_min_interval_stocks/Consumer_Discretionary/CLX.csv,15_min_interval_stocks,Consumer_Discretionary,CLX,10892657,0.010144577361643314
338,15_min_interval_stocks/Consumer_Discretionary/CMBT.csv,15_min_interval_stocks,Consumer_Discretionary,CMBT,209808,0.00019539892673492432
339,15_min_interval_stocks/Consumer_Discretionary/CMG.csv,15_min_interval_stocks,Consumer_Discretionary,CMG,8383645,0.007807877846062183
340,15_min_interval_stocks/Consumer_Discretionary/CMLS.csv,15_min_interval_stocks,Consumer_Discretionary,CMLS,2313122,0.002154262736439705
341,15_min_interval_stocks/Consumer_Discretionary/CMPR.csv,15_min_interval_stocks,Consumer_Discretionary,CMPR,6638922,0.006182977929711342
342,15_min_interval_stocks/Consumer_Discretionary/CMRE.csv,15_min_interval_stocks,Consumer_Discretionary,CMRE,5376586,0.005007335916161537
343,15_min_interval_stocks/Consumer_Discretionary/CNDT.csv,15_min_interval_stocks,Consumer_Discretionary,CNDT,2771465,0.002581127919256687
344,15_min_interval_stocks/Consumer_Discretionary/CNK.csv,15_min_interval_stocks,Consumer_Discretionary,CNK,7426152,0.006916143000125885
345,15_min_interval_stocks/Consumer_Discretionary/CNM.csv,15_min_interval_stocks,Consumer_Discretionary,CNM,1298473,0.0012092972174286842
346,15_min_interval_stocks/Consumer_Discretionary/CNNE.csv,15_min_interval_stocks,Consumer_Discretionary,CNNE,2797643,0.002605508081614971
347,15_min_interval_stocks/Consumer_Discretionary/CNTM.csv,15_min_interval_stocks,Consumer_Discretionary,CNTM,198359,0.0001847362145781517
348,15_min_interval_stocks/Consumer_Discretionary/CNTY.csv,15_min_interval_stocks,Consumer_Discretionary,CNTY,5932273,0.005524859763681889
349,15_min_interval_stocks/Consumer_Discretionary/CNVS.csv,15_min_interval_stocks,Consumer_Discretionary,CNVS,576339,0.0005367575213313103
350,15_min_interval_stocks/Consumer_Discretionary/CNXN.csv,15_min_interval_stocks,Consumer_Discretionary,CNXN,6020951,0.00560744758695364
351,15_min_interval_stocks/Consumer_Discretionary/CODI.csv,15_min_interval_stocks,Consumer_Discretionary,CODI,7011048,0.006529547274112701
352,15_min_interval_stocks/Consumer_Discretionary/COLM.csv,15_min_interval_stocks,Consumer_Discretionary,COLM,9821582,0.00914706103503704
353,15_min_interval_stocks/Consumer_Discretionary/COOK.csv,15_min_interval_stocks,Consumer_Discretionary,COOK,1266397,0.0011794241145253181
354,15_min_interval_stocks/Consumer_Discretionary/COST.csv,15_min_interval_stocks,Consumer_Discretionary,COST,13095753,0.012196370400488377
355,15_min_interval_stocks/Consumer_Discretionary/COTY.csv,15_min_interval_stocks,Consumer_Discretionary,COTY,5179129,0.004823439754545689
356,15_min_interval_stocks/Consumer_Discretionary/CPA.csv,15_min_interval_stocks,Consumer_Discretionary,CPA,7606865,0.007084445096552372
357,15_min_interval_stocks/Consumer_Discretionary/CPAY.csv,15_min_interval_stocks,Consumer_Discretionary,CPAY,326701,0.00030426401644945145
358,15_min_interval_stocks/Consumer_Discretionary/CPHC.csv,15_min_interval_stocks,Consumer_Discretionary,CPHC,879413,0.0008190171793103218
359,15_min_interval_stocks/Consumer_Discretionary/CPNG.csv,15_min_interval_stocks,Consumer_Discretionary,CPNG,2673082,0.0024895016103982925
360,15_min_interval_stocks/Consumer_Discretionary/CPOP.csv,15_min_interval_stocks,Consumer_Discretionary,CPOP,1009030,0.0009397324174642563
361,15_min_interval_stocks/Consumer_Discretionary/CPRI.csv,15_min_interval_stocks,Consumer_Discretionary,CPRI,5258217,0.004897096194326878
362,15_min_interval_stocks/Consumer_Discretionary/CPRT.csv,15_min_interval_stocks,Consumer_Discretionary,CPRT,9866097,0.009188518859446049
363,15_min_interval_stocks/Consumer_Discretionary/CPS.csv,15_min_interval_stocks,Consumer_Discretionary,CPS,3668136,0.003416217863559723
364,15_min_interval_stocks/Consumer_Discretionary/CPSH.csv,15_min_interval_stocks,Consumer_Discretionary,CPSH,1906776,0.0017758235335350037
365,15_min_interval_stocks/Consumer_Discretionary/CPTN.csv,15_min_interval_stocks,Consumer_Discretionary,CPTN,884368,0.0008236318826675415
366,15_min_interval_stocks/Consumer_Discretionary/CPTNW.csv,15_min_interval_stocks,Consumer_Discretionary,CPTNW,300170,0.0002795550972223282
367,15_min_interval_stocks/Consumer_Discretionary/CRAI.csv,15_min_interval_stocks,Consumer_Discretionary,CRAI,7850003,0.00731088500469923
368,15_min_interval_stocks/Consumer_Discretionary/CREG.csv,15_min_interval_stocks,Consumer_Discretionary,CREG,3339781,0.0031104134395718575
369,15_min_interval_stocks/Consumer_Discretionary/CREV.csv,15_min_interval_stocks,Consumer_Discretionary,CREV,257100,0.00023944303393363953
370,15_min_interval_stocks/Consumer_Discretionary/CREVW.csv,15_min_interval_stocks,Consumer_Discretionary,CREVW,68812,6.408616900444031e-05
371,15_min_interval_stocks/Consumer_Discretionary/CRGO.csv,15_min_interval_stocks,Consumer_Discretionary,CRGO,347202,0.00032335706055164337
372,15_min_interval_stocks/Consumer_Discretionary/CRI.csv,15_min_interval_stocks,Consumer_Discretionary,CRI,8435820,0.007856469601392746
373,15_min_interval_stocks/Consumer_Discretionary/CRMT.csv,15_min_interval_stocks,Consumer_Discretionary,CRMT,6952177,0.006474719382822514
374,15_min_interval_stocks/Consumer_Discretionary/CROX.csv,15_min_interval_stocks,Consumer_Discretionary,CROX,8022460,0.007471498101949692
375,15_min_interval_stocks/Consumer_Discretionary/CRTO.csv,15_min_interval_stocks,Consumer_Discretionary,CRTO,3829082,0.0035661105066537857
376,15_min_interval_stocks/Consumer_Discretionary/CRWS.csv,15_min_interval_stocks,Consumer_Discretionary,CRWS,2633365,0.0024525122717022896
377,15_min_interval_stocks/Consumer_Discretionary/CSAN.csv,15_min_interval_stocks,Consumer_Discretionary,CSAN,1594097,0.0014846185222268105
378,15_min_interval_stocks/Consumer_Discretionary/CSGP.csv,15_min_interval_stocks,Consumer_Discretionary,CSGP,8672600,0.008076988160610199
379,15_min_interval_stocks/Consumer_Discretionary/CSV.csv,15_min_interval_stocks,Consumer_Discretionary,CSV,7373199,0.006866826675832272
380,15_min_interval_stocks/Consumer_Discretionary/CSWC.csv,15_min_interval_stocks,Consumer_Discretionary,CSWC,5685177,0.005294733680784702
381,15_min_interval_stocks/Consumer_Discretionary/CTAS.csv,15_min_interval_stocks,Consumer_Discretionary,CTAS,10482764,0.009762834757566452
382,15_min_interval_stocks/Consumer_Discretionary/CTHR.csv,15_min_interval_stocks,Consumer_Discretionary,CTHR,5052686,0.004705680534243584
383,15_min_interval_stocks/Consumer_Discretionary/CTM.csv,15_min_interval_stocks,Consumer_Discretionary,CTM,848629,0.0007903473451733589
384,15_min_interval_stocks/Consumer_Discretionary/CTNT.csv,15_min_interval_stocks,Consumer_Discretionary,CTNT,612610,0.0005705375224351883
385,15_min_interval_stocks/Consumer_Discretionary/CTOS.csv,15_min_interval_stocks,Consumer_Discretionary,CTOS,1751098,0.0016308370977640152
386,15_min_interval_stocks/Consumer_Discretionary/CTRM.csv,15_min_interval_stocks,Consumer_Discretionary,CTRM,3028384,0.0028204023838043213
387,15_min_interval_stocks/Consumer_Discretionary/CTRN.csv,15_min_interval_stocks,Consumer_Discretionary,CTRN,7305329,0.006803617812693119
388,15_min_interval_stocks/Consumer_Discretionary/CUK.csv,15_min_interval_stocks,Consumer_Discretionary,CUK,9986626,0.009300770238041878
389,15_min_interval_stocks/Consumer_Discretionary/CULP.csv,15_min_interval_stocks,Consumer_Discretionary,CULP,4603040,0.004286915063858032
390,15_min_interval_stocks/Consumer_Discretionary/CURI.csv,15_min_interval_stocks,Consumer_Discretionary,CURI,1800413,0.0016767652705311775
391,15_min_interval_stocks/Consumer_Discretionary/CURIW.csv,15_min_interval_stocks,Consumer_Discretionary,CURIW,340593,0.0003172019496560097
392,15_min_interval_stocks/Consumer_Discretionary/CURR.csv,15_min_interval_stocks,Consumer_Discretionary,CURR,44522,4.1464343667030334e-05
393,15_min_interval_stocks/Consumer_Discretionary/CURV.csv,15_min_interval_stocks,Consumer_Discretionary,CURV,1193622,0.0011116471141576767
394,15_min_interval_stocks/Consumer_Discretionary/CVCO.csv,15_min_interval_stocks,Consumer_Discretionary,CVCO,5880899,0.005477013997733593
395,15_min_interval_stocks/Consumer_Discretionary/CVEO.csv,15_min_interval_stocks,Consumer_Discretionary,CVEO,3866150,0.0036006327718496323
396,15_min_interval_stocks/Consumer_Discretionary/CVGI.csv,15_min_interval_stocks,Consumer_Discretionary,CVGI,6492494,0.006046606227755547
397,15_min_interval_stocks/Consumer_Discretionary/CVGW.csv,15_min_interval_stocks,Consumer_Discretionary,CVGW,6970193,0.006491498090326786
398,15_min_interval_stocks/Consumer_Discretionary/CVNA.csv,15_min_interval_stocks,Consumer_Discretionary,CVNA,4028532,0.003751862794160843
399,15_min_interval_stocks/Consumer_Discretionary/CWH.csv,15_min_interval_stocks,Consumer_Discretionary,CWH,3757127,0.003499097190797329
400,15_min_interval_stocks/Consumer_Discretionary/CZR.csv,15_min_interval_stocks,Consumer_Discretionary,CZR,5271491,0.0049094585701823235
401,15_min_interval_stocks/Consumer_Discretionary/DAC.csv,15_min_interval_stocks,Consumer_Discretionary,DAC,5807300,0.005408469587564468
402,15_min_interval_stocks/Consumer_Discretionary/DAKT.csv,15_min_interval_stocks,Consumer_Discretionary,DAKT,8805894,0.008201127871870995
403,15_min_interval_stocks/Consumer_Discretionary/DAL.csv,15_min_interval_stocks,Consumer_Discretionary,DAL,10436509,0.009719756431877613
404,15_min_interval_stocks/Consumer_Discretionary/DALN.csv,15_min_interval_stocks,Consumer_Discretionary,DALN,4628146,0.004310296848416328
405,15_min_interval_stocks/Consumer_Discretionary/DAN.csv,15_min_interval_stocks,Consumer_Discretionary,DAN,6870505,0.006398656405508518
406,15_min_interval_stocks/Consumer_Discretionary/DASH.csv,15_min_interval_stocks,Consumer_Discretionary,DASH,2298192,0.002140358090400696
407,15_min_interval_stocks/Consumer_Discretionary/DBGI.csv,15_min_interval_stocks,Consumer_Discretionary,DBGI,1793162,0.0016700122505426407
408,15_min_interval_stocks/Consumer_Discretionary/DBGIW.csv,15_min_interval_stocks,Consumer_Discretionary,DBGIW,126008,0.00011735409498214722
409,15_min_interval_stocks/Consumer_Discretionary/DBI.csv,15_min_interval_stocks,Consumer_Discretionary,DBI,7105128,0.006617166101932526
410,15_min_interval_stocks/Consumer_Discretionary/DDL.csv,15_min_interval_stocks,Consumer_Discretionary,DDL,1450181,0.0013505863025784492
411,15_min_interval_stocks/Consumer_Discretionary/DDS.csv,15_min_interval_stocks,Consumer_Discretionary,DDS,10116960,0.009422153234481812
412,15_min_interval_stocks/Consumer_Discretionary/DDT.csv,15_min_interval_stocks,Consumer_Discretionary,DDT,4126284,0.003842901438474655
413,15_min_interval_stocks/Consumer_Discretionary/DECK.csv,15_min_interval_stocks,Consumer_Discretionary,DECK,9175418,0.008545273914933205
414,15_min_interval_stocks/Consumer_Discretionary/DENN.csv,15_min_interval_stocks,Consumer_Discretionary,DENN,6736450,0.00627380795776844
415,15_min_interval_stocks/Consumer_Discretionary/DESP.csv,15_min_interval_stocks,Consumer_Discretionary,DESP,2477847,0.0023076748475432396
416,15_min_interval_stocks/Consumer_Discretionary/DFH.csv,15_min_interval_stocks,Consumer_Discretionary,DFH,1471307,0.0013702614232897758
417,15_min_interval_stocks/Consumer_Discretionary/DFIN.csv,15_min_interval_stocks,Consumer_Discretionary,DFIN,2790494,0.002598850056529045
418,15_min_interval_stocks/Consumer_Discretionary/DG.csv,15_min_interval_stocks,Consumer_Discretionary,DG,7113212,0.006624694913625717
419,15_min_interval_stocks/Consumer_Discretionary/DHI.csv,15_min_interval_stocks,Consumer_Discretionary,DHI,11202650,0.01043328084051609
420,15_min_interval_stocks/Consumer_Discretionary/DHT.csv,15_min_interval_stocks,Consumer_Discretionary,DHT,7775165,0.007241186685860157
421,15_min_interval_stocks/Consumer_Discretionary/DHX.csv,15_min_interval_stocks,Consumer_Discretionary,DHX,5409552,0.005038037896156311
422,15_min_interval_stocks/Consumer_Discretionary/DIBS.csv,15_min_interval_stocks,Consumer_Discretionary,DIBS,1078676,0.001004595309495926
423,15_min_interval_stocks/Consumer_Discretionary/DIN.csv,15_min_interval_stocks,Consumer_Discretionary,DIN,6642432,0.006186246871948242
424,15_min_interval_stocks/Consumer_Discretionary/DIS.csv,15_min_interval_stocks,Consumer_Discretionary,DIS,14353610,0.013367841020226479
425,15_min_interval_stocks/Consumer_Discretionary/DIT.csv,15_min_interval_stocks,Consumer_Discretionary,DIT,1285676,0.00119737908244133
426,15_min_interval_stocks/Consumer_Discretionary/DJCO.csv,15_min_interval_stocks,Consumer_Discretionary,DJCO,753022,0.0007013063877820969
427,15_min_interval_stocks/Consumer_Discretionary/DKNG.csv,15_min_interval_stocks,Consumer_Discretionary,DKNG,3533023,0.0032903840765357018
428,15_min_interval_stocks/Consumer_Discretionary/DKS.csv,15_min_interval_stocks,Consumer_Discretionary,DKS,9579436,0.008921544998884201
429,15_min_interval_stocks/Consumer_Discretionary/DLHC.csv,15_min_interval_stocks,Consumer_Discretionary,DLHC,2895531,0.002696673385798931
430,15_min_interval_stocks/Consumer_Discretionary/DLNG.csv,15_min_interval_stocks,Consumer_Discretionary,DLNG,3272072,0.003047354519367218
431,15_min_interval_stocks/Consumer_Discretionary/DLO.csv,15_min_interval_stocks,Consumer_Discretionary,DLO,1532805,0.0014275358989834785
432,15_min_interval_stocks/Consumer_Discretionary/DLPN.csv,15_min_interval_stocks,Consumer_Discretionary,DLPN,1626425,0.0015147263184189796
433,15_min_interval_stocks/Consumer_Discretionary/DLTH.csv,15_min_interval_stocks,Consumer_Discretionary,DLTH,2964568,0.00276096910238266
434,15_min_interval_stocks/Consumer_Discretionary/DLTR.csv,15_min_interval_stocks,Consumer_Discretionary,DLTR,10355259,0.009644086472690105
435,15_min_interval_stocks/Consumer_Discretionary/DLX.csv,15_min_interval_stocks,Consumer_Discretionary,DLX,9803260,0.009129997342824936
436,15_min_interval_stocks/Consumer_Discretionary/DOGZ.csv,15_min_interval_stocks,Consumer_Discretionary,DOGZ,1565868,0.0014583282172679901
437,15_min_interval_stocks/Consumer_Discretionary/DOOO.csv,15_min_interval_stocks,Consumer_Discretionary,DOOO,2337068,0.002176564186811447
438,15_min_interval_stocks/Consumer_Discretionary/DORM.csv,15_min_interval_stocks,Consumer_Discretionary,DORM,5851676,0.005449797958135605
439,15_min_interval_stocks/Consumer_Discretionary/DPZ.csv,15_min_interval_stocks,Consumer_Discretionary,DPZ,8834009,0.008227312006056309
440,15_min_interval_stocks/Consumer_Discretionary/DRCT.csv,15_min_interval_stocks,Consumer_Discretionary,DRCT,967226,0.0009007994085550308
441,15_min_interval_stocks/Consumer_Discretionary/DRI.csv,15_min_interval_stocks,Consumer_Discretionary,DRI,10669727,0.009936957620084286
442,15_min_interval_stocks/Consumer_Discretionary/DRVN.csv,15_min_interval_stocks,Consumer_Discretionary,DRVN,1429509,0.001331334002315998
443,15_min_interval_stocks/Consumer_Discretionary/DSGR.csv,15_min_interval_stocks,Consumer_Discretionary,DSGR,3699221,0.003445168025791645
444,15_min_interval_stocks/Consumer_Discretionary/DSS.csv,15_min_interval_stocks,Consumer_Discretionary,DSS,6222010,0.0057946983724832535
445,15_min_interval_stocks/Consumer_Discretionary/DSX.csv,15_min_interval_stocks,Consumer_Discretionary,DSX,7977319,0.0074294572696089745
446,15_min_interval_stocks/Consumer_Discretionary/DSY.csv,15_min_interval_stocks,Consumer_Discretionary,DSY,196231,0.00018275436013936996
447,15_min_interval_stocks/Consumer_Discretionary/DSYWW.csv,15_min_interval_stocks,Consumer_Discretionary,DSYWW,90703,8.447375148534775e-05
448,15_min_interval_stocks/Consumer_Discretionary/DTC.csv,15_min_interval_stocks,Consumer_Discretionary,DTC,1204219,0.001121516339480877
449,15_min_interval_stocks/Consumer_Discretionary/DXLG.csv,15_min_interval_stocks,Consumer_Discretionary,DXLG,6887799,0.006414762698113918
450,15_min_interval_stocks/Consumer_Discretionary/EAT.csv,15_min_interval_stocks,Consumer_Discretionary,EAT,10038334,0.009348927065730095
451,15_min_interval_stocks/Consumer_Discretionary/EBAY.csv,15_min_interval_stocks,Consumer_Discretionary,EBAY,13518120,0.012589730322360992
452,15_min_interval_stocks/Consumer_Discretionary/EBF.csv,15_min_interval_stocks,Consumer_Discretionary,EBF,8622394,0.008030230179429054
453,15_min_interval_stocks/Consumer_Discretionary/ECDA.csv,15_min_interval_stocks,Consumer_Discretionary,ECDA,269074,0.00025059469044208527
454,15_min_interval_stocks/Consumer_Discretionary/ECG.csv,15_min_interval_stocks,Consumer_Discretionary,ECG,39754,3.702379763126373e-05
455,15_min_interval_stocks/Consumer_Discretionary/ECL.csv,15_min_interval_stocks,Consumer_Discretionary,ECL,10590951,0.009863591752946377
456,15_min_interval_stocks/Consumer_Discretionary/ECO.csv,15_min_interval_stocks,Consumer_Discretionary,ECO,512809,0.0004775905981659889
457,15_min_interval_stocks/Consumer_Discretionary/EDR.csv,15_min_interval_stocks,Consumer_Discretionary,EDR,1710336,0.001592874526977539
458,15_min_interval_stocks/Consumer_Discretionary/EDRY.csv,15_min_interval_stocks,Consumer_Discretionary,EDRY,1084641,0.0010101506486535072
459,15_min_interval_stocks/Consumer_Discretionary/EDUC.csv,15_min_interval_stocks,Consumer_Discretionary,EDUC,2471077,0.002301369793713093
460,15_min_interval_stocks/Consumer_Discretionary/EEX.csv,15_min_interval_stocks,Consumer_Discretionary,EEX,2647868,0.002466019243001938
461,15_min_interval_stocks/Consumer_Discretionary/EFOI.csv,15_min_interval_stocks,Consumer_Discretionary,EFOI,3875977,0.0036097848787903786
462,15_min_interval_stocks/Consumer_Discretionary/EFSH.csv,15_min_interval_stocks,Consumer_Discretionary,EFSH,1152400,0.0010732561349868774
463,15_min_interval_stocks/Consumer_Discretionary/EHGO.csv,15_min_interval_stocks,Consumer_Discretionary,EHGO,80623,7.508601993322372e-05
464,15_min_interval_stocks/Consumer_Discretionary/EJH.csv,15_min_interval_stocks,Consumer_Discretionary,EJH,2205952,0.002054452896118164
465,15_min_interval_stocks/Consumer_Discretionary/EL.csv,15_min_interval_stocks,Consumer_Discretionary,EL,11021016,0.010264120995998383
466,15_min_interval_stocks/Consumer_Discretionary/ELA.csv,15_min_interval_stocks,Consumer_Discretionary,ELA,2490136,0.002319119870662689
467,15_min_interval_stocks/Consumer_Discretionary/ELF.csv,15_min_interval_stocks,Consumer_Discretionary,ELF,3496735,0.0032565882429480553
468,15_min_interval_stocks/Consumer_Discretionary/EM.csv,15_min_interval_stocks,Consumer_Discretionary,EM,924954,0.0008614305406808853
469,15_min_interval_stocks/Consumer_Discretionary/EML.csv,15_min_interval_stocks,Consumer_Discretionary,EML,2979158,0.0027745570987462997
470,15_min_interval_stocks/Consumer_Discretionary/EPC.csv,15_min_interval_stocks,Consumer_Discretionary,EPC,9847864,0.009171538054943085
471,15_min_interval_stocks/Consumer_Discretionary/EPOW.csv,15_min_interval_stocks,Consumer_Discretionary,EPOW,711529,0.0006626630201935768
472,15_min_interval_stocks/Consumer_Discretionary/ESCA.csv,15_min_interval_stocks,Consumer_Discretionary,ESCA,3889544,0.0036224201321601868
473,15_min_interval_stocks/Consumer_Discretionary/ESEA.csv,15_min_interval_stocks,Consumer_Discretionary,ESEA,5234774,0.004875263199210167
474,15_min_interval_stocks/Consumer_Discretionary/ETD.csv,15_min_interval_stocks,Consumer_Discretionary,ETD,5590132,0.005206216126680374
475,15_min_interval_stocks/Consumer_Discretionary/ETSY.csv,15_min_interval_stocks,Consumer_Discretionary,ETSY,4770445,0.004442823119461536
476,15_min_interval_stocks/Consumer_Discretionary/EVH.csv,15_min_interval_stocks,Consumer_Discretionary,EVH,3391432,0.0031585171818733215
477,15_min_interval_stocks/Consumer_Discretionary/EVI.csv,15_min_interval_stocks,Consumer_Discretionary,EVI,2288436,0.002131272107362747
478,15_min_interval_stocks/Consumer_Discretionary/EVRI.csv,15_min_interval_stocks,Consumer_Discretionary,EVRI,6019162,0.005605781450867653
479,15_min_interval_stocks/Consumer_Discretionary/EVTV.csv,15_min_interval_stocks,Consumer_Discretionary,EVTV,438934,0.00040878914296627045
480,15_min_interval_stocks/Consumer_Discretionary/EWCZ.csv,15_min_interval_stocks,Consumer_Discretionary,EWCZ,1185174,0.0011037793010473251
481,15_min_interval_stocks/Consumer_Discretionary/EXLS.csv,15_min_interval_stocks,Consumer_Discretionary,EXLS,6303554,0.005870642140507698
482,15_min_interval_stocks/Consumer_Discretionary/EXPD.csv,15_min_interval_stocks,Consumer_Discretionary,EXPD,10630496,0.009900420904159546
483,15_min_interval_stocks/Consumer_Discretionary/EXPE.csv,15_min_interval_stocks,Consumer_Discretionary,EXPE,9130652,0.008503582328557968
484,15_min_interval_stocks/Consumer_Discretionary/EXPO.csv,15_min_interval_stocks,Consumer_Discretionary,EXPO,7929689,0.007385098375380039
485,15_min_interval_stocks/Consumer_Discretionary/EXTO.csv,15_min_interval_stocks,Consumer_Discretionary,EXTO,389684,0.00036292150616645813
486,15_min_interval_stocks/Consumer_Discretionary/EZFL.csv,15_min_interval_stocks,Consumer_Discretionary,EZFL,738130,0.0006874371320009232
487,15_min_interval_stocks/Consumer_Discretionary/EZGO.csv,15_min_interval_stocks,Consumer_Discretionary,EZGO,1374039,0.0012796735391020775
488,15_min_interval_stocks/Consumer_Discretionary/EZPW.csv,15_min_interval_stocks,Consumer_Discretionary,EZPW,7548693,0.00703026819974184
489,15_min_interval_stocks/Consumer_Discretionary/F.csv,15_min_interval_stocks,Consumer_Discretionary,F,12556452,0.011694107204675674
490,15_min_interval_stocks/Consumer_Discretionary/FA.csv,15_min_interval_stocks,Consumer_Discretionary,FA,1195054,0.001112980768084526
491,15_min_interval_stocks/Consumer_Discretionary/FAST.csv,15_min_interval_stocks,Consumer_Discretionary,FAST,10623485,0.009893891401588917
492,15_min_interval_stocks/Consumer_Discretionary/FAT.csv,15_min_interval_stocks,Consumer_Discretionary,FAT,1331666,0.0012402106076478958
493,15_min_interval_stocks/Consumer_Discretionary/FATBB.csv,15_min_interval_stocks,Consumer_Discretionary,FATBB,201345,0.00018751714378595352
494,15_min_interval_stocks/Consumer_Discretionary/FATBP.csv,15_min_interval_stocks,Consumer_Discretionary,FATBP,741267,0.0006903586909174919
495,15_min_interval_stocks/Consumer_Discretionary/FATBW.csv,15_min_interval_stocks,Consumer_Discretionary,FATBW,117753,0.00010966602712869644
496,15_min_interval_stocks/Consumer_Discretionary/FBYD.csv,15_min_interval_stocks,Consumer_Discretionary,FBYD,170046,0.00015836767852306366
497,15_min_interval_stocks/Consumer_Discretionary/FBYDW.csv,15_min_interval_stocks,Consumer_Discretionary,FBYDW,58357,5.434919148683548e-05
498,15_min_interval_stocks/Consumer_Discretionary/FC.csv,15_min_interval_stocks,Consumer_Discretionary,FC,5793810,0.005395906046032906
499,15_min_interval_stocks/Consumer_Discretionary/FCFS.csv,15_min_interval_stocks,Consumer_Discretionary,FCFS,9012020,0.008393097668886185
500,15_min_interval_stocks/Consumer_Discretionary/FCN.csv,15_min_interval_stocks,Consumer_Discretionary,FCN,8200632,0.007637433707714081
501,15_min_interval_stocks/Consumer_Discretionary/FDX.csv,15_min_interval_stocks,Consumer_Discretionary,FDX,12114636,0.011282633990049362
502,15_min_interval_stocks/Consumer_Discretionary/FEBO.csv,15_min_interval_stocks,Consumer_Discretionary,FEBO,225930,0.00021041370928287506
503,15_min_interval_stocks/Consumer_Discretionary/FELE.csv,15_min_interval_stocks,Consumer_Discretionary,FELE,8833461,0.00822680164128542
504,15_min_interval_stocks/Consumer_Discretionary/FFIE.csv,15_min_interval_stocks,Consumer_Discretionary,FFIE,3031419,0.0028232289478182793
505,15_min_interval_stocks/Consumer_Discretionary/FFIEW.csv,15_min_interval_stocks,Consumer_Discretionary,FFIEW,782707,0.0007289526984095573
506,15_min_interval_stocks/Consumer_Discretionary/FGL.csv,15_min_interval_stocks,Consumer_Discretionary,FGL,40282,3.7515535950660706e-05
507,15_min_interval_stocks/Consumer_Discretionary/FI.csv,15_min_interval_stocks,Consumer_Discretionary,FI,1027459,0.0009568957611918449
508,15_min_interval_stocks/Consumer_Discretionary/FICO.csv,15_min_interval_stocks,Consumer_Discretionary,FICO,6048937,0.005633511580526829
509,15_min_interval_stocks/Consumer_Discretionary/FIGS.csv,15_min_interval_stocks,Consumer_Discretionary,FIGS,1575903,0.0014676740393042564
510,15_min_interval_stocks/Consumer_Discretionary/FIS.csv,15_min_interval_stocks,Consumer_Discretionary,FIS,8038271,0.007486223243176937
511,15_min_interval_stocks/Consumer_Discretionary/FIVE.csv,15_min_interval_stocks,Consumer_Discretionary,FIVE,4872101,0.0045374976471066475
512,15_min_interval_stocks/Consumer_Discretionary/FL.csv,15_min_interval_stocks,Consumer_Discretionary,FL,9459163,0.008809532038867474
513,15_min_interval_stocks/Consumer_Discretionary/FLL.csv,15_min_interval_stocks,Consumer_Discretionary,FLL,3810843,0.003549124114215374
514,15_min_interval_stocks/Consumer_Discretionary/FLNG.csv,15_min_interval_stocks,Consumer_Discretionary,FLNG,2234068,0.002080637961626053
515,15_min_interval_stocks/Consumer_Discretionary/FLNT.csv,15_min_interval_stocks,Consumer_Discretionary,FLNT,2679779,0.0024957386776804924
516,15_min_interval_stocks/Consumer_Discretionary/FLWS.csv,15_min_interval_stocks,Consumer_Discretionary,FLWS,8011432,0.007461227476596832
517,15_min_interval_stocks/Consumer_Discretionary/FLXS.csv,15_min_interval_stocks,Consumer_Discretionary,FLXS,4368660,0.004068631678819656
518,15_min_interval_stocks/Consumer_Discretionary/FLYW.csv,15_min_interval_stocks,Consumer_Discretionary,FLYW,1298865,0.0012096622958779335
519,15_min_interval_stocks/Consumer_Discretionary/FLYX.csv,15_min_interval_stocks,Consumer_Discretionary,FLYX,209633,0.0001952359452843666
520,15_min_interval_stocks/Consumer_Discretionary/FND.csv,15_min_interval_stocks,Consumer_Discretionary,FND,2868502,0.0026715006679296494
521,15_min_interval_stocks/Consumer_Discretionary/FNKO.csv,15_min_interval_stocks,Consumer_Discretionary,FNKO,2728692,0.0025412924587726593
522,15_min_interval_stocks/Consumer_Discretionary/FORR.csv,15_min_interval_stocks,Consumer_Discretionary,FORR,8681326,0.008085114881396294
523,15_min_interval_stocks/Consumer_Discretionary/FOSL.csv,15_min_interval_stocks,Consumer_Discretionary,FOSL,9137782,0.008510222658514977
524,15_min_interval_stocks/Consumer_Discretionary/FOSLL.csv,15_min_interval_stocks,Consumer_Discretionary,FOSLL,361085,0.00033628661185503006
525,15_min_interval_stocks/Consumer_Discretionary/FOUR.csv,15_min_interval_stocks,Consumer_Discretionary,FOUR,1935783,0.0018028384074568748
526,15_min_interval_stocks/Consumer_Discretionary/FOXF.csv,15_min_interval_stocks,Consumer_Discretionary,FOXF,3920919,0.0036516403779387474
527,15_min_interval_stocks/Consumer_Discretionary/FPAY.csv,15_min_interval_stocks,Consumer_Discretionary,FPAY,1813258,0.0016887281090021133
528,15_min_interval_stocks/Consumer_Discretionary/FRGT.csv,15_min_interval_stocks,Consumer_Discretionary,FRGT,3429090,0.0031935889273881912
529,15_min_interval_stocks/Consumer_Discretionary/FRO.csv,15_min_interval_stocks,Consumer_Discretionary,FRO,10981754,0.01022755540907383
530,15_min_interval_stocks/Consumer_Discretionary/FSS.csv,15_min_interval_stocks,Consumer_Discretionary,FSS,9702013,0.009035703726112843
531,15_min_interval_stocks/Consumer_Discretionary/FTEL.csv,15_min_interval_stocks,Consumer_Discretionary,FTEL,422657,0.0003936300054192543
532,15_min_interval_stocks/Consumer_Discretionary/FTFT.csv,15_min_interval_stocks,Consumer_Discretionary,FTFT,4182489,0.003895246423780918
533,15_min_interval_stocks/Consumer_Discretionary/FUBO.csv,15_min_interval_stocks,Consumer_Discretionary,FUBO,3285585,0.003059939481317997
534,15_min_interval_stocks/Consumer_Discretionary/FUN.csv,15_min_interval_stocks,Consumer_Discretionary,FUN,9376313,0.008732371963560581
535,15_min_interval_stocks/Consumer_Discretionary/FVRR.csv,15_min_interval_stocks,Consumer_Discretionary,FVRR,2591720,0.002413727343082428
536,15_min_interval_stocks/Consumer_Discretionary/FWRD.csv,15_min_interval_stocks,Consumer_Discretionary,FWRD,9813753,0.009139769710600376
537,15_min_interval_stocks/Consumer_Discretionary/FWRG.csv,15_min_interval_stocks,Consumer_Discretionary,FWRG,1140791,0.0010624444112181664
538,15_min_interval_stocks/Consumer_Discretionary/G.csv,15_min_interval_stocks,Consumer_Discretionary,G,6898558,0.006424782797694206
539,15_min_interval_stocks/Consumer_Discretionary/GAIA.csv,15_min_interval_stocks,Consumer_Discretionary,GAIA,6091253,0.005672921426594257
540,15_min_interval_stocks/Consumer_Discretionary/GAMB.csv,15_min_interval_stocks,Consumer_Discretionary,GAMB,1048169,0.0009761834517121315
541,15_min_interval_stocks/Consumer_Discretionary/GAME.csv,15_min_interval_stocks,Consumer_Discretionary,GAME,1084743,0.001010245643556118
542,15_min_interval_stocks/Consumer_Discretionary/GAP.csv,15_min_interval_stocks,Consumer_Discretionary,GAP,192218,0.00017901696264743805
543,15_min_interval_stocks/Consumer_Discretionary/GASS.csv,15_min_interval_stocks,Consumer_Discretionary,GASS,5544609,0.005163819529116154
544,15_min_interval_stocks/Consumer_Discretionary/GATX.csv,15_min_interval_stocks,Consumer_Discretionary,GATX,6970539,0.006491820327937603
545,15_min_interval_stocks/Consumer_Discretionary/GBTG.csv,15_min_interval_stocks,Consumer_Discretionary,GBTG,1287292,0.0011988840997219086
546,15_min_interval_stocks/Consumer_Discretionary/GCI.csv,15_min_interval_stocks,Consumer_Discretionary,GCI,3531042,0.0032885391265153885
547,15_min_interval_stocks/Consumer_Discretionary/GCO.csv,15_min_interval_stocks,Consumer_Discretionary,GCO,8861536,0.008252948522567749
548,15_min_interval_stocks/Consumer_Discretionary/GCT.csv,15_min_interval_stocks,Consumer_Discretionary,GCT,1323842,0.0012329239398241043
549,15_min_interval_stocks/Consumer_Discretionary/GDEN.csv,15_min_interval_stocks,Consumer_Discretionary,GDEN,5153371,0.004799450747668743
550,15_min_interval_stocks/Consumer_Discretionary/GDHG.csv,15_min_interval_stocks,Consumer_Discretionary,GDHG,809169,0.0007535973563790321
551,15_min_interval_stocks/Consumer_Discretionary/GENI.csv,15_min_interval_stocks,Consumer_Discretionary,GENI,1770387,0.0016488013789057732
552,15_min_interval_stocks/Consumer_Discretionary/GENK.csv,15_min_interval_stocks,Consumer_Discretionary,GENK,408390,0.00038034282624721527
553,15_min_interval_stocks/Consumer_Discretionary/GEO.csv,15_min_interval_stocks,Consumer_Discretionary,GEO,9497837,0.008845550008118153
554,15_min_interval_stocks/Consumer_Discretionary/GES.csv,15_min_interval_stocks,Consumer_Discretionary,GES,9560521,0.00890392903238535
555,15_min_interval_stocks/Consumer_Discretionary/GETY.csv,15_min_interval_stocks,Consumer_Discretionary,GETY,985469,0.000917789526283741
556,15_min_interval_stocks/Consumer_Discretionary/GFAI.csv,15_min_interval_stocks,Consumer_Discretionary,GFAI,1793932,0.0016707293689250946
557,15_min_interval_stocks/Consumer_Discretionary/GFAIW.csv,15_min_interval_stocks,Consumer_Discretionary,GFAIW,159969,0.00014898274093866348
558,15_min_interval_stocks/Consumer_Discretionary/GGR.csv,15_min_interval_stocks,Consumer_Discretionary,GGR,972599,0.0009058034047484398
559,15_min_interval_stocks/Consumer_Discretionary/GGROW.csv,15_min_interval_stocks,Consumer_Discretionary,GGROW,256117,0.0002385275438427925
560,15_min_interval_stocks/Consumer_Discretionary/GHG.csv,15_min_interval_stocks,Consumer_Discretionary,GHG,1743816,0.0016240552067756653
561,15_min_interval_stocks/Consumer_Discretionary/GIB.csv,15_min_interval_stocks,Consumer_Discretionary,GIB,8403179,0.007826070301234722
562,15_min_interval_stocks/Consumer_Discretionary/GIFT.csv,15_min_interval_stocks,Consumer_Discretionary,GIFT,55076,5.1293522119522095e-05
563,15_min_interval_stocks/Consumer_Discretionary/GIII.csv,15_min_interval_stocks,Consumer_Discretionary,GIII,6904026,0.006429875269532204
564,15_min_interval_stocks/Consumer_Discretionary/GIL.csv,15_min_interval_stocks,Consumer_Discretionary,GIL,8919230,0.008306680247187614
565,15_min_interval_stocks/Consumer_Discretionary/GLAD.csv,15_min_interval_stocks,Consumer_Discretionary,GLAD,8268444,0.007700588554143906
566,15_min_interval_stocks/Consumer_Discretionary/GLBS.csv,15_min_interval_stocks,Consumer_Discretionary,GLBS,3593124,0.0033463574945926666
567,15_min_interval_stocks/Consumer_Discretionary/GLNG.csv,15_min_interval_stocks,Consumer_Discretionary,GLNG,8572985,0.007984214462339878
568,15_min_interval_stocks/Consumer_Discretionary/GLXG.csv,15_min_interval_stocks,Consumer_Discretionary,GLXG,116974,0.00010894052684307098
569,15_min_interval_stocks/Consumer_Discretionary/GM.csv,15_min_interval_stocks,Consumer_Discretionary,GM,9070191,0.008447273634374142
570,15_min_interval_stocks/Consumer_Discretionary/GME.csv,15_min_interval_stocks,Consumer_Discretionary,GME,10704857,0.009969674982130527
571,15_min_interval_stocks/Consumer_Discretionary/GMS.csv,15_min_interval_stocks,Consumer_Discretionary,GMS,2964857,0.002761238254606724
572,15_min_interval_stocks/Consumer_Discretionary/GNK.csv,15_min_interval_stocks,Consumer_Discretionary,GNK,3755112,0.0034972205758094788
573,15_min_interval_stocks/Consumer_Discretionary/GNLN.csv,15_min_interval_stocks,Consumer_Discretionary,GNLN,2327690,0.002167830243706703
574,15_min_interval_stocks/Consumer_Discretionary/GNRC.csv,15_min_interval_stocks,Consumer_Discretionary,GNRC,5919523,0.005512985400855541
575,15_min_interval_stocks/Consumer_Discretionary/GNS.csv,15_min_interval_stocks,Consumer_Discretionary,GNS,1532965,0.001427684910595417
576,15_min_interval_stocks/Consumer_Discretionary/GNTX.csv,15_min_interval_stocks,Consumer_Discretionary,GNTX,10001126,0.009314274415373802
577,15_min_interval_stocks/Consumer_Discretionary/GOEV.csv,15_min_interval_stocks,Consumer_Discretionary,GOEV,3359604,0.00312887504696846
578,15_min_interval_stocks/Consumer_Discretionary/GOEVW.csv,15_min_interval_stocks,Consumer_Discretionary,GOEVW,1265358,0.0011784564703702927
579,15_min_interval_stocks/Consumer_Discretionary/GOGL.csv,15_min_interval_stocks,Consumer_Discretionary,GOGL,7822608,0.007285371422767639
580,15_min_interval_stocks/Consumer_Discretionary/GOGO.csv,15_min_interval_stocks,Consumer_Discretionary,GOGO,4333943,0.004036298952996731
581,15_min_interval_stocks/Consumer_Discretionary/GOLF.csv,15_min_interval_stocks,Consumer_Discretionary,GOLF,3222661,0.0030013369396328926
582,15_min_interval_stocks/Consumer_Discretionary/GOOS.csv,15_min_interval_stocks,Consumer_Discretionary,GOOS,3143110,0.0029272492974996567
583,15_min_interval_stocks/Consumer_Discretionary/GORV.csv,15_min_interval_stocks,Consumer_Discretionary,GORV,225721,0.00021021906286478043
584,15_min_interval_stocks/Consumer_Discretionary/GP.csv,15_min_interval_stocks,Consumer_Discretionary,GP,1549605,0.0014431821182370186
585,15_min_interval_stocks/Consumer_Discretionary/GPC.csv,15_min_interval_stocks,Consumer_Discretionary,GPC,10265641,0.009560623206198215
586,15_min_interval_stocks/Consumer_Discretionary/GPI.csv,15_min_interval_stocks,Consumer_Discretionary,GPI,9715469,0.009048235602676868
587,15_min_interval_stocks/Consumer_Discretionary/GPK.csv,15_min_interval_stocks,Consumer_Discretionary,GPK,8975759,0.008359326981008053
588,15_min_interval_stocks/Consumer_Discretionary/GPN.csv,15_min_interval_stocks,Consumer_Discretionary,GPN,9926016,0.009244322776794434
589,15_min_interval_stocks/Consumer_Discretionary/GPRO.csv,15_min_interval_stocks,Consumer_Discretionary,GPRO,5350418,0.004982965067028999
590,15_min_interval_stocks/Consumer_Discretionary/GRAB.csv,15_min_interval_stocks,Consumer_Discretionary,GRAB,2067386,0.0019254032522439957
591,15_min_interval_stocks/Consumer_Discretionary/GRABW.csv,15_min_interval_stocks,Consumer_Discretionary,GRABW,312366,0.00029091350734233856
592,15_min_interval_stocks/Consumer_Discretionary/GRBK.csv,15_min_interval_stocks,Consumer_Discretionary,GRBK,5342779,0.004975850693881512
593,15_min_interval_stocks/Consumer_Discretionary/GROV.csv,15_min_interval_stocks,Consumer_Discretionary,GROV,1030926,0.0009601246565580368
594,15_min_interval_stocks/Consumer_Discretionary/GRPN.csv,15_min_interval_stocks,Consumer_Discretionary,GRPN,743330,0.0006922800093889236
595,15_min_interval_stocks/Consumer_Discretionary/GRVY.csv,15_min_interval_stocks,Consumer_Discretionary,GRVY,3370561,0.003139079548418522
596,15_min_interval_stocks/Consumer_Discretionary/GRWG.csv,15_min_interval_stocks,Consumer_Discretionary,GRWG,3095712,0.0028831064701080322
597,15_min_interval_stocks/Consumer_Discretionary/GSAT.csv,15_min_interval_stocks,Consumer_Discretionary,GSAT,7353921,0.006848872639238834
598,15_min_interval_stocks/Consumer_Discretionary/GSL.csv,15_min_interval_stocks,Consumer_Discretionary,GSL,5519089,0.005140052177011967
599,15_min_interval_stocks/Consumer_Discretionary/GT.csv,15_min_interval_stocks,Consumer_Discretionary,GT,10886670,0.010139001533389091
600,15_min_interval_stocks/Consumer_Discretionary/GTIM.csv,15_min_interval_stocks,Consumer_Discretionary,GTIM,2586144,0.002408534288406372
601,15_min_interval_stocks/Consumer_Discretionary/GTX.csv,15_min_interval_stocks,Consumer_Discretionary,GTX,1459107,0.001358899287879467
602,15_min_interval_stocks/Consumer_Discretionary/GVH.csv,15_min_interval_stocks,Consumer_Discretionary,GVH,258815,0.00024104025214910507
603,15_min_interval_stocks/Consumer_Discretionary/GXO.csv,15_min_interval_stocks,Consumer_Discretionary,GXO,1323837,0.0012329192832112312
604,15_min_interval_stocks/Consumer_Discretionary/H.csv,15_min_interval_stocks,Consumer_Discretionary,H,6260575,0.005830614827573299
605,15_min_interval_stocks/Consumer_Discretionary/HAFN.csv,15_min_interval_stocks,Consumer_Discretionary,HAFN,378180,0.00035220757126808167
606,15_min_interval_stocks/Consumer_Discretionary/HAO.csv,15_min_interval_stocks,Consumer_Discretionary,HAO,362333,0.0003374489024281502
607,15_min_interval_stocks/Consumer_Discretionary/HAS.csv,15_min_interval_stocks,Consumer_Discretionary,HAS,10472858,0.009753609076142311
608,15_min_interval_stocks/Consumer_Discretionary/HBB.csv,15_min_interval_stocks,Consumer_Discretionary,HBB,1997427,0.0018602488562464714
609,15_min_interval_stocks/Consumer_Discretionary/HBI.csv,15_min_interval_stocks,Consumer_Discretionary,HBI,7688933,0.007160876877605915
610,15_min_interval_stocks/Consumer_Discretionary/HCKT.csv,15_min_interval_stocks,Consumer_Discretionary,HCKT,6172252,0.0057483576238155365
611,15_min_interval_stocks/Consumer_Discretionary/HD.csv,15_min_interval_stocks,Consumer_Discretionary,HD,13516146,0.012587891891598701
612,15_min_interval_stocks/Consumer_Discretionary/HDL.csv,15_min_interval_stocks,Consumer_Discretionary,HDL,115109,0.00010720361024141312
613,15_min_interval_stocks/Consumer_Discretionary/HDSN.csv,15_min_interval_stocks,Consumer_Discretionary,HDSN,5116279,0.004764906130731106
614,15_min_interval_stocks/Consumer_Discretionary/HELE.csv,15_min_interval_stocks,Consumer_Discretionary,HELE,8640253,0.008046862669289112
615,15_min_interval_stocks/Consumer_Discretionary/HEPS.csv,15_min_interval_stocks,Consumer_Discretionary,HEPS,1374968,0.0012805387377738953
616,15_min_interval_stocks/Consumer_Discretionary/HFFG.csv,15_min_interval_stocks,Consumer_Discretionary,HFFG,1426770,0.0013287831097841263
617,15_min_interval_stocks/Consumer_Discretionary/HGBL.csv,15_min_interval_stocks,Consumer_Discretionary,HGBL,1392812,0.0012971572577953339
618,15_min_interval_stocks/Consumer_Discretionary/HGV.csv,15_min_interval_stocks,Consumer_Discretionary,HGV,2833648,0.0026390403509140015
619,15_min_interval_stocks/Consumer_Discretionary/HHS.csv,15_min_interval_stocks,Consumer_Discretionary,HHS,731599,0.0006813546642661095
620,15_min_interval_stocks/Consumer_Discretionary/HI.csv,15_min_interval_stocks,Consumer_Discretionary,HI,6628103,0.006172901950776577
621,15_min_interval_stocks/Consumer_Discretionary/HITI.csv,15_min_interval_stocks,Consumer_Discretionary,HITI,1412840,0.0013158097863197327
622,15_min_interval_stocks/Consumer_Discretionary/HLLY.csv,15_min_interval_stocks,Consumer_Discretionary,HLLY,1422003,0.0013243434950709343
623,15_min_interval_stocks/Consumer_Discretionary/HLMN.csv,15_min_interval_stocks,Consumer_Discretionary,HLMN,1374834,0.0012804139405488968
624,15_min_interval_stocks/Consumer_Discretionary/HLN.csv,15_min_interval_stocks,Consumer_Discretionary,HLN,1272731,0.0011853231117129326
625,15_min_interval_stocks/Consumer_Discretionary/HLT.csv,15_min_interval_stocks,Consumer_Discretionary,HLT,5010996,0.004666853696107864
626,15_min_interval_stocks/Consumer_Discretionary/HMC.csv,15_min_interval_stocks,Consumer_Discretionary,HMC,10264825,0.00955986324697733
627,15_min_interval_stocks/Consumer_Discretionary/HNI.csv,15_min_interval_stocks,Consumer_Discretionary,HNI,9697713,0.009031699039041996
628,15_min_interval_stocks/Consumer_Discretionary/HNST.csv,15_min_interval_stocks,Consumer_Discretionary,HNST,1706549,0.0015893476083874702
629,15_min_interval_stocks/Consumer_Discretionary/HOFT.csv,15_min_interval_stocks,Consumer_Discretionary,HOFT,7282141,0.006782022304832935
630,15_min_interval_stocks/Consumer_Discretionary/HOFV.csv,15_min_interval_stocks,Consumer_Discretionary,HOFV,1894759,0.0017646318301558495
631,15_min_interval_stocks/Consumer_Discretionary/HOFVW.csv,15_min_interval_stocks,Consumer_Discretionary,HOFVW,639344,0.0005954355001449585
632,15_min_interval_stocks/Consumer_Discretionary/HOG.csv,15_min_interval_stocks,Consumer_Discretionary,HOG,10807151,0.010064943693578243
633,15_min_interval_stocks/Consumer_Discretionary/HOUR.csv,15_min_interval_stocks,Consumer_Discretionary,HOUR,596069,0.0005551325157284737
634,15_min_interval_stocks/Consumer_Discretionary/HOV.csv,15_min_interval_stocks,Consumer_Discretionary,HOV,8830643,0.008224177174270153
635,15_min_interval_stocks/Consumer_Discretionary/HOVNP.csv,15_min_interval_stocks,Consumer_Discretionary,HOVNP,1677099,0.0015619201585650444
636,15_min_interval_stocks/Consumer_Discretionary/HQI.csv,15_min_interval_stocks,Consumer_Discretionary,HQI,1534459,0.0014290763065218925
637,15_min_interval_stocks/Consumer_Discretionary/HQY.csv,15_min_interval_stocks,Consumer_Discretionary,HQY,3674252,0.003421913832426071
638,15_min_interval_stocks/Consumer_Discretionary/HRB.csv,15_min_interval_stocks,Consumer_Discretionary,HRB,10377298,0.009664611890912056
639,15_min_interval_stocks/Consumer_Discretionary/HSHP.csv,15_min_interval_stocks,Consumer_Discretionary,HSHP,658547,0.0006133196875452995
640,15_min_interval_stocks/Consumer_Discretionary/HSII.csv,15_min_interval_stocks,Consumer_Discretionary,HSII,9489438,0.008837727829813957
641,15_min_interval_stocks/Consumer_Discretionary/HSON.csv,15_min_interval_stocks,Consumer_Discretionary,HSON,5567022,0.0051846932619810104
642,15_min_interval_stocks/Consumer_Discretionary/HTCO.csv,15_min_interval_stocks,Consumer_Discretionary,HTCO,54523,5.0778500735759735e-05
643,15_min_interval_stocks/Consumer_Discretionary/HTHT.csv,15_min_interval_stocks,Consumer_Discretionary,HTHT,5818324,0.005418736487627029
644,15_min_interval_stocks/Consumer_Discretionary/HTLM.csv,15_min_interval_stocks,Consumer_Discretionary,HTLM,30942,2.8816983103752136e-05
645,15_min_interval_stocks/Consumer_Discretionary/HTZ.csv,15_min_interval_stocks,Consumer_Discretionary,HTZ,2083053,0.0019399942830204964
646,15_min_interval_stocks/Consumer_Discretionary/HTZWW.csv,15_min_interval_stocks,Consumer_Discretionary,HTZWW,1000760,0.0009320303797721863
647,15_min_interval_stocks/Consumer_Discretionary/HUBG.csv,15_min_interval_stocks,Consumer_Discretionary,HUBG,8688383,0.008091687224805355
648,15_min_interval_stocks/Consumer_Discretionary/HURN.csv,15_min_interval_stocks,Consumer_Discretionary,HURN,6732984,0.006270579993724823
649,15_min_interval_stocks/Consumer_Discretionary/HVT.csv,15_min_interval_stocks,Consumer_Discretionary,HVT,8854250,0.0082461629062891
650,15_min_interval_stocks/Consumer_Discretionary/HWKN.csv,15_min_interval_stocks,Consumer_Discretionary,HWKN,5602571,0.005217800848186016
651,15_min_interval_stocks/Consumer_Discretionary/HYFM.csv,15_min_interval_stocks,Consumer_Discretionary,HYFM,1534214,0.0014288481324911118
652,15_min_interval_stocks/Consumer_Discretionary/HYLN.csv,15_min_interval_stocks,Consumer_Discretionary,HYLN,2242443,0.0020884377881884575
653,15_min_interval_stocks/Consumer_Discretionary/HZO.csv,15_min_interval_stocks,Consumer_Discretionary,HZO,7558513,0.007039413787424564
654,15_min_interval_stocks/Consumer_Discretionary/IBP.csv,15_min_interval_stocks,Consumer_Discretionary,IBP,4326086,0.004028981551527977
655,15_min_interval_stocks/Consumer_Discretionary/IBTA.csv,15_min_interval_stocks,Consumer_Discretionary,IBTA,270773,0.00025217700749635696
656,15_min_interval_stocks/Consumer_Discretionary/ICFI.csv,15_min_interval_stocks,Consumer_Discretionary,ICFI,6896223,0.006422608159482479
657,15_min_interval_stocks/Consumer_Discretionary/ICON.csv,15_min_interval_stocks,Consumer_Discretionary,ICON,77140,7.184222340583801e-05
658,15_min_interval_stocks/Consumer_Discretionary/IEP.csv,15_min_interval_stocks,Consumer_Discretionary,IEP,6547086,0.006097448989748955
659,15_min_interval_stocks/Consumer_Discretionary/IGT.csv,15_min_interval_stocks,Consumer_Discretionary,IGT,10417961,0.009702482260763645
660,15_min_interval_stocks/Consumer_Discretionary/IHG.csv,15_min_interval_stocks,Consumer_Discretionary,IHG,8534927,0.007948770187795162
661,15_min_interval_stocks/Consumer_Discretionary/IHRT.csv,15_min_interval_stocks,Consumer_Discretionary,IHRT,2084534,0.001941373571753502
662,15_min_interval_stocks/Consumer_Discretionary/III.csv,15_min_interval_stocks,Consumer_Discretionary,III,5469064,0.005093462765216827
663,15_min_interval_stocks/Consumer_Discretionary/IIIV.csv,15_min_interval_stocks,Consumer_Discretionary,IIIV,2137752,0.0019909366965293884
664,15_min_interval_stocks/Consumer_Discretionary/ILAG.csv,15_min_interval_stocks,Consumer_Discretionary,ILAG,768227,0.0007154671475291252
665,15_min_interval_stocks/Consumer_Discretionary/IMAX.csv,15_min_interval_stocks,Consumer_Discretionary,IMAX,8440519,0.007860845886170864
666,15_min_interval_stocks/Consumer_Discretionary/IMG.csv,15_min_interval_stocks,Consumer_Discretionary,IMG,63744,5.936622619628906e-05
667,15_min_interval_stocks/Consumer_Discretionary/IMPP.csv,15_min_interval_stocks,Consumer_Discretionary,IMPP,715190,0.0006660725921392441
668,15_min_interval_stocks/Consumer_Discretionary/IMPPP.csv,15_min_interval_stocks,Consumer_Discretionary,IMPPP,165653,0.00015427637845277786
669,15_min_interval_stocks/Consumer_Discretionary/IMXI.csv,15_min_interval_stocks,Consumer_Discretionary,IMXI,2124627,0.0019787130877375603
670,15_min_interval_stocks/Consumer_Discretionary/INSW.csv,15_min_interval_stocks,Consumer_Discretionary,INSW,3376868,0.0031449533998966217
671,15_min_interval_stocks/Consumer_Discretionary/INTJ.csv,15_min_interval_stocks,Consumer_Discretionary,INTJ,226457,0.00021090451627969742
672,15_min_interval_stocks/Consumer_Discretionary/INUV.csv,15_min_interval_stocks,Consumer_Discretionary,INUV,4650098,0.004330741241574287
673,15_min_interval_stocks/Consumer_Discretionary/INVZ.csv,15_min_interval_stocks,Consumer_Discretionary,INVZ,1674067,0.0015590963885188103
674,15_min_interval_stocks/Consumer_Discretionary/INVZW.csv,15_min_interval_stocks,Consumer_Discretionary,INVZW,311878,0.0002904590219259262
675,15_min_interval_stocks/Consumer_Discretionary/IPAR.csv,15_min_interval_stocks,Consumer_Discretionary,IPAR,8277198,0.0077087413519620895
676,15_min_interval_stocks/Consumer_Discretionary/IPG.csv,15_min_interval_stocks,Consumer_Discretionary,IPG,10105071,0.009411080740392208
677,15_min_interval_stocks/Consumer_Discretionary/IPW.csv,15_min_interval_stocks,Consumer_Discretionary,IPW,940608,0.000876009464263916
678,15_min_interval_stocks/Consumer_Discretionary/IQ.csv,15_min_interval_stocks,Consumer_Discretionary,IQ,4199082,0.003910699859261513
679,15_min_interval_stocks/Consumer_Discretionary/IRBT.csv,15_min_interval_stocks,Consumer_Discretionary,IRBT,7283859,0.006783622317016125
680,15_min_interval_stocks/Consumer_Discretionary/ISDR.csv,15_min_interval_stocks,Consumer_Discretionary,ISDR,1265354,0.0011784527450799942
681,15_min_interval_stocks/Consumer_Discretionary/IT.csv,15_min_interval_stocks,Consumer_Discretionary,IT,8818103,0.008212498389184475
682,15_min_interval_stocks/Consumer_Discretionary/ITP.csv,15_min_interval_stocks,Consumer_Discretionary,ITP,4376104,0.004075564444065094
683,15_min_interval_stocks/Consumer_Discretionary/IZEA.csv,15_min_interval_stocks,Consumer_Discretionary,IZEA,3113397,0.002899576909840107
684,15_min_interval_stocks/Consumer_Discretionary/IZM.csv,15_min_interval_stocks,Consumer_Discretionary,IZM,596391,0.0005554324015974998
685,15_min_interval_stocks/Consumer_Discretionary/JACK.csv,15_min_interval_stocks,Consumer_Discretionary,JACK,6597285,0.006144200451672077
686,15_min_interval_stocks/Consumer_Discretionary/JAKK.csv,15_min_interval_stocks,Consumer_Discretionary,JAKK,9273287,0.008636421523988247
687,15_min_interval_stocks/Consumer_Discretionary/JBLU.csv,15_min_interval_stocks,Consumer_Discretionary,JBLU,10214857,0.009513326920568943
688,15_min_interval_stocks/Consumer_Discretionary/JCSE.csv,15_min_interval_stocks,Consumer_Discretionary,JCSE,574730,0.000535259023308754
689,15_min_interval_stocks/Consumer_Discretionary/JCTC.csv,15_min_interval_stocks,Consumer_Discretionary,JCTC,11045,1.028645783662796e-05
690,15_min_interval_stocks/Consumer_Discretionary/JD.csv,15_min_interval_stocks,Consumer_Discretionary,JD,7733307,0.007202203385531902
691,15_min_interval_stocks/Consumer_Discretionary/JEQ.csv,15_min_interval_stocks,Consumer_Discretionary,JEQ,4596649,0.004280962981283665
692,15_min_interval_stocks/Consumer_Discretionary/JFBR.csv,15_min_interval_stocks,Consumer_Discretionary,JFBR,866560,0.0008070468902587891
693,15_min_interval_stocks/Consumer_Discretionary/JFBRW.csv,15_min_interval_stocks,Consumer_Discretionary,JFBRW,56634,5.274452269077301e-05
694,15_min_interval_stocks/Consumer_Discretionary/JILL.csv,15_min_interval_stocks,Consumer_Discretionary,JILL,2925843,0.0027249036356806755
695,15_min_interval_stocks/Consumer_Discretionary/JL.csv,15_min_interval_stocks,Consumer_Discretionary,JL,529465,0.0004931027069687843
696,15_min_interval_stocks/Consumer_Discretionary/JMIA.csv,15_min_interval_stocks,Consumer_Discretionary,JMIA,3303155,0.003076302818953991
697,15_min_interval_stocks/Consumer_Discretionary/JOB.csv,15_min_interval_stocks,Consumer_Discretionary,JOB,3381696,0.0031494498252868652
698,15_min_interval_stocks/Consumer_Discretionary/JOUT.csv,15_min_interval_stocks,Consumer_Discretionary,JOUT,5256874,0.004895845428109169
699,15_min_interval_stocks/Consumer_Discretionary/JRSH.csv,15_min_interval_stocks,Consumer_Discretionary,JRSH,915753,0.0008528614416718483
700,15_min_interval_stocks/Consumer_Discretionary/JTAI.csv,15_min_interval_stocks,Consumer_Discretionary,JTAI,765471,0.000712900422513485
701,15_min_interval_stocks/Consumer_Discretionary/JWEL.csv,15_min_interval_stocks,Consumer_Discretionary,JWEL,976010,0.0009089801460504532
702,15_min_interval_stocks/Consumer_Discretionary/JWN.csv,15_min_interval_stocks,Consumer_Discretionary,JWN,11304439,0.010528079234063625
703,15_min_interval_stocks/Consumer_Discretionary/JYD.csv,15_min_interval_stocks,Consumer_Discretionary,JYD,368461,0.00034315604716539383
704,15_min_interval_stocks/Consumer_Discretionary/JZXN.csv,15_min_interval_stocks,Consumer_Discretionary,JZXN,1514659,0.001410636119544506
705,15_min_interval_stocks/Consumer_Discretionary/KAR.csv,15_min_interval_stocks,Consumer_Discretionary,KAR,5653008,0.005264773964881897
706,15_min_interval_stocks/Consumer_Discretionary/KAVL.csv,15_min_interval_stocks,Consumer_Discretionary,KAVL,1425031,0.00132716353982687
707,15_min_interval_stocks/Consumer_Discretionary/KBH.csv,15_min_interval_stocks,Consumer_Discretionary,KBH,10982255,0.010228022001683712
708,15_min_interval_stocks/Consumer_Discretionary/KELYA.csv,15_min_interval_stocks,Consumer_Discretionary,KELYA,9600185,0.008940869010984898
709,15_min_interval_stocks/Consumer_Discretionary/KELYB.csv,15_min_interval_stocks,Consumer_Discretionary,KELYB,183800,0.00017117708921432495
710,15_min_interval_stocks/Consumer_Discretionary/KEX.csv,15_min_interval_stocks,Consumer_Discretionary,KEX,8405582,0.007828308269381523
711,15_min_interval_stocks/Consumer_Discretionary/KFRC.csv,15_min_interval_stocks,Consumer_Discretionary,KFRC,9012881,0.008393899537622929
712,15_min_interval_stocks/Consumer_Discretionary/KFY.csv,15_min_interval_stocks,Consumer_Discretionary,KFY,9714389,0.009047229774296284
713,15_min_interval_stocks/Consumer_Discretionary/KIRK.csv,15_min_interval_stocks,Consumer_Discretionary,KIRK,7799823,0.0072641512379050255
714,15_min_interval_stocks/Consumer_Discretionary/KLC.csv,15_min_interval_stocks,Consumer_Discretionary,KLC,70964,6.609037518501282e-05
715,15_min_interval_stocks/Consumer_Discretionary/KMB.csv,15_min_interval_stocks,Consumer_Discretionary,KMB,10900055,0.01015146728605032
716,15_min_interval_stocks/Consumer_Discretionary/KMX.csv,15_min_interval_stocks,Consumer_Discretionary,KMX,9126247,0.008499479852616787
717,15_min_interval_stocks/Consumer_Discretionary/KNDI.csv,15_min_interval_stocks,Consumer_Discretionary,KNDI,5588187,0.005204404704272747
718,15_min_interval_stocks/Consumer_Discretionary/KNOP.csv,15_min_interval_stocks,Consumer_Discretionary,KNOP,4153576,0.003868319094181061
719,15_min_interval_stocks/Consumer_Discretionary/KODK.csv,15_min_interval_stocks,Consumer_Discretionary,KODK,4261273,0.003968619741499424
720,15_min_interval_stocks/Consumer_Discretionary/KPLT.csv,15_min_interval_stocks,Consumer_Discretionary,KPLT,1440804,0.00134185329079628
721,15_min_interval_stocks/Consumer_Discretionary/KRKR.csv,15_min_interval_stocks,Consumer_Discretionary,KRKR,1071552,0.0009979605674743652
722,15_min_interval_stocks/Consumer_Discretionary/KRUS.csv,15_min_interval_stocks,Consumer_Discretionary,KRUS,1764745,0.0016435468569397926
723,15_min_interval_stocks/Consumer_Discretionary/KSS.csv,15_min_interval_stocks,Consumer_Discretionary,KSS,11739291,0.010933066718280315
724,15_min_interval_stocks/Consumer_Discretionary/KTB.csv,15_min_interval_stocks,Consumer_Discretionary,KTB,2273785,0.002117627300322056
725,15_min_interval_stocks/Consumer_Discretionary/KVUE.csv,15_min_interval_stocks,Consumer_Discretionary,KVUE,1039239,0.0009678667411208153
726,15_min_interval_stocks/Consumer_Discretionary/KXIN.csv,15_min_interval_stocks,Consumer_Discretionary,KXIN,2452341,0.002283920533955097
727,15_min_interval_stocks/Consumer_Discretionary/LAD.csv,15_min_interval_stocks,Consumer_Discretionary,LAD,9445492,0.008796799927949905
728,15_min_interval_stocks/Consumer_Discretionary/LAZR.csv,15_min_interval_stocks,Consumer_Discretionary,LAZR,2956232,0.0027532055974006653
729,15_min_interval_stocks/Consumer_Discretionary/LCID.csv,15_min_interval_stocks,Consumer_Discretionary,LCID,3179716,0.002961341291666031
730,15_min_interval_stocks/Consumer_Discretionary/LCII.csv,15_min_interval_stocks,Consumer_Discretionary,LCII,3222698,0.0030013713985681534
731,15_min_interval_stocks/Consumer_Discretionary/LCUT.csv,15_min_interval_stocks,Consumer_Discretionary,LCUT,6304723,0.0058717308565974236
732,15_min_interval_stocks/Consumer_Discretionary/LDWY.csv,15_min_interval_stocks,Consumer_Discretionary,LDWY,123922,0.00011541135609149933
733,15_min_interval_stocks/Consumer_Discretionary/LE.csv,15_min_interval_stocks,Consumer_Discretionary,LE,3571795,0.003326493315398693
734,15_min_interval_stocks/Consumer_Discretionary/LEA.csv,15_min_interval_stocks,Consumer_Discretionary,LEA,6283751,0.005852199159562588
735,15_min_interval_stocks/Consumer_Discretionary/LEE.csv,15_min_interval_stocks,Consumer_Discretionary,LEE,7823875,0.007286551408469677
736,15_min_interval_stocks/Consumer_Discretionary/LEG.csv,15_min_interval_stocks,Consumer_Discretionary,LEG,10167679,0.009469388984143734
737,15_min_interval_stocks/Consumer_Discretionary/LEGH.csv,15_min_interval_stocks,Consumer_Discretionary,LEGH,1493851,0.0013912571594119072
738,15_min_interval_stocks/Consumer_Discretionary/LEN.csv,15_min_interval_stocks,Consumer_Discretionary,LEN,11306344,0.010529853403568268
739,15_min_interval_stocks/Consumer_Discretionary/LESL.csv,15_min_interval_stocks,Consumer_Discretionary,LESL,1570102,0.001462271437048912
740,15_min_interval_stocks/Consumer_Discretionary/LEV.csv,15_min_interval_stocks,Consumer_Discretionary,LEV,1544566,0.0014384891837835312
741,15_min_interval_stocks/Consumer_Discretionary/LEVI.csv,15_min_interval_stocks,Consumer_Discretionary,LEVI,2932359,0.00273097213357687
742,15_min_interval_stocks/Consumer_Discretionary/LGCB.csv,15_min_interval_stocks,Consumer_Discretionary,LGCB,274023,0.00025520380586385727
743,15_min_interval_stocks/Consumer_Discretionary/LGIH.csv,15_min_interval_stocks,Consumer_Discretionary,LGIH,3913288,0.0036445334553718567
744,15_min_interval_stocks/Consumer_Discretionary/LI.csv,15_min_interval_stocks,Consumer_Discretionary,LI,3347518,0.0031176190823316574
745,15_min_interval_stocks/Consumer_Discretionary/LICN.csv,15_min_interval_stocks,Consumer_Discretionary,LICN,521614,0.0004857908934354782
746,15_min_interval_stocks/Consumer_Discretionary/LIDR.csv,15_min_interval_stocks,Consumer_Discretionary,LIDR,1771910,0.0016502197831869125
747,15_min_interval_stocks/Consumer_Discretionary/LIDRW.csv,15_min_interval_stocks,Consumer_Discretionary,LIDRW,414913,0.00038641784340143204
748,15_min_interval_stocks/Consumer_Discretionary/LIND.csv,15_min_interval_stocks,Consumer_Discretionary,LIND,3090900,0.0028786249458789825
749,15_min_interval_stocks/Consumer_Discretionary/LION.csv,15_min_interval_stocks,Consumer_Discretionary,LION,174145,0.0001621851697564125
750,15_min_interval_stocks/Consumer_Discretionary/LITB.csv,15_min_interval_stocks,Consumer_Discretionary,LITB,2864683,0.002667943947017193
751,15_min_interval_stocks/Consumer_Discretionary/LIVE.csv,15_min_interval_stocks,Consumer_Discretionary,LIVE,2444631,0.002276740036904812
752,15_min_interval_stocks/Consumer_Discretionary/LKQ.csv,15_min_interval_stocks,Consumer_Discretionary,LKQ,8508246,0.007923921570181847
753,15_min_interval_stocks/Consumer_Discretionary/LMB.csv,15_min_interval_stocks,Consumer_Discretionary,LMB,2019328,0.001880645751953125
754,15_min_interval_stocks/Consumer_Discretionary/LOBO.csv,15_min_interval_stocks,Consumer_Discretionary,LOBO,129980,0.0001210533082485199
755,15_min_interval_stocks/Consumer_Discretionary/LOCO.csv,15_min_interval_stocks,Consumer_Discretionary,LOCO,4059920,0.0037810951471328735
756,15_min_interval_stocks/Consumer_Discretionary/LOGC.csv,15_min_interval_stocks,Consumer_Discretionary,LOGC,267920,0.000249519944190979
757,15_min_interval_stocks/Consumer_Discretionary/LOTWW.csv,15_min_interval_stocks,Consumer_Discretionary,LOTWW,41632,3.87728214263916e-05
758,15_min_interval_stocks/Consumer_Discretionary/LOVE.csv,15_min_interval_stocks,Consumer_Discretionary,LOVE,2352464,0.002190902829170227
759,15_min_interval_stocks/Consumer_Discretionary/LOW.csv,15_min_interval_stocks,Consumer_Discretionary,LOW,12083545,0.011253678239881992
760,15_min_interval_stocks/Consumer_Discretionary/LPG.csv,15_min_interval_stocks,Consumer_Discretionary,LPG,4273762,0.003980251029133797
761,15_min_interval_stocks/Consumer_Discretionary/LQDT.csv,15_min_interval_stocks,Consumer_Discretionary,LQDT,6188632,0.005763612687587738
762,15_min_interval_stocks/Consumer_Discretionary/LRE.csv,15_min_interval_stocks,Consumer_Discretionary,LRE,184305,0.00017164740711450577
763,15_min_interval_stocks/Consumer_Discretionary/LSEA.csv,15_min_interval_stocks,Consumer_Discretionary,LSEA,1233798,0.0011490639299154282
764,15_min_interval_stocks/Consumer_Discretionary/LSEAW.csv,15_min_interval_stocks,Consumer_Discretionary,LSEAW,117947,0.00010984670370817184
765,15_min_interval_stocks/Consumer_Discretionary/LTBR.csv,15_min_interval_stocks,Consumer_Discretionary,LTBR,4153690,0.003868425264954567
766,15_min_interval_stocks/Consumer_Discretionary/LTH.csv,15_min_interval_stocks,Consumer_Discretionary,LTH,1217924,0.001134280115365982
767,15_min_interval_stocks/Consumer_Discretionary/LTM.csv,15_min_interval_stocks,Consumer_Discretionary,LTM,150235,0.00013991724699735641
768,15_min_interval_stocks/Consumer_Discretionary/LULU.csv,15_min_interval_stocks,Consumer_Discretionary,LULU,7893529,0.0073514217510819435
769,15_min_interval_stocks/Consumer_Discretionary/LUV.csv,15_min_interval_stocks,Consumer_Discretionary,LUV,12428072,0.01157454401254654
770,15_min_interval_stocks/Consumer_Discretionary/LVLU.csv,15_min_interval_stocks,Consumer_Discretionary,LVLU,779193,0.0007256800308823586
771,15_min_interval_stocks/Consumer_Discretionary/LVO.csv,15_min_interval_stocks,Consumer_Discretionary,LVO,2368303,0.0022056540474295616
772,15_min_interval_stocks/Consumer_Discretionary/LVRO.csv,15_min_interval_stocks,Consumer_Discretionary,LVRO,209878,0.0001954641193151474
773,15_min_interval_stocks/Consumer_Discretionary/LVROW.csv,15_min_interval_stocks,Consumer_Discretionary,LVROW,71439,6.653275340795517e-05
774,15_min_interval_stocks/Consumer_Discretionary/LVS.csv,15_min_interval_stocks,Consumer_Discretionary,LVS,11136117,0.010371317155659199
775,15_min_interval_stocks/Consumer_Discretionary/LVWR.csv,15_min_interval_stocks,Consumer_Discretionary,LVWR,870660,0.0008108653128147125
776,15_min_interval_stocks/Consumer_Discretionary/LYFT.csv,15_min_interval_stocks,Consumer_Discretionary,LYFT,3590497,0.0033439109101891518
777,15_min_interval_stocks/Consumer_Discretionary/LYTS.csv,15_min_interval_stocks,Consumer_Discretionary,LYTS,8023538,0.007472502067685127
778,15_min_interval_stocks/Consumer_Discretionary/LYV.csv,15_min_interval_stocks,Consumer_Discretionary,LYV,6983003,0.00650342833250761
779,15_min_interval_stocks/Consumer_Discretionary/LZB.csv,15_min_interval_stocks,Consumer_Discretionary,LZB,9721380,0.00905374065041542
780,15_min_interval_stocks/Consumer_Discretionary/M.csv,15_min_interval_stocks,Consumer_Discretionary,M,12835033,0.011953555978834629
781,15_min_interval_stocks/Consumer_Discretionary/MA.csv,15_min_interval_stocks,Consumer_Discretionary,MA,9996847,0.009310289286077023
782,15_min_interval_stocks/Consumer_Discretionary/MAMO.csv,15_min_interval_stocks,Consumer_Discretionary,MAMO,140521,0.00013087037950754166
783,15_min_interval_stocks/Consumer_Discretionary/MAN.csv,15_min_interval_stocks,Consumer_Discretionary,MAN,10000649,0.00931383017450571
784,15_min_interval_stocks/Consumer_Discretionary/MANU.csv,15_min_interval_stocks,Consumer_Discretionary,MANU,4596109,0.004280460067093372
785,15_min_interval_stocks/Consumer_Discretionary/MAR.csv,15_min_interval_stocks,Consumer_Discretionary,MAR,11296047,0.010520263575017452
786,15_min_interval_stocks/Consumer_Discretionary/MAT.csv,15_min_interval_stocks,Consumer_Discretionary,MAT,10522073,0.009799444116652012
787,15_min_interval_stocks/Consumer_Discretionary/MATX.csv,15_min_interval_stocks,Consumer_Discretionary,MATX,6229733,0.005801890976727009
788,15_min_interval_stocks/Consumer_Discretionary/MAX.csv,15_min_interval_stocks,Consumer_Discretionary,MAX,1457785,0.0013576680794358253
789,15_min_interval_stocks/Consumer_Discretionary/MBC.csv,15_min_interval_stocks,Consumer_Discretionary,MBC,761574,0.0007092710584402084
790,15_min_interval_stocks/Consumer_Discretionary/MCD.csv,15_min_interval_stocks,Consumer_Discretionary,MCD,13187718,0.012282019481062889
791,15_min_interval_stocks/Consumer_Discretionary/MCHX.csv,15_min_interval_stocks,Consumer_Discretionary,MCHX,6497180,0.006050970405340195
792,15_min_interval_stocks/Consumer_Discretionary/MCRI.csv,15_min_interval_stocks,Consumer_Discretionary,MCRI,7322833,0.006819919683039188
793,15_min_interval_stocks/Consumer_Discretionary/MCS.csv,15_min_interval_stocks,Consumer_Discretionary,MCS,8848220,0.00824054703116417
794,15_min_interval_stocks/Consumer_Discretionary/MCW.csv,15_min_interval_stocks,Consumer_Discretionary,MCW,1256118,0.0011698510497808456
795,15_min_interval_stocks/Consumer_Discretionary/MDIA.csv,15_min_interval_stocks,Consumer_Discretionary,MDIA,1033320,0.0009623542428016663
796,15_min_interval_stocks/Consumer_Discretionary/MEG.csv,15_min_interval_stocks,Consumer_Discretionary,MEG,1544644,0.0014385618269443512
797,15_min_interval_stocks/Consumer_Discretionary/MELI.csv,15_min_interval_stocks,Consumer_Discretionary,MELI,7824639,0.007287262938916683
798,15_min_interval_stocks/Consumer_Discretionary/MESA.csv,15_min_interval_stocks,Consumer_Discretionary,MESA,2370217,0.0022074365988373756
799,15_min_interval_stocks/Consumer_Discretionary/MG.csv,15_min_interval_stocks,Consumer_Discretionary,MG,4802840,0.004472993314266205
800,15_min_interval_stocks/Consumer_Discretionary/MGA.csv,15_min_interval_stocks,Consumer_Discretionary,MGA,10063613,0.0093724699690938
801,15_min_interval_stocks/Consumer_Discretionary/MGIH.csv,15_min_interval_stocks,Consumer_Discretionary,MGIH,518508,0.00048289820551872253
802,15_min_interval_stocks/Consumer_Discretionary/MGM.csv,15_min_interval_stocks,Consumer_Discretionary,MGM,12461784,0.011605940759181976
803,15_min_interval_stocks/Consumer_Discretionary/MGOL.csv,15_min_interval_stocks,Consumer_Discretionary,MGOL,880302,0.000819845125079155
804,15_min_interval_stocks/Consumer_Discretionary/MGRC.csv,15_min_interval_stocks,Consumer_Discretionary,MGRC,8508237,0.007923913188278675
805,15_min_interval_stocks/Consumer_Discretionary/MHH.csv,15_min_interval_stocks,Consumer_Discretionary,MHH,1932609,0.0017998823896050453
806,15_min_interval_stocks/Consumer_Discretionary/MHK.csv,15_min_interval_stocks,Consumer_Discretionary,MHK,9056049,0.00843410287052393
807,15_min_interval_stocks/Consumer_Discretionary/MHO.csv,15_min_interval_stocks,Consumer_Discretionary,MHO,8600113,0.008009479381144047
808,15_min_interval_stocks/Consumer_Discretionary/MI.csv,15_min_interval_stocks,Consumer_Discretionary,MI,473717,0.00044118333607912064
809,15_min_interval_stocks/Consumer_Discretionary/MITQ.csv,15_min_interval_stocks,Consumer_Discretionary,MITQ,968253,0.0009017558768391609
810,15_min_interval_stocks/Consumer_Discretionary/MLCO.csv,15_min_interval_stocks,Consumer_Discretionary,MLCO,7802765,0.007266891188919544
811,15_min_interval_stocks/Consumer_Discretionary/MLKN.csv,15_min_interval_stocks,Consumer_Discretionary,MLKN,7134919,0.006644911132752895
812,15_min_interval_stocks/Consumer_Discretionary/MLR.csv,15_min_interval_stocks,Consumer_Discretionary,MLR,6895169,0.006421626545488834
813,15_min_interval_stocks/Consumer_Discretionary/MMA.csv,15_min_interval_stocks,Consumer_Discretionary,MMA,143482,0.0001336280256509781
814,15_min_interval_stocks/Consumer_Discretionary/MMS.csv,15_min_interval_stocks,Consumer_Discretionary,MMS,9470525,0.008820113725960255
815,15_min_interval_stocks/Consumer_Discretionary/MMYT.csv,15_min_interval_stocks,Consumer_Discretionary,MMYT,4871500,0.004536937922239304
816,15_min_interval_stocks/Consumer_Discretionary/MNRO.csv,15_min_interval_stocks,Consumer_Discretionary,MNRO,8552794,0.007965410128235817
817,15_min_interval_stocks/Consumer_Discretionary/MNSO.csv,15_min_interval_stocks,Consumer_Discretionary,MNSO,2136048,0.0019893497228622437
818,15_min_interval_stocks/Consumer_Discretionary/MNY.csv,15_min_interval_stocks,Consumer_Discretionary,MNY,461531,0.0004298342391848564
819,15_min_interval_stocks/Consumer_Discretionary/MNYWW.csv,15_min_interval_stocks,Consumer_Discretionary,MNYWW,92520,8.616596460342407e-05
820,15_min_interval_stocks/Consumer_Discretionary/MOD.csv,15_min_interval_stocks,Consumer_Discretionary,MOD,7255073,0.0067568132653832436
821,15_min_interval_stocks/Consumer_Discretionary/MODG.csv,15_min_interval_stocks,Consumer_Discretionary,MODG,6994287,0.006513937376439571
822,15_min_interval_stocks/Consumer_Discretionary/MODV.csv,15_min_interval_stocks,Consumer_Discretionary,MODV,5744457,0.005349942483007908
823,15_min_interval_stocks/Consumer_Discretionary/MOGU.csv,15_min_interval_stocks,Consumer_Discretionary,MOGU,1333906,0.0012422967702150345
824,15_min_interval_stocks/Consumer_Discretionary/MOV.csv,15_min_interval_stocks,Consumer_Discretionary,MOV,8651122,0.008056985214352608
825,15_min_interval_stocks/Consumer_Discretionary/MPAA.csv,15_min_interval_stocks,Consumer_Discretionary,MPAA,5061862,0.004714226350188255
826,15_min_interval_stocks/Consumer_Discretionary/MPLN.csv,15_min_interval_stocks,Consumer_Discretionary,MPLN,1774519,0.0016526496037840843
827,15_min_interval_stocks/Consumer_Discretionary/MPU.csv,15_min_interval_stocks,Consumer_Discretionary,MPU,2307752,0.0021492615342140198
828,15_min_interval_stocks/Consumer_Discretionary/MRM.csv,15_min_interval_stocks,Consumer_Discretionary,MRM,387907,0.0003612665459513664
829,15_min_interval_stocks/Consumer_Discretionary/MRNO.csv,15_min_interval_stocks,Consumer_Discretionary,MRNO,112579,0.00010484736412763596
830,15_min_interval_stocks/Consumer_Discretionary/MRNOW.csv,15_min_interval_stocks,Consumer_Discretionary,MRNOW,51253,4.773307591676712e-05
831,15_min_interval_stocks/Consumer_Discretionary/MRT.csv,15_min_interval_stocks,Consumer_Discretionary,MRT,698341,0.0006503807380795479
832,15_min_interval_stocks/Consumer_Discretionary/MSC.csv,15_min_interval_stocks,Consumer_Discretionary,MSC,493112,0.00045924633741378784
833,15_min_interval_stocks/Consumer_Discretionary/MSCI.csv,15_min_interval_stocks,Consumer_Discretionary,MSCI,7207849,0.006712832488119602
834,15_min_interval_stocks/Consumer_Discretionary/MSGE.csv,15_min_interval_stocks,Consumer_Discretionary,MSGE,1673346,0.0015584249049425125
835,15_min_interval_stocks/Consumer_Discretionary/MSGS.csv,15_min_interval_stocks,Consumer_Discretionary,MSGS,3680504,0.003427736461162567
836,15_min_interval_stocks/Consumer_Discretionary/MTH.csv,15_min_interval_stocks,Consumer_Discretionary,MTH,9749373,0.009079811163246632
837,15_min_interval_stocks/Consumer_Discretionary/MTN.csv,15_min_interval_stocks,Consumer_Discretionary,MTN,9543180,0.008887778967618942
838,15_min_interval_stocks/Consumer_Discretionary/MTRX.csv,15_min_interval_stocks,Consumer_Discretionary,MTRX,7604228,0.007081989198923111
839,15_min_interval_stocks/Consumer_Discretionary/MUSA.csv,15_min_interval_stocks,Consumer_Discretionary,MUSA,4614273,0.004297376610338688
840,15_min_interval_stocks/Consumer_Discretionary/MWG.csv,15_min_interval_stocks,Consumer_Discretionary,MWG,691067,0.0006436062976717949
841,15_min_interval_stocks/Consumer_Discretionary/MYNA.csv,15_min_interval_stocks,Consumer_Discretionary,MYNA,453677,0.00042251963168382645
842,15_min_interval_stocks/Consumer_Discretionary/MYTE.csv,15_min_interval_stocks,Consumer_Discretionary,MYTE,1176170,0.0010953936725854874
843,15_min_interval_stocks/Consumer_Discretionary/NAAS.csv,15_min_interval_stocks,Consumer_Discretionary,NAAS,2266053,0.002110426314175129
844,15_min_interval_stocks/Consumer_Discretionary/NAT.csv,15_min_interval_stocks,Consumer_Discretionary,NAT,8692333,0.008095365948975086
845,15_min_interval_stocks/Consumer_Discretionary/NATH.csv,15_min_interval_stocks,Consumer_Discretionary,NATH,3419858,0.003184990957379341
846,15_min_interval_stocks/Consumer_Discretionary/NCI.csv,15_min_interval_stocks,Consumer_Discretionary,NCI,315117,0.00029347557574510574
847,15_min_interval_stocks/Consumer_Discretionary/NCLH.csv,15_min_interval_stocks,Consumer_Discretionary,NCLH,6052669,0.005636987276375294
848,15_min_interval_stocks/Consumer_Discretionary/NCMI.csv,15_min_interval_stocks,Consumer_Discretionary,NCMI,7182738,0.006689446046948433
849,15_min_interval_stocks/Consumer_Discretionary/NDLS.csv,15_min_interval_stocks,Consumer_Discretionary,NDLS,3779818,0.0035202298313379288
850,15_min_interval_stocks/Consumer_Discretionary/NEGG.csv,15_min_interval_stocks,Consumer_Discretionary,NEGG,3475623,0.0032369261607527733
851,15_min_interval_stocks/Consumer_Discretionary/NFLX.csv,15_min_interval_stocks,Consumer_Discretionary,NFLX,13373624,0.012455157935619354
852,15_min_interval_stocks/Consumer_Discretionary/NHTC.csv,15_min_interval_stocks,Consumer_Discretionary,NHTC,3583028,0.0033369548618793488
853,15_min_interval_stocks/Consumer_Discretionary/NIO.csv,15_min_interval_stocks,Consumer_Discretionary,NIO,4820946,0.004489855840802193
854,15_min_interval_stocks/Consumer_Discretionary/NIPG.csv,15_min_interval_stocks,Consumer_Discretionary,NIPG,132299,0.0001232130452990532
855,15_min_interval_stocks/Consumer_Discretionary/NIU.csv,15_min_interval_stocks,Consumer_Discretionary,NIU,2540751,0.0023662587627768517
856,15_min_interval_stocks/Consumer_Discretionary/NKE.csv,15_min_interval_stocks,Consumer_Discretionary,NKE,12707875,0.011835130862891674
857,15_min_interval_stocks/Consumer_Discretionary/NKLA.csv,15_min_interval_stocks,Consumer_Discretionary,NKLA,3658926,0.0034076403826475143
858,15_min_interval_stocks/Consumer_Discretionary/NMM.csv,15_min_interval_stocks,Consumer_Discretionary,NMM,6739282,0.006276445463299751
859,15_min_interval_stocks/Consumer_Discretionary/NOTE.csv,15_min_interval_stocks,Consumer_Discretionary,NOTE,1000450,0.0009317416697740555
860,15_min_interval_stocks/Consumer_Discretionary/NSIT.csv,15_min_interval_stocks,Consumer_Discretionary,NSIT,8739794,0.008139567449688911
861,15_min_interval_stocks/Consumer_Discretionary/NSP.csv,15_min_interval_stocks,Consumer_Discretionary,NSP,7298557,0.006797310896217823
862,15_min_interval_stocks/Consumer_Discretionary/NTRP.csv,15_min_interval_stocks,Consumer_Discretionary,NTRP,100013,9.314436465501785e-05
863,15_min_interval_stocks/Consumer_Discretionary/NTZ.csv,15_min_interval_stocks,Consumer_Discretionary,NTZ,3607762,0.003359990194439888
864,15_min_interval_stocks/Consumer_Discretionary/NUKK.csv,15_min_interval_stocks,Consumer_Discretionary,NUKK,491019,0.00045729707926511765
865,15_min_interval_stocks/Consumer_Discretionary/NUKKW.csv,15_min_interval_stocks,Consumer_Discretionary,NUKKW,47845,4.455912858247757e-05
866,15_min_interval_stocks/Consumer_Discretionary/NUTX.csv,15_min_interval_stocks,Consumer_Discretionary,NUTX,1330482,0.001239107921719551
867,15_min_interval_stocks/Consumer_Discretionary/NVEE.csv,15_min_interval_stocks,Consumer_Discretionary,NVEE,3481090,0.003242017701268196
868,15_min_interval_stocks/Consumer_Discretionary/NVFY.csv,15_min_interval_stocks,Consumer_Discretionary,NVFY,2519209,0.002346196211874485
869,15_min_interval_stocks/Consumer_Discretionary/NVGS.csv,15_min_interval_stocks,Consumer_Discretionary,NVGS,4167150,0.0038809608668088913
870,15_min_interval_stocks/Consumer_Discretionary/NVR.csv,15_min_interval_stocks,Consumer_Discretionary,NVR,8860101,0.008251612074673176
871,15_min_interval_stocks/Consumer_Discretionary/NWS.csv,15_min_interval_stocks,Consumer_Discretionary,NWS,4562723,0.00424936693161726
872,15_min_interval_stocks/Consumer_Discretionary/NWSA.csv,15_min_interval_stocks,Consumer_Discretionary,NWSA,4789262,0.004460347816348076
873,15_min_interval_stocks/Consumer_Discretionary/NWTN.csv,15_min_interval_stocks,Consumer_Discretionary,NWTN,493590,0.00045969150960445404
874,15_min_interval_stocks/Consumer_Discretionary/NWTNW.csv,15_min_interval_stocks,Consumer_Discretionary,NWTNW,195896,0.00018244236707687378
875,15_min_interval_stocks/Consumer_Discretionary/NXU.csv,15_min_interval_stocks,Consumer_Discretionary,NXU,1512353,0.0014084884896874428
876,15_min_interval_stocks/Consumer_Discretionary/NYT.csv,15_min_interval_stocks,Consumer_Discretionary,NYT,10011450,0.009323889389634132
877,15_min_interval_stocks/Consumer_Discretionary/OCG.csv,15_min_interval_stocks,Consumer_Discretionary,OCG,961463,0.0008954321965575218
878,15_min_interval_stocks/Consumer_Discretionary/ODC.csv,15_min_interval_stocks,Consumer_Discretionary,ODC,4016066,0.0037402529269456863
879,15_min_interval_stocks/Consumer_Discretionary/ODD.csv,15_min_interval_stocks,Consumer_Discretionary,ODD,597553,0.000556514598429203
880,15_min_interval_stocks/Consumer_Discretionary/ODP.csv,15_min_interval_stocks,Consumer_Discretionary,ODP,10326828,0.009617608040571213
881,15_min_interval_stocks/Consumer_Discretionary/OESX.csv,15_min_interval_stocks,Consumer_Discretionary,OESX,4461417,0.004155018366873264
882,15_min_interval_stocks/Consumer_Discretionary/OI.csv,15_min_interval_stocks,Consumer_Discretionary,OI,9828045,0.00915308017283678
883,15_min_interval_stocks/Consumer_Discretionary/OLB.csv,15_min_interval_stocks,Consumer_Discretionary,OLB,1198492,0.001116182655096054
884,15_min_interval_stocks/Consumer_Discretionary/OLLI.csv,15_min_interval_stocks,Consumer_Discretionary,OLLI,3444683,0.0032081110402941704
885,15_min_interval_stocks/Consumer_Discretionary/OLPX.csv,15_min_interval_stocks,Consumer_Discretionary,OLPX,1273014,0.0011855866760015488
886,15_min_interval_stocks/Consumer_Discretionary/OMAB.csv,15_min_interval_stocks,Consumer_Discretionary,OMAB,5650901,0.005262811668217182
887,15_min_interval_stocks/Consumer_Discretionary/OMC.csv,15_min_interval_stocks,Consumer_Discretionary,OMC,10367598,0.009655578061938286
888,15_min_interval_stocks/Consumer_Discretionary/OMEX.csv,15_min_interval_stocks,Consumer_Discretionary,OMEX,4749203,0.004423039965331554
889,15_min_interval_stocks/Consumer_Discretionary/ONEW.csv,15_min_interval_stocks,Consumer_Discretionary,ONEW,1598217,0.0014884555712342262
890,15_min_interval_stocks/Consumer_Discretionary/ONON.csv,15_min_interval_stocks,Consumer_Discretionary,ONON,1736273,0.0016170302405953407
891,15_min_interval_stocks/Consumer_Discretionary/OP.csv,15_min_interval_stocks,Consumer_Discretionary,OP,1327672,0.0012364909052848816
892,15_min_interval_stocks/Consumer_Discretionary/OPRX.csv,15_min_interval_stocks,Consumer_Discretionary,OPRX,2443138,0.002275349572300911
893,15_min_interval_stocks/Consumer_Discretionary/ORLY.csv,15_min_interval_stocks,Consumer_Discretionary,ORLY,9551516,0.008895542472600937
894,15_min_interval_stocks/Consumer_Discretionary/OSK.csv,15_min_interval_stocks,Consumer_Discretionary,OSK,9220151,0.008586934767663479
895,15_min_interval_stocks/Consumer_Discretionary/OSW.csv,15_min_interval_stocks,Consumer_Discretionary,OSW,2302287,0.002144171856343746
896,15_min_interval_stocks/Consumer_Discretionary/OXM.csv,15_min_interval_stocks,Consumer_Discretionary,OXM,9017650,0.00839834101498127
897,15_min_interval_stocks/Consumer_Discretionary/OXSQG.csv,15_min_interval_stocks,Consumer_Discretionary,OXSQG,134311,0.00012508686631917953
898,15_min_interval_stocks/Consumer_Discretionary/PAC.csv,15_min_interval_stocks,Consumer_Discretionary,PAC,7050030,0.006565852090716362
899,15_min_interval_stocks/Consumer_Discretionary/PACK.csv,15_min_interval_stocks,Consumer_Discretionary,PACK,1846027,0.001719246618449688
900,15_min_interval_stocks/Consumer_Discretionary/PAG.csv,15_min_interval_stocks,Consumer_Discretionary,PAG,6995805,0.006515351124107838
901,15_min_interval_stocks/Consumer_Discretionary/PAL.csv,15_min_interval_stocks,Consumer_Discretionary,PAL,202728,0.00018880516290664673
902,15_min_interval_stocks/Consumer_Discretionary/PALT.csv,15_min_interval_stocks,Consumer_Discretionary,PALT,964781,0.000898522324860096
903,15_min_interval_stocks/Consumer_Discretionary/PANL.csv,15_min_interval_stocks,Consumer_Discretionary,PANL,2364215,0.0022018468007445335
904,15_min_interval_stocks/Consumer_Discretionary/PATK.csv,15_min_interval_stocks,Consumer_Discretionary,PATK,5534342,0.005154257640242577
905,15_min_interval_stocks/Consumer_Discretionary/PAY.csv,15_min_interval_stocks,Consumer_Discretionary,PAY,1245464,0.0011599287390708923
906,15_min_interval_stocks/Consumer_Discretionary/PAYO.csv,15_min_interval_stocks,Consumer_Discretionary,PAYO,1351449,0.0012586349621415138
907,15_min_interval_stocks/Consumer_Discretionary/PAYS.csv,15_min_interval_stocks,Consumer_Discretionary,PAYS,2373252,0.0022102631628513336
908,15_min_interval_stocks/Consumer_Discretionary/PAYX.csv,15_min_interval_stocks,Consumer_Discretionary,PAYX,11230105,0.010458850301802158
909,15_min_interval_stocks/Consumer_Discretionary/PBPB.csv,15_min_interval_stocks,Consumer_Discretionary,PBPB,3579480,0.003333650529384613
910,15_min_interval_stocks/Consumer_Discretionary/PC.csv,15_min_interval_stocks,Consumer_Discretionary,PC,72521,6.754044443368912e-05
911,15_min_interval_stocks/Consumer_Discretionary/PCAR.csv,15_min_interval_stocks,Consumer_Discretionary,PCAR,10960040,0.01020733267068863
912,15_min_interval_stocks/Consumer_Discretionary/PDD.csv,15_min_interval_stocks,Consumer_Discretionary,PDD,4638550,0.004319986328482628
913,15_min_interval_stocks/Consumer_Discretionary/PENN.csv,15_min_interval_stocks,Consumer_Discretionary,PENN,10109049,0.009414785541594028
914,15_min_interval_stocks/Consumer_Discretionary/PET.csv,15_min_interval_stocks,Consumer_Discretionary,PET,648047,0.000603540800511837
915,15_min_interval_stocks/Consumer_Discretionary/PETWW.csv,15_min_interval_stocks,Consumer_Discretionary,PETWW,143716,0.0001338459551334381
916,15_min_interval_stocks/Consumer_Discretionary/PEV.csv,15_min_interval_stocks,Consumer_Discretionary,PEV,725267,0.0006754575297236443
917,15_min_interval_stocks/Consumer_Discretionary/PFGC.csv,15_min_interval_stocks,Consumer_Discretionary,PFGC,3262079,0.0030380478128790855
918,15_min_interval_stocks/Consumer_Discretionary/PFMT.csv,15_min_interval_stocks,Consumer_Discretionary,PFMT,3245890,0.0030229706317186356
919,15_min_interval_stocks/Consumer_Discretionary/PG.csv,15_min_interval_stocks,Consumer_Discretionary,PG,13064680,0.01216743141412735
920,15_min_interval_stocks/Consumer_Discretionary/PGHL.csv,15_min_interval_stocks,Consumer_Discretionary,PGHL,162156,0.00015101954340934753
921,15_min_interval_stocks/Consumer_Discretionary/PHIN.csv,15_min_interval_stocks,Consumer_Discretionary,PHIN,643765,0.0005995528772473335
922,15_min_interval_stocks/Consumer_Discretionary/PHM.csv,15_min_interval_stocks,Consumer_Discretionary,PHM,11030021,0.010272507555782795
923,15_min_interval_stocks/Consumer_Discretionary/PHR.csv,15_min_interval_stocks,Consumer_Discretionary,PHR,1921535,0.0017895689234137535
924,15_min_interval_stocks/Consumer_Discretionary/PII.csv,15_min_interval_stocks,Consumer_Discretionary,PII,10111082,0.009416678920388222
925,15_min_interval_stocks/Consumer_Discretionary/PIK.csv,15_min_interval_stocks,Consumer_Discretionary,PIK,945690,0.0008807424455881119
926,15_min_interval_stocks/Consumer_Discretionary/PINC.csv,15_min_interval_stocks,Consumer_Discretionary,PINC,4392903,0.004091209731996059
927,15_min_interval_stocks/Consumer_Discretionary/PK.csv,15_min_interval_stocks,Consumer_Discretionary,PK,3590223,0.003343655727803707
928,15_min_interval_stocks/Consumer_Discretionary/PKG.csv,15_min_interval_stocks,Consumer_Discretionary,PKG,10000272,0.00931347906589508
929,15_min_interval_stocks/Consumer_Discretionary/PLAY.csv,15_min_interval_stocks,Consumer_Discretionary,PLAY,4413849,0.004110717214643955
930,15_min_interval_stocks/Consumer_Discretionary/PLBY.csv,15_min_interval_stocks,Consumer_Discretionary,PLBY,1842135,0.0017156219109892845
931,15_min_interval_stocks/Consumer_Discretionary/PLCE.csv,15_min_interval_stocks,Consumer_Discretionary,PLCE,10150175,0.009453087113797665
932,15_min_interval_stocks/Consumer_Discretionary/PLNT.csv,15_min_interval_stocks,Consumer_Discretionary,PLNT,3622364,0.0033735893666744232
933,15_min_interval_stocks/Consumer_Discretionary/PLYA.csv,15_min_interval_stocks,Consumer_Discretionary,PLYA,2571607,0.002394995652139187
934,15_min_interval_stocks/Consumer_Discretionary/PMAX.csv,15_min_interval_stocks,Consumer_Discretionary,PMAX,51494,4.795752465724945e-05
935,15_min_interval_stocks/Consumer_Discretionary/PMTS.csv,15_min_interval_stocks,Consumer_Discretionary,PMTS,2117781,0.0019723372533917427
936,15_min_interval_stocks/Consumer_Discretionary/PNST.csv,15_min_interval_stocks,Consumer_Discretionary,PNST,277038,0.00025801174342632294
937,15_min_interval_stocks/Consumer_Discretionary/POOL.csv,15_min_interval_stocks,Consumer_Discretionary,POOL,10091080,0.009398050606250763
938,15_min_interval_stocks/Consumer_Discretionary/PPG.csv,15_min_interval_stocks,Consumer_Discretionary,PPG,10559357,0.009834167547523975
939,15_min_interval_stocks/Consumer_Discretionary/PRG.csv,15_min_interval_stocks,Consumer_Discretionary,PRG,7059951,0.006575091741979122
940,15_min_interval_stocks/Consumer_Discretionary/PRPL.csv,15_min_interval_stocks,Consumer_Discretionary,PRPL,2563310,0.0023872684687376022
941,15_min_interval_stocks/Consumer_Discretionary/PRTH.csv,15_min_interval_stocks,Consumer_Discretionary,PRTH,1088696,0.001013927161693573
942,15_min_interval_stocks/Consumer_Discretionary/PRTS.csv,15_min_interval_stocks,Consumer_Discretionary,PRTS,5092665,0.004742913879454136
943,15_min_interval_stocks/Consumer_Discretionary/PSFE.csv,15_min_interval_stocks,Consumer_Discretionary,PSFE,2218793,0.0020664120092988014
944,15_min_interval_stocks/Consumer_Discretionary/PSHG.csv,15_min_interval_stocks,Consumer_Discretionary,PSHG,5669715,0.005280333571135998
945,15_min_interval_stocks/Consumer_Discretionary/PSIG.csv,15_min_interval_stocks,Consumer_Discretionary,PSIG,179025,0.00016673002392053604
946,15_min_interval_stocks/Consumer_Discretionary/PSMT.csv,15_min_interval_stocks,Consumer_Discretionary,PSMT,8185250,0.0076231081038713455
947,15_min_interval_stocks/Consumer_Discretionary/PSNY.csv,15_min_interval_stocks,Consumer_Discretionary,PSNY,1661304,0.001547209918498993
948,15_min_interval_stocks/Consumer_Discretionary/PSNYW.csv,15_min_interval_stocks,Consumer_Discretionary,PSNYW,687041,0.000639856792986393
949,15_min_interval_stocks/Consumer_Discretionary/PSO.csv,15_min_interval_stocks,Consumer_Discretionary,PSO,9038972,0.008418198674917221
950,15_min_interval_stocks/Consumer_Discretionary/PSQH.csv,15_min_interval_stocks,Consumer_Discretionary,PSQH,619037,0.000576523132622242
951,15_min_interval_stocks/Consumer_Discretionary/PTLO.csv,15_min_interval_stocks,Consumer_Discretionary,PTLO,1372572,0.0012783072888851166
952,15_min_interval_stocks/Consumer_Discretionary/PTON.csv,15_min_interval_stocks,Consumer_Discretionary,PTON,3427454,0.0031920652836561203
953,15_min_interval_stocks/Consumer_Discretionary/PTVE.csv,15_min_interval_stocks,Consumer_Discretionary,PTVE,1625349,0.0015137242153286934
954,15_min_interval_stocks/Consumer_Discretionary/PVH.csv,15_min_interval_stocks,Consumer_Discretionary,PVH,10251868,0.009547796100378036
955,15_min_interval_stocks/Consumer_Discretionary/PXS.csv,15_min_interval_stocks,Consumer_Discretionary,PXS,2326734,0.002166939899325371
956,15_min_interval_stocks/Consumer_Discretionary/PXSAW.csv,15_min_interval_stocks,Consumer_Discretionary,PXSAW,172006,0.00016019307076931
957,15_min_interval_stocks/Consumer_Discretionary/PYPL.csv,15_min_interval_stocks,Consumer_Discretionary,PYPL,5975668,0.005565274506807327
958,15_min_interval_stocks/Consumer_Discretionary/PZZA.csv,15_min_interval_stocks,Consumer_Discretionary,PZZA,10076272,0.009384259581565857
959,15_min_interval_stocks/Consumer_Discretionary/QH.csv,15_min_interval_stocks,Consumer_Discretionary,QH,1101362,0.0010257232934236526
960,15_min_interval_stocks/Consumer_Discretionary/QMMM.csv,15_min_interval_stocks,Consumer_Discretionary,QMMM,182902,0.00017034076154232025
961,15_min_interval_stocks/Consumer_Discretionary/QNST.csv,15_min_interval_stocks,Consumer_Discretionary,QNST,4893322,0.0045572612434625626
962,15_min_interval_stocks/Consumer_Discretionary/QRTEA.csv,15_min_interval_stocks,Consumer_Discretionary,QRTEA,2850356,0.002654600888490677
963,15_min_interval_stocks/Consumer_Discretionary/QRTEB.csv,15_min_interval_stocks,Consumer_Discretionary,QRTEB,440763,0.00041049253195524216
964,15_min_interval_stocks/Consumer_Discretionary/QRTEP.csv,15_min_interval_stocks,Consumer_Discretionary,QRTEP,1426594,0.001328619197010994
965,15_min_interval_stocks/Consumer_Discretionary/QSR.csv,15_min_interval_stocks,Consumer_Discretionary,QSR,4304710,0.0040090736001729965
966,15_min_interval_stocks/Consumer_Discretionary/QUAD.csv,15_min_interval_stocks,Consumer_Discretionary,QUAD,5316091,0.004950995557010174
967,15_min_interval_stocks/Consumer_Discretionary/QVCC.csv,15_min_interval_stocks,Consumer_Discretionary,QVCC,1507714,0.0014041680842638016
968,15_min_interval_stocks/Consumer_Discretionary/QVCD.csv,15_min_interval_stocks,Consumer_Discretionary,QVCD,1432192,0.0013338327407836914
969,15_min_interval_stocks/Consumer_Discretionary/R.csv,15_min_interval_stocks,Consumer_Discretionary,R,10036176,0.009346917271614075
970,15_min_interval_stocks/Consumer_Discretionary/RACE.csv,15_min_interval_stocks,Consumer_Discretionary,RACE,4737597,0.004412231035530567
971,15_min_interval_stocks/Consumer_Discretionary/RAVE.csv,15_min_interval_stocks,Consumer_Discretionary,RAVE,3643870,0.0033936183899641037
972,15_min_interval_stocks/Consumer_Discretionary/RAY.csv,15_min_interval_stocks,Consumer_Discretionary,RAY,135457,0.00012615416198968887
973,15_min_interval_stocks/Consumer_Discretionary/RAYA.csv,15_min_interval_stocks,Consumer_Discretionary,RAYA,332039,0.00030923541635274887
974,15_min_interval_stocks/Consumer_Discretionary/RBA.csv,15_min_interval_stocks,Consumer_Discretionary,RBA,8551780,0.007964465767145157
975,15_min_interval_stocks/Consumer_Discretionary/RCKY.csv,15_min_interval_stocks,Consumer_Discretionary,RCKY,6218613,0.005791534669697285
976,15_min_interval_stocks/Consumer_Discretionary/RCL.csv,15_min_interval_stocks,Consumer_Discretionary,RCL,12729104,0.011854901909828186
977,15_min_interval_stocks/Consumer_Discretionary/RCMT.csv,15_min_interval_stocks,Consumer_Discretionary,RCMT,4268735,0.003975569270551205
978,15_min_interval_stocks/Consumer_Discretionary/RDI.csv,15_min_interval_stocks,Consumer_Discretionary,RDI,3869602,0.003603847697377205
979,15_min_interval_stocks/Consumer_Discretionary/RDIB.csv,15_min_interval_stocks,Consumer_Discretionary,RDIB,249192,0.00023207813501358032
980,15_min_interval_stocks/Consumer_Discretionary/RDUS.csv,15_min_interval_stocks,Consumer_Discretionary,RDUS,513418,0.00047815777361392975
981,15_min_interval_stocks/Consumer_Discretionary/RDWR.csv,15_min_interval_stocks,Consumer_Discretionary,RDWR,8126979,0.007568839006125927
982,15_min_interval_stocks/Consumer_Discretionary/REAL.csv,15_min_interval_stocks,Consumer_Discretionary,REAL,2507356,0.0023351572453975677
983,15_min_interval_stocks/Consumer_Discretionary/REBN.csv,15_min_interval_stocks,Consumer_Discretionary,REBN,659801,0.0006144875660538673
984,15_min_interval_stocks/Consumer_Discretionary/RECT.csv,15_min_interval_stocks,Consumer_Discretionary,RECT,63372,5.9019774198532104e-05
985,15_min_interval_stocks/Consumer_Discretionary/REE.csv,15_min_interval_stocks,Consumer_Discretionary,REE,1267451,0.0011804057285189629
986,15_min_interval_stocks/Consumer_Discretionary/RELX.csv,15_min_interval_stocks,Consumer_Discretionary,RELX,7021494,0.006539275869727135
987,15_min_interval_stocks/Consumer_Discretionary/RELY.csv,15_min_interval_stocks,Consumer_Discretionary,RELY,1227832,0.0011435076594352722
988,15_min_interval_stocks/Consumer_Discretionary/RENT.csv,15_min_interval_stocks,Consumer_Discretionary,RENT,1264874,0.0011780057102441788
989,15_min_interval_stocks/Consumer_Discretionary/RERE.csv,15_min_interval_stocks,Consumer_Discretionary,RERE,1179582,0.0010985713452100754
990,15_min_interval_stocks/Consumer_Discretionary/REVG.csv,15_min_interval_stocks,Consumer_Discretionary,REVG,3112091,0.002898360602557659
991,15_min_interval_stocks/Consumer_Discretionary/REYN.csv,15_min_interval_stocks,Consumer_Discretionary,REYN,1933115,0.0018003536388278008
992,15_min_interval_stocks/Consumer_Discretionary/RGP.csv,15_min_interval_stocks,Consumer_Discretionary,RGP,6765008,0.006300404667854309
993,15_min_interval_stocks/Consumer_Discretionary/RGS.csv,15_min_interval_stocks,Consumer_Discretionary,RGS,8188038,0.0076257046312093735
994,15_min_interval_stocks/Consumer_Discretionary/RH.csv,15_min_interval_stocks,Consumer_Discretionary,RH,5064883,0.004717039875686169
995,15_min_interval_stocks/Consumer_Discretionary/RHI.csv,15_min_interval_stocks,Consumer_Discretionary,RHI,10108089,0.009413891471922398
996,15_min_interval_stocks/Consumer_Discretionary/RICK.csv,15_min_interval_stocks,Consumer_Discretionary,RICK,6749874,0.006286310032010078
997,15_min_interval_stocks/Consumer_Discretionary/RIVN.csv,15_min_interval_stocks,Consumer_Discretionary,RIVN,2461797,0.002292727120220661
998,15_min_interval_stocks/Consumer_Discretionary/RL.csv,15_min_interval_stocks,Consumer_Discretionary,RL,10479644,0.009759929031133652
999,15_min_interval_stocks/Consumer_Discretionary/RLGT.csv,15_min_interval_stocks,Consumer_Discretionary,RLGT,3652586,0.003401735797524452
1000,15_min_interval_stocks/Consumer_Discretionary/RMNI.csv,15_min_interval_stocks,Consumer_Discretionary,RMNI,2151587,0.0020038215443491936
1001,15_min_interval_stocks/Consumer_Discretionary/RMR.csv,15_min_interval_stocks,Consumer_Discretionary,RMR,3210700,0.002990197390317917
1002,15_min_interval_stocks/Consumer_Discretionary/ROLR.csv,15_min_interval_stocks,Consumer_Discretionary,ROLR,27820,2.5909394025802612e-05
1003,15_min_interval_stocks/Consumer_Discretionary/ROMA.csv,15_min_interval_stocks,Consumer_Discretionary,ROMA,400650,0.00037313438951969147
1004,15_min_interval_stocks/Consumer_Discretionary/ROST.csv,15_min_interval_stocks,Consumer_Discretionary,ROST,10895548,0.010147269815206528
1005,15_min_interval_stocks/Consumer_Discretionary/RPAY.csv,15_min_interval_stocks,Consumer_Discretionary,RPAY,1940591,0.001807316206395626
1006,15_min_interval_stocks/Consumer_Discretionary/RPM.csv,15_min_interval_stocks,Consumer_Discretionary,RPM,9926587,0.009244854561984539
1007,15_min_interval_stocks/Consumer_Discretionary/RRBI.csv,15_min_interval_stocks,Consumer_Discretionary,RRBI,641070,0.0005970429629087448
1008,15_min_interval_stocks/Consumer_Discretionary/RRGB.csv,15_min_interval_stocks,Consumer_Discretionary,RRGB,7853705,0.007314332760870457
1009,15_min_interval_stocks/Consumer_Discretionary/RRR.csv,15_min_interval_stocks,Consumer_Discretionary,RRR,3514420,0.00327305868268013
1010,15_min_interval_stocks/Consumer_Discretionary/RRX.csv,15_min_interval_stocks,Consumer_Discretionary,RRX,1411872,0.0013149082660675049
1011,15_min_interval_stocks/Consumer_Discretionary/RSI.csv,15_min_interval_stocks,Consumer_Discretionary,RSI,1793820,0.0016706250607967377
1012,15_min_interval_stocks/Consumer_Discretionary/RSKD.csv,15_min_interval_stocks,Consumer_Discretionary,RSKD,1269949,0.0011827321723103523
1013,15_min_interval_stocks/Consumer_Discretionary/RSSS.csv,15_min_interval_stocks,Consumer_Discretionary,RSSS,991137,0.0009230682626366615
1014,15_min_interval_stocks/Consumer_Discretionary/RSVR.csv,15_min_interval_stocks,Consumer_Discretionary,RSVR,980428,0.0009130947291851044
1015,15_min_interval_stocks/Consumer_Discretionary/RSVRW.csv,15_min_interval_stocks,Consumer_Discretionary,RSVRW,281365,0.0002620415762066841
1016,15_min_interval_stocks/Consumer_Discretionary/RTO.csv,15_min_interval_stocks,Consumer_Discretionary,RTO,2533453,0.002359461970627308
1017,15_min_interval_stocks/Consumer_Discretionary/RUSHA.csv,15_min_interval_stocks,Consumer_Discretionary,RUSHA,7787953,0.00725309643894434
1018,15_min_interval_stocks/Consumer_Discretionary/RUSHB.csv,15_min_interval_stocks,Consumer_Discretionary,RUSHB,3787886,0.0035277437418699265
1019,15_min_interval_stocks/Consumer_Discretionary/RVLV.csv,15_min_interval_stocks,Consumer_Discretionary,RVLV,2330113,0.0021700868383049965
1020,15_min_interval_stocks/Consumer_Discretionary/RVYL.csv,15_min_interval_stocks,Consumer_Discretionary,RVYL,1367072,0.0012731850147247314
1021,15_min_interval_stocks/Consumer_Discretionary/RXO.csv,15_min_interval_stocks,Consumer_Discretionary,RXO,822563,0.0007660714909434319
1022,15_min_interval_stocks/Consumer_Discretionary/RYAAY.csv,15_min_interval_stocks,Consumer_Discretionary,RYAAY,10087103,0.009394346736371517
1023,15_min_interval_stocks/Consumer_Discretionary/RYDE.csv,15_min_interval_stocks,Consumer_Discretionary,RYDE,368049,0.00034277234226465225
1024,15_min_interval_stocks/Consumer_Discretionary/SAG.csv,15_min_interval_stocks,Consumer_Discretionary,SAG,54890,5.1120296120643616e-05
1025,15_min_interval_stocks/Consumer_Discretionary/SAH.csv,15_min_interval_stocks,Consumer_Discretionary,SAH,9631241,0.008969792164862156
1026,15_min_interval_stocks/Consumer_Discretionary/SATS.csv,15_min_interval_stocks,Consumer_Discretionary,SATS,6454029,0.006010782904922962
1027,15_min_interval_stocks/Consumer_Discretionary/SB.csv,15_min_interval_stocks,Consumer_Discretionary,SB,6260958,0.005830971524119377
1028,15_min_interval_stocks/Consumer_Discretionary/SBBA.csv,15_min_interval_stocks,Consumer_Discretionary,SBBA,486493,0.000453081913292408
1029,15_min_interval_stocks/Consumer_Discretionary/SBH.csv,15_min_interval_stocks,Consumer_Discretionary,SBH,6314542,0.005880875512957573
1030,15_min_interval_stocks/Consumer_Discretionary/SBLK.csv,15_min_interval_stocks,Consumer_Discretionary,SBLK,7262186,0.0067634377628564835
1031,15_min_interval_stocks/Consumer_Discretionary/SBUX.csv,15_min_interval_stocks,Consumer_Discretionary,SBUX,13920156,0.012964155524969101
1032,15_min_interval_stocks/Consumer_Discretionary/SCHL.csv,15_min_interval_stocks,Consumer_Discretionary,SCHL,9928456,0.009246595203876495
1033,15_min_interval_stocks/Consumer_Discretionary/SCI.csv,15_min_interval_stocks,Consumer_Discretionary,SCI,7961078,0.0074143316596746445
1034,15_min_interval_stocks/Consumer_Discretionary/SCL.csv,15_min_interval_stocks,Consumer_Discretionary,SCL,7786485,0.007251729257404804
1035,15_min_interval_stocks/Consumer_Discretionary/SCOR.csv,15_min_interval_stocks,Consumer_Discretionary,SCOR,5514369,0.005135656334459782
1036,15_min_interval_stocks/Consumer_Discretionary/SCS.csv,15_min_interval_stocks,Consumer_Discretionary,SCS,9420214,0.008773257955908775
1037,15_min_interval_stocks/Consumer_Discretionary/SCVL.csv,15_min_interval_stocks,Consumer_Discretionary,SCVL,8737902,0.008137805387377739
1038,15_min_interval_stocks/Consumer_Discretionary/SCWO.csv,15_min_interval_stocks,Consumer_Discretionary,SCWO,984375,0.0009167706593871117
1039,15_min_interval_stocks/Consumer_Discretionary/SDA.csv,15_min_interval_stocks,Consumer_Discretionary,SDA,649973,0.0006053345277905464
1040,15_min_interval_stocks/Consumer_Discretionary/SDAWW.csv,15_min_interval_stocks,Consumer_Discretionary,SDAWW,103002,9.592808783054352e-05
1041,15_min_interval_stocks/Consumer_Discretionary/SDHC.csv,15_min_interval_stocks,Consumer_Discretionary,SDHC,315779,0.0002940921112895012
1042,15_min_interval_stocks/Consumer_Discretionary/SDOT.csv,15_min_interval_stocks,Consumer_Discretionary,SDOT,519717,0.00048402417451143265
1043,15_min_interval_stocks/Consumer_Discretionary/SE.csv,15_min_interval_stocks,Consumer_Discretionary,SE,4557093,0.004244123585522175
1044,15_min_interval_stocks/Consumer_Discretionary/SEAT.csv,15_min_interval_stocks,Consumer_Discretionary,SEAT,1095371,0.0010201437398791313
1045,15_min_interval_stocks/Consumer_Discretionary/SEATW.csv,15_min_interval_stocks,Consumer_Discretionary,SEATW,147777,0.00013762805610895157
1046,15_min_interval_stocks/Consumer_Discretionary/SEG.csv,15_min_interval_stocks,Consumer_Discretionary,SEG,132787,0.00012366753071546555
1047,15_min_interval_stocks/Consumer_Discretionary/SERV.csv,15_min_interval_stocks,Consumer_Discretionary,SERV,293653,0.0002734856680035591
1048,15_min_interval_stocks/Consumer_Discretionary/SEZL.csv,15_min_interval_stocks,Consumer_Discretionary,SEZL,477458,0.00044466741383075714
1049,15_min_interval_stocks/Consumer_Discretionary/SFHG.csv,15_min_interval_stocks,Consumer_Discretionary,SFHG,61312,5.710124969482422e-05
1050,15_min_interval_stocks/Consumer_Discretionary/SFIX.csv,15_min_interval_stocks,Consumer_Discretionary,SFIX,3179634,0.0029612649232149124
1051,15_min_interval_stocks/Consumer_Discretionary/SFL.csv,15_min_interval_stocks,Consumer_Discretionary,SFL,7849666,0.007310571148991585
1052,15_min_interval_stocks/Consumer_Discretionary/SG.csv,15_min_interval_stocks,Consumer_Discretionary,SG,1679178,0.00156385637819767
1053,15_min_interval_stocks/Consumer_Discretionary/SGA.csv,15_min_interval_stocks,Consumer_Discretionary,SGA,3622253,0.003373485989868641
1054,15_min_interval_stocks/Consumer_Discretionary/SGBX.csv,15_min_interval_stocks,Consumer_Discretionary,SGBX,2584422,0.002406930550932884
1055,15_min_interval_stocks/Consumer_Discretionary/SGC.csv,15_min_interval_stocks,Consumer_Discretionary,SGC,3807712,0.003546208143234253
1056,15_min_interval_stocks/Consumer_Discretionary/SGHC.csv,15_min_interval_stocks,Consumer_Discretionary,SGHC,1124054,0.001046856865286827
1057,15_min_interval_stocks/Consumer_Discretionary/SGLY.csv,15_min_interval_stocks,Consumer_Discretionary,SGLY,3120806,0.002906477078795433
1058,15_min_interval_stocks/Consumer_Discretionary/SGRP.csv,15_min_interval_stocks,Consumer_Discretionary,SGRP,2145969,0.001998589374125004
1059,15_min_interval_stocks/Consumer_Discretionary/SGU.csv,15_min_interval_stocks,Consumer_Discretionary,SGU,7716965,0.007186983712017536
1060,15_min_interval_stocks/Consumer_Discretionary/SHAK.csv,15_min_interval_stocks,Consumer_Discretionary,SHAK,4007015,0.0037318235263228416
1061,15_min_interval_stocks/Consumer_Discretionary/SHCO.csv,15_min_interval_stocks,Consumer_Discretionary,SHCO,1121634,0.0010446030646562576
1062,15_min_interval_stocks/Consumer_Discretionary/SHIP.csv,15_min_interval_stocks,Consumer_Discretionary,SHIP,5333039,0.004966779612004757
1063,15_min_interval_stocks/Consumer_Discretionary/SHO.csv,15_min_interval_stocks,Consumer_Discretionary,SHO,7884680,0.007343180477619171
1064,15_min_interval_stocks/Consumer_Discretionary/SHOO.csv,15_min_interval_stocks,Consumer_Discretionary,SHOO,9541691,0.00888639222830534
1065,15_min_interval_stocks/Consumer_Discretionary/SHOT.csv,15_min_interval_stocks,Consumer_Discretionary,SHOT,760406,0.0007081832736730576
1066,15_min_interval_stocks/Consumer_Discretionary/SHOTW.csv,15_min_interval_stocks,Consumer_Discretionary,SHOTW,81191,7.561501115560532e-05
1067,15_min_interval_stocks/Consumer_Discretionary/SHW.csv,15_min_interval_stocks,Consumer_Discretionary,SHW,10482754,0.009762825444340706
1068,15_min_interval_stocks/Consumer_Discretionary/SHYF.csv,15_min_interval_stocks,Consumer_Discretionary,SHYF,6562934,0.006112208589911461
1069,15_min_interval_stocks/Consumer_Discretionary/SIG.csv,15_min_interval_stocks,Consumer_Discretionary,SIG,7871784,0.00733117014169693
1070,15_min_interval_stocks/Consumer_Discretionary/SILO.csv,15_min_interval_stocks,Consumer_Discretionary,SILO,625696,0.0005827248096466064
1071,15_min_interval_stocks/Consumer_Discretionary/SIRI.csv,15_min_interval_stocks,Consumer_Discretionary,SIRI,14918183,0.013893640600144863
1072,15_min_interval_stocks/Consumer_Discretionary/SITE.csv,15_min_interval_stocks,Consumer_Discretionary,SITE,3115210,0.002901265397667885
1073,15_min_interval_stocks/Consumer_Discretionary/SKX.csv,15_min_interval_stocks,Consumer_Discretionary,SKX,9419606,0.008772691711783409
1074,15_min_interval_stocks/Consumer_Discretionary/SKY.csv,15_min_interval_stocks,Consumer_Discretionary,SKY,7119707,0.006630743853747845
1075,15_min_interval_stocks/Consumer_Discretionary/SKYW.csv,15_min_interval_stocks,Consumer_Discretionary,SKYW,9951228,0.009267803281545639
1076,15_min_interval_stocks/Consumer_Discretionary/SKYX.csv,15_min_interval_stocks,Consumer_Discretionary,SKYX,982097,0.0009146491065621376
1077,15_min_interval_stocks/Consumer_Discretionary/SLE.csv,15_min_interval_stocks,Consumer_Discretionary,SLE,429935,0.00040040817111730576
1078,15_min_interval_stocks/Consumer_Discretionary/SMHI.csv,15_min_interval_stocks,Consumer_Discretionary,SMHI,2116823,0.001971445046365261
1079,15_min_interval_stocks/Consumer_Discretionary/SMXT.csv,15_min_interval_stocks,Consumer_Discretionary,SMXT,343830,0.00032021664083004
1080,15_min_interval_stocks/Consumer_Discretionary/SN.csv,15_min_interval_stocks,Consumer_Discretionary,SN,715894,0.0006667282432317734
1081,15_min_interval_stocks/Consumer_Discretionary/SNA.csv,15_min_interval_stocks,Consumer_Discretionary,SNA,10247434,0.009543666616082191
1082,15_min_interval_stocks/Consumer_Discretionary/SNBR.csv,15_min_interval_stocks,Consumer_Discretionary,SNBR,6249502,0.005820302292704582
1083,15_min_interval_stocks/Consumer_Discretionary/SNCY.csv,15_min_interval_stocks,Consumer_Discretionary,SNCY,1348950,0.0012563075870275497
1084,15_min_interval_stocks/Consumer_Discretionary/SOAR.csv,15_min_interval_stocks,Consumer_Discretionary,SOAR,480213,0.0004472332075238228
1085,15_min_interval_stocks/Consumer_Discretionary/SOBR.csv,15_min_interval_stocks,Consumer_Discretionary,SOBR,1097397,0.0010220305994153023
1086,15_min_interval_stocks/Consumer_Discretionary/SON.csv,15_min_interval_stocks,Consumer_Discretionary,SON,9816596,0.009142417460680008
1087,15_min_interval_stocks/Consumer_Discretionary/SOND.csv,15_min_interval_stocks,Consumer_Discretionary,SOND,1093248,0.0010181665420532227
1088,15_min_interval_stocks/Consumer_Discretionary/SONDW.csv,15_min_interval_stocks,Consumer_Discretionary,SONDW,304006,0.00028312765061855316
1089,15_min_interval_stocks/Consumer_Discretionary/SOPA.csv,15_min_interval_stocks,Consumer_Discretionary,SOPA,1288431,0.0011999448761343956
1090,15_min_interval_stocks/Consumer_Discretionary/SPCE.csv,15_min_interval_stocks,Consumer_Discretionary,SPCE,4101893,0.003820185549557209
1091,15_min_interval_stocks/Consumer_Discretionary/SPGC.csv,15_min_interval_stocks,Consumer_Discretionary,SPGC,365507,0.0003404049202799797
1092,15_min_interval_stocks/Consumer_Discretionary/SPH.csv,15_min_interval_stocks,Consumer_Discretionary,SPH,9307848,0.008668608963489532
1093,15_min_interval_stocks/Consumer_Discretionary/SPHL.csv,15_min_interval_stocks,Consumer_Discretionary,SPHL,32436,3.020837903022766e-05
1094,15_min_interval_stocks/Consumer_Discretionary/SPHR.csv,15_min_interval_stocks,Consumer_Discretionary,SPHR,1797608,0.001674152910709381
1095,15_min_interval_stocks/Consumer_Discretionary/SPIR.csv,15_min_interval_stocks,Consumer_Discretionary,SPIR,1617867,0.0015067560598254204
1096,15_min_interval_stocks/Consumer_Discretionary/SPOT.csv,15_min_interval_stocks,Consumer_Discretionary,SPOT,3528691,0.0032863495871424675
1097,15_min_interval_stocks/Consumer_Discretionary/SPPL.csv,15_min_interval_stocks,Consumer_Discretionary,SPPL,343156,0.00031958892941474915
1098,15_min_interval_stocks/Consumer_Discretionary/SPRU.csv,15_min_interval_stocks,Consumer_Discretionary,SPRU,737764,0.0006870962679386139
1099,15_min_interval_stocks/Consumer_Discretionary/SPTN.csv,15_min_interval_stocks,Consumer_Discretionary,SPTN,8691045,0.008094166405498981
1100,15_min_interval_stocks/Consumer_Discretionary/SPWH.csv,15_min_interval_stocks,Consumer_Discretionary,SPWH,3623553,0.003374696709215641
1101,15_min_interval_stocks/Consumer_Discretionary/SRFM.csv,15_min_interval_stocks,Consumer_Discretionary,SRFM,694183,0.0006465082988142967
1102,15_min_interval_stocks/Consumer_Discretionary/SRI.csv,15_min_interval_stocks,Consumer_Discretionary,SRI,7334143,0.0068304529413580894
1103,15_min_interval_stocks/Consumer_Discretionary/SRM.csv,15_min_interval_stocks,Consumer_Discretionary,SRM,478594,0.0004457253962755203
1104,15_min_interval_stocks/Consumer_Discretionary/SSD.csv,15_min_interval_stocks,Consumer_Discretionary,SSD,9464043,0.008814076893031597
1105,15_min_interval_stocks/Consumer_Discretionary/STAF.csv,15_min_interval_stocks,Consumer_Discretionary,STAF,2861460,0.002664942294359207
1106,15_min_interval_stocks/Consumer_Discretionary/STBX.csv,15_min_interval_stocks,Consumer_Discretionary,STBX,823894,0.0007673110812902451
1107,15_min_interval_stocks/Consumer_Discretionary/STCN.csv,15_min_interval_stocks,Consumer_Discretionary,STCN,4397430,0.004095425829291344
1108,15_min_interval_stocks/Consumer_Discretionary/STFS.csv,15_min_interval_stocks,Consumer_Discretionary,STFS,50100,4.6659260988235474e-05
1109,15_min_interval_stocks/Consumer_Discretionary/STGW.csv,15_min_interval_stocks,Consumer_Discretionary,STGW,5448119,0.005073956213891506
1110,15_min_interval_stocks/Consumer_Discretionary/STKS.csv,15_min_interval_stocks,Consumer_Discretionary,STKS,1975678,0.0018399935215711594
1111,15_min_interval_stocks/Consumer_Discretionary/STLA.csv,15_min_interval_stocks,Consumer_Discretionary,STLA,7048511,0.006564437411725521
1112,15_min_interval_stocks/Consumer_Discretionary/STN.csv,15_min_interval_stocks,Consumer_Discretionary,STN,5008887,0.004664889536798
1113,15_min_interval_stocks/Consumer_Discretionary/STNG.csv,15_min_interval_stocks,Consumer_Discretionary,STNG,6213506,0.0057867784053087234
1114,15_min_interval_stocks/Consumer_Discretionary/STRT.csv,15_min_interval_stocks,Consumer_Discretionary,STRT,3336900,0.0031077302992343903
1115,15_min_interval_stocks/Consumer_Discretionary/SUGP.csv,15_min_interval_stocks,Consumer_Discretionary,SUGP,260381,0.0002424987033009529
1116,15_min_interval_stocks/Consumer_Discretionary/SUP.csv,15_min_interval_stocks,Consumer_Discretionary,SUP,9127701,0.008500833995640278
1117,15_min_interval_stocks/Consumer_Discretionary/SURG.csv,15_min_interval_stocks,Consumer_Discretionary,SURG,1096601,0.0010212892666459084
1118,15_min_interval_stocks/Consumer_Discretionary/SVMH.csv,15_min_interval_stocks,Consumer_Discretionary,SVMH,646120,0.000601746141910553
1119,15_min_interval_stocks/Consumer_Discretionary/SVMHW.csv,15_min_interval_stocks,Consumer_Discretionary,SVMHW,79656,7.418543100357056e-05
1120,15_min_interval_stocks/Consumer_Discretionary/SVT.csv,15_min_interval_stocks,Consumer_Discretionary,SVT,1048104,0.0009761229157447815
1121,15_min_interval_stocks/Consumer_Discretionary/SVV.csv,15_min_interval_stocks,Consumer_Discretionary,SVV,573243,0.0005338741466403008
1122,15_min_interval_stocks/Consumer_Discretionary/SW.csv,15_min_interval_stocks,Consumer_Discretionary,SW,270119,0.00025156792253255844
1123,15_min_interval_stocks/Consumer_Discretionary/SWAG.csv,15_min_interval_stocks,Consumer_Discretionary,SWAG,440046,0.00040982477366924286
1124,15_min_interval_stocks/Consumer_Discretionary/SWAGW.csv,15_min_interval_stocks,Consumer_Discretionary,SWAGW,87032,8.105486631393433e-05
1125,15_min_interval_stocks/Consumer_Discretionary/SWK.csv,15_min_interval_stocks,Consumer_Discretionary,SWK,10639797,0.009909083135426044
1126,15_min_interval_stocks/Consumer_Discretionary/SWVL.csv,15_min_interval_stocks,Consumer_Discretionary,SWVL,889406,0.0008283238857984543
1127,15_min_interval_stocks/Consumer_Discretionary/SWVLW.csv,15_min_interval_stocks,Consumer_Discretionary,SWVLW,335130,0.0003121141344308853
1128,15_min_interval_stocks/Consumer_Discretionary/SYRA.csv,15_min_interval_stocks,Consumer_Discretionary,SYRA,439281,0.000409112311899662
1129,15_min_interval_stocks/Consumer_Discretionary/SYY.csv,15_min_interval_stocks,Consumer_Discretionary,SYY,10628739,0.009898784570395947
1130,15_min_interval_stocks/Consumer_Discretionary/TBI.csv,15_min_interval_stocks,Consumer_Discretionary,TBI,5772059,0.005375648848712444
1131,15_min_interval_stocks/Consumer_Discretionary/TC.csv,15_min_interval_stocks,Consumer_Discretionary,TC,1204134,0.0011214371770620346
1132,15_min_interval_stocks/Consumer_Discretionary/TCOM.csv,15_min_interval_stocks,Consumer_Discretionary,TCOM,7707398,0.00717807374894619
1133,15_min_interval_stocks/Consumer_Discretionary/TDTH.csv,15_min_interval_stocks,Consumer_Discretionary,TDTH,61387,5.717109888792038e-05
1134,15_min_interval_stocks/Consumer_Discretionary/TDUP.csv,15_min_interval_stocks,Consumer_Discretionary,TDUP,1435239,0.0013366704806685448
1135,15_min_interval_stocks/Consumer_Discretionary/TDW.csv,15_min_interval_stocks,Consumer_Discretionary,TDW,10559195,0.009834016673266888
1136,15_min_interval_stocks/Consumer_Discretionary/TEN.csv,15_min_interval_stocks,Consumer_Discretionary,TEN,178296,0.00016605108976364136
1137,15_min_interval_stocks/Consumer_Discretionary/TGL.csv,15_min_interval_stocks,Consumer_Discretionary,TGL,909435,0.0008469773456454277
1138,15_min_interval_stocks/Consumer_Discretionary/TGLS.csv,15_min_interval_stocks,Consumer_Discretionary,TGLS,3194657,0.0029752561822533607
1139,15_min_interval_stocks/Consumer_Discretionary/TGT.csv,15_min_interval_stocks,Consumer_Discretionary,TGT,12490516,0.011632699519395828
1140,15_min_interval_stocks/Consumer_Discretionary/TH.csv,15_min_interval_stocks,Consumer_Discretionary,TH,1999474,0.0018621552735567093
1141,15_min_interval_stocks/Consumer_Discretionary/THCH.csv,15_min_interval_stocks,Consumer_Discretionary,THCH,651819,0.0006070537492632866
1142,15_min_interval_stocks/Consumer_Discretionary/THRM.csv,15_min_interval_stocks,Consumer_Discretionary,THRM,6847407,0.00637714471668005
1143,15_min_interval_stocks/Consumer_Discretionary/THRY.csv,15_min_interval_stocks,Consumer_Discretionary,THRY,1372764,0.0012784861028194427
1144,15_min_interval_stocks/Consumer_Discretionary/TILE.csv,15_min_interval_stocks,Consumer_Discretionary,TILE,9484388,0.008833024650812149
1145,15_min_interval_stocks/Consumer_Discretionary/TISI.csv,15_min_interval_stocks,Consumer_Discretionary,TISI,5786689,0.005389274097979069
1146,15_min_interval_stocks/Consumer_Discretionary/TITN.csv,15_min_interval_stocks,Consumer_Discretionary,TITN,5928045,0.005520922131836414
1147,15_min_interval_stocks/Consumer_Discretionary/TJX.csv,15_min_interval_stocks,Consumer_Discretionary,TJX,10917935,0.010168119333684444
1148,15_min_interval_stocks/Consumer_Discretionary/TK.csv,15_min_interval_stocks,Consumer_Discretionary,TK,9572721,0.008915291167795658
1149,15_min_interval_stocks/Consumer_Discretionary/TKLF.csv,15_min_interval_stocks,Consumer_Discretionary,TKLF,962981,0.0008968459442257881
1150,15_min_interval_stocks/Consumer_Discretionary/TKO.csv,15_min_interval_stocks,Consumer_Discretionary,TKO,669510,0.000623529776930809
1151,15_min_interval_stocks/Consumer_Discretionary/TLF.csv,15_min_interval_stocks,Consumer_Discretionary,TLF,143241,0.00013340357691049576
1152,15_min_interval_stocks/Consumer_Discretionary/TLYS.csv,15_min_interval_stocks,Consumer_Discretionary,TLYS,4406398,0.004103777930140495
1153,15_min_interval_stocks/Consumer_Discretionary/TM.csv,15_min_interval_stocks,Consumer_Discretionary,TM,10897678,0.010149253532290459
1154,15_min_interval_stocks/Consumer_Discretionary/TME.csv,15_min_interval_stocks,Consumer_Discretionary,TME,3947012,0.003675941377878189
1155,15_min_interval_stocks/Consumer_Discretionary/TMHC.csv,15_min_interval_stocks,Consumer_Discretionary,TMHC,4158805,0.003873188979923725
1156,15_min_interval_stocks/Consumer_Discretionary/TNET.csv,15_min_interval_stocks,Consumer_Discretionary,TNET,4286585,0.003992193378508091
1157,15_min_interval_stocks/Consumer_Discretionary/TNK.csv,15_min_interval_stocks,Consumer_Discretionary,TNK,6961319,0.006483233533799648
1158,15_min_interval_stocks/Consumer_Discretionary/TNL.csv,15_min_interval_stocks,Consumer_Discretionary,TNL,2675649,0.0024918923154473305
1159,15_min_interval_stocks/Consumer_Discretionary/TOL.csv,15_min_interval_stocks,Consumer_Discretionary,TOL,11072410,0.01031198538839817
1160,15_min_interval_stocks/Consumer_Discretionary/TOON.csv,15_min_interval_stocks,Consumer_Discretionary,TOON,792816,0.0007383674383163452
1161,15_min_interval_stocks/Consumer_Discretionary/TOPS.csv,15_min_interval_stocks,Consumer_Discretionary,TOPS,6865386,0.006393888965249062
1162,15_min_interval_stocks/Consumer_Discretionary/TORO.csv,15_min_interval_stocks,Consumer_Discretionary,TORO,722353,0.0006727436557412148
1163,15_min_interval_stocks/Consumer_Discretionary/TOUR.csv,15_min_interval_stocks,Consumer_Discretionary,TOUR,3546083,0.00330254714936018
1164,15_min_interval_stocks/Consumer_Discretionary/TOYO.csv,15_min_interval_stocks,Consumer_Discretionary,TOYO,175850,0.0001637730747461319
1165,15_min_interval_stocks/Consumer_Discretionary/TPB.csv,15_min_interval_stocks,Consumer_Discretionary,TPB,3123583,0.0029090633615851402
1166,15_min_interval_stocks/Consumer_Discretionary/TPC.csv,15_min_interval_stocks,Consumer_Discretionary,TPC,5404918,0.005033722147345543
1167,15_min_interval_stocks/Consumer_Discretionary/TPH.csv,15_min_interval_stocks,Consumer_Discretionary,TPH,4219267,0.003929498605430126
1168,15_min_interval_stocks/Consumer_Discretionary/TPR.csv,15_min_interval_stocks,Consumer_Discretionary,TPR,8004026,0.00745433010160923
1169,15_min_interval_stocks/Consumer_Discretionary/TPVG.csv,15_min_interval_stocks,Consumer_Discretionary,TPVG,3931872,0.0036618411540985107
1170,15_min_interval_stocks/Consumer_Discretionary/TPX.csv,15_min_interval_stocks,Consumer_Discretionary,TPX,7288479,0.006787925027310848
1171,15_min_interval_stocks/Consumer_Discretionary/TRI.csv,15_min_interval_stocks,Consumer_Discretionary,TRI,6778691,0.006313147954642773
1172,15_min_interval_stocks/Consumer_Discretionary/TRMD.csv,15_min_interval_stocks,Consumer_Discretionary,TRMD,2251297,0.002096683718264103
1173,15_min_interval_stocks/Consumer_Discretionary/TRUG.csv,15_min_interval_stocks,Consumer_Discretionary,TRUG,225375,0.00020989682525396347
1174,15_min_interval_stocks/Consumer_Discretionary/TSCO.csv,15_min_interval_stocks,Consumer_Discretionary,TSCO,10102134,0.009408345445990562
1175,15_min_interval_stocks/Consumer_Discretionary/TSLA.csv,15_min_interval_stocks,Consumer_Discretionary,TSLA,10805651,0.01006354670971632
1176,15_min_interval_stocks/Consumer_Discretionary/TSQ.csv,15_min_interval_stocks,Consumer_Discretionary,TSQ,3039813,0.0028310464695096016
1177,15_min_interval_stocks/Consumer_Discretionary/TTC.csv,15_min_interval_stocks,Consumer_Discretionary,TTC,9604439,0.008944830857217312
1178,15_min_interval_stocks/Consumer_Discretionary/TTEC.csv,15_min_interval_stocks,Consumer_Discretionary,TTEC,9636224,0.008974432945251465
1179,15_min_interval_stocks/Consumer_Discretionary/TTEK.csv,15_min_interval_stocks,Consumer_Discretionary,TTEK,9363117,0.008720082230865955
1180,15_min_interval_stocks/Consumer_Discretionary/TTSH.csv,15_min_interval_stocks,Consumer_Discretionary,TTSH,1385689,0.0012905234470963478
1181,15_min_interval_stocks/Consumer_Discretionary/TXRH.csv,15_min_interval_stocks,Consumer_Discretionary,TXRH,7640802,0.0071160513907670975
1182,15_min_interval_stocks/Consumer_Discretionary/TZOO.csv,15_min_interval_stocks,Consumer_Discretionary,TZOO,6736816,0.0062741488218307495
1183,15_min_interval_stocks/Consumer_Discretionary/UA.csv,15_min_interval_stocks,Consumer_Discretionary,UA,7574075,0.0070539070293307304
1184,15_min_interval_stocks/Consumer_Discretionary/UAA.csv,15_min_interval_stocks,Consumer_Discretionary,UAA,7757638,0.0072248633950948715
1185,15_min_interval_stocks/Consumer_Discretionary/UAL.csv,15_min_interval_stocks,Consumer_Discretionary,UAL,7490698,0.006976256147027016
1186,15_min_interval_stocks/Consumer_Discretionary/UBER.csv,15_min_interval_stocks,Consumer_Discretionary,UBER,4091036,0.0038100741803646088
1187,15_min_interval_stocks/Consumer_Discretionary/UCAR.csv,15_min_interval_stocks,Consumer_Discretionary,UCAR,834025,0.0007767463102936745
1188,15_min_interval_stocks/Consumer_Discretionary/UCL.csv,15_min_interval_stocks,Consumer_Discretionary,UCL,787184,0.0007331222295761108
1189,15_min_interval_stocks/Consumer_Discretionary/UFI.csv,15_min_interval_stocks,Consumer_Discretionary,UFI,7696386,0.007167818024754524
1190,15_min_interval_stocks/Consumer_Discretionary/UG.csv,15_min_interval_stocks,Consumer_Discretionary,UG,1737303,0.0016179895028471947
1191,15_min_interval_stocks/Consumer_Discretionary/UGRO.csv,15_min_interval_stocks,Consumer_Discretionary,UGRO,1067599,0.0009942790493369102
1192,15_min_interval_stocks/Consumer_Discretionary/UHAL.csv,15_min_interval_stocks,Consumer_Discretionary,UHAL,7160060,0.006668325513601303
1193,15_min_interval_stocks/Consumer_Discretionary/UHG.csv,15_min_interval_stocks,Consumer_Discretionary,UHG,397541,0.00037023890763521194
1194,15_min_interval_stocks/Consumer_Discretionary/UHGWW.csv,15_min_interval_stocks,Consumer_Discretionary,UHGWW,248294,0.00023124180734157562
1195,15_min_interval_stocks/Consumer_Discretionary/UK.csv,15_min_interval_stocks,Consumer_Discretionary,UK,1190946,0.0011091548949480057
1196,15_min_interval_stocks/Consumer_Discretionary/UKOMW.csv,15_min_interval_stocks,Consumer_Discretionary,UKOMW,389272,0.00036253780126571655
1197,15_min_interval_stocks/Consumer_Discretionary/UL.csv,15_min_interval_stocks,Consumer_Discretionary,UL,11841091,0.011027875356376171
1198,15_min_interval_stocks/Consumer_Discretionary/ULCC.csv,15_min_interval_stocks,Consumer_Discretionary,ULCC,1518904,0.0014145895838737488
1199,15_min_interval_stocks/Consumer_Discretionary/ULTA.csv,15_min_interval_stocks,Consumer_Discretionary,ULTA,7306451,0.006804662756621838
1200,15_min_interval_stocks/Consumer_Discretionary/UNF.csv,15_min_interval_stocks,Consumer_Discretionary,UNF,8706815,0.008108853362500668
1201,15_min_interval_stocks/Consumer_Discretionary/UNFI.csv,15_min_interval_stocks,Consumer_Discretionary,UNFI,8893084,0.008282329887151718
1202,15_min_interval_stocks/Consumer_Discretionary/UONE.csv,15_min_interval_stocks,Consumer_Discretionary,UONE,2388102,0.0022240933030843735
1203,15_min_interval_stocks/Consumer_Discretionary/UONEK.csv,15_min_interval_stocks,Consumer_Discretionary,UONEK,4327511,0.004030308686196804
1204,15_min_interval_stocks/Consumer_Discretionary/UP.csv,15_min_interval_stocks,Consumer_Discretionary,UP,1500356,0.0013973154127597809
1205,15_min_interval_stocks/Consumer_Discretionary/UPBD.csv,15_min_interval_stocks,Consumer_Discretionary,UPBD,7201786,0.0067071858793497086
1206,15_min_interval_stocks/Consumer_Discretionary/URBN.csv,15_min_interval_stocks,Consumer_Discretionary,URBN,9305685,0.00866659451276064
1207,15_min_interval_stocks/Consumer_Discretionary/URI.csv,15_min_interval_stocks,Consumer_Discretionary,URI,10839310,0.010094894096255302
1208,15_min_interval_stocks/Consumer_Discretionary/USEA.csv,15_min_interval_stocks,Consumer_Discretionary,USEA,901201,0.0008393088355660439
1209,15_min_interval_stocks/Consumer_Discretionary/USFD.csv,15_min_interval_stocks,Consumer_Discretionary,USFD,3217566,0.0029965918511152267
1210,15_min_interval_stocks/Consumer_Discretionary/UXIN.csv,15_min_interval_stocks,Consumer_Discretionary,UXIN,2796926,0.002604840323328972
1211,15_min_interval_stocks/Consumer_Discretionary/V.csv,15_min_interval_stocks,Consumer_Discretionary,V,10359183,0.009647740982472897
1212,15_min_interval_stocks/Consumer_Discretionary/VC.csv,15_min_interval_stocks,Consumer_Discretionary,VC,5162122,0.004807600751519203
1213,15_min_interval_stocks/Consumer_Discretionary/VCIG.csv,15_min_interval_stocks,Consumer_Discretionary,VCIG,921260,0.0008579902350902557
1214,15_min_interval_stocks/Consumer_Discretionary/VERB.csv,15_min_interval_stocks,Consumer_Discretionary,VERB,3438665,0.0032025063410401344
1215,15_min_interval_stocks/Consumer_Discretionary/VFC.csv,15_min_interval_stocks,Consumer_Discretionary,VFC,10618228,0.009888995438814163
1216,15_min_interval_stocks/Consumer_Discretionary/VIK.csv,15_min_interval_stocks,Consumer_Discretionary,VIK,322358,0.0003002192825078964
1217,15_min_interval_stocks/Consumer_Discretionary/VIOT.csv,15_min_interval_stocks,Consumer_Discretionary,VIOT,1759004,0.0016382001340389252
1218,15_min_interval_stocks/Consumer_Discretionary/VIPS.csv,15_min_interval_stocks,Consumer_Discretionary,VIPS,6370150,0.0059326644986867905
1219,15_min_interval_stocks/Consumer_Discretionary/VIRC.csv,15_min_interval_stocks,Consumer_Discretionary,VIRC,2267775,0.002112030051648617
1220,15_min_interval_stocks/Consumer_Discretionary/VLCN.csv,15_min_interval_stocks,Consumer_Discretionary,VLCN,1639273,0.0015266919508576393
1221,15_min_interval_stocks/Consumer_Discretionary/VLRS.csv,15_min_interval_stocks,Consumer_Discretionary,VLRS,3801044,0.003539998084306717
1222,15_min_interval_stocks/Consumer_Discretionary/VNCE.csv,15_min_interval_stocks,Consumer_Discretionary,VNCE,2502438,0.002330577000975609
1223,15_min_interval_stocks/Consumer_Discretionary/VRA.csv,15_min_interval_stocks,Consumer_Discretionary,VRA,4823076,0.004491839557886124
1224,15_min_interval_stocks/Consumer_Discretionary/VRRM.csv,15_min_interval_stocks,Consumer_Discretionary,VRRM,2278148,0.002121690660715103
1225,15_min_interval_stocks/Consumer_Discretionary/VSCO.csv,15_min_interval_stocks,Consumer_Discretionary,VSCO,1514465,0.0014104554429650307
1226,15_min_interval_stocks/Consumer_Discretionary/VSEC.csv,15_min_interval_stocks,Consumer_Discretionary,VSEC,5331915,0.004965732805430889
1227,15_min_interval_stocks/Consumer_Discretionary/VSME.csv,15_min_interval_stocks,Consumer_Discretionary,VSME,597990,0.00055692158639431
1228,15_min_interval_stocks/Consumer_Discretionary/VTOL.csv,15_min_interval_stocks,Consumer_Discretionary,VTOL,3772759,0.003513655625283718
1229,15_min_interval_stocks/Consumer_Discretionary/VTSI.csv,15_min_interval_stocks,Consumer_Discretionary,VTSI,1510506,0.001406768336892128
1230,15_min_interval_stocks/Consumer_Discretionary/VVI.csv,15_min_interval_stocks,Consumer_Discretionary,VVI,7544867,0.0070267049595713615
1231,15_min_interval_stocks/Consumer_Discretionary/VVX.csv,15_min_interval_stocks,Consumer_Discretionary,VVX,3236852,0.003014553338289261
1232,15_min_interval_stocks/Consumer_Discretionary/W.csv,15_min_interval_stocks,Consumer_Discretionary,W,4626739,0.0043089864775538445
1233,15_min_interval_stocks/Consumer_Discretionary/WAI.csv,15_min_interval_stocks,Consumer_Discretionary,WAI,42028,3.914162516593933e-05
1234,15_min_interval_stocks/Consumer_Discretionary/WALD.csv,15_min_interval_stocks,Consumer_Discretionary,WALD,545017,0.0005075866356492043
1235,15_min_interval_stocks/Consumer_Discretionary/WALDW.csv,15_min_interval_stocks,Consumer_Discretionary,WALDW,128685,0.00011984724551439285
1236,15_min_interval_stocks/Consumer_Discretionary/WBTN.csv,15_min_interval_stocks,Consumer_Discretionary,WBTN,300517,0.00027987826615571976
1237,15_min_interval_stocks/Consumer_Discretionary/WBUY.csv,15_min_interval_stocks,Consumer_Discretionary,WBUY,630608,0.0005872994661331177
1238,15_min_interval_stocks/Consumer_Discretionary/WBX.csv,15_min_interval_stocks,Consumer_Discretionary,WBX,1460341,0.0013600485399365425
1239,15_min_interval_stocks/Consumer_Discretionary/WCC.csv,15_min_interval_stocks,Consumer_Discretionary,WCC,9247576,0.008612476289272308
1240,15_min_interval_stocks/Consumer_Discretionary/WEN.csv,15_min_interval_stocks,Consumer_Discretionary,WEN,10612808,0.009883947670459747
1241,15_min_interval_stocks/Consumer_Discretionary/WEX.csv,15_min_interval_stocks,Consumer_Discretionary,WEX,7106232,0.006618194282054901
1242,15_min_interval_stocks/Consumer_Discretionary/WH.csv,15_min_interval_stocks,Consumer_Discretionary,WH,2688175,0.002503558062016964
1243,15_min_interval_stocks/Consumer_Discretionary/WHLM.csv,15_min_interval_stocks,Consumer_Discretionary,WHLM,621465,0.0005787843838334084
1244,15_min_interval_stocks/Consumer_Discretionary/WHR.csv,15_min_interval_stocks,Consumer_Discretionary,WHR,10833602,0.010089578106999397
1245,15_min_interval_stocks/Consumer_Discretionary/WILC.csv,15_min_interval_stocks,Consumer_Discretionary,WILC,2088281,0.001944863237440586
1246,15_min_interval_stocks/Consumer_Discretionary/WINA.csv,15_min_interval_stocks,Consumer_Discretionary,WINA,2834872,0.002640180289745331
1247,15_min_interval_stocks/Consumer_Discretionary/WING.csv,15_min_interval_stocks,Consumer_Discretionary,WING,4182618,0.0038953665643930435
1248,15_min_interval_stocks/Consumer_Discretionary/WKHS.csv,15_min_interval_stocks,Consumer_Discretionary,WKHS,4458369,0.004152179695665836
1249,15_min_interval_stocks/Consumer_Discretionary/WKSP.csv,15_min_interval_stocks,Consumer_Discretionary,WKSP,1859609,0.0017318958416581154
1250,15_min_interval_stocks/Consumer_Discretionary/WLDN.csv,15_min_interval_stocks,Consumer_Discretionary,WLDN,3553631,0.0033095767721533775
1251,15_min_interval_stocks/Consumer_Discretionary/WLFC.csv,15_min_interval_stocks,Consumer_Discretionary,WLFC,3906131,0.0036378679797053337
1252,15_min_interval_stocks/Consumer_Discretionary/WLGS.csv,15_min_interval_stocks,Consumer_Discretionary,WLGS,566391,0.0005274927243590355
1253,15_min_interval_stocks/Consumer_Discretionary/WLY.csv,15_min_interval_stocks,Consumer_Discretionary,WLY,6906286,0.006431980058550835
1254,15_min_interval_stocks/Consumer_Discretionary/WLYB.csv,15_min_interval_stocks,Consumer_Discretionary,WLYB,643936,0.0005997121334075928
1255,15_min_interval_stocks/Consumer_Discretionary/WMG.csv,15_min_interval_stocks,Consumer_Discretionary,WMG,1896487,0.001766241155564785
1256,15_min_interval_stocks/Consumer_Discretionary/WMS.csv,15_min_interval_stocks,Consumer_Discretionary,WMS,4248020,0.003956276923418045
1257,15_min_interval_stocks/Consumer_Discretionary/WMT.csv,15_min_interval_stocks,Consumer_Discretionary,WMT,13839386,0.012888932600617409
1258,15_min_interval_stocks/Consumer_Discretionary/WNS.csv,15_min_interval_stocks,Consumer_Discretionary,WNS,5466402,0.005090983584523201
1259,15_min_interval_stocks/Consumer_Discretionary/WNW.csv,15_min_interval_stocks,Consumer_Discretionary,WNW,1771383,0.0016497289761900902
1260,15_min_interval_stocks/Consumer_Discretionary/WOOF.csv,15_min_interval_stocks,Consumer_Discretionary,WOOF,1837232,0.0017110556364059448
1261,15_min_interval_stocks/Consumer_Discretionary/WORX.csv,15_min_interval_stocks,Consumer_Discretionary,WORX,1553869,0.001447153277695179
1262,15_min_interval_stocks/Consumer_Discretionary/WPP.csv,15_min_interval_stocks,Consumer_Discretionary,WPP,3089164,0.00287700816988945
1263,15_min_interval_stocks/Consumer_Discretionary/WSM.csv,15_min_interval_stocks,Consumer_Discretionary,WSM,10370096,0.009657904505729675
1264,15_min_interval_stocks/Consumer_Discretionary/WSO.csv,15_min_interval_stocks,Consumer_Discretionary,WSO,9673397,0.009009052999317646
1265,15_min_interval_stocks/Consumer_Discretionary/WU.csv,15_min_interval_stocks,Consumer_Discretionary,WU,7911675,0.007368321530520916
1266,15_min_interval_stocks/Consumer_Discretionary/WW.csv,15_min_interval_stocks,Consumer_Discretionary,WW,9600725,0.00894137192517519
1267,15_min_interval_stocks/Consumer_Discretionary/WWW.csv,15_min_interval_stocks,Consumer_Discretionary,WWW,9740294,0.009071355685591698
1268,15_min_interval_stocks/Consumer_Discretionary/WYNN.csv,15_min_interval_stocks,Consumer_Discretionary,WYNN,11748901,0.01094201672822237
1269,15_min_interval_stocks/Consumer_Discretionary/XBP.csv,15_min_interval_stocks,Consumer_Discretionary,XBP,311814,0.0002903994172811508
1270,15_min_interval_stocks/Consumer_Discretionary/XBPEW.csv,15_min_interval_stocks,Consumer_Discretionary,XBPEW,45127,4.20277938246727e-05
1271,15_min_interval_stocks/Consumer_Discretionary/XHR.csv,15_min_interval_stocks,Consumer_Discretionary,XHR,3911248,0.003642633557319641
1272,15_min_interval_stocks/Consumer_Discretionary/XIN.csv,15_min_interval_stocks,Consumer_Discretionary,XIN,5659881,0.005271174944937229
1273,15_min_interval_stocks/Consumer_Discretionary/XMTR.csv,15_min_interval_stocks,Consumer_Discretionary,XMTR,1293219,0.0012044040486216545
1274,15_min_interval_stocks/Consumer_Discretionary/XOS.csv,15_min_interval_stocks,Consumer_Discretionary,XOS,1459918,0.0013596545904874802
1275,15_min_interval_stocks/Consumer_Discretionary/XOSWW.csv,15_min_interval_stocks,Consumer_Discretionary,XOSWW,488434,0.00045488961040973663
1276,15_min_interval_stocks/Consumer_Discretionary/XPEV.csv,15_min_interval_stocks,Consumer_Discretionary,XPEV,3342881,0.0031133005395531654
1277,15_min_interval_stocks/Consumer_Discretionary/XPO.csv,15_min_interval_stocks,Consumer_Discretionary,XPO,6661447,0.0062039559707045555
1278,15_min_interval_stocks/Consumer_Discretionary/XPOF.csv,15_min_interval_stocks,Consumer_Discretionary,XPOF,1262475,0.0011757714673876762
1279,15_min_interval_stocks/Consumer_Discretionary/XWEL.csv,15_min_interval_stocks,Consumer_Discretionary,XWEL,4975874,0.0046341437846422195
1280,15_min_interval_stocks/Consumer_Discretionary/YCBD.csv,15_min_interval_stocks,Consumer_Discretionary,YCBD,2413353,0.002247610129415989
1281,15_min_interval_stocks/Consumer_Discretionary/YELP.csv,15_min_interval_stocks,Consumer_Discretionary,YELP,5083009,0.004733921028673649
1282,15_min_interval_stocks/Consumer_Discretionary/YETI.csv,15_min_interval_stocks,Consumer_Discretionary,YETI,2527500,0.002353917807340622
1283,15_min_interval_stocks/Consumer_Discretionary/YGMZ.csv,15_min_interval_stocks,Consumer_Discretionary,YGMZ,1181330,0.0011001992970705032
1284,15_min_interval_stocks/Consumer_Discretionary/YJ.csv,15_min_interval_stocks,Consumer_Discretionary,YJ,1492578,0.0013900715857744217
1285,15_min_interval_stocks/Consumer_Discretionary/YOSH.csv,15_min_interval_stocks,Consumer_Discretionary,YOSH,487103,0.00045365002006292343
1286,15_min_interval_stocks/Consumer_Discretionary/YSG.csv,15_min_interval_stocks,Consumer_Discretionary,YSG,1872641,0.0017440328374505043
1287,15_min_interval_stocks/Consumer_Discretionary/YTRA.csv,15_min_interval_stocks,Consumer_Discretionary,YTRA,2320410,0.0021610502153635025
1288,15_min_interval_stocks/Consumer_Discretionary/YUM.csv,15_min_interval_stocks,Consumer_Discretionary,YUM,10850571,0.010105381719768047
1289,15_min_interval_stocks/Consumer_Discretionary/YUMC.csv,15_min_interval_stocks,Consumer_Discretionary,YUMC,3755573,0.0034976499155163765
1290,15_min_interval_stocks/Consumer_Discretionary/YYAI.csv,15_min_interval_stocks,Consumer_Discretionary,YYAI,295065,0.00027480069547891617
1291,15_min_interval_stocks/Consumer_Discretionary/YYGH.csv,15_min_interval_stocks,Consumer_Discretionary,YYGH,153210,0.00014268793165683746
1292,15_min_interval_stocks/Consumer_Discretionary/Z.csv,15_min_interval_stocks,Consumer_Discretionary,Z,4184594,0.0038972068578004837
1293,15_min_interval_stocks/Consumer_Discretionary/ZAPP.csv,15_min_interval_stocks,Consumer_Discretionary,ZAPP,634610,0.0005910266190767288
1294,15_min_interval_stocks/Consumer_Discretionary/ZAPPW.csv,15_min_interval_stocks,Consumer_Discretionary,ZAPPW,227320,0.00021170824766159058
1295,15_min_interval_stocks/Consumer_Discretionary/ZCAR.csv,15_min_interval_stocks,Consumer_Discretionary,ZCAR,538098,0.0005011428147554398
1296,15_min_interval_stocks/Consumer_Discretionary/ZCARW.csv,15_min_interval_stocks,Consumer_Discretionary,ZCARW,89316,8.318200707435608e-05
1297,15_min_interval_stocks/Consumer_Discretionary/ZG.csv,15_min_interval_stocks,Consumer_Discretionary,ZG,5386891,0.00501693319529295
1298,15_min_interval_stocks/Consumer_Discretionary/ZGN.csv,15_min_interval_stocks,Consumer_Discretionary,ZGN,1134652,0.001056727021932602
1299,15_min_interval_stocks/Consumer_Discretionary/ZH.csv,15_min_interval_stocks,Consumer_Discretionary,ZH,1806331,0.001682276837527752
1300,15_min_interval_stocks/Consumer_Discretionary/ZIM.csv,15_min_interval_stocks,Consumer_Discretionary,ZIM,2994716,0.0027890466153621674
1301,15_min_interval_stocks/Consumer_Discretionary/ZK.csv,15_min_interval_stocks,Consumer_Discretionary,ZK,352911,0.00032867398113012314
1302,15_min_interval_stocks/Consumer_Discretionary/ZKH.csv,15_min_interval_stocks,Consumer_Discretionary,ZKH,301119,0.0002804389223456383
1303,15_min_interval_stocks/Consumer_Discretionary/ZUMZ.csv,15_min_interval_stocks,Consumer_Discretionary,ZUMZ,6882966,0.006410261616110802
1304,15_min_interval_stocks/Consumer_Staples/ABEV.csv,15_min_interval_stocks,Consumer_Staples,ABEV,5043186,0.004696832969784737
1305,15_min_interval_stocks/Consumer_Staples/ABVE.csv,15_min_interval_stocks,Consumer_Staples,ABVE,175767,0.0001636957749724388
1306,15_min_interval_stocks/Consumer_Staples/ABVEW.csv,15_min_interval_stocks,Consumer_Staples,ABVEW,64842,6.038881838321686e-05
1307,15_min_interval_stocks/Consumer_Staples/ACI.csv,15_min_interval_stocks,Consumer_Staples,ACI,2219191,0.0020667826756834984
1308,15_min_interval_stocks/Consumer_Staples/ADM.csv,15_min_interval_stocks,Consumer_Staples,ADM,10564655,0.009839101694524288
1309,15_min_interval_stocks/Consumer_Staples/AFRI.csv,15_min_interval_stocks,Consumer_Staples,AFRI,298090,0.000277617946267128
1310,15_min_interval_stocks/Consumer_Staples/AFRIW.csv,15_min_interval_stocks,Consumer_Staples,AFRIW,134785,0.00012552831321954727
1311,15_min_interval_stocks/Consumer_Staples/AGFY.csv,15_min_interval_stocks,Consumer_Staples,AGFY,1836435,0.0017103133723139763
1312,15_min_interval_stocks/Consumer_Staples/AGRO.csv,15_min_interval_stocks,Consumer_Staples,AGRO,5205473,0.004847974516451359
1313,15_min_interval_stocks/Consumer_Staples/AQB.csv,15_min_interval_stocks,Consumer_Staples,AQB,2657713,0.0024751881137490273
1314,15_min_interval_stocks/Consumer_Staples/ARKO.csv,15_min_interval_stocks,Consumer_Staples,ARKO,1477390,0.0013759266585111618
1315,15_min_interval_stocks/Consumer_Staples/ARLO.csv,15_min_interval_stocks,Consumer_Staples,ARLO,2434740,0.00226752832531929
1316,15_min_interval_stocks/Consumer_Staples/ASAI.csv,15_min_interval_stocks,Consumer_Staples,ASAI,1521231,0.001416756771504879
1317,15_min_interval_stocks/Consumer_Staples/AVO.csv,15_min_interval_stocks,Consumer_Staples,AVO,1409925,0.0013130949810147285
1318,15_min_interval_stocks/Consumer_Staples/BG.csv,15_min_interval_stocks,Consumer_Staples,BG,9778481,0.009106920100748539
1319,15_min_interval_stocks/Consumer_Staples/BGS.csv,15_min_interval_stocks,Consumer_Staples,BGS,7228366,0.006731940433382988
1320,15_min_interval_stocks/Consumer_Staples/BHIL.csv,15_min_interval_stocks,Consumer_Staples,BHIL,1430503,0.0013322597369551659
1321,15_min_interval_stocks/Consumer_Staples/BOF.csv,15_min_interval_stocks,Consumer_Staples,BOF,424434,0.000395284965634346
1322,15_min_interval_stocks/Consumer_Staples/BRBR.csv,15_min_interval_stocks,Consumer_Staples,BRBR,1880511,0.0017513623461127281
1323,15_min_interval_stocks/Consumer_Staples/BRCC.csv,15_min_interval_stocks,Consumer_Staples,BRCC,1414843,0.0013176752254366875
1324,15_min_interval_stocks/Consumer_Staples/BRFH.csv,15_min_interval_stocks,Consumer_Staples,BRFH,296117,0.00027578044682741165
1325,15_min_interval_stocks/Consumer_Staples/BRFS.csv,15_min_interval_stocks,Consumer_Staples,BRFS,5968277,0.005558391101658344
1326,15_min_interval_stocks/Consumer_Staples/BRID.csv,15_min_interval_stocks,Consumer_Staples,BRID,906175,0.0008439412340521812
1327,15_min_interval_stocks/Consumer_Staples/BRLS.csv,15_min_interval_stocks,Consumer_Staples,BRLS,70476,6.563588976860046e-05
1328,15_min_interval_stocks/Consumer_Staples/BRLSW.csv,15_min_interval_stocks,Consumer_Staples,BRLSW,64251,5.983840674161911e-05
1329,15_min_interval_stocks/Consumer_Staples/BTTR.csv,15_min_interval_stocks,Consumer_Staples,BTTR,1042087,0.0009705191478133202
1330,15_min_interval_stocks/Consumer_Staples/BUD.csv,15_min_interval_stocks,Consumer_Staples,BUD,8509912,0.007925473153591156
1331,15_min_interval_stocks/Consumer_Staples/BYND.csv,15_min_interval_stocks,Consumer_Staples,BYND,3618135,0.0033696508035063744
1332,15_min_interval_stocks/Consumer_Staples/CAG.csv,15_min_interval_stocks,Consumer_Staples,CAG,10580825,0.00985416118055582
1333,15_min_interval_stocks/Consumer_Staples/CALM.csv,15_min_interval_stocks,Consumer_Staples,CALM,8690671,0.008093818090856075
1334,15_min_interval_stocks/Consumer_Staples/CCEP.csv,15_min_interval_stocks,Consumer_Staples,CCEP,2817977,0.0026244455948472023
1335,15_min_interval_stocks/Consumer_Staples/CCU.csv,15_min_interval_stocks,Consumer_Staples,CCU,9463806,0.008813856169581413
1336,15_min_interval_stocks/Consumer_Staples/CELH.csv,15_min_interval_stocks,Consumer_Staples,CELH,4045220,0.003767404705286026
1337,15_min_interval_stocks/Consumer_Staples/CHSN.csv,15_min_interval_stocks,Consumer_Staples,CHSN,499791,0.0004654666408896446
1338,15_min_interval_stocks/Consumer_Staples/CJJD.csv,15_min_interval_stocks,Consumer_Staples,CJJD,3311702,0.0030842628329992294
1339,15_min_interval_stocks/Consumer_Staples/COCO.csv,15_min_interval_stocks,Consumer_Staples,COCO,1362638,0.0012690555304288864
1340,15_min_interval_stocks/Consumer_Staples/COKE.csv,15_min_interval_stocks,Consumer_Staples,COKE,7489635,0.006975266151130199
1341,15_min_interval_stocks/Consumer_Staples/COOT.csv,15_min_interval_stocks,Consumer_Staples,COOT,149454,0.00013918988406658173
1342,15_min_interval_stocks/Consumer_Staples/COOTW.csv,15_min_interval_stocks,Consumer_Staples,COOTW,54685,5.092937499284744e-05
1343,15_min_interval_stocks/Consumer_Staples/CPB.csv,15_min_interval_stocks,Consumer_Staples,CPB,10591240,0.00986386090517044
1344,15_min_interval_stocks/Consumer_Staples/CTVA.csv,15_min_interval_stocks,Consumer_Staples,CTVA,2608596,0.002429444342851639
1345,15_min_interval_stocks/Consumer_Staples/CVS.csv,15_min_interval_stocks,Consumer_Staples,CVS,12277567,0.011434375308454037
1346,15_min_interval_stocks/Consumer_Staples/DAR.csv,15_min_interval_stocks,Consumer_Staples,DAR,7540953,0.0070230597630143166
1347,15_min_interval_stocks/Consumer_Staples/DDC.csv,15_min_interval_stocks,Consumer_Staples,DDC,460694,0.00042905472218990326
1348,15_min_interval_stocks/Consumer_Staples/DEO.csv,15_min_interval_stocks,Consumer_Staples,DEO,11494221,0.0107048274949193
1349,15_min_interval_stocks/Consumer_Staples/DNUT.csv,15_min_interval_stocks,Consumer_Staples,DNUT,1772796,0.0016510449349880219
1350,15_min_interval_stocks/Consumer_Staples/DOLE.csv,15_min_interval_stocks,Consumer_Staples,DOLE,1485681,0.0013836482539772987
1351,15_min_interval_stocks/Consumer_Staples/EAST.csv,15_min_interval_stocks,Consumer_Staples,EAST,1936999,0.0018039708957076073
1352,15_min_interval_stocks/Consumer_Staples/EDBL.csv,15_min_interval_stocks,Consumer_Staples,EDBL,1101701,0.0010260390117764473
1353,15_min_interval_stocks/Consumer_Staples/EDBLW.csv,15_min_interval_stocks,Consumer_Staples,EDBLW,112313,0.00010459963232278824
1354,15_min_interval_stocks/Consumer_Staples/FAMI.csv,15_min_interval_stocks,Consumer_Staples,FAMI,2939613,0.0027377279475331306
1355,15_min_interval_stocks/Consumer_Staples/FARM.csv,15_min_interval_stocks,Consumer_Staples,FARM,5768728,0.0053725466132164
1356,15_min_interval_stocks/Consumer_Staples/FDP.csv,15_min_interval_stocks,Consumer_Staples,FDP,9463108,0.008813206106424332
1357,15_min_interval_stocks/Consumer_Staples/FIZZ.csv,15_min_interval_stocks,Consumer_Staples,FIZZ,6277136,0.005846038460731506
1358,15_min_interval_stocks/Consumer_Staples/FLO.csv,15_min_interval_stocks,Consumer_Staples,FLO,9706534,0.00903991423547268
1359,15_min_interval_stocks/Consumer_Staples/FMX.csv,15_min_interval_stocks,Consumer_Staples,FMX,9676088,0.009011559188365936
1360,15_min_interval_stocks/Consumer_Staples/FRPT.csv,15_min_interval_stocks,Consumer_Staples,FRPT,3566735,0.0033217808231711388
1361,15_min_interval_stocks/Consumer_Staples/GIS.csv,15_min_interval_stocks,Consumer_Staples,GIS,11066842,0.010306799784302711
1362,15_min_interval_stocks/Consumer_Staples/GNSS.csv,15_min_interval_stocks,Consumer_Staples,GNSS,4229966,0.003939462825655937
1363,15_min_interval_stocks/Consumer_Staples/GO.csv,15_min_interval_stocks,Consumer_Staples,GO,2018212,0.0018796063959598541
1364,15_min_interval_stocks/Consumer_Staples/GRDN.csv,15_min_interval_stocks,Consumer_Staples,GRDN,73822,6.875209510326385e-05
1365,15_min_interval_stocks/Consumer_Staples/HAIN.csv,15_min_interval_stocks,Consumer_Staples,HAIN,9083969,0.008460105396807194
1366,15_min_interval_stocks/Consumer_Staples/HCWC.csv,15_min_interval_stocks,Consumer_Staples,HCWC,89931,8.37547704577446e-05
1367,15_min_interval_stocks/Consumer_Staples/HRL.csv,15_min_interval_stocks,Consumer_Staples,HRL,10151535,0.009454353712499142
1368,15_min_interval_stocks/Consumer_Staples/HSY.csv,15_min_interval_stocks,Consumer_Staples,HSY,10872799,0.0101260831579566
1369,15_min_interval_stocks/Consumer_Staples/IBG.csv,15_min_interval_stocks,Consumer_Staples,IBG,98746,9.196437895298004e-05
1370,15_min_interval_stocks/Consumer_Staples/IMKTA.csv,15_min_interval_stocks,Consumer_Staples,IMKTA,7195295,0.0067011406645178795
1371,15_min_interval_stocks/Consumer_Staples/IMTE.csv,15_min_interval_stocks,Consumer_Staples,IMTE,1482679,0.001380852423608303
1372,15_min_interval_stocks/Consumer_Staples/INGR.csv,15_min_interval_stocks,Consumer_Staples,INGR,9908567,0.009228072129189968
1373,15_min_interval_stocks/Consumer_Staples/IVP.csv,15_min_interval_stocks,Consumer_Staples,IVP,763144,0.0007107332348823547
1374,15_min_interval_stocks/Consumer_Staples/JBSS.csv,15_min_interval_stocks,Consumer_Staples,JBSS,7189215,0.006695478223264217
1375,15_min_interval_stocks/Consumer_Staples/JJSF.csv,15_min_interval_stocks,Consumer_Staples,JJSF,8699670,0.00810219906270504
1376,15_min_interval_stocks/Consumer_Staples/JVA.csv,15_min_interval_stocks,Consumer_Staples,JVA,4314261,0.004017968662083149
1377,15_min_interval_stocks/Consumer_Staples/JXJT.csv,15_min_interval_stocks,Consumer_Staples,JXJT,1785929,0.001663275994360447
1378,15_min_interval_stocks/Consumer_Staples/K.csv,15_min_interval_stocks,Consumer_Staples,K,10705423,0.00997020211070776
1379,15_min_interval_stocks/Consumer_Staples/KDP.csv,15_min_interval_stocks,Consumer_Staples,KDP,3096881,0.0028841951861977577
1380,15_min_interval_stocks/Consumer_Staples/KHC.csv,15_min_interval_stocks,Consumer_Staples,KHC,5445431,0.00507145281881094
1381,15_min_interval_stocks/Consumer_Staples/KLG.csv,15_min_interval_stocks,Consumer_Staples,KLG,674109,0.0006278129294514656
1382,15_min_interval_stocks/Consumer_Staples/KN.csv,15_min_interval_stocks,Consumer_Staples,KN,3798235,0.003537381999194622
1383,15_min_interval_stocks/Consumer_Staples/KO.csv,15_min_interval_stocks,Consumer_Staples,KO,13650187,0.012712727300822735
1384,15_min_interval_stocks/Consumer_Staples/KOF.csv,15_min_interval_stocks,Consumer_Staples,KOF,9380062,0.008735863491892815
1385,15_min_interval_stocks/Consumer_Staples/KOSS.csv,15_min_interval_stocks,Consumer_Staples,KOSS,2548028,0.0023730359971523285
1386,15_min_interval_stocks/Consumer_Staples/KR.csv,15_min_interval_stocks,Consumer_Staples,KR,11335096,0.010556630790233612
1387,15_min_interval_stocks/Consumer_Staples/LANC.csv,15_min_interval_stocks,Consumer_Staples,LANC,9912789,0.009232004173099995
1388,15_min_interval_stocks/Consumer_Staples/LMNR.csv,15_min_interval_stocks,Consumer_Staples,LMNR,4474810,0.004167491570115089
1389,15_min_interval_stocks/Consumer_Staples/LND.csv,15_min_interval_stocks,Consumer_Staples,LND,1593771,0.0014843149110674858
1390,15_min_interval_stocks/Consumer_Staples/LOCL.csv,15_min_interval_stocks,Consumer_Staples,LOCL,825276,0.0007685981690883636
1391,15_min_interval_stocks/Consumer_Staples/LQR.csv,15_min_interval_stocks,Consumer_Staples,LQR,709836,0.0006610862910747528
1392,15_min_interval_stocks/Consumer_Staples/LSF.csv,15_min_interval_stocks,Consumer_Staples,LSF,1189111,0.0011074459180235863
1393,15_min_interval_stocks/Consumer_Staples/LW.csv,15_min_interval_stocks,Consumer_Staples,LW,3488532,0.0032489486038684845
1394,15_min_interval_stocks/Consumer_Staples/LWAY.csv,15_min_interval_stocks,Consumer_Staples,LWAY,4943264,0.004603773355484009
1395,15_min_interval_stocks/Consumer_Staples/MAMA.csv,15_min_interval_stocks,Consumer_Staples,MAMA,514527,0.0004791906103491783
1396,15_min_interval_stocks/Consumer_Staples/MDLZ.csv,15_min_interval_stocks,Consumer_Staples,MDLZ,10990307,0.010235521011054516
1397,15_min_interval_stocks/Consumer_Staples/MED.csv,15_min_interval_stocks,Consumer_Staples,MED,8570543,0.007981940172612667
1398,15_min_interval_stocks/Consumer_Staples/MGPI.csv,15_min_interval_stocks,Consumer_Staples,MGPI,7209585,0.006714449264109135
1399,15_min_interval_stocks/Consumer_Staples/MKC.csv,15_min_interval_stocks,Consumer_Staples,MKC,10116460,0.009421687573194504
1400,15_min_interval_stocks/Consumer_Staples/MNST.csv,15_min_interval_stocks,Consumer_Staples,MNST,9350968,0.008708767592906952
1401,15_min_interval_stocks/Consumer_Staples/MSN.csv,15_min_interval_stocks,Consumer_Staples,MSN,4239620,0.003948453813791275
1402,15_min_interval_stocks/Consumer_Staples/MSS.csv,15_min_interval_stocks,Consumer_Staples,MSS,413923,0.0003854958340525627
1403,15_min_interval_stocks/Consumer_Staples/NAPA.csv,15_min_interval_stocks,Consumer_Staples,NAPA,1381552,0.0012866705656051636
1404,15_min_interval_stocks/Consumer_Staples/NCRA.csv,15_min_interval_stocks,Consumer_Staples,NCRA,328424,0.0003058686852455139
1405,15_min_interval_stocks/Consumer_Staples/NGVC.csv,15_min_interval_stocks,Consumer_Staples,NGVC,4491153,0.00418271217495203
1406,15_min_interval_stocks/Consumer_Staples/NOMD.csv,15_min_interval_stocks,Consumer_Staples,NOMD,3597800,0.0033507123589515686
1407,15_min_interval_stocks/Consumer_Staples/ORIS.csv,15_min_interval_stocks,Consumer_Staples,ORIS,49317,4.5930035412311554e-05
1408,15_min_interval_stocks/Consumer_Staples/OTLY.csv,15_min_interval_stocks,Consumer_Staples,OTLY,1885896,0.0017563775181770325
1409,15_min_interval_stocks/Consumer_Staples/PEP.csv,15_min_interval_stocks,Consumer_Staples,PEP,12217372,0.011378314346075058
1410,15_min_interval_stocks/Consumer_Staples/PETS.csv,15_min_interval_stocks,Consumer_Staples,PETS,8153734,0.007593756541609764
1411,15_min_interval_stocks/Consumer_Staples/PLAG.csv,15_min_interval_stocks,Consumer_Staples,PLAG,2706200,0.002520345151424408
1412,15_min_interval_stocks/Consumer_Staples/POST.csv,15_min_interval_stocks,Consumer_Staples,POST,5029040,0.004683658480644226
1413,15_min_interval_stocks/Consumer_Staples/PPC.csv,15_min_interval_stocks,Consumer_Staples,PPC,5618066,0.005232231691479683
1414,15_min_interval_stocks/Consumer_Staples/RGF.csv,15_min_interval_stocks,Consumer_Staples,RGF,746819,0.000695529393851757
1415,15_min_interval_stocks/Consumer_Staples/RIME.csv,15_min_interval_stocks,Consumer_Staples,RIME,125290,0.0001166854053735733
1416,15_min_interval_stocks/Consumer_Staples/RKDA.csv,15_min_interval_stocks,Consumer_Staples,RKDA,2826599,0.002632475458085537
1417,15_min_interval_stocks/Consumer_Staples/RMCF.csv,15_min_interval_stocks,Consumer_Staples,RMCF,3776247,0.003516904078423977
1418,15_min_interval_stocks/Consumer_Staples/SAM.csv,15_min_interval_stocks,Consumer_Staples,SAM,8356824,0.007782898843288422
1419,15_min_interval_stocks/Consumer_Staples/SANW.csv,15_min_interval_stocks,Consumer_Staples,SANW,3284057,0.0030585164204239845
1420,15_min_interval_stocks/Consumer_Staples/SBEV.csv,15_min_interval_stocks,Consumer_Staples,SBEV,1514982,0.0014109369367361069
1421,15_min_interval_stocks/Consumer_Staples/SEED.csv,15_min_interval_stocks,Consumer_Staples,SEED,5053719,0.0047066425904631615
1422,15_min_interval_stocks/Consumer_Staples/SENEA.csv,15_min_interval_stocks,Consumer_Staples,SENEA,3853055,0.0035884371027350426
1423,15_min_interval_stocks/Consumer_Staples/SENEB.csv,15_min_interval_stocks,Consumer_Staples,SENEB,228038,0.0002123769372701645
1424,15_min_interval_stocks/Consumer_Staples/SFM.csv,15_min_interval_stocks,Consumer_Staples,SFM,4349939,0.00405119638890028
1425,15_min_interval_stocks/Consumer_Staples/SJM.csv,15_min_interval_stocks,Consumer_Staples,SJM,9988468,0.00930248573422432
1426,15_min_interval_stocks/Consumer_Staples/SNAX.csv,15_min_interval_stocks,Consumer_Staples,SNAX,1076650,0.001002708449959755
1427,15_min_interval_stocks/Consumer_Staples/SONO.csv,15_min_interval_stocks,Consumer_Staples,SONO,2805648,0.002612963318824768
1428,15_min_interval_stocks/Consumer_Staples/SONY.csv,15_min_interval_stocks,Consumer_Staples,SONY,7942176,0.007396727800369263
1429,15_min_interval_stocks/Consumer_Staples/STKH.csv,15_min_interval_stocks,Consumer_Staples,STKH,956316,0.000890638679265976
1430,15_min_interval_stocks/Consumer_Staples/STZ.csv,15_min_interval_stocks,Consumer_Staples,STZ,10598843,0.009870941750705242
1431,15_min_interval_stocks/Consumer_Staples/SYNX.csv,15_min_interval_stocks,Consumer_Staples,SYNX,114781,0.00010689813643693924
1432,15_min_interval_stocks/Consumer_Staples/TAP.csv,15_min_interval_stocks,Consumer_Staples,TAP,8384995,0.007809135131537914
1433,15_min_interval_stocks/Consumer_Staples/TBBB.csv,15_min_interval_stocks,Consumer_Staples,TBBB,336750,0.0003136228770017624
1434,15_min_interval_stocks/Consumer_Staples/THS.csv,15_min_interval_stocks,Consumer_Staples,THS,6731758,0.006269438192248344
1435,15_min_interval_stocks/Consumer_Staples/TR.csv,15_min_interval_stocks,Consumer_Staples,TR,9575477,0.008917857892811298
1436,15_min_interval_stocks/Consumer_Staples/TSN.csv,15_min_interval_stocks,Consumer_Staples,TSN,10851786,0.010106513276696205
1437,15_min_interval_stocks/Consumer_Staples/TWG.csv,15_min_interval_stocks,Consumer_Staples,TWG,315077,0.0002934383228421211
1438,15_min_interval_stocks/Consumer_Staples/UEIC.csv,15_min_interval_stocks,Consumer_Staples,UEIC,7607276,0.007084827870130539
1439,15_min_interval_stocks/Consumer_Staples/UTZ.csv,15_min_interval_stocks,Consumer_Staples,UTZ,2035867,0.0018960488960146904
1440,15_min_interval_stocks/Consumer_Staples/VINE.csv,15_min_interval_stocks,Consumer_Staples,VINE,859863,0.0008008098229765892
1441,15_min_interval_stocks/Consumer_Staples/VITL.csv,15_min_interval_stocks,Consumer_Staples,VITL,1670522,0.0015557948499917984
1442,15_min_interval_stocks/Consumer_Staples/VLGEA.csv,15_min_interval_stocks,Consumer_Staples,VLGEA,5063723,0.004715959541499615
1443,15_min_interval_stocks/Consumer_Staples/WBA.csv,15_min_interval_stocks,Consumer_Staples,WBA,12303599,0.011458619497716427
1444,15_min_interval_stocks/Consumer_Staples/WEST.csv,15_min_interval_stocks,Consumer_Staples,WEST,779935,0.0007263710722327232
1445,15_min_interval_stocks/Consumer_Staples/WEYS.csv,15_min_interval_stocks,Consumer_Staples,WEYS,4217855,0.003928183577954769
1446,15_min_interval_stocks/Consumer_Staples/WMK.csv,15_min_interval_stocks,Consumer_Staples,WMK,2640529,0.002459184266626835
1447,15_min_interval_stocks/Consumer_Staples/WVVI.csv,15_min_interval_stocks,Consumer_Staples,WVVI,1031031,0.0009602224454283714
1448,15_min_interval_stocks/Consumer_Staples/WVVIP.csv,15_min_interval_stocks,Consumer_Staples,WVVIP,205559,0.00019144173711538315
1449,15_min_interval_stocks/Consumer_Staples/YI.csv,15_min_interval_stocks,Consumer_Staples,YI,1641695,0.001528947614133358
1450,15_min_interval_stocks/Consumer_Staples/YOTA.csv,15_min_interval_stocks,Consumer_Staples,YOTA,68127,6.34482130408287e-05
1451,15_min_interval_stocks/Consumer_Staples/YOTAR.csv,15_min_interval_stocks,Consumer_Staples,YOTAR,43795,4.078727215528488e-05
1452,15_min_interval_stocks/Consumer_Staples/YOTAU.csv,15_min_interval_stocks,Consumer_Staples,YOTAU,18848,1.755356788635254e-05
1453,15_min_interval_stocks/Consumer_Staples/YOTAW.csv,15_min_interval_stocks,Consumer_Staples,YOTAW,64630,6.0191377997398376e-05
1454,15_min_interval_stocks/Consumer_Staples/ZVIA.csv,15_min_interval_stocks,Consumer_Staples,ZVIA,1182280,0.001101084053516388
1455,15_min_interval_stocks/Energy/ACDC.csv,15_min_interval_stocks,Energy,ACDC,949640,0.000884421169757843
1456,15_min_interval_stocks/Energy/AE.csv,15_min_interval_stocks,Energy,AE,3633912,0.0033843442797660828
1457,15_min_interval_stocks/Energy/AMPY.csv,15_min_interval_stocks,Energy,AMPY,2227919,0.0020749112591147423
1458,15_min_interval_stocks/Energy/AMR.csv,15_min_interval_stocks,Energy,AMR,3109444,0.002895895391702652
1459,15_min_interval_stocks/Energy/APA.csv,15_min_interval_stocks,Energy,APA,12236342,0.011395981535315514
1460,15_min_interval_stocks/Energy/AR.csv,15_min_interval_stocks,Energy,AR,4700098,0.004377307370305061
1461,15_min_interval_stocks/Energy/ARCH.csv,15_min_interval_stocks,Energy,ARCH,3481128,0.0032420530915260315
1462,15_min_interval_stocks/Energy/AREC.csv,15_min_interval_stocks,Energy,AREC,2206791,0.0020552342757582664
1463,15_min_interval_stocks/Energy/ARIS.csv,15_min_interval_stocks,Energy,ARIS,1320214,0.0012295451015233994
1464,15_min_interval_stocks/Energy/ARLP.csv,15_min_interval_stocks,Energy,ARLP,9178964,0.008548576384782791
1465,15_min_interval_stocks/Energy/BANL.csv,15_min_interval_stocks,Energy,BANL,410789,0.0003825770691037178
1466,15_min_interval_stocks/Energy/BATL.csv,15_min_interval_stocks,Energy,BATL,790807,0.0007364964112639427
1467,15_min_interval_stocks/Energy/BE.csv,15_min_interval_stocks,Energy,BE,3392733,0.0031597288325428963
1468,15_min_interval_stocks/Energy/BHP.csv,15_min_interval_stocks,Energy,BHP,13567111,0.01263535674661398
1469,15_min_interval_stocks/Energy/BKV.csv,15_min_interval_stocks,Energy,BKV,80540,7.500872015953064e-05
1470,15_min_interval_stocks/Energy/BLDP.csv,15_min_interval_stocks,Energy,BLDP,9379087,0.008734955452382565
1471,15_min_interval_stocks/Energy/BORR.csv,15_min_interval_stocks,Energy,BORR,2956256,0.002753227949142456
1472,15_min_interval_stocks/Energy/BP.csv,15_min_interval_stocks,Energy,BP,15675807,0.01459923293441534
1473,15_min_interval_stocks/Energy/BPT.csv,15_min_interval_stocks,Energy,BPT,9481968,0.00883077085018158
1474,15_min_interval_stocks/Energy/BRN.csv,15_min_interval_stocks,Energy,BRN,3033390,0.0028250645846128464
1475,15_min_interval_stocks/Energy/BROG.csv,15_min_interval_stocks,Energy,BROG,580847,0.0005409559234976768
1476,15_min_interval_stocks/Energy/BROGW.csv,15_min_interval_stocks,Energy,BROGW,82804,7.711723446846008e-05
1477,15_min_interval_stocks/Energy/BRY.csv,15_min_interval_stocks,Energy,BRY,2516243,0.0023434339091181755
1478,15_min_interval_stocks/Energy/BSM.csv,15_min_interval_stocks,Energy,BSM,3788575,0.0035283854231238365
1479,15_min_interval_stocks/Energy/BTE.csv,15_min_interval_stocks,Energy,BTE,745588,0.0006943829357624054
1480,15_min_interval_stocks/Energy/BTU.csv,15_min_interval_stocks,Energy,BTU,3944928,0.0036740005016326904
1481,15_min_interval_stocks/Energy/CAPL.csv,15_min_interval_stocks,Energy,CAPL,3810816,0.0035490989685058594
1482,15_min_interval_stocks/Energy/CEIX.csv,15_min_interval_stocks,Energy,CEIX,2983325,0.0027784379199147224
1483,15_min_interval_stocks/Energy/CHRD.csv,15_min_interval_stocks,Energy,CHRD,1847775,0.0017208745703101158
1484,15_min_interval_stocks/Energy/CIVI.csv,15_min_interval_stocks,Energy,CIVI,1441656,0.0013426467776298523
1485,15_min_interval_stocks/Energy/CKX.csv,15_min_interval_stocks,Energy,CKX,623945,0.0005810940638184547
1486,15_min_interval_stocks/Energy/CLB.csv,15_min_interval_stocks,Energy,CLB,9771129,0.009100073017179966
1487,15_min_interval_stocks/Energy/CLMT.csv,15_min_interval_stocks,Energy,CLMT,6099483,0.005680586211383343
1488,15_min_interval_stocks/Energy/CNQ.csv,15_min_interval_stocks,Energy,CNQ,9124913,0.00849823746830225
1489,15_min_interval_stocks/Energy/CNX.csv,15_min_interval_stocks,Energy,CNX,9988215,0.009302250109612942
1490,15_min_interval_stocks/Energy/COP.csv,15_min_interval_stocks,Energy,COP,12048390,0.011220937594771385
1491,15_min_interval_stocks/Energy/CRC.csv,15_min_interval_stocks,Energy,CRC,1968151,0.0018329834565520287
1492,15_min_interval_stocks/Energy/CRGY.csv,15_min_interval_stocks,Energy,CRGY,1340048,0.0012480169534683228
1493,15_min_interval_stocks/Energy/CRK.csv,15_min_interval_stocks,Energy,CRK,10201888,0.009501248598098755
1494,15_min_interval_stocks/Energy/CRT.csv,15_min_interval_stocks,Energy,CRT,6008195,0.005595567636191845
1495,15_min_interval_stocks/Energy/CTRA.csv,15_min_interval_stocks,Energy,CTRA,3494195,0.003254222683608532
1496,15_min_interval_stocks/Energy/CVE.csv,15_min_interval_stocks,Energy,CVE,6771312,0.006306275725364685
1497,15_min_interval_stocks/Energy/CVI.csv,15_min_interval_stocks,Energy,CVI,6917906,0.0064428020268678665
1498,15_min_interval_stocks/Energy/CVX.csv,15_min_interval_stocks,Energy,CVX,13276314,0.012364530935883522
1499,15_min_interval_stocks/Energy/DINO.csv,15_min_interval_stocks,Energy,DINO,7521320,0.007004775106906891
1500,15_min_interval_stocks/Energy/DK.csv,15_min_interval_stocks,Energy,DK,7434263,0.006923696957528591
1501,15_min_interval_stocks/Energy/DKL.csv,15_min_interval_stocks,Energy,DKL,3964451,0.0036921827122569084
1502,15_min_interval_stocks/Energy/DMLP.csv,15_min_interval_stocks,Energy,DMLP,6399754,0.005960235372185707
1503,15_min_interval_stocks/Energy/DVN.csv,15_min_interval_stocks,Energy,DVN,10484891,0.00976481568068266
1504,15_min_interval_stocks/Energy/DWSN.csv,15_min_interval_stocks,Energy,DWSN,6597555,0.006144451908767223
1505,15_min_interval_stocks/Energy/E.csv,15_min_interval_stocks,Energy,E,10624082,0.009894447401165962
1506,15_min_interval_stocks/Energy/EAF.csv,15_min_interval_stocks,Energy,EAF,2708847,0.002522810362279415
1507,15_min_interval_stocks/Energy/EC.csv,15_min_interval_stocks,Energy,EC,6536908,0.006087969988584518
1508,15_min_interval_stocks/Energy/EGY.csv,15_min_interval_stocks,Energy,EGY,7930574,0.007385922595858574
1509,15_min_interval_stocks/Energy/ENB.csv,15_min_interval_stocks,Energy,ENB,9371330,0.008727731183171272
1510,15_min_interval_stocks/Energy/EOG.csv,15_min_interval_stocks,Energy,EOG,11461050,0.01067393459379673
1511,15_min_interval_stocks/Energy/EONR.csv,15_min_interval_stocks,Energy,EONR,128640,0.00011980533599853516
1512,15_min_interval_stocks/Energy/EP.csv,15_min_interval_stocks,Energy,EP,625544,0.0005825832486152649
1513,15_min_interval_stocks/Energy/EPM.csv,15_min_interval_stocks,Energy,EPM,5953009,0.005544171668589115
1514,15_min_interval_stocks/Energy/EPSN.csv,15_min_interval_stocks,Energy,EPSN,1562496,0.0014551877975463867
1515,15_min_interval_stocks/Energy/EQNR.csv,15_min_interval_stocks,Energy,EQNR,3921261,0.003651958890259266
1516,15_min_interval_stocks/Energy/EQT.csv,15_min_interval_stocks,Energy,EQT,10867104,0.010120779275894165
1517,15_min_interval_stocks/Energy/EXE.csv,15_min_interval_stocks,Energy,EXE,95562,8.899904787540436e-05
1518,15_min_interval_stocks/Energy/EXEEL.csv,15_min_interval_stocks,Energy,EXEEL,5187,4.830770194530487e-06
1519,15_min_interval_stocks/Energy/FANG.csv,15_min_interval_stocks,Energy,FANG,6089755,0.005671526305377483
1520,15_min_interval_stocks/Energy/FCEL.csv,15_min_interval_stocks,Energy,FCEL,11672768,0.01087111234664917
1521,15_min_interval_stocks/Energy/FIP.csv,15_min_interval_stocks,Energy,FIP,937668,0.0008732713758945465
1522,15_min_interval_stocks/Energy/GBR.csv,15_min_interval_stocks,Energy,GBR,3016846,0.002809656783938408
1523,15_min_interval_stocks/Energy/GEL.csv,15_min_interval_stocks,Energy,GEL,7702984,0.007173962891101837
1524,15_min_interval_stocks/Energy/GFR.csv,15_min_interval_stocks,Energy,GFR,259030,0.0002412404865026474
1525,15_min_interval_stocks/Energy/GLP.csv,15_min_interval_stocks,Energy,GLP,6325021,0.0058906348422169685
1526,15_min_interval_stocks/Energy/GPOR.csv,15_min_interval_stocks,Energy,GPOR,1718885,0.0016008364036679268
1527,15_min_interval_stocks/Energy/GPRK.csv,15_min_interval_stocks,Energy,GPRK,3503917,0.0032632770016789436
1528,15_min_interval_stocks/Energy/GRNT.csv,15_min_interval_stocks,Energy,GRNT,802030,0.0007469486445188522
1529,15_min_interval_stocks/Energy/GTE.csv,15_min_interval_stocks,Energy,GTE,6207576,0.005781255662441254
1530,15_min_interval_stocks/Energy/GTI.csv,15_min_interval_stocks,Energy,GTI,190798,0.00017769448459148407
1531,15_min_interval_stocks/Energy/HAL.csv,15_min_interval_stocks,Energy,HAL,13353397,0.012436320073902607
1532,15_min_interval_stocks/Energy/HCC.csv,15_min_interval_stocks,Energy,HCC,3177978,0.002959722653031349
1533,15_min_interval_stocks/Energy/HES.csv,15_min_interval_stocks,Energy,HES,8281210,0.007712477818131447
1534,15_min_interval_stocks/Energy/HESM.csv,15_min_interval_stocks,Energy,HESM,3012851,0.002805936150252819
1535,15_min_interval_stocks/Energy/HLX.csv,15_min_interval_stocks,Energy,HLX,6709956,0.006249133497476578
1536,15_min_interval_stocks/Energy/HNRG.csv,15_min_interval_stocks,Energy,HNRG,4508562,0.004198925569653511
1537,15_min_interval_stocks/Energy/HP.csv,15_min_interval_stocks,Energy,HP,10347578,0.009636932983994484
1538,15_min_interval_stocks/Energy/HPK.csv,15_min_interval_stocks,Energy,HPK,1608361,0.0014979029074311256
1539,15_min_interval_stocks/Energy/HPKEW.csv,15_min_interval_stocks,Energy,HPKEW,181765,0.00016928184777498245
1540,15_min_interval_stocks/Energy/HTOO.csv,15_min_interval_stocks,Energy,HTOO,1412278,0.0013152863830327988
1541,15_min_interval_stocks/Energy/HTOOW.csv,15_min_interval_stocks,Energy,HTOOW,318360,0.00029649585485458374
1542,15_min_interval_stocks/Energy/HUSA.csv,15_min_interval_stocks,Energy,HUSA,6333959,0.005898959003388882
1543,15_min_interval_stocks/Energy/HYZN.csv,15_min_interval_stocks,Energy,HYZN,1956604,0.0018222294747829437
1544,15_min_interval_stocks/Energy/HYZNW.csv,15_min_interval_stocks,Energy,HYZNW,518371,0.0004827706143260002
1545,15_min_interval_stocks/Energy/IMO.csv,15_min_interval_stocks,Energy,IMO,9414914,0.008768321946263313
1546,15_min_interval_stocks/Energy/INDO.csv,15_min_interval_stocks,Energy,INDO,1690435,0.0015743402764201164
1547,15_min_interval_stocks/Energy/KGEI.csv,15_min_interval_stocks,Energy,KGEI,127211,0.00011847447603940964
1548,15_min_interval_stocks/Energy/KLXE.csv,15_min_interval_stocks,Energy,KLXE,2186562,0.00203639455139637
1549,15_min_interval_stocks/Energy/KOS.csv,15_min_interval_stocks,Energy,KOS,5708593,0.005316541530191898
1550,15_min_interval_stocks/Energy/KRP.csv,15_min_interval_stocks,Energy,KRP,2720111,0.002533300779759884
1551,15_min_interval_stocks/Energy/LB.csv,15_min_interval_stocks,Energy,LB,232072,0.00021613389253616333
1552,15_min_interval_stocks/Energy/LBRT.csv,15_min_interval_stocks,Energy,LBRT,2917680,0.0027173012495040894
1553,15_min_interval_stocks/Energy/LFUS.csv,15_min_interval_stocks,Energy,LFUS,9775263,0.009103923104703426
1554,15_min_interval_stocks/Energy/MARPS.csv,15_min_interval_stocks,Energy,MARPS,2003274,0.001865694299340248
1555,15_min_interval_stocks/Energy/METC.csv,15_min_interval_stocks,Energy,METC,2892377,0.002693735994398594
1556,15_min_interval_stocks/Energy/METCB.csv,15_min_interval_stocks,Energy,METCB,397988,0.00037065520882606506
1557,15_min_interval_stocks/Energy/METCL.csv,15_min_interval_stocks,Energy,METCL,297318,0.00027689896523952484
1558,15_min_interval_stocks/Energy/MGEE.csv,15_min_interval_stocks,Energy,MGEE,8206987,0.007643352262675762
1559,15_min_interval_stocks/Energy/MGY.csv,15_min_interval_stocks,Energy,MGY,2858955,0.0026626093313097954
1560,15_min_interval_stocks/Energy/MMLP.csv,15_min_interval_stocks,Energy,MMLP,6940125,0.006463495083153248
1561,15_min_interval_stocks/Energy/MNR.csv,15_min_interval_stocks,Energy,MNR,442537,0.00041214469820261
1562,15_min_interval_stocks/Energy/MPC.csv,15_min_interval_stocks,Energy,MPC,6714838,0.0062536802142858505
1563,15_min_interval_stocks/Energy/MPLX.csv,15_min_interval_stocks,Energy,MPLX,5297480,0.004933662712574005
1564,15_min_interval_stocks/Energy/MTDR.csv,15_min_interval_stocks,Energy,MTDR,5437208,0.005063794553279877
1565,15_min_interval_stocks/Energy/MTR.csv,15_min_interval_stocks,Energy,MTR,3234503,0.003012365661561489
1566,15_min_interval_stocks/Energy/MUR.csv,15_min_interval_stocks,Energy,MUR,10595926,0.009868225082755089
1567,15_min_interval_stocks/Energy/MVO.csv,15_min_interval_stocks,Energy,MVO,5214467,0.00485635083168745
1568,15_min_interval_stocks/Energy/MXC.csv,15_min_interval_stocks,Energy,MXC,2552688,0.0023773759603500366
1569,15_min_interval_stocks/Energy/NBR.csv,15_min_interval_stocks,Energy,NBR,8733770,0.008133957162499428
1570,15_min_interval_stocks/Energy/NC.csv,15_min_interval_stocks,Energy,NC,6727120,0.006265118718147278
1571,15_min_interval_stocks/Energy/NCSM.csv,15_min_interval_stocks,Energy,NCSM,1282576,0.001194491982460022
1572,15_min_interval_stocks/Energy/NE.csv,15_min_interval_stocks,Energy,NE,2128702,0.0019825082272291183
1573,15_min_interval_stocks/Energy/NESR.csv,15_min_interval_stocks,Energy,NESR,37471,3.4897588193416595e-05
1574,15_min_interval_stocks/Energy/NESRW.csv,15_min_interval_stocks,Energy,NESRW,4594,4.278495907783508e-06
1575,15_min_interval_stocks/Energy/NGS.csv,15_min_interval_stocks,Energy,NGS,6091817,0.0056734466925263405
1576,15_min_interval_stocks/Energy/NINE.csv,15_min_interval_stocks,Energy,NINE,2619305,0.002439417876303196
1577,15_min_interval_stocks/Energy/NOA.csv,15_min_interval_stocks,Energy,NOA,5976581,0.005566124804317951
1578,15_min_interval_stocks/Energy/NOG.csv,15_min_interval_stocks,Energy,NOG,7475816,0.006962396204471588
1579,15_min_interval_stocks/Energy/NPWR.csv,15_min_interval_stocks,Energy,NPWR,595618,0.0005547124892473221
1580,15_min_interval_stocks/Energy/NRP.csv,15_min_interval_stocks,Energy,NRP,7181574,0.0066883619874715805
1581,15_min_interval_stocks/Energy/NRT.csv,15_min_interval_stocks,Energy,NRT,4957609,0.004617133177816868
1582,15_min_interval_stocks/Energy/NWGL.csv,15_min_interval_stocks,Energy,NWGL,228440,0.0002127513289451599
1583,15_min_interval_stocks/Energy/OBE.csv,15_min_interval_stocks,Energy,OBE,1329207,0.0012379204854369164
1584,15_min_interval_stocks/Energy/OII.csv,15_min_interval_stocks,Energy,OII,9608776,0.00894887000322342
1585,15_min_interval_stocks/Energy/OVV.csv,15_min_interval_stocks,Energy,OVV,8213115,0.007649059407413006
1586,15_min_interval_stocks/Energy/OXY.csv,15_min_interval_stocks,Energy,OXY,13189501,0.012283680029213428
1587,15_min_interval_stocks/Energy/PAA.csv,15_min_interval_stocks,Energy,PAA,9764846,0.009094221517443657
1588,15_min_interval_stocks/Energy/PAGP.csv,15_min_interval_stocks,Energy,PAGP,4525197,0.0042144181206822395
1589,15_min_interval_stocks/Energy/PARR.csv,15_min_interval_stocks,Energy,PARR,3748493,0.003491056151688099
1590,15_min_interval_stocks/Energy/PBA.csv,15_min_interval_stocks,Energy,PBA,5246294,0.004885992035269737
1591,15_min_interval_stocks/Energy/PBF.csv,15_min_interval_stocks,Energy,PBF,5448837,0.00507462490350008
1592,15_min_interval_stocks/Energy/PBR.csv,15_min_interval_stocks,Energy,PBR,12703822,0.011831356212496758
1593,15_min_interval_stocks/Energy/PBT.csv,15_min_interval_stocks,Energy,PBT,8214722,0.007650556042790413
1594,15_min_interval_stocks/Energy/PDS.csv,15_min_interval_stocks,Energy,PDS,9597950,0.008938787505030632
1595,15_min_interval_stocks/Energy/PED.csv,15_min_interval_stocks,Energy,PED,3624440,0.003375522792339325
1596,15_min_interval_stocks/Energy/PHX.csv,15_min_interval_stocks,Energy,PHX,5563239,0.00518117006868124
1597,15_min_interval_stocks/Energy/PLUG.csv,15_min_interval_stocks,Energy,PLUG,10988455,0.010233796201646328
1598,15_min_interval_stocks/Energy/PNRG.csv,15_min_interval_stocks,Energy,PNRG,898040,0.0008363649249076843
1599,15_min_interval_stocks/Energy/POWL.csv,15_min_interval_stocks,Energy,POWL,8076363,0.00752169918268919
1600,15_min_interval_stocks/Energy/PR.csv,15_min_interval_stocks,Energy,PR,4225842,0.003935622051358223
1601,15_min_interval_stocks/Energy/PRT.csv,15_min_interval_stocks,Energy,PRT,1931682,0.0017990190535783768
1602,15_min_interval_stocks/Energy/PRTG.csv,15_min_interval_stocks,Energy,PRTG,868530,0.0008088815957307816
1603,15_min_interval_stocks/Energy/PSX.csv,15_min_interval_stocks,Energy,PSX,6159041,0.005736053921282291
1604,15_min_interval_stocks/Energy/PTEN.csv,15_min_interval_stocks,Energy,PTEN,10755052,0.010016422718763351
1605,15_min_interval_stocks/Energy/PTLE.csv,15_min_interval_stocks,Energy,PTLE,50134,4.66909259557724e-05
1606,15_min_interval_stocks/Energy/PUMP.csv,15_min_interval_stocks,Energy,PUMP,2768209,0.002578095532953739
1607,15_min_interval_stocks/Energy/PVL.csv,15_min_interval_stocks,Energy,PVL,4101684,0.0038199909031391144
1608,15_min_interval_stocks/Energy/RCON.csv,15_min_interval_stocks,Energy,RCON,3776846,0.0035174619406461716
1609,15_min_interval_stocks/Energy/REI.csv,15_min_interval_stocks,Energy,REI,4402951,0.004100567661225796
1610,15_min_interval_stocks/Energy/REPX.csv,15_min_interval_stocks,Energy,REPX,4551243,0.004238675348460674
1611,15_min_interval_stocks/Energy/RES.csv,15_min_interval_stocks,Energy,RES,8652131,0.008057924918830395
1612,15_min_interval_stocks/Energy/RIG.csv,15_min_interval_stocks,Energy,RIG,13364871,0.012447006069123745
1613,15_min_interval_stocks/Energy/RNGR.csv,15_min_interval_stocks,Energy,RNGR,1691332,0.0015751756727695465
1614,15_min_interval_stocks/Energy/RRC.csv,15_min_interval_stocks,Energy,RRC,10583493,0.009856645949184895
1615,15_min_interval_stocks/Energy/SBR.csv,15_min_interval_stocks,Energy,SBR,7216882,0.006721245124936104
1616,15_min_interval_stocks/Energy/SD.csv,15_min_interval_stocks,Energy,SD,3350746,0.003120625391602516
1617,15_min_interval_stocks/Energy/SDRL.csv,15_min_interval_stocks,Energy,SDRL,941402,0.0008767489343881607
1618,15_min_interval_stocks/Energy/SHEL.csv,15_min_interval_stocks,Energy,SHEL,11058275,0.01029882114380598
1619,15_min_interval_stocks/Energy/SJT.csv,15_min_interval_stocks,Energy,SJT,8877995,0.008268277160823345
1620,15_min_interval_stocks/Energy/SLB.csv,15_min_interval_stocks,Energy,SLB,13549810,0.012619243934750557
1621,15_min_interval_stocks/Energy/SM.csv,15_min_interval_stocks,Energy,SM,9497086,0.008844850584864616
1622,15_min_interval_stocks/Energy/SOBO.csv,15_min_interval_stocks,Energy,SOBO,73150,6.812624633312225e-05
1623,15_min_interval_stocks/Energy/SOC.csv,15_min_interval_stocks,Energy,SOC,318447,0.0002965768799185753
1624,15_min_interval_stocks/Energy/SSL.csv,15_min_interval_stocks,Energy,SSL,9311407,0.008671923540532589
1625,15_min_interval_stocks/Energy/STR.csv,15_min_interval_stocks,Energy,STR,2902302,0.0027029793709516525
1626,15_min_interval_stocks/Energy/SU.csv,15_min_interval_stocks,Energy,SU,11116040,0.010352618992328644
1627,15_min_interval_stocks/Energy/SUN.csv,15_min_interval_stocks,Energy,SUN,9748160,0.009078681468963623
1628,15_min_interval_stocks/Energy/TALO.csv,15_min_interval_stocks,Energy,TALO,2463114,0.0022939536720514297
1629,15_min_interval_stocks/Energy/TBN.csv,15_min_interval_stocks,Energy,TBN,101587,9.461026638746262e-05
1630,15_min_interval_stocks/Energy/THR.csv,15_min_interval_stocks,Energy,THR,4548495,0.004236116074025631
1631,15_min_interval_stocks/Energy/TPL.csv,15_min_interval_stocks,Energy,TPL,5410160,0.005038604140281677
1632,15_min_interval_stocks/Energy/TTE.csv,15_min_interval_stocks,Energy,TTE,9702002,0.009035693481564522
1633,15_min_interval_stocks/Energy/TTI.csv,15_min_interval_stocks,Energy,TTI,9262103,0.008626005612313747
1634,15_min_interval_stocks/Energy/TUSK.csv,15_min_interval_stocks,Energy,TUSK,2731583,0.0025439849123358727
1635,15_min_interval_stocks/Energy/TXO.csv,15_min_interval_stocks,Energy,TXO,549879,0.0005121147260069847
1636,15_min_interval_stocks/Energy/USEG.csv,15_min_interval_stocks,Energy,USEG,7225102,0.006728900596499443
1637,15_min_interval_stocks/Energy/VAL.csv,15_min_interval_stocks,Energy,VAL,1767871,0.0016464581713080406
1638,15_min_interval_stocks/Energy/VET.csv,15_min_interval_stocks,Energy,VET,5212707,0.004854711703956127
1639,15_min_interval_stocks/Energy/VIST.csv,15_min_interval_stocks,Energy,VIST,2022574,0.0018836688250303268
1640,15_min_interval_stocks/Energy/VLO.csv,15_min_interval_stocks,Energy,VLO,12678964,0.011808205395936966
1641,15_min_interval_stocks/Energy/VNOM.csv,15_min_interval_stocks,Energy,VNOM,4083307,0.0038028759881854057
1642,15_min_interval_stocks/Energy/VOC.csv,15_min_interval_stocks,Energy,VOC,4314026,0.004017749801278114
1643,15_min_interval_stocks/Energy/VRN.csv,15_min_interval_stocks,Energy,VRN,333094,0.0003102179616689682
1644,15_min_interval_stocks/Energy/VTLE.csv,15_min_interval_stocks,Energy,VTLE,4841120,0.004508644342422485
1645,15_min_interval_stocks/Energy/VTS.csv,15_min_interval_stocks,Energy,VTS,874516,0.0008144564926624298
1646,15_min_interval_stocks/Energy/WDS.csv,15_min_interval_stocks,Energy,WDS,1344645,0.0012522982433438301
1647,15_min_interval_stocks/Energy/WKC.csv,15_min_interval_stocks,Energy,WKC,642577,0.0005984464660286903
1648,15_min_interval_stocks/Energy/WTI.csv,15_min_interval_stocks,Energy,WTI,8657138,0.008062588050961494
1649,15_min_interval_stocks/Energy/WTTR.csv,15_min_interval_stocks,Energy,WTTR,2944479,0.0027422597631812096
1650,15_min_interval_stocks/Energy/WWD.csv,15_min_interval_stocks,Energy,WWD,7245617,0.00674800667911768
1651,15_min_interval_stocks/Energy/XOM.csv,15_min_interval_stocks,Energy,XOM,15502341,0.014437680132687092
1652,15_min_interval_stocks/Energy/XPRO.csv,15_min_interval_stocks,Energy,XPRO,4141778,0.0038573313504457474
1653,15_min_interval_stocks/Energy/YPF.csv,15_min_interval_stocks,Energy,YPF,7209951,0.006714790128171444
1654,15_min_interval_stocks/Financials/AACT.csv,15_min_interval_stocks,Financials,AACT,182485,0.0001699524000287056
1655,15_min_interval_stocks/Financials/AAME.csv,15_min_interval_stocks,Financials,AAME,1933305,0.0018005305901169777
1656,15_min_interval_stocks/Financials/AB.csv,15_min_interval_stocks,Financials,AB,7528743,0.0070116883143782616
1657,15_min_interval_stocks/Financials/ABCB.csv,15_min_interval_stocks,Financials,ABCB,7803300,0.0072673894464969635
1658,15_min_interval_stocks/Financials/ABL.csv,15_min_interval_stocks,Financials,ABL,292206,0.0002721380442380905
1659,15_min_interval_stocks/Financials/ABLLL.csv,15_min_interval_stocks,Financials,ABLLL,79503,7.404293864965439e-05
1660,15_min_interval_stocks/Financials/ABLLW.csv,15_min_interval_stocks,Financials,ABLLW,199337,0.00018564704805612564
1661,15_min_interval_stocks/Financials/ABM.csv,15_min_interval_stocks,Financials,ABM,3674418,0.0034220684319734573
1662,15_min_interval_stocks/Financials/ABNB.csv,15_min_interval_stocks,Financials,ABNB,2954367,0.0027514686807990074
1663,15_min_interval_stocks/Financials/AC.csv,15_min_interval_stocks,Financials,AC,1609606,0.001499062404036522
1664,15_min_interval_stocks/Financials/ACGL.csv,15_min_interval_stocks,Financials,ACGL,9093094,0.00846860371530056
1665,15_min_interval_stocks/Financials/ACGLN.csv,15_min_interval_stocks,Financials,ACGLN,1037617,0.000966356135904789
1666,15_min_interval_stocks/Financials/ACGLO.csv,15_min_interval_stocks,Financials,ACGLO,1854166,0.0017268266528844833
1667,15_min_interval_stocks/Financials/ACIC.csv,15_min_interval_stocks,Financials,ACIC,497484,0.0004633180797100067
1668,15_min_interval_stocks/Financials/ACNB.csv,15_min_interval_stocks,Financials,ACNB,1877154,0.001748235896229744
1669,15_min_interval_stocks/Financials/ACP.csv,15_min_interval_stocks,Financials,ACP,4591637,0.004276295192539692
1670,15_min_interval_stocks/Financials/ACT.csv,15_min_interval_stocks,Financials,ACT,1307706,0.001217896118760109
1671,15_min_interval_stocks/Financials/ACV.csv,15_min_interval_stocks,Financials,ACV,2979927,0.002775273285806179
1672,15_min_interval_stocks/Financials/ADX.csv,15_min_interval_stocks,Financials,ADX,653714,0.0006088186055421829
1673,15_min_interval_stocks/Financials/AEF.csv,15_min_interval_stocks,Financials,AEF,1792900,0.0016697682440280914
1674,15_min_interval_stocks/Financials/AEG.csv,15_min_interval_stocks,Financials,AEG,10023463,0.009335077367722988
1675,15_min_interval_stocks/Financials/AEI.csv,15_min_interval_stocks,Financials,AEI,1550251,0.0014437837526202202
1676,15_min_interval_stocks/Financials/AFB.csv,15_min_interval_stocks,Financials,AFB,6582878,0.006130782887339592
1677,15_min_interval_stocks/Financials/AFBI.csv,15_min_interval_stocks,Financials,AFBI,559969,0.0005215117707848549
1678,15_min_interval_stocks/Financials/AFCG.csv,15_min_interval_stocks,Financials,AFCG,1455298,0.0013553518801927567
1679,15_min_interval_stocks/Financials/AFG.csv,15_min_interval_stocks,Financials,AFG,9747479,0.00907804723829031
1680,15_min_interval_stocks/Financials/AFGB.csv,15_min_interval_stocks,Financials,AFGB,955681,0.0008900472894310951
1681,15_min_interval_stocks/Financials/AFGC.csv,15_min_interval_stocks,Financials,AFGC,816701,0.0007606120780110359
1682,15_min_interval_stocks/Financials/AFGD.csv,15_min_interval_stocks,Financials,AFGD,715449,0.0006663138046860695
1683,15_min_interval_stocks/Financials/AFGE.csv,15_min_interval_stocks,Financials,AFGE,503290,0.0004687253385782242
1684,15_min_interval_stocks/Financials/AFL.csv,15_min_interval_stocks,Financials,AFL,10672311,0.009939364157617092
1685,15_min_interval_stocks/Financials/AFRM.csv,15_min_interval_stocks,Financials,AFRM,2824059,0.0026301098987460136
1686,15_min_interval_stocks/Financials/AGD.csv,15_min_interval_stocks,Financials,AGD,5738310,0.0053442176431417465
1687,15_min_interval_stocks/Financials/AGM.csv,15_min_interval_stocks,Financials,AGM,8322715,0.007751132361590862
1688,15_min_interval_stocks/Financials/AGO.csv,15_min_interval_stocks,Financials,AGO,8223769,0.007658981718122959
1689,15_min_interval_stocks/Financials/AHH.csv,15_min_interval_stocks,Financials,AHH,4395209,0.004093357361853123
1690,15_min_interval_stocks/Financials/AIFU.csv,15_min_interval_stocks,Financials,AIFU,34136,3.1791627407073975e-05
1691,15_min_interval_stocks/Financials/AIG.csv,15_min_interval_stocks,Financials,AIG,12680617,0.011809744872152805
1692,15_min_interval_stocks/Financials/AIHS.csv,15_min_interval_stocks,Financials,AIHS,1811429,0.0016870247200131416
1693,15_min_interval_stocks/Financials/AIO.csv,15_min_interval_stocks,Financials,AIO,1975971,0.0018402663990855217
1694,15_min_interval_stocks/Financials/AIRE.csv,15_min_interval_stocks,Financials,AIRE,629326,0.0005861055105924606
1695,15_min_interval_stocks/Financials/AIZ.csv,15_min_interval_stocks,Financials,AIZ,8544782,0.007957948371767998
1696,15_min_interval_stocks/Financials/AIZN.csv,15_min_interval_stocks,Financials,AIZN,854534,0.0007958468049764633
1697,15_min_interval_stocks/Financials/AJG.csv,15_min_interval_stocks,Financials,AJG,10213051,0.009511644951999187
1698,15_min_interval_stocks/Financials/ALCY.csv,15_min_interval_stocks,Financials,ALCY,65245,6.0764141380786896e-05
1699,15_min_interval_stocks/Financials/ALDFU.csv,15_min_interval_stocks,Financials,ALDFU,10375,9.66247171163559e-06
1700,15_min_interval_stocks/Financials/ALFUW.csv,15_min_interval_stocks,Financials,ALFUW,12102,1.1270865797996521e-05
1701,15_min_interval_stocks/Financials/ALL.csv,15_min_interval_stocks,Financials,ALL,10725909,0.009989281184971333
1702,15_min_interval_stocks/Financials/ALLY.csv,15_min_interval_stocks,Financials,ALLY,5024239,0.004679187200963497
1703,15_min_interval_stocks/Financials/ALRS.csv,15_min_interval_stocks,Financials,ALRS,1420460,0.0013229064643383026
1704,15_min_interval_stocks/Financials/ALSA.csv,15_min_interval_stocks,Financials,ALSA,75166,7.000379264354706e-05
1705,15_min_interval_stocks/Financials/ALTI.csv,15_min_interval_stocks,Financials,ALTI,625711,0.0005827387794852257
1706,15_min_interval_stocks/Financials/AMAL.csv,15_min_interval_stocks,Financials,AMAL,2174481,0.0020251432433724403
1707,15_min_interval_stocks/Financials/AMBC.csv,15_min_interval_stocks,Financials,AMBC,4018864,0.0037428587675094604
1708,15_min_interval_stocks/Financials/AMG.csv,15_min_interval_stocks,Financials,AMG,10190666,0.00949079729616642
1709,15_min_interval_stocks/Financials/AMP.csv,15_min_interval_stocks,Financials,AMP,8141636,0.007582489401102066
1710,15_min_interval_stocks/Financials/AMSF.csv,15_min_interval_stocks,Financials,AMSF,6834821,0.0063654230907559395
1711,15_min_interval_stocks/Financials/AMTB.csv,15_min_interval_stocks,Financials,AMTB,1991871,0.0018550744280219078
1712,15_min_interval_stocks/Financials/AMTD.csv,15_min_interval_stocks,Financials,AMTD,9211892,0.00857924297451973
1713,15_min_interval_stocks/Financials/ANY.csv,15_min_interval_stocks,Financials,ANY,4480254,0.004172561690211296
1714,15_min_interval_stocks/Financials/AOD.csv,15_min_interval_stocks,Financials,AOD,6490256,0.006044521927833557
1715,15_min_interval_stocks/Financials/AOMN.csv,15_min_interval_stocks,Financials,AOMN,69928,6.512552499771118e-05
1716,15_min_interval_stocks/Financials/AOMR.csv,15_min_interval_stocks,Financials,AOMR,1193847,0.0011118566617369652
1717,15_min_interval_stocks/Financials/AON.csv,15_min_interval_stocks,Financials,AON,10491982,0.009771419689059258
1718,15_min_interval_stocks/Financials/APAM.csv,15_min_interval_stocks,Financials,APAM,4682812,0.004361208528280258
1719,15_min_interval_stocks/Financials/APLD.csv,15_min_interval_stocks,Financials,APLD,1709625,0.0015922123566269875
1720,15_min_interval_stocks/Financials/APO.csv,15_min_interval_stocks,Financials,APO,5770810,0.00537448562681675
1721,15_min_interval_stocks/Financials/APOS.csv,15_min_interval_stocks,Financials,APOS,423061,0.00039400625973939896
1722,15_min_interval_stocks/Financials/APXI.csv,15_min_interval_stocks,Financials,APXI,68743,6.402190774679184e-05
1723,15_min_interval_stocks/Financials/AQU.csv,15_min_interval_stocks,Financials,AQU,51460,4.7925859689712524e-05
1724,15_min_interval_stocks/Financials/ARBK.csv,15_min_interval_stocks,Financials,ARBK,1570800,0.0014629215002059937
1725,15_min_interval_stocks/Financials/ARBKL.csv,15_min_interval_stocks,Financials,ARBKL,408301,0.0003802599385380745
1726,15_min_interval_stocks/Financials/ARCC.csv,15_min_interval_stocks,Financials,ARCC,8740855,0.008140555582940578
1727,15_min_interval_stocks/Financials/ARDC.csv,15_min_interval_stocks,Financials,ARDC,4007869,0.0037326188758015633
1728,15_min_interval_stocks/Financials/ARES.csv,15_min_interval_stocks,Financials,ARES,4070668,0.0037911050021648407
1729,15_min_interval_stocks/Financials/ARGD.csv,15_min_interval_stocks,Financials,ARGD,788207,0.0007340749725699425
1730,15_min_interval_stocks/Financials/AROW.csv,15_min_interval_stocks,Financials,AROW,6055440,0.005639567971229553
1731,15_min_interval_stocks/Financials/ASB.csv,15_min_interval_stocks,Financials,ASB,10073049,0.009381257928907871
1732,15_min_interval_stocks/Financials/ASBA.csv,15_min_interval_stocks,Financials,ASBA,521590,0.00048576854169368744
1733,15_min_interval_stocks/Financials/ASG.csv,15_min_interval_stocks,Financials,ASG,7082911,0.0065964749082922935
1734,15_min_interval_stocks/Financials/ASGI.csv,15_min_interval_stocks,Financials,ASGI,1294116,0.0012052394449710846
1735,15_min_interval_stocks/Financials/ASPCU.csv,15_min_interval_stocks,Financials,ASPCU,5856,5.453824996948242e-06
1736,15_min_interval_stocks/Financials/ASRV.csv,15_min_interval_stocks,Financials,ASRV,2980037,0.0027753757312893867
1737,15_min_interval_stocks/Financials/ATCH.csv,15_min_interval_stocks,Financials,ATCH,346087,0.0003223186358809471
1738,15_min_interval_stocks/Financials/ATLC.csv,15_min_interval_stocks,Financials,ATLC,6164592,0.005741223692893982
1739,15_min_interval_stocks/Financials/ATLCL.csv,15_min_interval_stocks,Financials,ATLCL,329049,0.0003064507618546486
1740,15_min_interval_stocks/Financials/ATLCP.csv,15_min_interval_stocks,Financials,ATLCP,500170,0.0004658196121454239
1741,15_min_interval_stocks/Financials/ATLCZ.csv,15_min_interval_stocks,Financials,ATLCZ,202346,0.00018844939768314362
1742,15_min_interval_stocks/Financials/ATLO.csv,15_min_interval_stocks,Financials,ATLO,3146217,0.002930142916738987
1743,15_min_interval_stocks/Financials/ATMC.csv,15_min_interval_stocks,Financials,ATMC,46618,4.341639578342438e-05
1744,15_min_interval_stocks/Financials/ATMCR.csv,15_min_interval_stocks,Financials,ATMCR,30583,2.848263829946518e-05
1745,15_min_interval_stocks/Financials/ATMCW.csv,15_min_interval_stocks,Financials,ATMCW,25533,2.3779459297657013e-05
1746,15_min_interval_stocks/Financials/ATMVR.csv,15_min_interval_stocks,Financials,ATMVR,38356,3.5721808671951294e-05
1747,15_min_interval_stocks/Financials/AUB.csv,15_min_interval_stocks,Financials,AUB,3946944,0.0036758780479431152
1748,15_min_interval_stocks/Financials/AUBN.csv,15_min_interval_stocks,Financials,AUBN,1004544,0.0009355545043945312
1749,15_min_interval_stocks/Financials/AVAL.csv,15_min_interval_stocks,Financials,AVAL,3461735,0.0032239919528365135
1750,15_min_interval_stocks/Financials/AVK.csv,15_min_interval_stocks,Financials,AVK,7353505,0.006848485209047794
1751,15_min_interval_stocks/Financials/AWF.csv,15_min_interval_stocks,Financials,AWF,8855181,0.008247029967606068
1752,15_min_interval_stocks/Financials/AWP.csv,15_min_interval_stocks,Financials,AWP,6444747,0.006002138368785381
1753,15_min_interval_stocks/Financials/AX.csv,15_min_interval_stocks,Financials,AX,5369108,0.005000371485948563
1754,15_min_interval_stocks/Financials/AXP.csv,15_min_interval_stocks,Financials,AXP,12617491,0.011750954203307629
1755,15_min_interval_stocks/Financials/AXS.csv,15_min_interval_stocks,Financials,AXS,8483816,0.00790116935968399
1756,15_min_interval_stocks/Financials/BAC.csv,15_min_interval_stocks,Financials,BAC,17371330,0.0161783117800951
1757,15_min_interval_stocks/Financials/BACQU.csv,15_min_interval_stocks,Financials,BACQU,7670,7.14324414730072e-06
1758,15_min_interval_stocks/Financials/BAFN.csv,15_min_interval_stocks,Financials,BAFN,203801,0.00018980447202920914
1759,15_min_interval_stocks/Financials/BANC.csv,15_min_interval_stocks,Financials,BANC,5568193,0.005185783840715885
1760,15_min_interval_stocks/Financials/BANF.csv,15_min_interval_stocks,Financials,BANF,6758224,0.006294086575508118
1761,15_min_interval_stocks/Financials/BANFP.csv,15_min_interval_stocks,Financials,BANFP,349140,0.00032516196370124817
1762,15_min_interval_stocks/Financials/BANR.csv,15_min_interval_stocks,Financials,BANR,8728180,0.008128751069307327
1763,15_min_interval_stocks/Financials/BANX.csv,15_min_interval_stocks,Financials,BANX,2067376,0.0019253939390182495
1764,15_min_interval_stocks/Financials/BAP.csv,15_min_interval_stocks,Financials,BAP,8644078,0.008050424978137016
1765,15_min_interval_stocks/Financials/BBAR.csv,15_min_interval_stocks,Financials,BBAR,6348710,0.005912696942687035
1766,15_min_interval_stocks/Financials/BBD.csv,15_min_interval_stocks,Financials,BBD,9384042,0.008739570155739784
1767,15_min_interval_stocks/Financials/BBDC.csv,15_min_interval_stocks,Financials,BBDC,2448808,0.0022806301712989807
1768,15_min_interval_stocks/Financials/BBDO.csv,15_min_interval_stocks,Financials,BBDO,1493482,0.001390913501381874
1769,15_min_interval_stocks/Financials/BBN.csv,15_min_interval_stocks,Financials,BBN,5421195,0.005048881284892559
1770,15_min_interval_stocks/Financials/BBVA.csv,15_min_interval_stocks,Financials,BBVA,6619241,0.006164648570120335
1771,15_min_interval_stocks/Financials/BCAL.csv,15_min_interval_stocks,Financials,BCAL,306110,0.00028508715331554413
1772,15_min_interval_stocks/Financials/BCAT.csv,15_min_interval_stocks,Financials,BCAT,1733842,0.0016147661954164505
1773,15_min_interval_stocks/Financials/BCBP.csv,15_min_interval_stocks,Financials,BCBP,3037248,0.002828657627105713
1774,15_min_interval_stocks/Financials/BCG.csv,15_min_interval_stocks,Financials,BCG,136488,0.00012711435556411743
1775,15_min_interval_stocks/Financials/BCGWW.csv,15_min_interval_stocks,Financials,BCGWW,32572,3.0335038900375366e-05
1776,15_min_interval_stocks/Financials/BCH.csv,15_min_interval_stocks,Financials,BCH,6092309,0.005673904903233051
1777,15_min_interval_stocks/Financials/BCML.csv,15_min_interval_stocks,Financials,BCML,1702604,0.0015856735408306122
1778,15_min_interval_stocks/Financials/BCOW.csv,15_min_interval_stocks,Financials,BCOW,324443,0.0003021610900759697
1779,15_min_interval_stocks/Financials/BCS.csv,15_min_interval_stocks,Financials,BCS,11602499,0.010805669240653515
1780,15_min_interval_stocks/Financials/BCSF.csv,15_min_interval_stocks,Financials,BCSF,2371121,0.002208278514444828
1781,15_min_interval_stocks/Financials/BCV.csv,15_min_interval_stocks,Financials,BCV,4067879,0.003788507543504238
1782,15_min_interval_stocks/Financials/BCX.csv,15_min_interval_stocks,Financials,BCX,4962082,0.004621298983693123
1783,15_min_interval_stocks/Financials/BDJ.csv,15_min_interval_stocks,Financials,BDJ,7013013,0.006531377322971821
1784,15_min_interval_stocks/Financials/BEEP.csv,15_min_interval_stocks,Financials,BEEP,279764,0.00026055052876472473
1785,15_min_interval_stocks/Financials/BEKE.csv,15_min_interval_stocks,Financials,BEKE,3009055,0.0028024008497595787
1786,15_min_interval_stocks/Financials/BEN.csv,15_min_interval_stocks,Financials,BEN,10424797,0.009708848781883717
1787,15_min_interval_stocks/Financials/BENF.csv,15_min_interval_stocks,Financials,BENF,800950,0.0007459428161382675
1788,15_min_interval_stocks/Financials/BENFW.csv,15_min_interval_stocks,Financials,BENFW,282000,0.00026263296604156494
1789,15_min_interval_stocks/Financials/BETR.csv,15_min_interval_stocks,Financials,BETR,656075,0.0006110174581408501
1790,15_min_interval_stocks/Financials/BFAC.csv,15_min_interval_stocks,Financials,BFAC,149331,0.00013907533138990402
1791,15_min_interval_stocks/Financials/BFC.csv,15_min_interval_stocks,Financials,BFC,1085612,0.0010110549628734589
1792,15_min_interval_stocks/Financials/BFIN.csv,15_min_interval_stocks,Financials,BFIN,5301561,0.004937463440001011
1793,15_min_interval_stocks/Financials/BFK.csv,15_min_interval_stocks,Financials,BFK,7187684,0.006694052368402481
1794,15_min_interval_stocks/Financials/BFST.csv,15_min_interval_stocks,Financials,BFST,1751331,0.0016310540959239006
1795,15_min_interval_stocks/Financials/BFZ.csv,15_min_interval_stocks,Financials,BFZ,6019723,0.005606303922832012
1796,15_min_interval_stocks/Financials/BGB.csv,15_min_interval_stocks,Financials,BGB,4300339,0.004005002789199352
1797,15_min_interval_stocks/Financials/BGC.csv,15_min_interval_stocks,Financials,BGC,599270,0.0005581136792898178
1798,15_min_interval_stocks/Financials/BGH.csv,15_min_interval_stocks,Financials,BGH,4080387,0.0038001565262675285
1799,15_min_interval_stocks/Financials/BGR.csv,15_min_interval_stocks,Financials,BGR,7097651,0.006610202603042126
1800,15_min_interval_stocks/Financials/BGT.csv,15_min_interval_stocks,Financials,BGT,6573936,0.00612245500087738
1801,15_min_interval_stocks/Financials/BGX.csv,15_min_interval_stocks,Financials,BGX,4219247,0.003929479978978634
1802,15_min_interval_stocks/Financials/BGY.csv,15_min_interval_stocks,Financials,BGY,6268672,0.005838155746459961
1803,15_min_interval_stocks/Financials/BHB.csv,15_min_interval_stocks,Financials,BHB,3400792,0.0031672343611717224
1804,15_min_interval_stocks/Financials/BHF.csv,15_min_interval_stocks,Financials,BHF,2593005,0.002414924092590809
1805,15_min_interval_stocks/Financials/BHFAL.csv,15_min_interval_stocks,Financials,BHFAL,1446453,0.0013471143320202827
1806,15_min_interval_stocks/Financials/BHFAM.csv,15_min_interval_stocks,Financials,BHFAM,818449,0.0007622400298714638
1807,15_min_interval_stocks/Financials/BHFAN.csv,15_min_interval_stocks,Financials,BHFAN,1249024,0.0011632442474365234
1808,15_min_interval_stocks/Financials/BHFAO.csv,15_min_interval_stocks,Financials,BHFAO,1204791,0.001122049055993557
1809,15_min_interval_stocks/Financials/BHFAP.csv,15_min_interval_stocks,Financials,BHFAP,1481666,0.0013799089938402176
1810,15_min_interval_stocks/Financials/BHK.csv,15_min_interval_stocks,Financials,BHK,7689648,0.007161542773246765
1811,15_min_interval_stocks/Financials/BHLB.csv,15_min_interval_stocks,Financials,BHLB,7112153,0.006623708643019199
1812,15_min_interval_stocks/Financials/BHRB.csv,15_min_interval_stocks,Financials,BHRB,364574,0.00033953599631786346
1813,15_min_interval_stocks/Financials/BHV.csv,15_min_interval_stocks,Financials,BHV,943546,0.0008787456899881363
1814,15_min_interval_stocks/Financials/BIT.csv,15_min_interval_stocks,Financials,BIT,4273337,0.003979855217039585
1815,15_min_interval_stocks/Financials/BITF.csv,15_min_interval_stocks,Financials,BITF,2225803,0.002072940580546856
1816,15_min_interval_stocks/Financials/BK.csv,15_min_interval_stocks,Financials,BK,10981223,0.010227060876786709
1817,15_min_interval_stocks/Financials/BKKT.csv,15_min_interval_stocks,Financials,BKKT,1937994,0.0018048975616693497
1818,15_min_interval_stocks/Financials/BKN.csv,15_min_interval_stocks,Financials,BKN,5475710,0.005099652335047722
1819,15_min_interval_stocks/Financials/BKT.csv,15_min_interval_stocks,Financials,BKT,8111314,0.0075542498379945755
1820,15_min_interval_stocks/Financials/BKU.csv,15_min_interval_stocks,Financials,BKU,5525720,0.005146227777004242
1821,15_min_interval_stocks/Financials/BLAC.csv,15_min_interval_stocks,Financials,BLAC,51881,4.831794649362564e-05
1822,15_min_interval_stocks/Financials/BLE.csv,15_min_interval_stocks,Financials,BLE,6286448,0.005854710936546326
1823,15_min_interval_stocks/Financials/BLFY.csv,15_min_interval_stocks,Financials,BLFY,969498,0.0009029153734445572
1824,15_min_interval_stocks/Financials/BLK.csv,15_min_interval_stocks,Financials,BLK,10822748,0.010079469531774521
1825,15_min_interval_stocks/Financials/BLX.csv,15_min_interval_stocks,Financials,BLX,8527693,0.007942033000290394
1826,15_min_interval_stocks/Financials/BMA.csv,15_min_interval_stocks,Financials,BMA,7168337,0.006676034070551395
1827,15_min_interval_stocks/Financials/BME.csv,15_min_interval_stocks,Financials,BME,5609993,0.005224713124334812
1828,15_min_interval_stocks/Financials/BMEZ.csv,15_min_interval_stocks,Financials,BMEZ,1958554,0.001824045553803444
1829,15_min_interval_stocks/Financials/BMN.csv,15_min_interval_stocks,Financials,BMN,405116,0.0003772936761379242
1830,15_min_interval_stocks/Financials/BMO.csv,15_min_interval_stocks,Financials,BMO,9514263,0.008860847912728786
1831,15_min_interval_stocks/Financials/BMRC.csv,15_min_interval_stocks,Financials,BMRC,4177191,0.0038903122767806053
1832,15_min_interval_stocks/Financials/BMTX.csv,15_min_interval_stocks,Financials,BMTX,1181363,0.0011002300307154655
1833,15_min_interval_stocks/Financials/BNIX.csv,15_min_interval_stocks,Financials,BNIX,55881,5.2043236792087555e-05
1834,15_min_interval_stocks/Financials/BNS.csv,15_min_interval_stocks,Financials,BNS,8763156,0.008161325007677078
1835,15_min_interval_stocks/Financials/BNT.csv,15_min_interval_stocks,Financials,BNT,51606,4.8061832785606384e-05
1836,15_min_interval_stocks/Financials/BNY.csv,15_min_interval_stocks,Financials,BNY,4732226,0.0044072289019823074
1837,15_min_interval_stocks/Financials/BOC.csv,15_min_interval_stocks,Financials,BOC,2473788,0.0023038946092128754
1838,15_min_interval_stocks/Financials/BOE.csv,15_min_interval_stocks,Financials,BOE,6750679,0.006287059746682644
1839,15_min_interval_stocks/Financials/BOH.csv,15_min_interval_stocks,Financials,BOH,9887613,0.009208557195961475
1840,15_min_interval_stocks/Financials/BOKF.csv,15_min_interval_stocks,Financials,BOKF,8992765,0.008375165052711964
1841,15_min_interval_stocks/Financials/BOTJ.csv,15_min_interval_stocks,Financials,BOTJ,625850,0.0005828682333230972
1842,15_min_interval_stocks/Financials/BOW.csv,15_min_interval_stocks,Financials,BOW,198057,0.00018445495516061783
1843,15_min_interval_stocks/Financials/BPOP.csv,15_min_interval_stocks,Financials,BPOP,10104100,0.009410176426172256
1844,15_min_interval_stocks/Financials/BPOPM.csv,15_min_interval_stocks,Financials,BPOPM,792972,0.0007385127246379852
1845,15_min_interval_stocks/Financials/BPRN.csv,15_min_interval_stocks,Financials,BPRN,1048085,0.0009761052206158638
1846,15_min_interval_stocks/Financials/BPYPM.csv,15_min_interval_stocks,Financials,BPYPM,848214,0.0007899608463048935
1847,15_min_interval_stocks/Financials/BPYPN.csv,15_min_interval_stocks,Financials,BPYPN,898097,0.0008364180102944374
1848,15_min_interval_stocks/Financials/BPYPO.csv,15_min_interval_stocks,Financials,BPYPO,1040823,0.0009693419560790062
1849,15_min_interval_stocks/Financials/BPYPP.csv,15_min_interval_stocks,Financials,BPYPP,1158456,0.0010788962244987488
1850,15_min_interval_stocks/Financials/BRAC.csv,15_min_interval_stocks,Financials,BRAC,44098,4.106946289539337e-05
1851,15_min_interval_stocks/Financials/BRBS.csv,15_min_interval_stocks,Financials,BRBS,1191303,0.0011094873771071434
1852,15_min_interval_stocks/Financials/BRDG.csv,15_min_interval_stocks,Financials,BRDG,1298967,0.0012097572907805443
1853,15_min_interval_stocks/Financials/BRKH.csv,15_min_interval_stocks,Financials,BRKH,101330,9.437091648578644e-05
1854,15_min_interval_stocks/Financials/BRKHW.csv,15_min_interval_stocks,Financials,BRKHW,173363,0.0001614568755030632
1855,15_min_interval_stocks/Financials/BRKL.csv,15_min_interval_stocks,Financials,BRKL,8946764,0.008332323282957077
1856,15_min_interval_stocks/Financials/BRO.csv,15_min_interval_stocks,Financials,BRO,9644778,0.008982399478554726
1857,15_min_interval_stocks/Financials/BRW.csv,15_min_interval_stocks,Financials,BRW,5641890,0.005254419520497322
1858,15_min_interval_stocks/Financials/BSAC.csv,15_min_interval_stocks,Financials,BSAC,6873474,0.006401421502232552
1859,15_min_interval_stocks/Financials/BSBK.csv,15_min_interval_stocks,Financials,BSBK,442530,0.0004121381789445877
1860,15_min_interval_stocks/Financials/BSBR.csv,15_min_interval_stocks,Financials,BSBR,6053928,0.005638159811496735
1861,15_min_interval_stocks/Financials/BSIG.csv,15_min_interval_stocks,Financials,BSIG,3779890,0.003520296886563301
1862,15_min_interval_stocks/Financials/BSIIW.csv,15_min_interval_stocks,Financials,BSIIW,3872,3.606081008911133e-06
1863,15_min_interval_stocks/Financials/BSL.csv,15_min_interval_stocks,Financials,BSL,4551742,0.004239140078425407
1864,15_min_interval_stocks/Financials/BSRR.csv,15_min_interval_stocks,Financials,BSRR,5421262,0.005048943683505058
1865,15_min_interval_stocks/Financials/BST.csv,15_min_interval_stocks,Financials,BST,4037249,0.003759981133043766
1866,15_min_interval_stocks/Financials/BSTZ.csv,15_min_interval_stocks,Financials,BSTZ,2250561,0.002095998264849186
1867,15_min_interval_stocks/Financials/BSVN.csv,15_min_interval_stocks,Financials,BSVN,934968,0.0008707568049430847
1868,15_min_interval_stocks/Financials/BTA.csv,15_min_interval_stocks,Financials,BTA,4772368,0.004444614052772522
1869,15_min_interval_stocks/Financials/BTBT.csv,15_min_interval_stocks,Financials,BTBT,2855779,0.0026596514508128166
1870,15_min_interval_stocks/Financials/BTCS.csv,15_min_interval_stocks,Financials,BTCS,1185478,0.0011040624231100082
1871,15_min_interval_stocks/Financials/BTDR.csv,15_min_interval_stocks,Financials,BTDR,871106,0.000811280682682991
1872,15_min_interval_stocks/Financials/BTM.csv,15_min_interval_stocks,Financials,BTM,716547,0.0006673363968729973
1873,15_min_interval_stocks/Financials/BTMWW.csv,15_min_interval_stocks,Financials,BTMWW,161593,0.00015049520879983902
1874,15_min_interval_stocks/Financials/BTO.csv,15_min_interval_stocks,Financials,BTO,8522942,0.007937608286738396
1875,15_min_interval_stocks/Financials/BTOG.csv,15_min_interval_stocks,Financials,BTOG,1688484,0.0015725232660770416
1876,15_min_interval_stocks/Financials/BTT.csv,15_min_interval_stocks,Financials,BTT,4498275,0.004189345054328442
1877,15_min_interval_stocks/Financials/BTZ.csv,15_min_interval_stocks,Financials,BTZ,6466161,0.006022081710398197
1878,15_min_interval_stocks/Financials/BUI.csv,15_min_interval_stocks,Financials,BUI,4276271,0.003982587717473507
1879,15_min_interval_stocks/Financials/BUJAW.csv,15_min_interval_stocks,Financials,BUJAW,15512,1.4446675777435303e-05
1880,15_min_interval_stocks/Financials/BUR.csv,15_min_interval_stocks,Financials,BUR,2292148,0.00213472917675972
1881,15_min_interval_stocks/Financials/BUSE.csv,15_min_interval_stocks,Financials,BUSE,7884950,0.007343431934714317
1882,15_min_interval_stocks/Financials/BVFL.csv,15_min_interval_stocks,Financials,BVFL,227595,0.00021196436136960983
1883,15_min_interval_stocks/Financials/BWB.csv,15_min_interval_stocks,Financials,BWB,1841608,0.0017151311039924622
1884,15_min_interval_stocks/Financials/BWBBP.csv,15_min_interval_stocks,Financials,BWBBP,168735,0.00015714671462774277
1885,15_min_interval_stocks/Financials/BWFG.csv,15_min_interval_stocks,Financials,BWFG,1803422,0.0016795676201581955
1886,15_min_interval_stocks/Financials/BWG.csv,15_min_interval_stocks,Financials,BWG,3916505,0.0036475295200943947
1887,15_min_interval_stocks/Financials/BWIN.csv,15_min_interval_stocks,Financials,BWIN,204889,0.00019081775099039078
1888,15_min_interval_stocks/Financials/BX.csv,15_min_interval_stocks,Financials,BX,8841928,0.008234687149524689
1889,15_min_interval_stocks/Financials/BXMX.csv,15_min_interval_stocks,Financials,BXMX,6246253,0.0058172764256596565
1890,15_min_interval_stocks/Financials/BXSL.csv,15_min_interval_stocks,Financials,BXSL,1455849,0.0013558650389313698
1891,15_min_interval_stocks/Financials/BY.csv,15_min_interval_stocks,Financials,BY,2703428,0.002517763525247574
1892,15_min_interval_stocks/Financials/BYFC.csv,15_min_interval_stocks,Financials,BYFC,1841027,0.0017145900055766106
1893,15_min_interval_stocks/Financials/BYM.csv,15_min_interval_stocks,Financials,BYM,6134957,0.005713623948395252
1894,15_min_interval_stocks/Financials/BYNO.csv,15_min_interval_stocks,Financials,BYNO,78348,7.296726107597351e-05
1895,15_min_interval_stocks/Financials/C.csv,15_min_interval_stocks,Financials,C,16606244,0.015465769916772842
1896,15_min_interval_stocks/Financials/CAC.csv,15_min_interval_stocks,Financials,CAC,5757876,0.005362439900636673
1897,15_min_interval_stocks/Financials/CACC.csv,15_min_interval_stocks,Financials,CACC,6047768,0.005632422864437103
1898,15_min_interval_stocks/Financials/CADE.csv,15_min_interval_stocks,Financials,CADE,3086755,0.0028747646138072014
1899,15_min_interval_stocks/Financials/CAF.csv,15_min_interval_stocks,Financials,CAF,6216365,0.005789441056549549
1900,15_min_interval_stocks/Financials/CARE.csv,15_min_interval_stocks,Financials,CARE,2284578,0.0021276790648698807
1901,15_min_interval_stocks/Financials/CARV.csv,15_min_interval_stocks,Financials,CARV,1877254,0.0017483290284872055
1902,15_min_interval_stocks/Financials/CASH.csv,15_min_interval_stocks,Financials,CASH,4590352,0.004275098443031311
1903,15_min_interval_stocks/Financials/CATY.csv,15_min_interval_stocks,Financials,CATY,9210911,0.008578329347074032
1904,15_min_interval_stocks/Financials/CB.csv,15_min_interval_stocks,Financials,CB,10801123,0.010059329681098461
1905,15_min_interval_stocks/Financials/CBAN.csv,15_min_interval_stocks,Financials,CBAN,2084436,0.0019412823021411896
1906,15_min_interval_stocks/Financials/CBFV.csv,15_min_interval_stocks,Financials,CBFV,991930,0.0009238068014383316
1907,15_min_interval_stocks/Financials/CBNA.csv,15_min_interval_stocks,Financials,CBNA,38853,3.618467599153519e-05
1908,15_min_interval_stocks/Financials/CBNK.csv,15_min_interval_stocks,Financials,CBNK,1237079,0.0011521195992827415
1909,15_min_interval_stocks/Financials/CBOE.csv,15_min_interval_stocks,Financials,CBOE,6219728,0.005792573094367981
1910,15_min_interval_stocks/Financials/CBRE.csv,15_min_interval_stocks,Financials,CBRE,2514802,0.0023420918732881546
1911,15_min_interval_stocks/Financials/CBSH.csv,15_min_interval_stocks,Financials,CBSH,9804230,0.009130900725722313
1912,15_min_interval_stocks/Financials/CBU.csv,15_min_interval_stocks,Financials,CBU,9085749,0.00846176315099001
1913,15_min_interval_stocks/Financials/CCAP.csv,15_min_interval_stocks,Financials,CCAP,1586847,0.0014778664335608482
1914,15_min_interval_stocks/Financials/CCB.csv,15_min_interval_stocks,Financials,CCB,1446928,0.001347556710243225
1915,15_min_interval_stocks/Financials/CCBG.csv,15_min_interval_stocks,Financials,CCBG,5997648,0.0055857449769973755
1916,15_min_interval_stocks/Financials/CCD.csv,15_min_interval_stocks,Financials,CCD,3453288,0.0032161250710487366
1917,15_min_interval_stocks/Financials/CCG.csv,15_min_interval_stocks,Financials,CCG,499397,0.0004650996997952461
1918,15_min_interval_stocks/Financials/CCGWW.csv,15_min_interval_stocks,Financials,CCGWW,58784,5.474686622619629e-05
1919,15_min_interval_stocks/Financials/CCIF.csv,15_min_interval_stocks,Financials,CCIF,456583,0.000425226055085659
1920,15_min_interval_stocks/Financials/CCIRU.csv,15_min_interval_stocks,Financials,CCIRU,12199,1.1361204087734222e-05
1921,15_min_interval_stocks/Financials/CCNE.csv,15_min_interval_stocks,Financials,CCNE,4320974,0.004024220630526543
1922,15_min_interval_stocks/Financials/CCNEP.csv,15_min_interval_stocks,Financials,CCNEP,222328,0.0002070590853691101
1923,15_min_interval_stocks/Financials/CEE.csv,15_min_interval_stocks,Financials,CEE,5220943,0.00486238207668066
1924,15_min_interval_stocks/Financials/CELZ.csv,15_min_interval_stocks,Financials,CELZ,889651,0.0008285520598292351
1925,15_min_interval_stocks/Financials/CEP.csv,15_min_interval_stocks,Financials,CEP,21456,1.9982457160949707e-05
1926,15_min_interval_stocks/Financials/CET.csv,15_min_interval_stocks,Financials,CET,4876640,0.004541724920272827
1927,15_min_interval_stocks/Financials/CEV.csv,15_min_interval_stocks,Financials,CEV,4019140,0.0037431158125400543
1928,15_min_interval_stocks/Financials/CFB.csv,15_min_interval_stocks,Financials,CFB,1667022,0.0015525352209806442
1929,15_min_interval_stocks/Financials/CFBK.csv,15_min_interval_stocks,Financials,CFBK,1254751,0.0011685779318213463
1930,15_min_interval_stocks/Financials/CFFI.csv,15_min_interval_stocks,Financials,CFFI,1831778,0.001705976203083992
1931,15_min_interval_stocks/Financials/CFFN.csv,15_min_interval_stocks,Financials,CFFN,8912930,0.008300812914967537
1932,15_min_interval_stocks/Financials/CFFS.csv,15_min_interval_stocks,Financials,CFFS,74334,6.922893226146698e-05
1933,15_min_interval_stocks/Financials/CFG.csv,15_min_interval_stocks,Financials,CFG,4609211,0.004292662255465984
1934,15_min_interval_stocks/Financials/CFR.csv,15_min_interval_stocks,Financials,CFR,9981562,0.009296054020524025
1935,15_min_interval_stocks/Financials/CFSB.csv,15_min_interval_stocks,Financials,CFSB,148126,0.00013795308768749237
1936,15_min_interval_stocks/Financials/CG.csv,15_min_interval_stocks,Financials,CG,3049226,0.002839813008904457
1937,15_min_interval_stocks/Financials/CGABL.csv,15_min_interval_stocks,Financials,CGABL,887919,0.0008269390091300011
1938,15_min_interval_stocks/Financials/CGBD.csv,15_min_interval_stocks,Financials,CGBD,2805374,0.0026127081364393234
1939,15_min_interval_stocks/Financials/CGO.csv,15_min_interval_stocks,Financials,CGO,4617231,0.0043001314625144005
1940,15_min_interval_stocks/Financials/CHCI.csv,15_min_interval_stocks,Financials,CHCI,3758782,0.0035006385296583176
1941,15_min_interval_stocks/Financials/CHCO.csv,15_min_interval_stocks,Financials,CHCO,8450049,0.00786972139030695
1942,15_min_interval_stocks/Financials/CHI.csv,15_min_interval_stocks,Financials,CHI,7923053,0.007378918118774891
1943,15_min_interval_stocks/Financials/CHMG.csv,15_min_interval_stocks,Financials,CHMG,1515001,0.0014109546318650246
1944,15_min_interval_stocks/Financials/CHN.csv,15_min_interval_stocks,Financials,CHN,6252459,0.00582305621355772
1945,15_min_interval_stocks/Financials/CHW.csv,15_min_interval_stocks,Financials,CHW,6048330,0.005632946267724037
1946,15_min_interval_stocks/Financials/CHY.csv,15_min_interval_stocks,Financials,CHY,7679130,0.0071517471224069595
1947,15_min_interval_stocks/Financials/CIA.csv,15_min_interval_stocks,Financials,CIA,6347273,0.005911358632147312
1948,15_min_interval_stocks/Financials/CIB.csv,15_min_interval_stocks,Financials,CIB,8379112,0.007803656160831451
1949,15_min_interval_stocks/Financials/CICB.csv,15_min_interval_stocks,Financials,CICB,33318,3.102980554103851e-05
1950,15_min_interval_stocks/Financials/CIF.csv,15_min_interval_stocks,Financials,CIF,5641242,0.005253816023468971
1951,15_min_interval_stocks/Financials/CIFR.csv,15_min_interval_stocks,Financials,CIFR,1919928,0.0017880722880363464
1952,15_min_interval_stocks/Financials/CIFRW.csv,15_min_interval_stocks,Financials,CIFRW,596284,0.000555332750082016
1953,15_min_interval_stocks/Financials/CIGI.csv,15_min_interval_stocks,Financials,CIGI,5787526,0.005390053614974022
1954,15_min_interval_stocks/Financials/CII.csv,15_min_interval_stocks,Financials,CII,6953524,0.006475973874330521
1955,15_min_interval_stocks/Financials/CIK.csv,15_min_interval_stocks,Financials,CIK,5937604,0.005529824644327164
1956,15_min_interval_stocks/Financials/CINF.csv,15_min_interval_stocks,Financials,CINF,10473116,0.009753849357366562
1957,15_min_interval_stocks/Financials/CION.csv,15_min_interval_stocks,Financials,CION,1231350,0.0011467840522527695
1958,15_min_interval_stocks/Financials/CITE.csv,15_min_interval_stocks,Financials,CITE,77582,7.225386798381805e-05
1959,15_min_interval_stocks/Financials/CITEW.csv,15_min_interval_stocks,Financials,CITEW,49880,4.645437002182007e-05
1960,15_min_interval_stocks/Financials/CIVB.csv,15_min_interval_stocks,Financials,CIVB,3008105,0.002801516093313694
1961,15_min_interval_stocks/Financials/CLBK.csv,15_min_interval_stocks,Financials,CLBK,2155623,0.0020075803622603416
1962,15_min_interval_stocks/Financials/CLM.csv,15_min_interval_stocks,Financials,CLM,7996763,0.007447565905749798
1963,15_min_interval_stocks/Financials/CLSK.csv,15_min_interval_stocks,Financials,CLSK,3343039,0.0031134476885199547
1964,15_min_interval_stocks/Financials/CLST.csv,15_min_interval_stocks,Financials,CLST,203177,0.00018922332674264908
1965,15_min_interval_stocks/Financials/CM.csv,15_min_interval_stocks,Financials,CM,7375602,0.006869064643979073
1966,15_min_interval_stocks/Financials/CMA.csv,15_min_interval_stocks,Financials,CMA,10476304,0.009756818413734436
1967,15_min_interval_stocks/Financials/CME.csv,15_min_interval_stocks,Financials,CME,9822133,0.009147574193775654
1968,15_min_interval_stocks/Financials/CMPO.csv,15_min_interval_stocks,Financials,CMPO,1258843,0.0011723889037966728
1969,15_min_interval_stocks/Financials/CMPOW.csv,15_min_interval_stocks,Financials,CMPOW,396336,0.0003691166639328003
1970,15_min_interval_stocks/Financials/CMTG.csv,15_min_interval_stocks,Financials,CMTG,1181523,0.001100379042327404
1971,15_min_interval_stocks/Financials/CMU.csv,15_min_interval_stocks,Financials,CMU,5714120,0.005321688950061798
1972,15_min_interval_stocks/Financials/CNA.csv,15_min_interval_stocks,Financials,CNA,9598964,0.008939731866121292
1973,15_min_interval_stocks/Financials/CNF.csv,15_min_interval_stocks,Financials,CNF,899801,0.0008380049839615822
1974,15_min_interval_stocks/Financials/CNFR.csv,15_min_interval_stocks,Financials,CNFR,753957,0.0007021771743893623
1975,15_min_interval_stocks/Financials/CNO.csv,15_min_interval_stocks,Financials,CNO,8503653,0.007919644005596638
1976,15_min_interval_stocks/Financials/CNOB.csv,15_min_interval_stocks,Financials,CNOB,4158759,0.003873146139085293
1977,15_min_interval_stocks/Financials/CNOBP.csv,15_min_interval_stocks,Financials,CNOBP,306180,0.0002851523458957672
1978,15_min_interval_stocks/Financials/CNS.csv,15_min_interval_stocks,Financials,CNS,7737110,0.007205745205283165
1979,15_min_interval_stocks/Financials/COF.csv,15_min_interval_stocks,Financials,COF,11438656,0.010653078556060791
1980,15_min_interval_stocks/Financials/COFS.csv,15_min_interval_stocks,Financials,COFS,868311,0.0008086776360869408
1981,15_min_interval_stocks/Financials/COHN.csv,15_min_interval_stocks,Financials,COHN,1120069,0.0010431455448269844
1982,15_min_interval_stocks/Financials/COIN.csv,15_min_interval_stocks,Financials,COIN,2931183,0.002729876898229122
1983,15_min_interval_stocks/Financials/COLB.csv,15_min_interval_stocks,Financials,COLB,9124281,0.008497648872435093
1984,15_min_interval_stocks/Financials/COOP.csv,15_min_interval_stocks,Financials,COOP,4031302,0.0037544425576925278
1985,15_min_interval_stocks/Financials/CORZ.csv,15_min_interval_stocks,Financials,CORZ,597193,0.0005561793223023415
1986,15_min_interval_stocks/Financials/CORZW.csv,15_min_interval_stocks,Financials,CORZW,281649,0.0002623060718178749
1987,15_min_interval_stocks/Financials/CORZZ.csv,15_min_interval_stocks,Financials,CORZZ,286797,0.0002671005204319954
1988,15_min_interval_stocks/Financials/CPBI.csv,15_min_interval_stocks,Financials,CPBI,105023,9.78102907538414e-05
1989,15_min_interval_stocks/Financials/CPF.csv,15_min_interval_stocks,Financials,CPF,8440179,0.007860529236495495
1990,15_min_interval_stocks/Financials/CPSS.csv,15_min_interval_stocks,Financials,CPSS,4488547,0.004180285148322582
1991,15_min_interval_stocks/Financials/CPZ.csv,15_min_interval_stocks,Financials,CPZ,1577632,0.0014692842960357666
1992,15_min_interval_stocks/Financials/CRBG.csv,15_min_interval_stocks,Financials,CRBG,1023515,0.0009532226249575615
1993,15_min_interval_stocks/Financials/CRESW.csv,15_min_interval_stocks,Financials,CRESW,213275,0.00019862782210111618
1994,15_min_interval_stocks/Financials/CRESY.csv,15_min_interval_stocks,Financials,CRESY,7554968,0.0070361122488975525
1995,15_min_interval_stocks/Financials/CRF.csv,15_min_interval_stocks,Financials,CRF,6761257,0.006296911276876926
1996,15_min_interval_stocks/Financials/CRVL.csv,15_min_interval_stocks,Financials,CRVL,6738149,0.006275390274822712
1997,15_min_interval_stocks/Financials/CSLM.csv,15_min_interval_stocks,Financials,CSLM,74589,6.946641951799393e-05
1998,15_min_interval_stocks/Financials/CSQ.csv,15_min_interval_stocks,Financials,CSQ,7569922,0.007050039246678352
1999,15_min_interval_stocks/Financials/CSWCZ.csv,15_min_interval_stocks,Financials,CSWCZ,199542,0.00018583796918392181
2000,15_min_interval_stocks/Financials/CTBI.csv,15_min_interval_stocks,Financials,CTBI,7510473,0.006994673050940037
2001,15_min_interval_stocks/Financials/CUBA.csv,15_min_interval_stocks,Financials,CUBA,3068535,0.0028577959164977074
2002,15_min_interval_stocks/Financials/CUBB.csv,15_min_interval_stocks,Financials,CUBB,378251,0.00035227369517087936
2003,15_min_interval_stocks/Financials/CUBI.csv,15_min_interval_stocks,Financials,CUBI,4045795,0.00376794021576643
2004,15_min_interval_stocks/Financials/CUBWU.csv,15_min_interval_stocks,Financials,CUBWU,19966,1.8594786524772644e-05
2005,15_min_interval_stocks/Financials/CURB.csv,15_min_interval_stocks,Financials,CURB,71702,6.677769124507904e-05
2006,15_min_interval_stocks/Financials/CVBF.csv,15_min_interval_stocks,Financials,CVBF,8825972,0.008219826966524124
2007,15_min_interval_stocks/Financials/CWBC.csv,15_min_interval_stocks,Financials,CWBC,1143477,0.0010649459436535835
2008,15_min_interval_stocks/Financials/CWD.csv,15_min_interval_stocks,Financials,CWD,295262,0.0002749841660261154
2009,15_min_interval_stocks/Financials/CWK.csv,15_min_interval_stocks,Financials,CWK,2260512,0.0021052658557891846
2010,15_min_interval_stocks/Financials/CXE.csv,15_min_interval_stocks,Financials,CXE,6146503,0.0057243769988417625
2011,15_min_interval_stocks/Financials/CXH.csv,15_min_interval_stocks,Financials,CXH,3720301,0.0034648003056645393
2012,15_min_interval_stocks/Financials/CZFS.csv,15_min_interval_stocks,Financials,CZFS,545370,0.0005079153925180435
2013,15_min_interval_stocks/Financials/CZNC.csv,15_min_interval_stocks,Financials,CZNC,4225667,0.003935459069907665
2014,15_min_interval_stocks/Financials/CZWI.csv,15_min_interval_stocks,Financials,CZWI,1355075,0.0012620119377970695
2015,15_min_interval_stocks/Financials/DAVE.csv,15_min_interval_stocks,Financials,DAVE,1140872,0.0010625198483467102
2016,15_min_interval_stocks/Financials/DAVEW.csv,15_min_interval_stocks,Financials,DAVEW,328452,0.00030589476227760315
2017,15_min_interval_stocks/Financials/DB.csv,15_min_interval_stocks,Financials,DB,12181371,0.011344785802066326
2018,15_min_interval_stocks/Financials/DCOM.csv,15_min_interval_stocks,Financials,DCOM,9110956,0.008485238999128342
2019,15_min_interval_stocks/Financials/DCOMG.csv,15_min_interval_stocks,Financials,DCOMG,49631,4.6222470700740814e-05
2020,15_min_interval_stocks/Financials/DCOMP.csv,15_min_interval_stocks,Financials,DCOMP,729698,0.0006795842200517654
2021,15_min_interval_stocks/Financials/DECA.csv,15_min_interval_stocks,Financials,DECA,171366,0.0001595970243215561
2022,15_min_interval_stocks/Financials/DECAW.csv,15_min_interval_stocks,Financials,DECAW,26463,2.4645589292049408e-05
2023,15_min_interval_stocks/Financials/DEVS.csv,15_min_interval_stocks,Financials,DEVS,56633,5.2743591368198395e-05
2024,15_min_interval_stocks/Financials/DFP.csv,15_min_interval_stocks,Financials,DFP,4000080,0.0037253648042678833
2025,15_min_interval_stocks/Financials/DFS.csv,15_min_interval_stocks,Financials,DFS,7907488,0.007364422082901001
2026,15_min_interval_stocks/Financials/DGHI.csv,15_min_interval_stocks,Financials,DGHI,895758,0.0008342396467924118
2027,15_min_interval_stocks/Financials/DGICA.csv,15_min_interval_stocks,Financials,DGICA,5800380,0.005402024835348129
2028,15_min_interval_stocks/Financials/DGICB.csv,15_min_interval_stocks,Financials,DGICB,447671,0.0004169261083006859
2029,15_min_interval_stocks/Financials/DHF.csv,15_min_interval_stocks,Financials,DHF,8363644,0.007789250463247299
2030,15_min_interval_stocks/Financials/DHIL.csv,15_min_interval_stocks,Financials,DHIL,3294695,0.003068423829972744
2031,15_min_interval_stocks/Financials/DHY.csv,15_min_interval_stocks,Financials,DHY,6690020,0.006230566650629044
2032,15_min_interval_stocks/Financials/DIAX.csv,15_min_interval_stocks,Financials,DIAX,3532437,0.003289838321506977
2033,15_min_interval_stocks/Financials/DLY.csv,15_min_interval_stocks,Financials,DLY,1826690,0.0017012376338243484
2034,15_min_interval_stocks/Financials/DMA.csv,15_min_interval_stocks,Financials,DMA,442247,0.0004118746146559715
2035,15_min_interval_stocks/Financials/DMB.csv,15_min_interval_stocks,Financials,DMB,3468587,0.0032303733751177788
2036,15_min_interval_stocks/Financials/DMF.csv,15_min_interval_stocks,Financials,DMF,5581747,0.005198406986892223
2037,15_min_interval_stocks/Financials/DMO.csv,15_min_interval_stocks,Financials,DMO,4273071,0.003979607485234737
2038,15_min_interval_stocks/Financials/DMYY.csv,15_min_interval_stocks,Financials,DMYY,57724,5.375966429710388e-05
2039,15_min_interval_stocks/Financials/DNB.csv,15_min_interval_stocks,Financials,DNB,1857300,0.0017297454178333282
2040,15_min_interval_stocks/Financials/DNP.csv,15_min_interval_stocks,Financials,DNP,9062784,0.008440375328063965
2041,15_min_interval_stocks/Financials/DOUG.csv,15_min_interval_stocks,Financials,DOUG,1124069,0.0010468708351254463
2042,15_min_interval_stocks/Financials/DPG.csv,15_min_interval_stocks,Financials,DPG,4710414,0.004386914893984795
2043,15_min_interval_stocks/Financials/DSL.csv,15_min_interval_stocks,Financials,DSL,4471918,0.0041647981852293015
2044,15_min_interval_stocks/Financials/DSM.csv,15_min_interval_stocks,Financials,DSM,7211106,0.006715865805745125
2045,15_min_interval_stocks/Financials/DSU.csv,15_min_interval_stocks,Financials,DSU,8698580,0.008101183921098709
2046,15_min_interval_stocks/Financials/DTF.csv,15_min_interval_stocks,Financials,DTF,3550178,0.0033063609153032303
2047,15_min_interval_stocks/Financials/DUO.csv,15_min_interval_stocks,Financials,DUO,1776586,0.0016545746475458145
2048,15_min_interval_stocks/Financials/EAD.csv,15_min_interval_stocks,Financials,EAD,7692405,0.00716411042958498
2049,15_min_interval_stocks/Financials/EBC.csv,15_min_interval_stocks,Financials,EBC,1674870,0.0015598442405462265
2050,15_min_interval_stocks/Financials/EBMT.csv,15_min_interval_stocks,Financials,EBMT,1428024,0.001329950988292694
2051,15_min_interval_stocks/Financials/EBTC.csv,15_min_interval_stocks,Financials,EBTC,2398823,0.002234078012406826
2052,15_min_interval_stocks/Financials/ECAT.csv,15_min_interval_stocks,Financials,ECAT,1301447,0.0012120669707655907
2053,15_min_interval_stocks/Financials/ECBK.csv,15_min_interval_stocks,Financials,ECBK,292215,0.00027214642614126205
2054,15_min_interval_stocks/Financials/ECCC.csv,15_min_interval_stocks,Financials,ECCC,445096,0.000414527952671051
2055,15_min_interval_stocks/Financials/ECCV.csv,15_min_interval_stocks,Financials,ECCV,277188,0.00025815144181251526
2056,15_min_interval_stocks/Financials/ECCW.csv,15_min_interval_stocks,Financials,ECCW,273947,0.0002551330253481865
2057,15_min_interval_stocks/Financials/ECCX.csv,15_min_interval_stocks,Financials,ECCX,620470,0.000577857717871666
2058,15_min_interval_stocks/Financials/ECF.csv,15_min_interval_stocks,Financials,ECF,5381663,0.00501206424087286
2059,15_min_interval_stocks/Financials/ECPG.csv,15_min_interval_stocks,Financials,ECPG,7107950,0.0066197942942380905
2060,15_min_interval_stocks/Financials/EDD.csv,15_min_interval_stocks,Financials,EDD,6195632,0.005770131945610046
2061,15_min_interval_stocks/Financials/EDF.csv,15_min_interval_stocks,Financials,EDF,4573305,0.004259222187101841
2062,15_min_interval_stocks/Financials/EEA.csv,15_min_interval_stocks,Financials,EEA,2681755,0.0024975789710879326
2063,15_min_interval_stocks/Financials/EEFT.csv,15_min_interval_stocks,Financials,EEFT,8331610,0.007759416475892067
2064,15_min_interval_stocks/Financials/EFC.csv,15_min_interval_stocks,Financials,EFC,5478824,0.0051025524735450745
2065,15_min_interval_stocks/Financials/EFR.csv,15_min_interval_stocks,Financials,EFR,7135888,0.006645813584327698
2066,15_min_interval_stocks/Financials/EFSC.csv,15_min_interval_stocks,Financials,EFSC,6437576,0.005995459854602814
2067,15_min_interval_stocks/Financials/EFSCP.csv,15_min_interval_stocks,Financials,EFSCP,250231,0.0002330457791686058
2068,15_min_interval_stocks/Financials/EFT.csv,15_min_interval_stocks,Financials,EFT,6979941,0.006500576622784138
2069,15_min_interval_stocks/Financials/EFX.csv,15_min_interval_stocks,Financials,EFX,10358632,0.009647227823734283
2070,15_min_interval_stocks/Financials/EG.csv,15_min_interval_stocks,Financials,EG,731602,0.0006813574582338333
2071,15_min_interval_stocks/Financials/EGBN.csv,15_min_interval_stocks,Financials,EGBN,5933015,0.005525550805032253
2072,15_min_interval_stocks/Financials/EHI.csv,15_min_interval_stocks,Financials,EHI,6893041,0.006419644691050053
2073,15_min_interval_stocks/Financials/EHTH.csv,15_min_interval_stocks,Financials,EHTH,6372418,0.005934776738286018
2074,15_min_interval_stocks/Financials/EIC.csv,15_min_interval_stocks,Financials,EIC,1281965,0.001193922944366932
2075,15_min_interval_stocks/Financials/EICA.csv,15_min_interval_stocks,Financials,EICA,224860,0.0002094171941280365
2076,15_min_interval_stocks/Financials/EIG.csv,15_min_interval_stocks,Financials,EIG,6870215,0.00639838632196188
2077,15_min_interval_stocks/Financials/EIM.csv,15_min_interval_stocks,Financials,EIM,7403826,0.00689535029232502
2078,15_min_interval_stocks/Financials/EMCG.csv,15_min_interval_stocks,Financials,EMCG,71372,6.647035479545593e-05
2079,15_min_interval_stocks/Financials/EMD.csv,15_min_interval_stocks,Financials,EMD,6167805,0.0057442160323262215
2080,15_min_interval_stocks/Financials/EMF.csv,15_min_interval_stocks,Financials,EMF,6966111,0.006487696431577206
2081,15_min_interval_stocks/Financials/EMO.csv,15_min_interval_stocks,Financials,EMO,4697371,0.004374767653644085
2082,15_min_interval_stocks/Financials/ENVA.csv,15_min_interval_stocks,Financials,ENVA,3435607,0.0031996583566069603
2083,15_min_interval_stocks/Financials/ENX.csv,15_min_interval_stocks,Financials,ENX,4812696,0.004482172429561615
2084,15_min_interval_stocks/Financials/EOD.csv,15_min_interval_stocks,Financials,EOD,6091546,0.00567319430410862
2085,15_min_interval_stocks/Financials/EOI.csv,15_min_interval_stocks,Financials,EOI,6987658,0.006507763639092445
2086,15_min_interval_stocks/Financials/EOS.csv,15_min_interval_stocks,Financials,EOS,7139514,0.0066491905599832535
2087,15_min_interval_stocks/Financials/EOT.csv,15_min_interval_stocks,Financials,EOT,4359324,0.004059936851263046
2088,15_min_interval_stocks/Financials/EQBK.csv,15_min_interval_stocks,Financials,EQBK,2742074,0.0025537554174661636
2089,15_min_interval_stocks/Financials/EQH.csv,15_min_interval_stocks,Financials,EQH,2747519,0.002558826468884945
2090,15_min_interval_stocks/Financials/EQS.csv,15_min_interval_stocks,Financials,EQS,2060127,0.001918642781674862
2091,15_min_interval_stocks/Financials/ERC.csv,15_min_interval_stocks,Financials,ERC,7262282,0.0067635271698236465
2092,15_min_interval_stocks/Financials/ERH.csv,15_min_interval_stocks,Financials,ERH,5009336,0.004665307700634003
2093,15_min_interval_stocks/Financials/ERIE.csv,15_min_interval_stocks,Financials,ERIE,8502224,0.007918313145637512
2094,15_min_interval_stocks/Financials/ESGR.csv,15_min_interval_stocks,Financials,ESGR,5239612,0.004879768937826157
2095,15_min_interval_stocks/Financials/ESGRO.csv,15_min_interval_stocks,Financials,ESGRO,937002,0.0008726511150598526
2096,15_min_interval_stocks/Financials/ESGRP.csv,15_min_interval_stocks,Financials,ESGRP,1547675,0.0014413846656680107
2097,15_min_interval_stocks/Financials/ESNT.csv,15_min_interval_stocks,Financials,ESNT,4421738,0.004118064418435097
2098,15_min_interval_stocks/Financials/ESQ.csv,15_min_interval_stocks,Financials,ESQ,1490428,0.0013880692422389984
2099,15_min_interval_stocks/Financials/ESSA.csv,15_min_interval_stocks,Financials,ESSA,3535738,0.0032929126173257828
2100,15_min_interval_stocks/Financials/ETB.csv,15_min_interval_stocks,Financials,ETB,6314250,0.005880603566765785
2101,15_min_interval_stocks/Financials/ETG.csv,15_min_interval_stocks,Financials,ETG,7599225,0.00707732979208231
2102,15_min_interval_stocks/Financials/ETJ.csv,15_min_interval_stocks,Financials,ETJ,6152888,0.005730323493480682
2103,15_min_interval_stocks/Financials/ETO.csv,15_min_interval_stocks,Financials,ETO,6473496,0.006028912961483002
2104,15_min_interval_stocks/Financials/ETV.csv,15_min_interval_stocks,Financials,ETV,7069752,0.0065842196345329285
2105,15_min_interval_stocks/Financials/ETW.csv,15_min_interval_stocks,Financials,ETW,6877795,0.006405445747077465
2106,15_min_interval_stocks/Financials/ETY.csv,15_min_interval_stocks,Financials,ETY,6644558,0.006188226863741875
2107,15_min_interval_stocks/Financials/EVBN.csv,15_min_interval_stocks,Financials,EVBN,1730249,0.001611419953405857
2108,15_min_interval_stocks/Financials/EVE.csv,15_min_interval_stocks,Financials,EVE,187022,0.00017417781054973602
2109,15_min_interval_stocks/Financials/EVF.csv,15_min_interval_stocks,Financials,EVF,7442590,0.006931452080607414
2110,15_min_interval_stocks/Financials/EVG.csv,15_min_interval_stocks,Financials,EVG,5611969,0.005226553417742252
2111,15_min_interval_stocks/Financials/EVGR.csv,15_min_interval_stocks,Financials,EVGR,74351,6.924476474523544e-05
2112,15_min_interval_stocks/Financials/EVGRU.csv,15_min_interval_stocks,Financials,EVGRU,10247,9.543262422084808e-06
2113,15_min_interval_stocks/Financials/EVGRW.csv,15_min_interval_stocks,Financials,EVGRW,34785,3.239605575799942e-05
2114,15_min_interval_stocks/Financials/EVM.csv,15_min_interval_stocks,Financials,EVM,5685916,0.005295421928167343
2115,15_min_interval_stocks/Financials/EVN.csv,15_min_interval_stocks,Financials,EVN,6400907,0.005961309187114239
2116,15_min_interval_stocks/Financials/EVR.csv,15_min_interval_stocks,Financials,EVR,7318918,0.006816273555159569
2117,15_min_interval_stocks/Financials/EVT.csv,15_min_interval_stocks,Financials,EVT,7740165,0.007208590395748615
2118,15_min_interval_stocks/Financials/EVV.csv,15_min_interval_stocks,Financials,EVV,7790016,0.0072550177574157715
2119,15_min_interval_stocks/Financials/EWBC.csv,15_min_interval_stocks,Financials,EWBC,9973046,0.0092881228774786
2120,15_min_interval_stocks/Financials/EXG.csv,15_min_interval_stocks,Financials,EXG,6565267,0.006114381365478039
2121,15_min_interval_stocks/Financials/EXPI.csv,15_min_interval_stocks,Financials,EXPI,3321702,0.003093576058745384
2122,15_min_interval_stocks/Financials/FAF.csv,15_min_interval_stocks,Financials,FAF,5780269,0.005383295007050037
2123,15_min_interval_stocks/Financials/FAX.csv,15_min_interval_stocks,Financials,FAX,9405464,0.008759520947933197
2124,15_min_interval_stocks/Financials/FBIZ.csv,15_min_interval_stocks,Financials,FBIZ,2537758,0.0023634713143110275
2125,15_min_interval_stocks/Financials/FBK.csv,15_min_interval_stocks,Financials,FBK,3091162,0.002878868952393532
2126,15_min_interval_stocks/Financials/FBLA.csv,15_min_interval_stocks,Financials,FBLA,39942,3.719888627529144e-05
2127,15_min_interval_stocks/Financials/FBMS.csv,15_min_interval_stocks,Financials,FBMS,2849627,0.002653921954333782
2128,15_min_interval_stocks/Financials/FBNC.csv,15_min_interval_stocks,Financials,FBNC,7404067,0.006895574741065502
2129,15_min_interval_stocks/Financials/FBP.csv,15_min_interval_stocks,Financials,FBP,9374657,0.008730829693377018
2130,15_min_interval_stocks/Financials/FCAP.csv,15_min_interval_stocks,Financials,FCAP,724555,0.000674794428050518
2131,15_min_interval_stocks/Financials/FCBC.csv,15_min_interval_stocks,Financials,FCBC,6513800,0.006066448986530304
2132,15_min_interval_stocks/Financials/FCCO.csv,15_min_interval_stocks,Financials,FCCO,1721940,0.001603681594133377
2133,15_min_interval_stocks/Financials/FCF.csv,15_min_interval_stocks,Financials,FCF,8920556,0.008307915180921555
2134,15_min_interval_stocks/Financials/FCNCA.csv,15_min_interval_stocks,Financials,FCNCA,6647231,0.006190716288983822
2135,15_min_interval_stocks/Financials/FCNCO.csv,15_min_interval_stocks,Financials,FCNCO,595994,0.0005550626665353775
2136,15_min_interval_stocks/Financials/FCNCP.csv,15_min_interval_stocks,Financials,FCNCP,956897,0.0008911797776818275
2137,15_min_interval_stocks/Financials/FCO.csv,15_min_interval_stocks,Financials,FCO,4847476,0.004514563828706741
2138,15_min_interval_stocks/Financials/FCRX.csv,15_min_interval_stocks,Financials,FCRX,236602,0.00022035278379917145
2139,15_min_interval_stocks/Financials/FCT.csv,15_min_interval_stocks,Financials,FCT,6613657,0.006159448064863682
2140,15_min_interval_stocks/Financials/FDBC.csv,15_min_interval_stocks,Financials,FDBC,745279,0.0006940951570868492
2141,15_min_interval_stocks/Financials/FDSB.csv,15_min_interval_stocks,Financials,FDSB,64476,6.004795432090759e-05
2142,15_min_interval_stocks/Financials/FDUS.csv,15_min_interval_stocks,Financials,FDUS,4693531,0.0043711913749575615
2143,15_min_interval_stocks/Financials/FFA.csv,15_min_interval_stocks,Financials,FFA,6006568,0.0055940523743629456
2144,15_min_interval_stocks/Financials/FFBC.csv,15_min_interval_stocks,Financials,FFBC,9027456,0.00840747356414795
2145,15_min_interval_stocks/Financials/FFC.csv,15_min_interval_stocks,Financials,FFC,7851056,0.0073118656873703
2146,15_min_interval_stocks/Financials/FFIC.csv,15_min_interval_stocks,Financials,FFIC,8364644,0.007790181785821915
2147,15_min_interval_stocks/Financials/FFIN.csv,15_min_interval_stocks,Financials,FFIN,8371646,0.007796702906489372
2148,15_min_interval_stocks/Financials/FFNW.csv,15_min_interval_stocks,Financials,FFNW,3849294,0.0035849343985319138
2149,15_min_interval_stocks/Financials/FFWM.csv,15_min_interval_stocks,Financials,FFWM,3541531,0.0032983077690005302
2150,15_min_interval_stocks/Financials/FG.csv,15_min_interval_stocks,Financials,FG,791006,0.0007366817444562912
2151,15_min_interval_stocks/Financials/FGB.csv,15_min_interval_stocks,Financials,FGB,4066263,0.0037870025262236595
2152,15_min_interval_stocks/Financials/FGBI.csv,15_min_interval_stocks,Financials,FGBI,1162188,0.0010823719203472137
2153,15_min_interval_stocks/Financials/FGBIP.csv,15_min_interval_stocks,Financials,FGBIP,171370,0.00015960074961185455
2154,15_min_interval_stocks/Financials/FGF.csv,15_min_interval_stocks,Financials,FGF,1321714,0.0012309420853853226
2155,15_min_interval_stocks/Financials/FGFPP.csv,15_min_interval_stocks,Financials,FGFPP,317152,0.00029537081718444824
2156,15_min_interval_stocks/Financials/FGN.csv,15_min_interval_stocks,Financials,FGN,285576,0.0002659633755683899
2157,15_min_interval_stocks/Financials/FHB.csv,15_min_interval_stocks,Financials,FHB,3312976,0.0030854493379592896
2158,15_min_interval_stocks/Financials/FHI.csv,15_min_interval_stocks,Financials,FHI,6678334,0.006219683215022087
2159,15_min_interval_stocks/Financials/FHN.csv,15_min_interval_stocks,Financials,FHN,8604042,0.008013138547539711
2160,15_min_interval_stocks/Financials/FIBK.csv,15_min_interval_stocks,Financials,FIBK,5604784,0.00521986186504364
2161,15_min_interval_stocks/Financials/FIHL.csv,15_min_interval_stocks,Financials,FIHL,638693,0.0005948292091488838
2162,15_min_interval_stocks/Financials/FINS.csv,15_min_interval_stocks,Financials,FINS,1551317,0.0014447765424847603
2163,15_min_interval_stocks/Financials/FINV.csv,15_min_interval_stocks,Financials,FINV,2970904,0.0027668699622154236
2164,15_min_interval_stocks/Financials/FINW.csv,15_min_interval_stocks,Financials,FINW,510520,0.0004754588007926941
2165,15_min_interval_stocks/Financials/FISI.csv,15_min_interval_stocks,Financials,FISI,6536823,0.006087890826165676
2166,15_min_interval_stocks/Financials/FITB.csv,15_min_interval_stocks,Financials,FITB,11482017,0.010693461634218693
2167,15_min_interval_stocks/Financials/FITBI.csv,15_min_interval_stocks,Financials,FITBI,3099800,0.0028869137167930603
2168,15_min_interval_stocks/Financials/FITBO.csv,15_min_interval_stocks,Financials,FITBO,1318319,0.001227780245244503
2169,15_min_interval_stocks/Financials/FITBP.csv,15_min_interval_stocks,Financials,FITBP,733209,0.0006828540936112404
2170,15_min_interval_stocks/Financials/FLC.csv,15_min_interval_stocks,Financials,FLC,5620083,0.005234110169112682
2171,15_min_interval_stocks/Financials/FLD.csv,15_min_interval_stocks,Financials,FLD,60902,5.671940743923187e-05
2172,15_min_interval_stocks/Financials/FLDDW.csv,15_min_interval_stocks,Financials,FLDDW,32288,3.007054328918457e-05
2173,15_min_interval_stocks/Financials/FLG.csv,15_min_interval_stocks,Financials,FLG,68931,6.419699639081955e-05
2174,15_min_interval_stocks/Financials/FLIC.csv,15_min_interval_stocks,Financials,FLIC,4719130,0.004395032301545143
2175,15_min_interval_stocks/Financials/FMAO.csv,15_min_interval_stocks,Financials,FMAO,1499838,0.00139683298766613
2176,15_min_interval_stocks/Financials/FMBH.csv,15_min_interval_stocks,Financials,FMBH,2304811,0.0021465225145220757
2177,15_min_interval_stocks/Financials/FMN.csv,15_min_interval_stocks,Financials,FMN,4098919,0.0038174157962203026
2178,15_min_interval_stocks/Financials/FMNB.csv,15_min_interval_stocks,Financials,FMNB,3800067,0.0035390881821513176
2179,15_min_interval_stocks/Financials/FMY.csv,15_min_interval_stocks,Financials,FMY,2428154,0.0022613946348428726
2180,15_min_interval_stocks/Financials/FNB.csv,15_min_interval_stocks,Financials,FNB,8055223,0.007502011023461819
2181,15_min_interval_stocks/Financials/FNF.csv,15_min_interval_stocks,Financials,FNF,7731134,0.007200179621577263
2182,15_min_interval_stocks/Financials/FNLC.csv,15_min_interval_stocks,Financials,FNLC,3412254,0.003177909180521965
2183,15_min_interval_stocks/Financials/FNWB.csv,15_min_interval_stocks,Financials,FNWB,1985939,0.0018495498225092888
2184,15_min_interval_stocks/Financials/FNWD.csv,15_min_interval_stocks,Financials,FNWD,441035,0.00041074585169553757
2185,15_min_interval_stocks/Financials/FOA.csv,15_min_interval_stocks,Financials,FOA,1352757,0.0012598531320691109
2186,15_min_interval_stocks/Financials/FOF.csv,15_min_interval_stocks,Financials,FOF,5670676,0.005281228572130203
2187,15_min_interval_stocks/Financials/FOR.csv,15_min_interval_stocks,Financials,FOR,5633453,0.005246561951935291
2188,15_min_interval_stocks/Financials/FORL.csv,15_min_interval_stocks,Financials,FORL,50853,4.736054688692093e-05
2189,15_min_interval_stocks/Financials/FORLW.csv,15_min_interval_stocks,Financials,FORLW,29367,2.7350150048732758e-05
2190,15_min_interval_stocks/Financials/FOXO.csv,15_min_interval_stocks,Financials,FOXO,1236849,0.00115190539509058
2191,15_min_interval_stocks/Financials/FPF.csv,15_min_interval_stocks,Financials,FPF,4393155,0.0040914444252848625
2192,15_min_interval_stocks/Financials/FPH.csv,15_min_interval_stocks,Financials,FPH,2256064,0.002101123332977295
2193,15_min_interval_stocks/Financials/FRA.csv,15_min_interval_stocks,Financials,FRA,7041304,0.006557725369930267
2194,15_min_interval_stocks/Financials/FRAF.csv,15_min_interval_stocks,Financials,FRAF,943003,0.0008782399818301201
2195,15_min_interval_stocks/Financials/FRBA.csv,15_min_interval_stocks,Financials,FRBA,2267485,0.0021117599681019783
2196,15_min_interval_stocks/Financials/FRGE.csv,15_min_interval_stocks,Financials,FRGE,1314381,0.0012241126969456673
2197,15_min_interval_stocks/Financials/FRHC.csv,15_min_interval_stocks,Financials,FRHC,2191568,0.002041056752204895
2198,15_min_interval_stocks/Financials/FRME.csv,15_min_interval_stocks,Financials,FRME,8539465,0.007952996529638767
2199,15_min_interval_stocks/Financials/FRMEP.csv,15_min_interval_stocks,Financials,FRMEP,94249,8.777622133493423e-05
2200,15_min_interval_stocks/Financials/FRPH.csv,15_min_interval_stocks,Financials,FRPH,2407783,0.0022424226626753807
2201,15_min_interval_stocks/Financials/FRST.csv,15_min_interval_stocks,Financials,FRST,3372741,0.0031411098316311836
2202,15_min_interval_stocks/Financials/FSBC.csv,15_min_interval_stocks,Financials,FSBC,836751,0.0007792850956320763
2203,15_min_interval_stocks/Financials/FSBW.csv,15_min_interval_stocks,Financials,FSBW,1717890,0.0015999097377061844
2204,15_min_interval_stocks/Financials/FSCO.csv,15_min_interval_stocks,Financials,FSCO,836634,0.0007791761308908463
2205,15_min_interval_stocks/Financials/FSEA.csv,15_min_interval_stocks,Financials,FSEA,324305,0.00030203256756067276
2206,15_min_interval_stocks/Financials/FSFG.csv,15_min_interval_stocks,Financials,FSFG,895090,0.0008336175233125687
2207,15_min_interval_stocks/Financials/FSK.csv,15_min_interval_stocks,Financials,FSK,4615329,0.004298360086977482
2208,15_min_interval_stocks/Financials/FSV.csv,15_min_interval_stocks,Financials,FSV,3407718,0.003173684701323509
2209,15_min_interval_stocks/Financials/FT.csv,15_min_interval_stocks,Financials,FT,5974593,0.005564273335039616
2210,15_min_interval_stocks/Financials/FTDR.csv,15_min_interval_stocks,Financials,FTDR,2165924,0.0020171739161014557
2211,15_min_interval_stocks/Financials/FTF.csv,15_min_interval_stocks,Financials,FTF,6787916,0.0063217394053936005
2212,15_min_interval_stocks/Financials/FTHM.csv,15_min_interval_stocks,Financials,FTHM,1071572,0.0009979791939258575
2213,15_min_interval_stocks/Financials/FTHY.csv,15_min_interval_stocks,Financials,FTHY,1601442,0.0014914590865373611
2214,15_min_interval_stocks/Financials/FTII.csv,15_min_interval_stocks,Financials,FTII,70431,6.559398025274277e-05
2215,15_min_interval_stocks/Financials/FTIIW.csv,15_min_interval_stocks,Financials,FTIIW,9056,8.434057235717773e-06
2216,15_min_interval_stocks/Financials/FUFU.csv,15_min_interval_stocks,Financials,FUFU,296683,0.000276307575404644
2217,15_min_interval_stocks/Financials/FUFUW.csv,15_min_interval_stocks,Financials,FUFUW,55935,5.209352821111679e-05
2218,15_min_interval_stocks/Financials/FULT.csv,15_min_interval_stocks,Financials,FULT,9462817,0.008812935091555119
2219,15_min_interval_stocks/Financials/FULTP.csv,15_min_interval_stocks,Financials,FULTP,661472,0.0006160438060760498
2220,15_min_interval_stocks/Financials/FUNC.csv,15_min_interval_stocks,Financials,FUNC,2760012,0.002570461481809616
2221,15_min_interval_stocks/Financials/FUND.csv,15_min_interval_stocks,Financials,FUND,4900936,0.004564352333545685
2222,15_min_interval_stocks/Financials/FUSB.csv,15_min_interval_stocks,Financials,FUSB,1302214,0.0012127812951803207
2223,15_min_interval_stocks/Financials/FUTU.csv,15_min_interval_stocks,Financials,FUTU,3814901,0.0035529034212231636
2224,15_min_interval_stocks/Financials/FVCB.csv,15_min_interval_stocks,Financials,FVCB,1150981,0.001071934588253498
2225,15_min_interval_stocks/Financials/FXNC.csv,15_min_interval_stocks,Financials,FXNC,545839,0.0005083521828055382
2226,15_min_interval_stocks/Financials/GAB.csv,15_min_interval_stocks,Financials,GAB,8972803,0.00835657399147749
2227,15_min_interval_stocks/Financials/GABC.csv,15_min_interval_stocks,Financials,GABC,5643217,0.005255655385553837
2228,15_min_interval_stocks/Financials/GAIN.csv,15_min_interval_stocks,Financials,GAIN,7292908,0.00679204985499382
2229,15_min_interval_stocks/Financials/GAINL.csv,15_min_interval_stocks,Financials,GAINL,256064,0.0002384781837463379
2230,15_min_interval_stocks/Financials/GAINN.csv,15_min_interval_stocks,Financials,GAINN,300903,0.00028023775666952133
2231,15_min_interval_stocks/Financials/GAINZ.csv,15_min_interval_stocks,Financials,GAINZ,212151,0.00019758101552724838
2232,15_min_interval_stocks/Financials/GAM.csv,15_min_interval_stocks,Financials,GAM,6920334,0.006445063278079033
2233,15_min_interval_stocks/Financials/GATE.csv,15_min_interval_stocks,Financials,GATE,66701,6.212014704942703e-05
2234,15_min_interval_stocks/Financials/GBAB.csv,15_min_interval_stocks,Financials,GBAB,4558217,0.004245170392096043
2235,15_min_interval_stocks/Financials/GBBK.csv,15_min_interval_stocks,Financials,GBBK,78237,7.286388427019119e-05
2236,15_min_interval_stocks/Financials/GBBKW.csv,15_min_interval_stocks,Financials,GBBKW,45623,4.2489729821681976e-05
2237,15_min_interval_stocks/Financials/GBCI.csv,15_min_interval_stocks,Financials,GBCI,9200332,0.008568476885557175
2238,15_min_interval_stocks/Financials/GBDC.csv,15_min_interval_stocks,Financials,GBDC,5596344,0.0052120015025138855
2239,15_min_interval_stocks/Financials/GBLI.csv,15_min_interval_stocks,Financials,GBLI,3035309,0.0028268517926335335
2240,15_min_interval_stocks/Financials/GCBC.csv,15_min_interval_stocks,Financials,GCBC,1156374,0.0010769572108983994
2241,15_min_interval_stocks/Financials/GCMG.csv,15_min_interval_stocks,Financials,GCMG,1626180,0.0015144981443881989
2242,15_min_interval_stocks/Financials/GCMGW.csv,15_min_interval_stocks,Financials,GCMGW,506687,0.00047188904136419296
2243,15_min_interval_stocks/Financials/GCV.csv,15_min_interval_stocks,Financials,GCV,4417871,0.004114462994039059
2244,15_min_interval_stocks/Financials/GDL.csv,15_min_interval_stocks,Financials,GDL,4011864,0.003736339509487152
2245,15_min_interval_stocks/Financials/GDO.csv,15_min_interval_stocks,Financials,GDO,4308774,0.004012858495116234
2246,15_min_interval_stocks/Financials/GDOT.csv,15_min_interval_stocks,Financials,GDOT,4998118,0.004654860123991966
2247,15_min_interval_stocks/Financials/GDV.csv,15_min_interval_stocks,Financials,GDV,7820879,0.007283761166036129
2248,15_min_interval_stocks/Financials/GECC.csv,15_min_interval_stocks,Financials,GECC,2116803,0.0019714264199137688
2249,15_min_interval_stocks/Financials/GECCI.csv,15_min_interval_stocks,Financials,GECCI,35448,3.301352262496948e-05
2250,15_min_interval_stocks/Financials/GECCO.csv,15_min_interval_stocks,Financials,GECCO,140878,0.00013120286166667938
2251,15_min_interval_stocks/Financials/GECCZ.csv,15_min_interval_stocks,Financials,GECCZ,96357,8.973944932222366e-05
2252,15_min_interval_stocks/Financials/GEGGL.csv,15_min_interval_stocks,Financials,GEGGL,125619,0.0001169918105006218
2253,15_min_interval_stocks/Financials/GF.csv,15_min_interval_stocks,Financials,GF,4977928,0.00463605672121048
2254,15_min_interval_stocks/Financials/GGAL.csv,15_min_interval_stocks,Financials,GGAL,8047197,0.007494536228477955
2255,15_min_interval_stocks/Financials/GGN.csv,15_min_interval_stocks,Financials,GGN,7394491,0.006886656396090984
2256,15_min_interval_stocks/Financials/GGT.csv,15_min_interval_stocks,Financials,GGT,6278649,0.0058474475517869
2257,15_min_interval_stocks/Financials/GGZ.csv,15_min_interval_stocks,Financials,GGZ,2103342,0.00195888988673687
2258,15_min_interval_stocks/Financials/GHI.csv,15_min_interval_stocks,Financials,GHI,7416405,0.006907065398991108
2259,15_min_interval_stocks/Financials/GHLD.csv,15_min_interval_stocks,Financials,GHLD,714315,0.0006652576848864555
2260,15_min_interval_stocks/Financials/GHY.csv,15_min_interval_stocks,Financials,GHY,4236395,0.00394545029848814
2261,15_min_interval_stocks/Financials/GIG.csv,15_min_interval_stocks,Financials,GIG,10420,9.704381227493286e-06
2262,15_min_interval_stocks/Financials/GIGGW.csv,15_min_interval_stocks,Financials,GIGGW,7285,6.784684956073761e-06
2263,15_min_interval_stocks/Financials/GJH.csv,15_min_interval_stocks,Financials,GJH,541987,0.0005047647282481194
2264,15_min_interval_stocks/Financials/GJO.csv,15_min_interval_stocks,Financials,GJO,462583,0.0004308139905333519
2265,15_min_interval_stocks/Financials/GJP.csv,15_min_interval_stocks,Financials,GJP,271276,0.00025264546275138855
2266,15_min_interval_stocks/Financials/GJR.csv,15_min_interval_stocks,Financials,GJR,254029,0.0002365829423069954
2267,15_min_interval_stocks/Financials/GJS.csv,15_min_interval_stocks,Financials,GJS,583935,0.0005438318476080894
2268,15_min_interval_stocks/Financials/GJT.csv,15_min_interval_stocks,Financials,GJT,415567,0.00038702692836523056
2269,15_min_interval_stocks/Financials/GL.csv,15_min_interval_stocks,Financials,GL,7212655,0.006717308424413204
2270,15_min_interval_stocks/Financials/GLBZ.csv,15_min_interval_stocks,Financials,GLBZ,532240,0.0004956871271133423
2271,15_min_interval_stocks/Financials/GLO.csv,15_min_interval_stocks,Financials,GLO,6427378,0.005985962226986885
2272,15_min_interval_stocks/Financials/GLQ.csv,15_min_interval_stocks,Financials,GLQ,5808231,0.005409336648881435
2273,15_min_interval_stocks/Financials/GLRE.csv,15_min_interval_stocks,Financials,GLRE,5707910,0.005315905436873436
2274,15_min_interval_stocks/Financials/GLU.csv,15_min_interval_stocks,Financials,GLU,3262272,0.0030382275581359863
2275,15_min_interval_stocks/Financials/GLV.csv,15_min_interval_stocks,Financials,GLV,4821938,0.004490779712796211
2276,15_min_interval_stocks/Financials/GNT.csv,15_min_interval_stocks,Financials,GNT,4220331,0.003930489532649517
2277,15_min_interval_stocks/Financials/GNTY.csv,15_min_interval_stocks,Financials,GNTY,1534628,0.0014292337000370026
2278,15_min_interval_stocks/Financials/GNW.csv,15_min_interval_stocks,Financials,GNW,8296796,0.007726993411779404
2279,15_min_interval_stocks/Financials/GOCO.csv,15_min_interval_stocks,Financials,GOCO,1522448,0.001417890191078186
2280,15_min_interval_stocks/Financials/GODN.csv,15_min_interval_stocks,Financials,GODN,46620,4.341825842857361e-05
2281,15_min_interval_stocks/Financials/GOF.csv,15_min_interval_stocks,Financials,GOF,6257459,0.005827712826430798
2282,15_min_interval_stocks/Financials/GREE.csv,15_min_interval_stocks,Financials,GREE,1541844,0.0014359541237354279
2283,15_min_interval_stocks/Financials/GREEL.csv,15_min_interval_stocks,Financials,GREEL,409292,0.00038118287920951843
2284,15_min_interval_stocks/Financials/GRF.csv,15_min_interval_stocks,Financials,GRF,892088,0.000830821692943573
2285,15_min_interval_stocks/Financials/GROW.csv,15_min_interval_stocks,Financials,GROW,5787641,0.005390160717070103
2286,15_min_interval_stocks/Financials/GRX.csv,15_min_interval_stocks,Financials,GRX,4399508,0.004097361117601395
2287,15_min_interval_stocks/Financials/GS.csv,15_min_interval_stocks,Financials,GS,14550184,0.013550914824008942
2288,15_min_interval_stocks/Financials/GSBC.csv,15_min_interval_stocks,Financials,GSBC,6298479,0.0058659156784415245
2289,15_min_interval_stocks/Financials/GSBD.csv,15_min_interval_stocks,Financials,GSBD,4008162,0.0037328917533159256
2290,15_min_interval_stocks/Financials/GSHD.csv,15_min_interval_stocks,Financials,GSHD,2456865,0.0022881338372826576
2291,15_min_interval_stocks/Financials/GSIW.csv,15_min_interval_stocks,Financials,GSIW,291171,0.0002711741253733635
2292,15_min_interval_stocks/Financials/GTY.csv,15_min_interval_stocks,Financials,GTY,8911000,0.008299015462398529
2293,15_min_interval_stocks/Financials/GUG.csv,15_min_interval_stocks,Financials,GUG,1068009,0.0009946608915925026
2294,15_min_interval_stocks/Financials/GUT.csv,15_min_interval_stocks,Financials,GUT,7245938,0.006748305633664131
2295,15_min_interval_stocks/Financials/HAFC.csv,15_min_interval_stocks,Financials,HAFC,8566009,0.00797771755605936
2296,15_min_interval_stocks/Financials/HAIAW.csv,15_min_interval_stocks,Financials,HAIAW,51983,4.841294139623642e-05
2297,15_min_interval_stocks/Financials/HBAN.csv,15_min_interval_stocks,Financials,HBAN,11449655,0.010663322173058987
2298,15_min_interval_stocks/Financials/HBANL.csv,15_min_interval_stocks,Financials,HBANL,497527,0.0004633581265807152
2299,15_min_interval_stocks/Financials/HBANM.csv,15_min_interval_stocks,Financials,HBANM,594178,0.0005533713847398758
2300,15_min_interval_stocks/Financials/HBANP.csv,15_min_interval_stocks,Financials,HBANP,1229815,0.0011453544721007347
2301,15_min_interval_stocks/Financials/HBCP.csv,15_min_interval_stocks,Financials,HBCP,2757979,0.002568568103015423
2302,15_min_interval_stocks/Financials/HBNC.csv,15_min_interval_stocks,Financials,HBNC,4339217,0.004041210748255253
2303,15_min_interval_stocks/Financials/HBT.csv,15_min_interval_stocks,Financials,HBT,1253276,0.0011672042310237885
2304,15_min_interval_stocks/Financials/HCI.csv,15_min_interval_stocks,Financials,HCI,5108108,0.004757296293973923
2305,15_min_interval_stocks/Financials/HCVI.csv,15_min_interval_stocks,Financials,HCVI,133315,0.00012415926903486252
2306,15_min_interval_stocks/Financials/HCVIU.csv,15_min_interval_stocks,Financials,HCVIU,45653,4.251766949892044e-05
2307,15_min_interval_stocks/Financials/HCVIW.csv,15_min_interval_stocks,Financials,HCVIW,82482,7.68173485994339e-05
2308,15_min_interval_stocks/Financials/HCXY.csv,15_min_interval_stocks,Financials,HCXY,411871,0.00038358476012945175
2309,15_min_interval_stocks/Financials/HDB.csv,15_min_interval_stocks,Financials,HDB,9127472,0.008500620722770691
2310,15_min_interval_stocks/Financials/HEQ.csv,15_min_interval_stocks,Financials,HEQ,3861913,0.0035966867581009865
2311,15_min_interval_stocks/Financials/HFBL.csv,15_min_interval_stocks,Financials,HFBL,327369,0.0003048861399292946
2312,15_min_interval_stocks/Financials/HFRO.csv,15_min_interval_stocks,Financials,HFRO,2565029,0.0023888694122433662
2313,15_min_interval_stocks/Financials/HFWA.csv,15_min_interval_stocks,Financials,HFWA,6090852,0.0056725479662418365
2314,15_min_interval_stocks/Financials/HGLB.csv,15_min_interval_stocks,Financials,HGLB,1835404,0.0017093531787395477
2315,15_min_interval_stocks/Financials/HGTY.csv,15_min_interval_stocks,Financials,HGTY,1001872,0.0009330660104751587
2316,15_min_interval_stocks/Financials/HIFS.csv,15_min_interval_stocks,Financials,HIFS,1325455,0.001234426163136959
2317,15_min_interval_stocks/Financials/HIG.csv,15_min_interval_stocks,Financials,HIG,10882904,0.01013549417257309
2318,15_min_interval_stocks/Financials/HIO.csv,15_min_interval_stocks,Financials,HIO,8512511,0.007927893660962582
2319,15_min_interval_stocks/Financials/HIPO.csv,15_min_interval_stocks,Financials,HIPO,1458879,0.0013586869463324547
2320,15_min_interval_stocks/Financials/HIVE.csv,15_min_interval_stocks,Financials,HIVE,1977254,0.0018414612859487534
2321,15_min_interval_stocks/Financials/HIX.csv,15_min_interval_stocks,Financials,HIX,8686049,0.008089513517916203
2322,15_min_interval_stocks/Financials/HKD.csv,15_min_interval_stocks,Financials,HKD,1514938,0.0014108959585428238
2323,15_min_interval_stocks/Financials/HLI.csv,15_min_interval_stocks,Financials,HLI,3699878,0.0034457799047231674
2324,15_min_interval_stocks/Financials/HLNE.csv,15_min_interval_stocks,Financials,HLNE,3028246,0.0028202738612890244
2325,15_min_interval_stocks/Financials/HMN.csv,15_min_interval_stocks,Financials,HMN,9507095,0.008854172192513943
2326,15_min_interval_stocks/Financials/HMST.csv,15_min_interval_stocks,Financials,HMST,4736891,0.004411573521792889
2327,15_min_interval_stocks/Financials/HNNA.csv,15_min_interval_stocks,Financials,HNNA,1489876,0.0013875551521778107
2328,15_min_interval_stocks/Financials/HNNAZ.csv,15_min_interval_stocks,Financials,HNNAZ,76584,7.13244080543518e-05
2329,15_min_interval_stocks/Financials/HNVR.csv,15_min_interval_stocks,Financials,HNVR,218347,0.0002033514901995659
2330,15_min_interval_stocks/Financials/HNW.csv,15_min_interval_stocks,Financials,HNW,4482526,0.0041746776551008224
2331,15_min_interval_stocks/Financials/HOMB.csv,15_min_interval_stocks,Financials,HOMB,7056079,0.006571485660970211
2332,15_min_interval_stocks/Financials/HONDU.csv,15_min_interval_stocks,Financials,HONDU,13884,1.2930482625961304e-05
2333,15_min_interval_stocks/Financials/HONDW.csv,15_min_interval_stocks,Financials,HONDW,7345,6.84056431055069e-06
2334,15_min_interval_stocks/Financials/HONE.csv,15_min_interval_stocks,Financials,HONE,2892668,0.002694007009267807
2335,15_min_interval_stocks/Financials/HOOD.csv,15_min_interval_stocks,Financials,HOOD,2436177,0.0022688666358590126
2336,15_min_interval_stocks/Financials/HOPE.csv,15_min_interval_stocks,Financials,HOPE,6804436,0.006337124854326248
2337,15_min_interval_stocks/Financials/HOUS.csv,15_min_interval_stocks,Financials,HOUS,4652811,0.004333267919719219
2338,15_min_interval_stocks/Financials/HPF.csv,15_min_interval_stocks,Financials,HPF,6843858,0.0063738394528627396
2339,15_min_interval_stocks/Financials/HPH.csv,15_min_interval_stocks,Financials,HPH,173030,0.00016114674508571625
2340,15_min_interval_stocks/Financials/HPI.csv,15_min_interval_stocks,Financials,HPI,7049858,0.006565691903233528
2341,15_min_interval_stocks/Financials/HPP.csv,15_min_interval_stocks,Financials,HPP,5718206,0.005325494334101677
2342,15_min_interval_stocks/Financials/HPS.csv,15_min_interval_stocks,Financials,HPS,7147184,0.006656333804130554
2343,15_min_interval_stocks/Financials/HQH.csv,15_min_interval_stocks,Financials,HQH,8587311,0.00799755658954382
2344,15_min_interval_stocks/Financials/HQL.csv,15_min_interval_stocks,Financials,HQL,7811115,0.0072746677324175835
2345,15_min_interval_stocks/Financials/HRTG.csv,15_min_interval_stocks,Financials,HRTG,3912954,0.003644222393631935
2346,15_min_interval_stocks/Financials/HRZN.csv,15_min_interval_stocks,Financials,HRZN,5254185,0.004893341101706028
2347,15_min_interval_stocks/Financials/HSBC.csv,15_min_interval_stocks,Financials,HSBC,12686526,0.011815248057246208
2348,15_min_interval_stocks/Financials/HSPO.csv,15_min_interval_stocks,Financials,HSPO,67598,6.295554339885712e-05
2349,15_min_interval_stocks/Financials/HTBI.csv,15_min_interval_stocks,Financials,HTBI,3881675,0.0036150915548205376
2350,15_min_interval_stocks/Financials/HTBK.csv,15_min_interval_stocks,Financials,HTBK,6645430,0.006189038977026939
2351,15_min_interval_stocks/Financials/HTD.csv,15_min_interval_stocks,Financials,HTD,7339690,0.0068356189876794815
2352,15_min_interval_stocks/Financials/HTFB.csv,15_min_interval_stocks,Financials,HTFB,116973,0.00010893959552049637
2353,15_min_interval_stocks/Financials/HTFC.csv,15_min_interval_stocks,Financials,HTFC,193238,0.00017996691167354584
2354,15_min_interval_stocks/Financials/HTGC.csv,15_min_interval_stocks,Financials,HTGC,7539303,0.007021523080766201
2355,15_min_interval_stocks/Financials/HTH.csv,15_min_interval_stocks,Financials,HTH,6740767,0.006277828477323055
2356,15_min_interval_stocks/Financials/HTLF.csv,15_min_interval_stocks,Financials,HTLF,6875939,0.006403717212378979
2357,15_min_interval_stocks/Financials/HTLFP.csv,15_min_interval_stocks,Financials,HTLFP,408612,0.0003805495798587799
2358,15_min_interval_stocks/Financials/HUIZ.csv,15_min_interval_stocks,Financials,HUIZ,1007384,0.0009381994605064392
2359,15_min_interval_stocks/Financials/HUT.csv,15_min_interval_stocks,Financials,HUT,2376495,0.0022132834419608116
2360,15_min_interval_stocks/Financials/HWBK.csv,15_min_interval_stocks,Financials,HWBK,1229817,0.001145356334745884
2361,15_min_interval_stocks/Financials/HWC.csv,15_min_interval_stocks,Financials,HWC,7094417,0.006607190705835819
2362,15_min_interval_stocks/Financials/HWCPZ.csv,15_min_interval_stocks,Financials,HWCPZ,728908,0.0006788484752178192
2363,15_min_interval_stocks/Financials/HYB.csv,15_min_interval_stocks,Financials,HYB,7182642,0.00668935663998127
2364,15_min_interval_stocks/Financials/HYI.csv,15_min_interval_stocks,Financials,HYI,4576918,0.004262587055563927
2365,15_min_interval_stocks/Financials/HYT.csv,15_min_interval_stocks,Financials,HYT,7755762,0.007223116233944893
2366,15_min_interval_stocks/Financials/IAE.csv,15_min_interval_stocks,Financials,IAE,5007746,0.004663826897740364
2367,15_min_interval_stocks/Financials/IAF.csv,15_min_interval_stocks,Financials,IAF,6615608,0.006161265075206757
2368,15_min_interval_stocks/Financials/IBCP.csv,15_min_interval_stocks,Financials,IBCP,4986472,0.004644013941287994
2369,15_min_interval_stocks/Financials/IBKR.csv,15_min_interval_stocks,Financials,IBKR,7584079,0.007063223980367184
2370,15_min_interval_stocks/Financials/IBN.csv,15_min_interval_stocks,Financials,IBN,10039268,0.009349796921014786
2371,15_min_interval_stocks/Financials/IBOC.csv,15_min_interval_stocks,Financials,IBOC,9007719,0.008389092050492764
2372,15_min_interval_stocks/Financials/IBTX.csv,15_min_interval_stocks,Financials,IBTX,4285474,0.003991158679127693
2373,15_min_interval_stocks/Financials/ICCH.csv,15_min_interval_stocks,Financials,ICCH,172395,0.00016055535525083542
2374,15_min_interval_stocks/Financials/ICE.csv,15_min_interval_stocks,Financials,ICE,8441076,0.007861364632844925
2375,15_min_interval_stocks/Financials/ICMB.csv,15_min_interval_stocks,Financials,ICMB,2564194,0.0023880917578935623
2376,15_min_interval_stocks/Financials/IDE.csv,15_min_interval_stocks,Financials,IDE,4751598,0.0044252704828977585
2377,15_min_interval_stocks/Financials/IFN.csv,15_min_interval_stocks,Financials,IFN,8540678,0.007954126223921776
2378,15_min_interval_stocks/Financials/IFS.csv,15_min_interval_stocks,Financials,IFS,1594587,0.001485074870288372
2379,15_min_interval_stocks/Financials/IGA.csv,15_min_interval_stocks,Financials,IGA,5767982,0.005371851846575737
2380,15_min_interval_stocks/Financials/IGD.csv,15_min_interval_stocks,Financials,IGD,7114954,0.006626317277550697
2381,15_min_interval_stocks/Financials/IGI.csv,15_min_interval_stocks,Financials,IGI,4371279,0.004071070812642574
2382,15_min_interval_stocks/Financials/IGIC.csv,15_min_interval_stocks,Financials,IGIC,1095480,0.0010202452540397644
2383,15_min_interval_stocks/Financials/IGR.csv,15_min_interval_stocks,Financials,IGR,7589042,0.007067846134305
2384,15_min_interval_stocks/Financials/IGTA.csv,15_min_interval_stocks,Financials,IGTA,118716,0.00011056289076805115
2385,15_min_interval_stocks/Financials/IGTAW.csv,15_min_interval_stocks,Financials,IGTAW,68110,6.343238055706024e-05
2386,15_min_interval_stocks/Financials/IHD.csv,15_min_interval_stocks,Financials,IHD,4123251,0.0038400767371058464
2387,15_min_interval_stocks/Financials/IHT.csv,15_min_interval_stocks,Financials,IHT,1257859,0.0011714724823832512
2388,15_min_interval_stocks/Financials/IIF.csv,15_min_interval_stocks,Financials,IIF,7198135,0.0067037856206297874
2389,15_min_interval_stocks/Financials/IIM.csv,15_min_interval_stocks,Financials,IIM,6862618,0.006391311064362526
2390,15_min_interval_stocks/Financials/IIPR.csv,15_min_interval_stocks,Financials,IIPR,3580598,0.003334691748023033
2391,15_min_interval_stocks/Financials/ILLR.csv,15_min_interval_stocks,Financials,ILLR,90285,8.408445864915848e-05
2392,15_min_interval_stocks/Financials/ILLRW.csv,15_min_interval_stocks,Financials,ILLRW,23011,2.1430663764476776e-05
2393,15_min_interval_stocks/Financials/INAQ.csv,15_min_interval_stocks,Financials,INAQ,213589,0.00019892025738954544
2394,15_min_interval_stocks/Financials/INAQW.csv,15_min_interval_stocks,Financials,INAQW,95195,8.865725249052048e-05
2395,15_min_interval_stocks/Financials/INBK.csv,15_min_interval_stocks,Financials,INBK,3156112,0.002939358353614807
2396,15_min_interval_stocks/Financials/INBKZ.csv,15_min_interval_stocks,Financials,INBKZ,248967,0.00023186858743429184
2397,15_min_interval_stocks/Financials/INDB.csv,15_min_interval_stocks,Financials,INDB,8795411,0.0081913648173213
2398,15_min_interval_stocks/Financials/ING.csv,15_min_interval_stocks,Financials,ING,11380509,0.010598924942314625
2399,15_min_interval_stocks/Financials/INSI.csv,15_min_interval_stocks,Financials,INSI,4131098,0.003847384825348854
2400,15_min_interval_stocks/Financials/INTR.csv,15_min_interval_stocks,Financials,INTR,958884,0.0008930303156375885
2401,15_min_interval_stocks/Financials/INV.csv,15_min_interval_stocks,Financials,INV,34618,3.2240524888038635e-05
2402,15_min_interval_stocks/Financials/INVH.csv,15_min_interval_stocks,Financials,INVH,3393995,0.003160904161632061
2403,15_min_interval_stocks/Financials/IPXX.csv,15_min_interval_stocks,Financials,IPXX,97447,9.075459092855453e-05
2404,15_min_interval_stocks/Financials/IPXXU.csv,15_min_interval_stocks,Financials,IPXXU,29455,2.743210643529892e-05
2405,15_min_interval_stocks/Financials/IPXXW.csv,15_min_interval_stocks,Financials,IPXXW,41794,3.892369568347931e-05
2406,15_min_interval_stocks/Financials/IQI.csv,15_min_interval_stocks,Financials,IQI,6743956,0.006280798465013504
2407,15_min_interval_stocks/Financials/IROQ.csv,15_min_interval_stocks,Financials,IROQ,517850,0.00048228539526462555
2408,15_min_interval_stocks/Financials/ISD.csv,15_min_interval_stocks,Financials,ISD,4450446,0.004144800826907158
2409,15_min_interval_stocks/Financials/ISPO.csv,15_min_interval_stocks,Financials,ISPO,916181,0.0008532600477337837
2410,15_min_interval_stocks/Financials/ISPOW.csv,15_min_interval_stocks,Financials,ISPOW,346667,0.0003228588029742241
2411,15_min_interval_stocks/Financials/ISRL.csv,15_min_interval_stocks,Financials,ISRL,98715,9.193550795316696e-05
2412,15_min_interval_stocks/Financials/ISTR.csv,15_min_interval_stocks,Financials,ISTR,1805838,0.0016818176954984665
2413,15_min_interval_stocks/Financials/ITIC.csv,15_min_interval_stocks,Financials,ITIC,1690270,0.0015741866081953049
2414,15_min_interval_stocks/Financials/ITUB.csv,15_min_interval_stocks,Financials,ITUB,6832886,0.0063636209815740585
2415,15_min_interval_stocks/Financials/IVCA.csv,15_min_interval_stocks,Financials,IVCA,82694,7.701478898525238e-05
2416,15_min_interval_stocks/Financials/IVCB.csv,15_min_interval_stocks,Financials,IVCB,113775,0.00010596122592687607
2417,15_min_interval_stocks/Financials/IVCBW.csv,15_min_interval_stocks,Financials,IVCBW,55919,5.207862704992294e-05
2418,15_min_interval_stocks/Financials/IVCP.csv,15_min_interval_stocks,Financials,IVCP,69415,6.464775651693344e-05
2419,15_min_interval_stocks/Financials/IVCPW.csv,15_min_interval_stocks,Financials,IVCPW,51144,4.763156175613403e-05
2420,15_min_interval_stocks/Financials/IVZ.csv,15_min_interval_stocks,Financials,IVZ,7560579,0.00704133789986372
2421,15_min_interval_stocks/Financials/IX.csv,15_min_interval_stocks,Financials,IX,6348799,0.005912779830396175
2422,15_min_interval_stocks/Financials/JCE.csv,15_min_interval_stocks,Financials,JCE,5347851,0.004980574361979961
2423,15_min_interval_stocks/Financials/JEF.csv,15_min_interval_stocks,Financials,JEF,9952153,0.009268664754927158
2424,15_min_interval_stocks/Financials/JFIN.csv,15_min_interval_stocks,Financials,JFIN,1753458,0.0016330350190401077
2425,15_min_interval_stocks/Financials/JFR.csv,15_min_interval_stocks,Financials,JFR,7216591,0.006720974110066891
2426,15_min_interval_stocks/Financials/JFU.csv,15_min_interval_stocks,Financials,JFU,1310698,0.0012206826359033585
2427,15_min_interval_stocks/Financials/JGH.csv,15_min_interval_stocks,Financials,JGH,3265480,0.003041215240955353
2428,15_min_interval_stocks/Financials/JHG.csv,15_min_interval_stocks,Financials,JHG,3070660,0.0028597749769687653
2429,15_min_interval_stocks/Financials/JHI.csv,15_min_interval_stocks,Financials,JHI,4806055,0.004475987516343594
2430,15_min_interval_stocks/Financials/JHS.csv,15_min_interval_stocks,Financials,JHS,5005394,0.0046616364270448685
2431,15_min_interval_stocks/Financials/JLL.csv,15_min_interval_stocks,Financials,JLL,9512971,0.008859644643962383
2432,15_min_interval_stocks/Financials/JLS.csv,15_min_interval_stocks,Financials,JLS,3846046,0.0035819094628095627
2433,15_min_interval_stocks/Financials/JMM.csv,15_min_interval_stocks,Financials,JMM,2197861,0.0020469175651669502
2434,15_min_interval_stocks/Financials/JMSB.csv,15_min_interval_stocks,Financials,JMSB,675184,0.0006288141012191772
2435,15_min_interval_stocks/Financials/JNVR.csv,15_min_interval_stocks,Financials,JNVR,303220,0.0002823956310749054
2436,15_min_interval_stocks/Financials/JOF.csv,15_min_interval_stocks,Financials,JOF,6258323,0.005828517489135265
2437,15_min_interval_stocks/Financials/JPC.csv,15_min_interval_stocks,Financials,JPC,7792119,0.007256976328790188
2438,15_min_interval_stocks/Financials/JPI.csv,15_min_interval_stocks,Financials,JPI,4122301,0.0038391919806599617
2439,15_min_interval_stocks/Financials/JPM.csv,15_min_interval_stocks,Financials,JPM,15515789,0.01445020455867052
2440,15_min_interval_stocks/Financials/JQC.csv,15_min_interval_stocks,Financials,JQC,7783127,0.0072486018761992455
2441,15_min_interval_stocks/Financials/JRI.csv,15_min_interval_stocks,Financials,JRI,3973867,0.0037009520456194878
2442,15_min_interval_stocks/Financials/JRS.csv,15_min_interval_stocks,Financials,JRS,7300907,0.006799499504268169
2443,15_min_interval_stocks/Financials/JRVR.csv,15_min_interval_stocks,Financials,JRVR,3798918,0.0035380180925130844
2444,15_min_interval_stocks/Financials/JSM.csv,15_min_interval_stocks,Financials,JSM,4521388,0.004210870712995529
2445,15_min_interval_stocks/Financials/JXN.csv,15_min_interval_stocks,Financials,JXN,1497171,0.0013943491503596306
2446,15_min_interval_stocks/Financials/KACL.csv,15_min_interval_stocks,Financials,KACL,46984,4.375725984573364e-05
2447,15_min_interval_stocks/Financials/KACLW.csv,15_min_interval_stocks,Financials,KACLW,46968,4.3742358684539795e-05
2448,15_min_interval_stocks/Financials/KB.csv,15_min_interval_stocks,Financials,KB,9109082,0.008483493700623512
2449,15_min_interval_stocks/Financials/KEY.csv,15_min_interval_stocks,Financials,KEY,11277479,0.010502970777451992
2450,15_min_interval_stocks/Financials/KF.csv,15_min_interval_stocks,Financials,KF,5524993,0.0051455507054924965
2451,15_min_interval_stocks/Financials/KFFB.csv,15_min_interval_stocks,Financials,KFFB,768583,0.0007157986983656883
2452,15_min_interval_stocks/Financials/KFS.csv,15_min_interval_stocks,Financials,KFS,3973128,0.003700263798236847
2453,15_min_interval_stocks/Financials/KINS.csv,15_min_interval_stocks,Financials,KINS,2389890,0.002225758507847786
2454,15_min_interval_stocks/Financials/KIO.csv,15_min_interval_stocks,Financials,KIO,3804412,0.003543134778738022
2455,15_min_interval_stocks/Financials/KKR.csv,15_min_interval_stocks,Financials,KKR,6324922,0.005890542641282082
2456,15_min_interval_stocks/Financials/KMPB.csv,15_min_interval_stocks,Financials,KMPB,583596,0.0005435161292552948
2457,15_min_interval_stocks/Financials/KMPR.csv,15_min_interval_stocks,Financials,KMPR,9178284,0.008547943085432053
2458,15_min_interval_stocks/Financials/KNSL.csv,15_min_interval_stocks,Financials,KNSL,3469882,0.003231579437851906
2459,15_min_interval_stocks/Financials/KRNY.csv,15_min_interval_stocks,Financials,KRNY,6623989,0.006169070489704609
2460,15_min_interval_stocks/Financials/KTF.csv,15_min_interval_stocks,Financials,KTF,6852982,0.006382336840033531
2461,15_min_interval_stocks/Financials/KTH.csv,15_min_interval_stocks,Financials,KTH,618931,0.0005764244124293327
2462,15_min_interval_stocks/Financials/KTN.csv,15_min_interval_stocks,Financials,KTN,895091,0.0008336184546351433
2463,15_min_interval_stocks/Financials/KW.csv,15_min_interval_stocks,Financials,KW,5648477,0.005260554142296314
2464,15_min_interval_stocks/Financials/KYN.csv,15_min_interval_stocks,Financials,KYN,7412634,0.006903553381562233
2465,15_min_interval_stocks/Financials/L.csv,15_min_interval_stocks,Financials,L,6768056,0.006303243339061737
2466,15_min_interval_stocks/Financials/LANV.csv,15_min_interval_stocks,Financials,LANV,397055,0.0003697862848639488
2467,15_min_interval_stocks/Financials/LARK.csv,15_min_interval_stocks,Financials,LARK,1052915,0.0009806035086512566
2468,15_min_interval_stocks/Financials/LATG.csv,15_min_interval_stocks,Financials,LATG,54173,5.045253783464432e-05
2469,15_min_interval_stocks/Financials/LAZ.csv,15_min_interval_stocks,Financials,LAZ,7881237,0.00733997393399477
2470,15_min_interval_stocks/Financials/LC.csv,15_min_interval_stocks,Financials,LC,3971172,0.003698442131280899
2471,15_min_interval_stocks/Financials/LCNB.csv,15_min_interval_stocks,Financials,LCNB,2512880,0.0023403018712997437
2472,15_min_interval_stocks/Financials/LDI.csv,15_min_interval_stocks,Financials,LDI,1576754,0.0014684665948152542
2473,15_min_interval_stocks/Financials/LDP.csv,15_min_interval_stocks,Financials,LDP,4377462,0.004076829180121422
2474,15_min_interval_stocks/Financials/LEO.csv,15_min_interval_stocks,Financials,LEO,7484549,0.006970529444515705
2475,15_min_interval_stocks/Financials/LGHL.csv,15_min_interval_stocks,Financials,LGHL,2128555,0.00198237132281065
2476,15_min_interval_stocks/Financials/LGHLW.csv,15_min_interval_stocks,Financials,LGHLW,796489,0.0007417881861329079
2477,15_min_interval_stocks/Financials/LIEN.csv,15_min_interval_stocks,Financials,LIEN,21129,1.9677914679050446e-05
2478,15_min_interval_stocks/Financials/LKFN.csv,15_min_interval_stocks,Financials,LKFN,7247221,0.006749500520527363
2479,15_min_interval_stocks/Financials/LMFA.csv,15_min_interval_stocks,Financials,LMFA,2471493,0.002301757223904133
2480,15_min_interval_stocks/Financials/LMND.csv,15_min_interval_stocks,Financials,LMND,2487533,0.002316695638000965
2481,15_min_interval_stocks/Financials/LNC.csv,15_min_interval_stocks,Financials,LNC,10569440,0.009843558073043823
2482,15_min_interval_stocks/Financials/LNKB.csv,15_min_interval_stocks,Financials,LNKB,472649,0.0004401886835694313
2483,15_min_interval_stocks/Financials/LOB.csv,15_min_interval_stocks,Financials,LOB,3632673,0.003383190371096134
2484,15_min_interval_stocks/Financials/LPA.csv,15_min_interval_stocks,Financials,LPA,350170,0.0003261212259531021
2485,15_min_interval_stocks/Financials/LPAAU.csv,15_min_interval_stocks,Financials,LPAAU,21392,1.9922852516174316e-05
2486,15_min_interval_stocks/Financials/LPAAW.csv,15_min_interval_stocks,Financials,LPAAW,5644,5.256384611129761e-06
2487,15_min_interval_stocks/Financials/LPBBU.csv,15_min_interval_stocks,Financials,LPBBU,14204,1.3228505849838257e-05
2488,15_min_interval_stocks/Financials/LPLA.csv,15_min_interval_stocks,Financials,LPLA,5783219,0.005386042408645153
2489,15_min_interval_stocks/Financials/LPRO.csv,15_min_interval_stocks,Financials,LPRO,1559385,0.001452290453016758
2490,15_min_interval_stocks/Financials/LRFC.csv,15_min_interval_stocks,Financials,LRFC,2961306,0.0027579311281442642
2491,15_min_interval_stocks/Financials/LRHC.csv,15_min_interval_stocks,Financials,LRHC,383669,0.000357319600880146
2492,15_min_interval_stocks/Financials/LSAK.csv,15_min_interval_stocks,Financials,LSAK,5281364,0.004918653517961502
2493,15_min_interval_stocks/Financials/LSBK.csv,15_min_interval_stocks,Financials,LSBK,485123,0.0004518060013651848
2494,15_min_interval_stocks/Financials/LU.csv,15_min_interval_stocks,Financials,LU,2521718,0.0023485329002141953
2495,15_min_interval_stocks/Financials/LUXH.csv,15_min_interval_stocks,Financials,LUXH,877724,0.0008174441754817963
2496,15_min_interval_stocks/Financials/LUXHP.csv,15_min_interval_stocks,Financials,LUXHP,86997,8.102227002382278e-05
2497,15_min_interval_stocks/Financials/LX.csv,15_min_interval_stocks,Financials,LX,3145722,0.0029296819120645523
2498,15_min_interval_stocks/Financials/LYG.csv,15_min_interval_stocks,Financials,LYG,10182401,0.009483099915087223
2499,15_min_interval_stocks/Financials/MAIN.csv,15_min_interval_stocks,Financials,MAIN,6918573,0.006443423219025135
2500,15_min_interval_stocks/Financials/MARX.csv,15_min_interval_stocks,Financials,MARX,61613,5.738157778978348e-05
2501,15_min_interval_stocks/Financials/MATH.csv,15_min_interval_stocks,Financials,MATH,1277573,0.0011898325756192207
2502,15_min_interval_stocks/Financials/MAV.csv,15_min_interval_stocks,Financials,MAV,5898749,0.005493638105690479
2503,15_min_interval_stocks/Financials/MBAVU.csv,15_min_interval_stocks,Financials,MBAVU,14582,1.3580545783042908e-05
2504,15_min_interval_stocks/Financials/MBAVW.csv,15_min_interval_stocks,Financials,MBAVW,5707,5.315057933330536e-06
2505,15_min_interval_stocks/Financials/MBCN.csv,15_min_interval_stocks,Financials,MBCN,1081832,0.0010075345635414124
2506,15_min_interval_stocks/Financials/MBI.csv,15_min_interval_stocks,Financials,MBI,10000079,0.00931329932063818
2507,15_min_interval_stocks/Financials/MBIN.csv,15_min_interval_stocks,Financials,MBIN,2293207,0.0021357154473662376
2508,15_min_interval_stocks/Financials/MBINM.csv,15_min_interval_stocks,Financials,MBINM,323862,0.0003016199916601181
2509,15_min_interval_stocks/Financials/MBINN.csv,15_min_interval_stocks,Financials,MBINN,553904,0.000515863299369812
2510,15_min_interval_stocks/Financials/MBINO.csv,15_min_interval_stocks,Financials,MBINO,790050,0.0007357914000749588
2511,15_min_interval_stocks/Financials/MBNKP.csv,15_min_interval_stocks,Financials,MBNKP,279240,0.0002600625157356262
2512,15_min_interval_stocks/Financials/MBWM.csv,15_min_interval_stocks,Financials,MBWM,6363756,0.005926709622144699
2513,15_min_interval_stocks/Financials/MC.csv,15_min_interval_stocks,Financials,MC,4227646,0.003937302157282829
2514,15_min_interval_stocks/Financials/MCB.csv,15_min_interval_stocks,Financials,MCB,1965317,0.0018303440883755684
2515,15_min_interval_stocks/Financials/MCBS.csv,15_min_interval_stocks,Financials,MCBS,1250517,0.0011646347120404243
2516,15_min_interval_stocks/Financials/MCI.csv,15_min_interval_stocks,Financials,MCI,3989138,0.0037151742726564407
2517,15_min_interval_stocks/Financials/MCO.csv,15_min_interval_stocks,Financials,MCO,10306357,0.00959854293614626
2518,15_min_interval_stocks/Financials/MCR.csv,15_min_interval_stocks,Financials,MCR,7874451,0.007333653979003429
2519,15_min_interval_stocks/Financials/MCVT.csv,15_min_interval_stocks,Financials,MCVT,251041,0.00023380015045404434
2520,15_min_interval_stocks/Financials/MCY.csv,15_min_interval_stocks,Financials,MCY,9634153,0.008972504176199436
2521,15_min_interval_stocks/Financials/MDBH.csv,15_min_interval_stocks,Financials,MDBH,145430,0.00013544224202632904
2522,15_min_interval_stocks/Financials/MEGI.csv,15_min_interval_stocks,Financials,MEGI,1194209,0.001112193800508976
2523,15_min_interval_stocks/Financials/MEGL.csv,15_min_interval_stocks,Financials,MEGL,1167525,0.0010873423889279366
2524,15_min_interval_stocks/Financials/MET.csv,15_min_interval_stocks,Financials,MET,11042282,0.010283926501870155
2525,15_min_interval_stocks/Financials/MFC.csv,15_min_interval_stocks,Financials,MFC,9871827,0.009193855337798595
2526,15_min_interval_stocks/Financials/MFG.csv,15_min_interval_stocks,Financials,MFG,6631401,0.006175973452627659
2527,15_min_interval_stocks/Financials/MFH.csv,15_min_interval_stocks,Financials,MFH,2105166,0.0019605886191129684
2528,15_min_interval_stocks/Financials/MFIC.csv,15_min_interval_stocks,Financials,MFIC,6796985,0.006330185569822788
2529,15_min_interval_stocks/Financials/MFICL.csv,15_min_interval_stocks,Financials,MFICL,138050,0.0001285690814256668
2530,15_min_interval_stocks/Financials/MFIN.csv,15_min_interval_stocks,Financials,MFIN,5712479,0.005320160649716854
2531,15_min_interval_stocks/Financials/MFM.csv,15_min_interval_stocks,Financials,MFM,6716816,0.00625552237033844
2532,15_min_interval_stocks/Financials/MGF.csv,15_min_interval_stocks,Financials,MGF,7092130,0.006605060771107674
2533,15_min_interval_stocks/Financials/MGLD.csv,15_min_interval_stocks,Financials,MGLD,324917,0.00030260253697633743
2534,15_min_interval_stocks/Financials/MGR.csv,15_min_interval_stocks,Financials,MGR,1897098,0.001766810193657875
2535,15_min_interval_stocks/Financials/MGRB.csv,15_min_interval_stocks,Financials,MGRB,1000823,0.0009320890530943871
2536,15_min_interval_stocks/Financials/MGRD.csv,15_min_interval_stocks,Financials,MGRD,616868,0.000574503093957901
2537,15_min_interval_stocks/Financials/MGYR.csv,15_min_interval_stocks,Financials,MGYR,648119,0.0006036078557372093
2538,15_min_interval_stocks/Financials/MHD.csv,15_min_interval_stocks,Financials,MHD,5627491,0.005241009406745434
2539,15_min_interval_stocks/Financials/MHF.csv,15_min_interval_stocks,Financials,MHF,5304296,0.004940010607242584
2540,15_min_interval_stocks/Financials/MHI.csv,15_min_interval_stocks,Financials,MHI,6047472,0.005632147192955017
2541,15_min_interval_stocks/Financials/MHLA.csv,15_min_interval_stocks,Financials,MHLA,1062434,0.0009894687682390213
2542,15_min_interval_stocks/Financials/MHLD.csv,15_min_interval_stocks,Financials,MHLD,5697114,0.005305850878357887
2543,15_min_interval_stocks/Financials/MHN.csv,15_min_interval_stocks,Financials,MHN,6470670,0.006026281043887138
2544,15_min_interval_stocks/Financials/MHNC.csv,15_min_interval_stocks,Financials,MHNC,1516651,0.00141249131411314
2545,15_min_interval_stocks/Financials/MIGI.csv,15_min_interval_stocks,Financials,MIGI,1366976,0.0012730956077575684
2546,15_min_interval_stocks/Financials/MIN.csv,15_min_interval_stocks,Financials,MIN,8568995,0.007980498485267162
2547,15_min_interval_stocks/Financials/MIO.csv,15_min_interval_stocks,Financials,MIO,874387,0.0008143363520503044
2548,15_min_interval_stocks/Financials/MITA.csv,15_min_interval_stocks,Financials,MITA,89970,8.37910920381546e-05
2549,15_min_interval_stocks/Financials/MITAW.csv,15_min_interval_stocks,Financials,MITAW,53542,4.986487329006195e-05
2550,15_min_interval_stocks/Financials/MIY.csv,15_min_interval_stocks,Financials,MIY,5650496,0.005262434482574463
2551,15_min_interval_stocks/Financials/MKL.csv,15_min_interval_stocks,Financials,MKL,8253709,0.0076868655160069466
2552,15_min_interval_stocks/Financials/MKTX.csv,15_min_interval_stocks,Financials,MKTX,8158568,0.007598258554935455
2553,15_min_interval_stocks/Financials/ML.csv,15_min_interval_stocks,Financials,ML,1705974,0.0015888120979070663
2554,15_min_interval_stocks/Financials/MLEC.csv,15_min_interval_stocks,Financials,MLEC,380361,0.000354238785803318
2555,15_min_interval_stocks/Financials/MLECW.csv,15_min_interval_stocks,Financials,MLECW,78036,7.267668843269348e-05
2556,15_min_interval_stocks/Financials/MLP.csv,15_min_interval_stocks,Financials,MLP,3646554,0.0033961180597543716
2557,15_min_interval_stocks/Financials/MMC.csv,15_min_interval_stocks,Financials,MMC,10500912,0.009779736399650574
2558,15_min_interval_stocks/Financials/MMD.csv,15_min_interval_stocks,Financials,MMD,3995625,0.0037212157621979713
2559,15_min_interval_stocks/Financials/MMI.csv,15_min_interval_stocks,Financials,MMI,4209128,0.0039200559258461
2560,15_min_interval_stocks/Financials/MMT.csv,15_min_interval_stocks,Financials,MMT,8087518,0.007532088086009026
2561,15_min_interval_stocks/Financials/MMU.csv,15_min_interval_stocks,Financials,MMU,7070615,0.006585023365914822
2562,15_min_interval_stocks/Financials/MNSB.csv,15_min_interval_stocks,Financials,MNSB,1071245,0.0009976746514439583
2563,15_min_interval_stocks/Financials/MNSBP.csv,15_min_interval_stocks,Financials,MNSBP,176474,0.00016435422003269196
2564,15_min_interval_stocks/Financials/MOFG.csv,15_min_interval_stocks,Financials,MOFG,3347870,0.003117946907877922
2565,15_min_interval_stocks/Financials/MOGO.csv,15_min_interval_stocks,Financials,MOGO,1972076,0.0018366388976573944
2566,15_min_interval_stocks/Financials/MORN.csv,15_min_interval_stocks,Financials,MORN,7573028,0.007052931934595108
2567,15_min_interval_stocks/Financials/MPA.csv,15_min_interval_stocks,Financials,MPA,4270091,0.003976832143962383
2568,15_min_interval_stocks/Financials/MPB.csv,15_min_interval_stocks,Financials,MPB,1653992,0.0015404000878334045
2569,15_min_interval_stocks/Financials/MPV.csv,15_min_interval_stocks,Financials,MPV,3254752,0.003031224012374878
2570,15_min_interval_stocks/Financials/MQT.csv,15_min_interval_stocks,Financials,MQT,6072995,0.005655917339026928
2571,15_min_interval_stocks/Financials/MQY.csv,15_min_interval_stocks,Financials,MQY,6977485,0.006498289294540882
2572,15_min_interval_stocks/Financials/MRBK.csv,15_min_interval_stocks,Financials,MRBK,937743,0.0008733412250876427
2573,15_min_interval_stocks/Financials/MRCC.csv,15_min_interval_stocks,Financials,MRCC,3763222,0.0035047736018896103
2574,15_min_interval_stocks/Financials/MRX.csv,15_min_interval_stocks,Financials,MRX,247493,0.00023049581795930862
2575,15_min_interval_stocks/Financials/MS.csv,15_min_interval_stocks,Financials,MS,10991031,0.010236195288598537
2576,15_min_interval_stocks/Financials/MSBI.csv,15_min_interval_stocks,Financials,MSBI,2955700,0.00275271013379097
2577,15_min_interval_stocks/Financials/MSBIP.csv,15_min_interval_stocks,Financials,MSBIP,257360,0.00023968517780303955
2578,15_min_interval_stocks/Financials/MSD.csv,15_min_interval_stocks,Financials,MSD,7033381,0.006550346501171589
2579,15_min_interval_stocks/Financials/MSSAR.csv,15_min_interval_stocks,Financials,MSSAR,28078,2.6149675250053406e-05
2580,15_min_interval_stocks/Financials/MTB.csv,15_min_interval_stocks,Financials,MTB,10397969,0.009683863259851933
2581,15_min_interval_stocks/Financials/MTG.csv,15_min_interval_stocks,Financials,MTG,10217272,0.00951557606458664
2582,15_min_interval_stocks/Financials/MUA.csv,15_min_interval_stocks,Financials,MUA,6163154,0.005739884451031685
2583,15_min_interval_stocks/Financials/MUC.csv,15_min_interval_stocks,Financials,MUC,7320880,0.006818100810050964
2584,15_min_interval_stocks/Financials/MUE.csv,15_min_interval_stocks,Financials,MUE,6335896,0.005900762975215912
2585,15_min_interval_stocks/Financials/MUFG.csv,15_min_interval_stocks,Financials,MUFG,2839853,0.0026448192074894905
2586,15_min_interval_stocks/Financials/MUI.csv,15_min_interval_stocks,Financials,MUI,6693476,0.006233785301446915
2587,15_min_interval_stocks/Financials/MUJ.csv,15_min_interval_stocks,Financials,MUJ,6207792,0.005781456828117371
2588,15_min_interval_stocks/Financials/MVBF.csv,15_min_interval_stocks,Financials,MVBF,1508930,0.001405300572514534
2589,15_min_interval_stocks/Financials/MVF.csv,15_min_interval_stocks,Financials,MVF,7102931,0.006615119986236095
2590,15_min_interval_stocks/Financials/MVT.csv,15_min_interval_stocks,Financials,MVT,5868166,0.005465155467391014
2591,15_min_interval_stocks/Financials/MXE.csv,15_min_interval_stocks,Financials,MXE,3042498,0.002833547070622444
2592,15_min_interval_stocks/Financials/MXF.csv,15_min_interval_stocks,Financials,MXF,6448907,0.006006012670695782
2593,15_min_interval_stocks/Financials/MYD.csv,15_min_interval_stocks,Financials,MYD,7472393,0.006959208287298679
2594,15_min_interval_stocks/Financials/MYFW.csv,15_min_interval_stocks,Financials,MYFW,872170,0.0008122716099023819
2595,15_min_interval_stocks/Financials/MYI.csv,15_min_interval_stocks,Financials,MYI,8065194,0.00751129724085331
2596,15_min_interval_stocks/Financials/MYN.csv,15_min_interval_stocks,Financials,MYN,6731560,0.0062692537903785706
2597,15_min_interval_stocks/Financials/NAC.csv,15_min_interval_stocks,Financials,NAC,6710462,0.006249604746699333
2598,15_min_interval_stocks/Financials/NAD.csv,15_min_interval_stocks,Financials,NAD,7707490,0.0071781594306230545
2599,15_min_interval_stocks/Financials/NAN.csv,15_min_interval_stocks,Financials,NAN,4682074,0.004360521212220192
2600,15_min_interval_stocks/Financials/NAVI.csv,15_min_interval_stocks,Financials,NAVI,4333627,0.004036004655063152
2601,15_min_interval_stocks/Financials/NAZ.csv,15_min_interval_stocks,Financials,NAZ,2837870,0.002642972394824028
2602,15_min_interval_stocks/Financials/NBB.csv,15_min_interval_stocks,Financials,NBB,4964724,0.004623759537935257
2603,15_min_interval_stocks/Financials/NBBK.csv,15_min_interval_stocks,Financials,NBBK,326190,0.00030378811061382294
2604,15_min_interval_stocks/Financials/NBH.csv,15_min_interval_stocks,Financials,NBH,5607125,0.005222042091190815
2605,15_min_interval_stocks/Financials/NBHC.csv,15_min_interval_stocks,Financials,NBHC,4663507,0.004343229345977306
2606,15_min_interval_stocks/Financials/NBN.csv,15_min_interval_stocks,Financials,NBN,2532913,0.0023589590564370155
2607,15_min_interval_stocks/Financials/NBTB.csv,15_min_interval_stocks,Financials,NBTB,9049585,0.008428082801401615
2608,15_min_interval_stocks/Financials/NBXG.csv,15_min_interval_stocks,Financials,NBXG,1371632,0.001277431845664978
2609,15_min_interval_stocks/Financials/NCA.csv,15_min_interval_stocks,Financials,NCA,5341829,0.004974965937435627
2610,15_min_interval_stocks/Financials/NCPL.csv,15_min_interval_stocks,Financials,NCPL,1348675,0.0012560514733195305
2611,15_min_interval_stocks/Financials/NCTY.csv,15_min_interval_stocks,Financials,NCTY,6270418,0.0058397818356752396
2612,15_min_interval_stocks/Financials/NCV.csv,15_min_interval_stocks,Financials,NCV,7752121,0.007219725288450718
2613,15_min_interval_stocks/Financials/NCZ.csv,15_min_interval_stocks,Financials,NCZ,7525666,0.00700882263481617
2614,15_min_interval_stocks/Financials/NDAQ.csv,15_min_interval_stocks,Financials,NDAQ,8748172,0.00814737007021904
2615,15_min_interval_stocks/Financials/NDMO.csv,15_min_interval_stocks,Financials,NDMO,1502259,0.0013990877196192741
2616,15_min_interval_stocks/Financials/NDP.csv,15_min_interval_stocks,Financials,NDP,3339129,0.003109806217253208
2617,15_min_interval_stocks/Financials/NEA.csv,15_min_interval_stocks,Financials,NEA,6397543,0.005958176217973232
2618,15_min_interval_stocks/Financials/NECB.csv,15_min_interval_stocks,Financials,NECB,1808828,0.0016846023499965668
2619,15_min_interval_stocks/Financials/NEWT.csv,15_min_interval_stocks,Financials,NEWT,4986386,0.0046439338475465775
2620,15_min_interval_stocks/Financials/NEWTH.csv,15_min_interval_stocks,Financials,NEWTH,44273,4.123244434595108e-05
2621,15_min_interval_stocks/Financials/NEWTI.csv,15_min_interval_stocks,Financials,NEWTI,113827,0.00010600965470075607
2622,15_min_interval_stocks/Financials/NEWTZ.csv,15_min_interval_stocks,Financials,NEWTZ,207214,0.00019298307597637177
2623,15_min_interval_stocks/Financials/NFBK.csv,15_min_interval_stocks,Financials,NFBK,5989581,0.005578231997787952
2624,15_min_interval_stocks/Financials/NFJ.csv,15_min_interval_stocks,Financials,NFJ,7184047,0.006690665148198605
2625,15_min_interval_stocks/Financials/NHS.csv,15_min_interval_stocks,Financials,NHS,4849907,0.0045168278738856316
2626,15_min_interval_stocks/Financials/NIC.csv,15_min_interval_stocks,Financials,NIC,2341311,0.0021805157884955406
2627,15_min_interval_stocks/Financials/NIE.csv,15_min_interval_stocks,Financials,NIE,6136814,0.005715353414416313
2628,15_min_interval_stocks/Financials/NIM.csv,15_min_interval_stocks,Financials,NIM,4024246,0.003747871145606041
2629,15_min_interval_stocks/Financials/NKSH.csv,15_min_interval_stocks,Financials,NKSH,2990628,0.0027852393686771393
2630,15_min_interval_stocks/Financials/NKX.csv,15_min_interval_stocks,Financials,NKX,4927625,0.004589208401739597
2631,15_min_interval_stocks/Financials/NMAI.csv,15_min_interval_stocks,Financials,NMAI,1074146,0.0010003764182329178
2632,15_min_interval_stocks/Financials/NMCO.csv,15_min_interval_stocks,Financials,NMCO,1824245,0.0016989605501294136
2633,15_min_interval_stocks/Financials/NMFC.csv,15_min_interval_stocks,Financials,NMFC,5005325,0.00466157216578722
2634,15_min_interval_stocks/Financials/NMI.csv,15_min_interval_stocks,Financials,NMI,3339322,0.003109985962510109
2635,15_min_interval_stocks/Financials/NMIH.csv,15_min_interval_stocks,Financials,NMIH,3740797,0.003483888693153858
2636,15_min_interval_stocks/Financials/NML.csv,15_min_interval_stocks,Financials,NML,4116493,0.003833782859146595
2637,15_min_interval_stocks/Financials/NMR.csv,15_min_interval_stocks,Financials,NMR,8392719,0.007816328667104244
2638,15_min_interval_stocks/Financials/NMRK.csv,15_min_interval_stocks,Financials,NMRK,2717697,0.002531052567064762
2639,15_min_interval_stocks/Financials/NMS.csv,15_min_interval_stocks,Financials,NMS,1078518,0.0010044481605291367
2640,15_min_interval_stocks/Financials/NMT.csv,15_min_interval_stocks,Financials,NMT,2420934,0.002254670485854149
2641,15_min_interval_stocks/Financials/NMZ.csv,15_min_interval_stocks,Financials,NMZ,6518680,0.0060709938406944275
2642,15_min_interval_stocks/Financials/NNI.csv,15_min_interval_stocks,Financials,NNI,7809144,0.007272832095623016
2643,15_min_interval_stocks/Financials/NNY.csv,15_min_interval_stocks,Financials,NNY,4289244,0.0039946697652339935
2644,15_min_interval_stocks/Financials/NOAH.csv,15_min_interval_stocks,Financials,NOAH,5265203,0.004903602413833141
2645,15_min_interval_stocks/Financials/NODK.csv,15_min_interval_stocks,Financials,NODK,955277,0.0008896710351109505
2646,15_min_interval_stocks/Financials/NOM.csv,15_min_interval_stocks,Financials,NOM,930971,0.0008670343086123466
2647,15_min_interval_stocks/Financials/NPCT.csv,15_min_interval_stocks,Financials,NPCT,1171381,0.0010909335687756538
2648,15_min_interval_stocks/Financials/NPFD.csv,15_min_interval_stocks,Financials,NPFD,996281,0.0009278589859604836
2649,15_min_interval_stocks/Financials/NPV.csv,15_min_interval_stocks,Financials,NPV,3562384,0.003317728638648987
2650,15_min_interval_stocks/Financials/NQP.csv,15_min_interval_stocks,Financials,NQP,5022311,0.0046773916110396385
2651,15_min_interval_stocks/Financials/NRIM.csv,15_min_interval_stocks,Financials,NRIM,3790638,0.0035303067415952682
2652,15_min_interval_stocks/Financials/NRK.csv,15_min_interval_stocks,Financials,NRK,4636379,0.004317964427173138
2653,15_min_interval_stocks/Financials/NRO.csv,15_min_interval_stocks,Financials,NRO,7104617,0.006616690196096897
2654,15_min_interval_stocks/Financials/NRUC.csv,15_min_interval_stocks,Financials,NRUC,1296926,0.001207856461405754
2655,15_min_interval_stocks/Financials/NSTS.csv,15_min_interval_stocks,Financials,NSTS,189075,0.0001760898157954216
2656,15_min_interval_stocks/Financials/NTB.csv,15_min_interval_stocks,Financials,NTB,3211830,0.0029912497848272324
2657,15_min_interval_stocks/Financials/NTG.csv,15_min_interval_stocks,Financials,NTG,4945304,0.004605673253536224
2658,15_min_interval_stocks/Financials/NTRS.csv,15_min_interval_stocks,Financials,NTRS,10655792,0.009923979640007019
2659,15_min_interval_stocks/Financials/NTRSO.csv,15_min_interval_stocks,Financials,NTRSO,1280098,0.0011921841651201248
2660,15_min_interval_stocks/Financials/NU.csv,15_min_interval_stocks,Financials,NU,2073667,0.0019312528893351555
2661,15_min_interval_stocks/Financials/NUV.csv,15_min_interval_stocks,Financials,NUV,8619577,0.008027606643736362
2662,15_min_interval_stocks/Financials/NUW.csv,15_min_interval_stocks,Financials,NUW,3984697,0.0037110382691025734
2663,15_min_interval_stocks/Financials/NVG.csv,15_min_interval_stocks,Financials,NVG,6784515,0.006318571977317333
2664,15_min_interval_stocks/Financials/NWBI.csv,15_min_interval_stocks,Financials,NWBI,5812783,0.005413576029241085
2665,15_min_interval_stocks/Financials/NWFL.csv,15_min_interval_stocks,Financials,NWFL,1563280,0.0014559179544448853
2666,15_min_interval_stocks/Financials/NWG.csv,15_min_interval_stocks,Financials,NWG,7631974,0.007107829675078392
2667,15_min_interval_stocks/Financials/NXC.csv,15_min_interval_stocks,Financials,NXC,3172946,0.002955036237835884
2668,15_min_interval_stocks/Financials/NXJ.csv,15_min_interval_stocks,Financials,NXJ,4641176,0.004322431981563568
2669,15_min_interval_stocks/Financials/NXN.csv,15_min_interval_stocks,Financials,NXN,2131361,0.001984984613955021
2670,15_min_interval_stocks/Financials/NXP.csv,15_min_interval_stocks,Financials,NXP,5389531,0.0050193918868899345
2671,15_min_interval_stocks/Financials/NZF.csv,15_min_interval_stocks,Financials,NZF,7363031,0.006857356987893581
2672,15_min_interval_stocks/Financials/OACCU.csv,15_min_interval_stocks,Financials,OACCU,14021,1.3058073818683624e-05
2673,15_min_interval_stocks/Financials/OAKU.csv,15_min_interval_stocks,Financials,OAKU,48067,4.4765882194042206e-05
2674,15_min_interval_stocks/Financials/OAKUR.csv,15_min_interval_stocks,Financials,OAKUR,25475,2.3725442588329315e-05
2675,15_min_interval_stocks/Financials/OAKUW.csv,15_min_interval_stocks,Financials,OAKUW,21538,2.0058825612068176e-05
2676,15_min_interval_stocks/Financials/OBDC.csv,15_min_interval_stocks,Financials,OBDC,871707,0.0008118404075503349
2677,15_min_interval_stocks/Financials/OBK.csv,15_min_interval_stocks,Financials,OBK,593088,0.0005523562431335449
2678,15_min_interval_stocks/Financials/OBT.csv,15_min_interval_stocks,Financials,OBT,325817,0.00030344072729349136
2679,15_min_interval_stocks/Financials/OCCI.csv,15_min_interval_stocks,Financials,OCCI,1808178,0.0016839969903230667
2680,15_min_interval_stocks/Financials/OCCIN.csv,15_min_interval_stocks,Financials,OCCIN,130521,0.00012155715376138687
2681,15_min_interval_stocks/Financials/OCCIO.csv,15_min_interval_stocks,Financials,OCCIO,179961,0.00016760174185037613
2682,15_min_interval_stocks/Financials/OCFC.csv,15_min_interval_stocks,Financials,OCFC,7964005,0.007417057640850544
2683,15_min_interval_stocks/Financials/OCFCP.csv,15_min_interval_stocks,Financials,OCFCP,297384,0.00027696043252944946
2684,15_min_interval_stocks/Financials/OCSL.csv,15_min_interval_stocks,Financials,OCSL,6460076,0.006016414612531662
2685,15_min_interval_stocks/Financials/OFG.csv,15_min_interval_stocks,Financials,OFG,8793365,0.008189459331333637
2686,15_min_interval_stocks/Financials/OFS.csv,15_min_interval_stocks,Financials,OFS,3296346,0.003069961443543434
2687,15_min_interval_stocks/Financials/OFSSH.csv,15_min_interval_stocks,Financials,OFSSH,62849,5.853269249200821e-05
2688,15_min_interval_stocks/Financials/OIA.csv,15_min_interval_stocks,Financials,OIA,5628001,0.005241484381258488
2689,15_min_interval_stocks/Financials/OMCC.csv,15_min_interval_stocks,Financials,OMCC,15056,1.4021992683410645e-05
2690,15_min_interval_stocks/Financials/OMF.csv,15_min_interval_stocks,Financials,OMF,4600390,0.004284447059035301
2691,15_min_interval_stocks/Financials/OMH.csv,15_min_interval_stocks,Financials,OMH,762986,0.0007105860859155655
2692,15_min_interval_stocks/Financials/ONB.csv,15_min_interval_stocks,Financials,ONB,8772244,0.008169788867235184
2693,15_min_interval_stocks/Financials/ONBPO.csv,15_min_interval_stocks,Financials,ONBPO,355910,0.00033146701753139496
2694,15_min_interval_stocks/Financials/ONBPP.csv,15_min_interval_stocks,Financials,ONBPP,350107,0.00032606255263090134
2695,15_min_interval_stocks/Financials/ONIT.csv,15_min_interval_stocks,Financials,ONIT,105480,9.823590517044067e-05
2696,15_min_interval_stocks/Financials/OPAD.csv,15_min_interval_stocks,Financials,OPAD,1447061,0.001347680576145649
2697,15_min_interval_stocks/Financials/OPBK.csv,15_min_interval_stocks,Financials,OPBK,1675108,0.001560065895318985
2698,15_min_interval_stocks/Financials/OPEN.csv,15_min_interval_stocks,Financials,OPEN,2863296,0.002666652202606201
2699,15_min_interval_stocks/Financials/OPFI.csv,15_min_interval_stocks,Financials,OPFI,1521389,0.0014169039204716682
2700,15_min_interval_stocks/Financials/OPHC.csv,15_min_interval_stocks,Financials,OPHC,1215097,0.001131647266447544
2701,15_min_interval_stocks/Financials/OPI.csv,15_min_interval_stocks,Financials,OPI,6352219,0.00591596495360136
2702,15_min_interval_stocks/Financials/OPINL.csv,15_min_interval_stocks,Financials,OPINL,866270,0.0008067768067121506
2703,15_min_interval_stocks/Financials/OPOF.csv,15_min_interval_stocks,Financials,OPOF,1172022,0.0010915305465459824
2704,15_min_interval_stocks/Financials/OPP.csv,15_min_interval_stocks,Financials,OPP,2608124,0.0024290047585964203
2705,15_min_interval_stocks/Financials/OPRT.csv,15_min_interval_stocks,Financials,OPRT,1639911,0.001527286134660244
2706,15_min_interval_stocks/Financials/OPY.csv,15_min_interval_stocks,Financials,OPY,6409909,0.005969692952930927
2707,15_min_interval_stocks/Financials/ORI.csv,15_min_interval_stocks,Financials,ORI,9688949,0.009023536927998066
2708,15_min_interval_stocks/Financials/ORRF.csv,15_min_interval_stocks,Financials,ORRF,3184228,0.002965543419122696
2709,15_min_interval_stocks/Financials/OSBC.csv,15_min_interval_stocks,Financials,OSBC,6779622,0.00631401501595974
2710,15_min_interval_stocks/Financials/OVBC.csv,15_min_interval_stocks,Financials,OVBC,1163975,0.0010840361937880516
2711,15_min_interval_stocks/Financials/OVLY.csv,15_min_interval_stocks,Financials,OVLY,1154297,0.001075022853910923
2712,15_min_interval_stocks/Financials/OWL.csv,15_min_interval_stocks,Financials,OWL,1836816,0.0017106682062149048
2713,15_min_interval_stocks/Financials/OXBR.csv,15_min_interval_stocks,Financials,OXBR,1652548,0.0015390552580356598
2714,15_min_interval_stocks/Financials/OXBRW.csv,15_min_interval_stocks,Financials,OXBRW,441747,0.0004114089533686638
2715,15_min_interval_stocks/Financials/OXLC.csv,15_min_interval_stocks,Financials,OXLC,5232717,0.004873347468674183
2716,15_min_interval_stocks/Financials/OXLCL.csv,15_min_interval_stocks,Financials,OXLCL,389238,0.0003625061362981796
2717,15_min_interval_stocks/Financials/OXLCN.csv,15_min_interval_stocks,Financials,OXLCN,197339,0.00018378626555204391
2718,15_min_interval_stocks/Financials/OXLCO.csv,15_min_interval_stocks,Financials,OXLCO,868182,0.0008085574954748154
2719,15_min_interval_stocks/Financials/OXLCP.csv,15_min_interval_stocks,Financials,OXLCP,535232,0.0004984736442565918
2720,15_min_interval_stocks/Financials/OXLCZ.csv,15_min_interval_stocks,Financials,OXLCZ,213132,0.00019849464297294617
2721,15_min_interval_stocks/Financials/OXSQ.csv,15_min_interval_stocks,Financials,OXSQ,6399363,0.0059598712250590324
2722,15_min_interval_stocks/Financials/OXSQZ.csv,15_min_interval_stocks,Financials,OXSQZ,231359,0.0002154698595404625
2723,15_min_interval_stocks/Financials/OZK.csv,15_min_interval_stocks,Financials,OZK,2663460,0.0024805404245853424
2724,15_min_interval_stocks/Financials/OZKAP.csv,15_min_interval_stocks,Financials,OZKAP,882947,0.0008223084732890129
2725,15_min_interval_stocks/Financials/PAI.csv,15_min_interval_stocks,Financials,PAI,4895845,0.004559610970318317
2726,15_min_interval_stocks/Financials/PAPL.csv,15_min_interval_stocks,Financials,PAPL,399004,0.0003716014325618744
2727,15_min_interval_stocks/Financials/PAX.csv,15_min_interval_stocks,Financials,PAX,1537534,0.0014319401234388351
2728,15_min_interval_stocks/Financials/PAXS.csv,15_min_interval_stocks,Financials,PAXS,1114547,0.0010380027815699577
2729,15_min_interval_stocks/Financials/PB.csv,15_min_interval_stocks,Financials,PB,9042104,0.008421115577220917
2730,15_min_interval_stocks/Financials/PBBK.csv,15_min_interval_stocks,Financials,PBBK,152046,0.00014160387217998505
2731,15_min_interval_stocks/Financials/PBFS.csv,15_min_interval_stocks,Financials,PBFS,713963,0.0006649298593401909
2732,15_min_interval_stocks/Financials/PBHC.csv,15_min_interval_stocks,Financials,PBHC,551006,0.0005131643265485764
2733,15_min_interval_stocks/Financials/PCB.csv,15_min_interval_stocks,Financials,PCB,1552736,0.0014460980892181396
2734,15_min_interval_stocks/Financials/PCF.csv,15_min_interval_stocks,Financials,PCF,6031735,0.005617490969598293
2735,15_min_interval_stocks/Financials/PCM.csv,15_min_interval_stocks,Financials,PCM,5110244,0.004759285598993301
2736,15_min_interval_stocks/Financials/PCN.csv,15_min_interval_stocks,Financials,PCN,7881746,0.007340447977185249
2737,15_min_interval_stocks/Financials/PCQ.csv,15_min_interval_stocks,Financials,PCQ,5290817,0.004927457310259342
2738,15_min_interval_stocks/Financials/PDI.csv,15_min_interval_stocks,Financials,PDI,5434826,0.005061576142907143
2739,15_min_interval_stocks/Financials/PDLB.csv,15_min_interval_stocks,Financials,PDLB,1402265,0.001305961050093174
2740,15_min_interval_stocks/Financials/PDO.csv,15_min_interval_stocks,Financials,PDO,1675457,0.0015603909268975258
2741,15_min_interval_stocks/Financials/PDT.csv,15_min_interval_stocks,Financials,PDT,6942757,0.006465946324169636
2742,15_min_interval_stocks/Financials/PDX.csv,15_min_interval_stocks,Financials,PDX,401765,0.0003741728141903877
2743,15_min_interval_stocks/Financials/PEBK.csv,15_min_interval_stocks,Financials,PEBK,1438938,0.0013401154428720474
2744,15_min_interval_stocks/Financials/PEBO.csv,15_min_interval_stocks,Financials,PEBO,7061050,0.006576115265488625
2745,15_min_interval_stocks/Financials/PEO.csv,15_min_interval_stocks,Financials,PEO,7932352,0.00738757848739624
2746,15_min_interval_stocks/Financials/PFBC.csv,15_min_interval_stocks,Financials,PFBC,6061446,0.005645161494612694
2747,15_min_interval_stocks/Financials/PFC.csv,15_min_interval_stocks,Financials,PFC,5135880,0.004783160984516144
2748,15_min_interval_stocks/Financials/PFD.csv,15_min_interval_stocks,Financials,PFD,5257900,0.0048968009650707245
2749,15_min_interval_stocks/Financials/PFG.csv,15_min_interval_stocks,Financials,PFG,9544538,0.00888904370367527
2750,15_min_interval_stocks/Financials/PFH.csv,15_min_interval_stocks,Financials,PFH,1369369,0.0012753242626786232
2751,15_min_interval_stocks/Financials/PFIS.csv,15_min_interval_stocks,Financials,PFIS,1564012,0.0014565996825695038
2752,15_min_interval_stocks/Financials/PFL.csv,15_min_interval_stocks,Financials,PFL,6786843,0.006320740096271038
2753,15_min_interval_stocks/Financials/PFLT.csv,15_min_interval_stocks,Financials,PFLT,5049104,0.004702344536781311
2754,15_min_interval_stocks/Financials/PFN.csv,15_min_interval_stocks,Financials,PFN,7076465,0.006590471602976322
2755,15_min_interval_stocks/Financials/PFO.csv,15_min_interval_stocks,Financials,PFO,4764950,0.004437705501914024
2756,15_min_interval_stocks/Financials/PFS.csv,15_min_interval_stocks,Financials,PFS,8360690,0.007786499336361885
2757,15_min_interval_stocks/Financials/PFSI.csv,15_min_interval_stocks,Financials,PFSI,4505324,0.004195909947156906
2758,15_min_interval_stocks/Financials/PFX.csv,15_min_interval_stocks,Financials,PFX,256107,0.00023851823061704636
2759,15_min_interval_stocks/Financials/PFXNZ.csv,15_min_interval_stocks,Financials,PFXNZ,88289,8.222553879022598e-05
2760,15_min_interval_stocks/Financials/PGC.csv,15_min_interval_stocks,Financials,PGC,5632318,0.005245504900813103
2761,15_min_interval_stocks/Financials/PGP.csv,15_min_interval_stocks,Financials,PGP,5476513,0.005100400187075138
2762,15_min_interval_stocks/Financials/PGR.csv,15_min_interval_stocks,Financials,PGR,10612642,0.009883793070912361
2763,15_min_interval_stocks/Financials/PGY.csv,15_min_interval_stocks,Financials,PGY,1486253,0.0013841809704899788
2764,15_min_interval_stocks/Financials/PGYWW.csv,15_min_interval_stocks,Financials,PGYWW,257540,0.00023985281586647034
2765,15_min_interval_stocks/Financials/PGZ.csv,15_min_interval_stocks,Financials,PGZ,2745879,0.0025572990998625755
2766,15_min_interval_stocks/Financials/PHD.csv,15_min_interval_stocks,Financials,PHD,6370523,0.005933011882007122
2767,15_min_interval_stocks/Financials/PHK.csv,15_min_interval_stocks,Financials,PHK,8143332,0.007584068924188614
2768,15_min_interval_stocks/Financials/PHT.csv,15_min_interval_stocks,Financials,PHT,6449629,0.006006685085594654
2769,15_min_interval_stocks/Financials/PIM.csv,15_min_interval_stocks,Financials,PIM,7916374,0.007372697815299034
2770,15_min_interval_stocks/Financials/PIPR.csv,15_min_interval_stocks,Financials,PIPR,1942104,0.0018087252974510193
2771,15_min_interval_stocks/Financials/PJT.csv,15_min_interval_stocks,Financials,PJT,3598417,0.0033512869849801064
2772,15_min_interval_stocks/Financials/PKBK.csv,15_min_interval_stocks,Financials,PKBK,2281900,0.0021251849830150604
2773,15_min_interval_stocks/Financials/PLAO.csv,15_min_interval_stocks,Financials,PLAO,87556,8.154287934303284e-05
2774,15_min_interval_stocks/Financials/PLBC.csv,15_min_interval_stocks,Financials,PLBC,1256765,0.0011704536154866219
2775,15_min_interval_stocks/Financials/PLMR.csv,15_min_interval_stocks,Financials,PLMR,1923521,0.0017914185300469398
2776,15_min_interval_stocks/Financials/PMEC.csv,15_min_interval_stocks,Financials,PMEC,362449,0.00033755693584680557
2777,15_min_interval_stocks/Financials/PMF.csv,15_min_interval_stocks,Financials,PMF,6066775,0.00565012451261282
2778,15_min_interval_stocks/Financials/PML.csv,15_min_interval_stocks,Financials,PML,7310748,0.00680866464972496
2779,15_min_interval_stocks/Financials/PMM.csv,15_min_interval_stocks,Financials,PMM,7182158,0.006688905879855156
2780,15_min_interval_stocks/Financials/PMO.csv,15_min_interval_stocks,Financials,PMO,6561109,0.006110508926212788
2781,15_min_interval_stocks/Financials/PMX.csv,15_min_interval_stocks,Financials,PMX,6213992,0.005787231028079987
2782,15_min_interval_stocks/Financials/PNBK.csv,15_min_interval_stocks,Financials,PNBK,988330,0.0009204540401697159
2783,15_min_interval_stocks/Financials/PNC.csv,15_min_interval_stocks,Financials,PNC,11095398,0.010333394631743431
2784,15_min_interval_stocks/Financials/PNF.csv,15_min_interval_stocks,Financials,PNF,3704985,0.0034505361691117287
2785,15_min_interval_stocks/Financials/PNFP.csv,15_min_interval_stocks,Financials,PNFP,7941180,0.007395800203084946
2786,15_min_interval_stocks/Financials/PNFPP.csv,15_min_interval_stocks,Financials,PNFPP,780051,0.0007264791056513786
2787,15_min_interval_stocks/Financials/PNI.csv,15_min_interval_stocks,Financials,PNI,3940734,0.003670094534754753
2788,15_min_interval_stocks/Financials/PNNT.csv,15_min_interval_stocks,Financials,PNNT,6699533,0.006239426322281361
2789,15_min_interval_stocks/Financials/PPBI.csv,15_min_interval_stocks,Financials,PPBI,5076639,0.004727988503873348
2790,15_min_interval_stocks/Financials/PPT.csv,15_min_interval_stocks,Financials,PPT,8645224,0.008051492273807526
2791,15_min_interval_stocks/Financials/PPYA.csv,15_min_interval_stocks,Financials,PPYA,55328,5.1528215408325195e-05
2792,15_min_interval_stocks/Financials/PRA.csv,15_min_interval_stocks,Financials,PRA,8885656,0.008275412023067474
2793,15_min_interval_stocks/Financials/PRAA.csv,15_min_interval_stocks,Financials,PRAA,8036266,0.007484355941414833
2794,15_min_interval_stocks/Financials/PRE.csv,15_min_interval_stocks,Financials,PRE,566585,0.0005276734009385109
2795,15_min_interval_stocks/Financials/PRENW.csv,15_min_interval_stocks,Financials,PRENW,127461,0.00011870730668306351
2796,15_min_interval_stocks/Financials/PRH.csv,15_min_interval_stocks,Financials,PRH,696778,0.0006489250808954239
2797,15_min_interval_stocks/Financials/PRI.csv,15_min_interval_stocks,Financials,PRI,5949010,0.005540447309613228
2798,15_min_interval_stocks/Financials/PRK.csv,15_min_interval_stocks,Financials,PRK,7428530,0.006918357685208321
2799,15_min_interval_stocks/Financials/PRLH.csv,15_min_interval_stocks,Financials,PRLH,92818,8.644349873065948e-05
2800,15_min_interval_stocks/Financials/PROV.csv,15_min_interval_stocks,Financials,PROV,4107968,0.003825843334197998
2801,15_min_interval_stocks/Financials/PRU.csv,15_min_interval_stocks,Financials,PRU,10249697,0.009545774199068546
2802,15_min_interval_stocks/Financials/PSEC.csv,15_min_interval_stocks,Financials,PSEC,8782429,0.008179274387657642
2803,15_min_interval_stocks/Financials/PSF.csv,15_min_interval_stocks,Financials,PSF,3968103,0.003695583902299404
2804,15_min_interval_stocks/Financials/PTA.csv,15_min_interval_stocks,Financials,PTA,1547475,0.0014411984011530876
2805,15_min_interval_stocks/Financials/PTMN.csv,15_min_interval_stocks,Financials,PTMN,6121347,0.0057009486481547356
2806,15_min_interval_stocks/Financials/PTY.csv,15_min_interval_stocks,Financials,PTY,8295804,0.007726069539785385
2807,15_min_interval_stocks/Financials/PUK.csv,15_min_interval_stocks,Financials,PUK,9299727,0.00866104569286108
2808,15_min_interval_stocks/Financials/PVBC.csv,15_min_interval_stocks,Financials,PVBC,1772543,0.0016508093103766441
2809,15_min_interval_stocks/Financials/PWM.csv,15_min_interval_stocks,Financials,PWM,577802,0.0005381200462579727
2810,15_min_interval_stocks/Financials/PWOD.csv,15_min_interval_stocks,Financials,PWOD,2479919,0.002309604547917843
2811,15_min_interval_stocks/Financials/PWP.csv,15_min_interval_stocks,Financials,PWP,1531586,0.0014264006167650223
2812,15_min_interval_stocks/Financials/PWUP.csv,15_min_interval_stocks,Financials,PWUP,89873,8.37007537484169e-05
2813,15_min_interval_stocks/Financials/PWUPW.csv,15_min_interval_stocks,Financials,PWUPW,93040,8.665025234222412e-05
2814,15_min_interval_stocks/Financials/PX.csv,15_min_interval_stocks,Financials,PX,1240406,0.0011552181094884872
2815,15_min_interval_stocks/Financials/PYN.csv,15_min_interval_stocks,Financials,PYN,2930957,0.002729666419327259
2816,15_min_interval_stocks/Financials/PYT.csv,15_min_interval_stocks,Financials,PYT,145515,0.00013552140444517136
2817,15_min_interval_stocks/Financials/PZC.csv,15_min_interval_stocks,Financials,PZC,5347205,0.00497997272759676
2818,15_min_interval_stocks/Financials/QCRH.csv,15_min_interval_stocks,Financials,QCRH,3696786,0.0034429002553224564
2819,15_min_interval_stocks/Financials/QD.csv,15_min_interval_stocks,Financials,QD,3037925,0.0028292881324887276
2820,15_min_interval_stocks/Financials/QETA.csv,15_min_interval_stocks,Financials,QETA,33140,3.086403012275696e-05
2821,15_min_interval_stocks/Financials/QFIN.csv,15_min_interval_stocks,Financials,QFIN,2813074,0.0026198793202638626
2822,15_min_interval_stocks/Financials/QQQX.csv,15_min_interval_stocks,Financials,QQQX,6201656,0.00577574223279953
2823,15_min_interval_stocks/Financials/RA.csv,15_min_interval_stocks,Financials,RA,3456597,0.003219206817448139
2824,15_min_interval_stocks/Financials/RAND.csv,15_min_interval_stocks,Financials,RAND,1097847,0.0010224496945738792
2825,15_min_interval_stocks/Financials/RBB.csv,15_min_interval_stocks,Financials,RBB,2097429,0.0019533829763531685
2826,15_min_interval_stocks/Financials/RBCAA.csv,15_min_interval_stocks,Financials,RBCAA,6074951,0.005657739005982876
2827,15_min_interval_stocks/Financials/RBKB.csv,15_min_interval_stocks,Financials,RBKB,326372,0.00030395761132240295
2828,15_min_interval_stocks/Financials/RCG.csv,15_min_interval_stocks,Financials,RCG,1320574,0.001229880377650261
2829,15_min_interval_stocks/Financials/RCS.csv,15_min_interval_stocks,Financials,RCS,7948676,0.007402781397104263
2830,15_min_interval_stocks/Financials/RDFN.csv,15_min_interval_stocks,Financials,RDFN,3370004,0.003138560801744461
2831,15_min_interval_stocks/Financials/RDN.csv,15_min_interval_stocks,Financials,RDN,10363238,0.009651517495512962
2832,15_min_interval_stocks/Financials/RDZN.csv,15_min_interval_stocks,Financials,RDZN,344283,0.0003206385299563408
2833,15_min_interval_stocks/Financials/REAX.csv,15_min_interval_stocks,Financials,REAX,1077817,0.0010037953034043312
2834,15_min_interval_stocks/Financials/RELI.csv,15_min_interval_stocks,Financials,RELI,1972742,0.0018372591584920883
2835,15_min_interval_stocks/Financials/RENE.csv,15_min_interval_stocks,Financials,RENE,100681,9.376648813486099e-05
2836,15_min_interval_stocks/Financials/RF.csv,15_min_interval_stocks,Financials,RF,10411230,0.009696213528513908
2837,15_min_interval_stocks/Financials/RFACR.csv,15_min_interval_stocks,Financials,RFACR,31809,2.9624439775943756e-05
2838,15_min_interval_stocks/Financials/RFAIR.csv,15_min_interval_stocks,Financials,RFAIR,13783,1.283641904592514e-05
2839,15_min_interval_stocks/Financials/RFI.csv,15_min_interval_stocks,Financials,RFI,6409718,0.005969515070319176
2840,15_min_interval_stocks/Financials/RFL.csv,15_min_interval_stocks,Financials,RFL,1612592,0.0015018433332443237
2841,15_min_interval_stocks/Financials/RFM.csv,15_min_interval_stocks,Financials,RFM,884901,0.0008241282775998116
2842,15_min_interval_stocks/Financials/RFMZ.csv,15_min_interval_stocks,Financials,RFMZ,1151052,0.0010720007121562958
2843,15_min_interval_stocks/Financials/RGA.csv,15_min_interval_stocks,Financials,RGA,6610162,0.006156193092465401
2844,15_min_interval_stocks/Financials/RGT.csv,15_min_interval_stocks,Financials,RGT,2069815,0.0019276654347777367
2845,15_min_interval_stocks/Financials/RILY.csv,15_min_interval_stocks,Financials,RILY,3467496,0.0032293573021888733
2846,15_min_interval_stocks/Financials/RILYG.csv,15_min_interval_stocks,Financials,RILYG,1045481,0.0009736800566315651
2847,15_min_interval_stocks/Financials/RILYK.csv,15_min_interval_stocks,Financials,RILYK,656928,0.0006118118762969971
2848,15_min_interval_stocks/Financials/RILYL.csv,15_min_interval_stocks,Financials,RILYL,477514,0.0004447195678949356
2849,15_min_interval_stocks/Financials/RILYM.csv,15_min_interval_stocks,Financials,RILYM,896507,0.0008349372074007988
2850,15_min_interval_stocks/Financials/RILYN.csv,15_min_interval_stocks,Financials,RILYN,1052412,0.000980135053396225
2851,15_min_interval_stocks/Financials/RILYP.csv,15_min_interval_stocks,Financials,RILYP,723778,0.0006740707904100418
2852,15_min_interval_stocks/Financials/RILYT.csv,15_min_interval_stocks,Financials,RILYT,832427,0.0007752580568194389
2853,15_min_interval_stocks/Financials/RILYZ.csv,15_min_interval_stocks,Financials,RILYZ,1582510,0.001473827287554741
2854,15_min_interval_stocks/Financials/RIOT.csv,15_min_interval_stocks,Financials,RIOT,4835265,0.004503191448748112
2855,15_min_interval_stocks/Financials/RITR.csv,15_min_interval_stocks,Financials,RITR,96676,9.0036541223526e-05
2856,15_min_interval_stocks/Financials/RIV.csv,15_min_interval_stocks,Financials,RIV,2699570,0.0025141704827547073
2857,15_min_interval_stocks/Financials/RJF.csv,15_min_interval_stocks,Financials,RJF,9938477,0.009255927987396717
2858,15_min_interval_stocks/Financials/RKT.csv,15_min_interval_stocks,Financials,RKT,2620224,0.0024402737617492676
2859,15_min_interval_stocks/Financials/RLI.csv,15_min_interval_stocks,Financials,RLI,9187609,0.008556627668440342
2860,15_min_interval_stocks/Financials/RLTY.csv,15_min_interval_stocks,Financials,RLTY,974108,0.0009072087705135345
2861,15_min_interval_stocks/Financials/RM.csv,15_min_interval_stocks,Financials,RM,4121436,0.0038383863866329193
2862,15_min_interval_stocks/Financials/RMAX.csv,15_min_interval_stocks,Financials,RMAX,4234552,0.003943733870983124
2863,15_min_interval_stocks/Financials/RMBI.csv,15_min_interval_stocks,Financials,RMBI,936718,0.0008723866194486618
2864,15_min_interval_stocks/Financials/RMI.csv,15_min_interval_stocks,Financials,RMI,1116680,0.0010399892926216125
2865,15_min_interval_stocks/Financials/RMM.csv,15_min_interval_stocks,Financials,RMM,1624130,0.0015125889331102371
2866,15_min_interval_stocks/Financials/RMMZ.csv,15_min_interval_stocks,Financials,RMMZ,599787,0.000558595173060894
2867,15_min_interval_stocks/Financials/RMT.csv,15_min_interval_stocks,Financials,RMT,6597468,0.006144370883703232
2868,15_min_interval_stocks/Financials/RNP.csv,15_min_interval_stocks,Financials,RNP,7788986,0.0072540584951639175
2869,15_min_interval_stocks/Financials/RNR.csv,15_min_interval_stocks,Financials,RNR,9938294,0.009255757555365562
2870,15_min_interval_stocks/Financials/RNST.csv,15_min_interval_stocks,Financials,RNST,7253685,0.006755520589649677
2871,15_min_interval_stocks/Financials/ROL.csv,15_min_interval_stocks,Financials,ROL,9251658,0.008616277948021889
2872,15_min_interval_stocks/Financials/ROOT.csv,15_min_interval_stocks,Financials,ROOT,2014514,0.001876162365078926
2873,15_min_interval_stocks/Financials/RQI.csv,15_min_interval_stocks,Financials,RQI,8224568,0.007659725844860077
2874,15_min_interval_stocks/Financials/RSF.csv,15_min_interval_stocks,Financials,RSF,908576,0.000846177339553833
2875,15_min_interval_stocks/Financials/RVSB.csv,15_min_interval_stocks,Financials,RVSB,3732531,0.0034761903807520866
2876,15_min_interval_stocks/Financials/RVT.csv,15_min_interval_stocks,Financials,RVT,8752610,0.008151503279805183
2877,15_min_interval_stocks/Financials/RWAY.csv,15_min_interval_stocks,Financials,RWAY,1203723,0.0011210544034838676
2878,15_min_interval_stocks/Financials/RWAYL.csv,15_min_interval_stocks,Financials,RWAYL,247204,0.00023022666573524475
2879,15_min_interval_stocks/Financials/RWAYZ.csv,15_min_interval_stocks,Financials,RWAYZ,236774,0.0002205129712820053
2880,15_min_interval_stocks/Financials/RY.csv,15_min_interval_stocks,Financials,RY,9748928,0.009079396724700928
2881,15_min_interval_stocks/Financials/RYAN.csv,15_min_interval_stocks,Financials,RYAN,1404551,0.001308090053498745
2882,15_min_interval_stocks/Financials/RZB.csv,15_min_interval_stocks,Financials,RZB,2288054,0.002130916342139244
2883,15_min_interval_stocks/Financials/RZC.csv,15_min_interval_stocks,Financials,RZC,687448,0.0006402358412742615
2884,15_min_interval_stocks/Financials/SAFT.csv,15_min_interval_stocks,Financials,SAFT,7580830,0.007060198113322258
2885,15_min_interval_stocks/Financials/SAJ.csv,15_min_interval_stocks,Financials,SAJ,212554,0.00019795633852481842
2886,15_min_interval_stocks/Financials/SAMG.csv,15_min_interval_stocks,Financials,SAMG,2486366,0.002315608784556389
2887,15_min_interval_stocks/Financials/SAN.csv,15_min_interval_stocks,Financials,SAN,10978331,0.010224367491900921
2888,15_min_interval_stocks/Financials/SAR.csv,15_min_interval_stocks,Financials,SAR,3602443,0.0033550364896655083
2889,15_min_interval_stocks/Financials/SASR.csv,15_min_interval_stocks,Financials,SASR,8307557,0.007737015374004841
2890,15_min_interval_stocks/Financials/SAT.csv,15_min_interval_stocks,Financials,SAT,305748,0.0002847500145435333
2891,15_min_interval_stocks/Financials/SAY.csv,15_min_interval_stocks,Financials,SAY,249005,0.00023190397769212723
2892,15_min_interval_stocks/Financials/SAZ.csv,15_min_interval_stocks,Financials,SAZ,212625,0.00019802246242761612
2893,15_min_interval_stocks/Financials/SBCF.csv,15_min_interval_stocks,Financials,SBCF,8045718,0.007493158802390099
2894,15_min_interval_stocks/Financials/SBFG.csv,15_min_interval_stocks,Financials,SBFG,1623733,0.0015122191980481148
2895,15_min_interval_stocks/Financials/SBI.csv,15_min_interval_stocks,Financials,SBI,3772151,0.003513089381158352
2896,15_min_interval_stocks/Financials/SBSI.csv,15_min_interval_stocks,Financials,SBSI,7500949,0.006985803134739399
2897,15_min_interval_stocks/Financials/SBT.csv,15_min_interval_stocks,Financials,SBT,1702892,0.0015859417617321014
2898,15_min_interval_stocks/Financials/SCD.csv,15_min_interval_stocks,Financials,SCD,6486566,0.006041085347533226
2899,15_min_interval_stocks/Financials/SCHW.csv,15_min_interval_stocks,Financials,SCHW,11579408,0.010784164071083069
2900,15_min_interval_stocks/Financials/SCM.csv,15_min_interval_stocks,Financials,SCM,4251643,0.003959651105105877
2901,15_min_interval_stocks/Financials/SDHY.csv,15_min_interval_stocks,Financials,SDHY,1361674,0.001268157735466957
2902,15_min_interval_stocks/Financials/SEIC.csv,15_min_interval_stocks,Financials,SEIC,10117451,0.009422610513865948
2903,15_min_interval_stocks/Financials/SF.csv,15_min_interval_stocks,Financials,SF,8231044,0.007665757089853287
2904,15_min_interval_stocks/Financials/SFB.csv,15_min_interval_stocks,Financials,SFB,1432285,0.0013339193537831306
2905,15_min_interval_stocks/Financials/SFBC.csv,15_min_interval_stocks,Financials,SFBC,418118,0.00038940273225307465
2906,15_min_interval_stocks/Financials/SFBS.csv,15_min_interval_stocks,Financials,SFBS,4000860,0.0037260912358760834
2907,15_min_interval_stocks/Financials/SFNC.csv,15_min_interval_stocks,Financials,SFNC,7376342,0.006869753822684288
2908,15_min_interval_stocks/Financials/SFST.csv,15_min_interval_stocks,Financials,SFST,1848230,0.0017212983220815659
2909,15_min_interval_stocks/Financials/SGD.csv,15_min_interval_stocks,Financials,SGD,586565,0.0005462812259793282
2910,15_min_interval_stocks/Financials/SHBI.csv,15_min_interval_stocks,Financials,SHBI,4286288,0.00399191677570343
2911,15_min_interval_stocks/Financials/SHFS.csv,15_min_interval_stocks,Financials,SHFS,659948,0.0006146244704723358
2912,15_min_interval_stocks/Financials/SHFSW.csv,15_min_interval_stocks,Financials,SHFSW,205629,0.00019150692969560623
2913,15_min_interval_stocks/Financials/SHG.csv,15_min_interval_stocks,Financials,SHG,7477861,0.006964300759136677
2914,15_min_interval_stocks/Financials/SIEB.csv,15_min_interval_stocks,Financials,SIEB,2425810,0.002259211614727974
2915,15_min_interval_stocks/Financials/SIGI.csv,15_min_interval_stocks,Financials,SIGI,9582929,0.008924798108637333
2916,15_min_interval_stocks/Financials/SIGIP.csv,15_min_interval_stocks,Financials,SIGIP,460409,0.00042878929525613785
2917,15_min_interval_stocks/Financials/SII.csv,15_min_interval_stocks,Financials,SII,1721840,0.0016035884618759155
2918,15_min_interval_stocks/Financials/SIMAU.csv,15_min_interval_stocks,Financials,SIMAU,18684,1.74008309841156e-05
2919,15_min_interval_stocks/Financials/SIMAW.csv,15_min_interval_stocks,Financials,SIMAW,8787,8.18353146314621e-06
2920,15_min_interval_stocks/Financials/SKGR.csv,15_min_interval_stocks,Financials,SKGR,139627,0.00013003777712583542
2921,15_min_interval_stocks/Financials/SKGRW.csv,15_min_interval_stocks,Financials,SKGRW,99772,9.291991591453552e-05
2922,15_min_interval_stocks/Financials/SKWD.csv,15_min_interval_stocks,Financials,SKWD,705404,0.000656958669424057
2923,15_min_interval_stocks/Financials/SKYH.csv,15_min_interval_stocks,Financials,SKYH,693301,0.0006456868723034859
2924,15_min_interval_stocks/Financials/SLF.csv,15_min_interval_stocks,Financials,SLF,8667893,0.008072604425251484
2925,15_min_interval_stocks/Financials/SLM.csv,15_min_interval_stocks,Financials,SLM,10098407,0.00940487440675497
2926,15_min_interval_stocks/Financials/SLMBP.csv,15_min_interval_stocks,Financials,SLMBP,1161469,0.0010817022994160652
2927,15_min_interval_stocks/Financials/SLQT.csv,15_min_interval_stocks,Financials,SLQT,1896734,0.001766471192240715
2928,15_min_interval_stocks/Financials/SLRC.csv,15_min_interval_stocks,Financials,SLRC,5717285,0.005324636586010456
2929,15_min_interval_stocks/Financials/SMBC.csv,15_min_interval_stocks,Financials,SMBC,2042302,0.001902041956782341
2930,15_min_interval_stocks/Financials/SMBK.csv,15_min_interval_stocks,Financials,SMBK,2142957,0.001995784230530262
2931,15_min_interval_stocks/Financials/SMFG.csv,15_min_interval_stocks,Financials,SMFG,5501750,0.005123903974890709
2932,15_min_interval_stocks/Financials/SNEX.csv,15_min_interval_stocks,Financials,SNEX,5940531,0.005532550625503063
2933,15_min_interval_stocks/Financials/SNFCA.csv,15_min_interval_stocks,Financials,SNFCA,2741938,0.002553628757596016
2934,15_min_interval_stocks/Financials/SNTG.csv,15_min_interval_stocks,Financials,SNTG,841524,0.0007837302982807159
2935,15_min_interval_stocks/Financials/SNV.csv,15_min_interval_stocks,Financials,SNV,10365780,0.009653884917497635
2936,15_min_interval_stocks/Financials/SOFI.csv,15_min_interval_stocks,Financials,SOFI,3057691,0.002847696654498577
2937,15_min_interval_stocks/Financials/SOR.csv,15_min_interval_stocks,Financials,SOR,4896679,0.004560387693345547
2938,15_min_interval_stocks/Financials/SOS.csv,15_min_interval_stocks,Financials,SOS,3462676,0.0032248683273792267
2939,15_min_interval_stocks/Financials/SPE.csv,15_min_interval_stocks,Financials,SPE,2631455,0.002450733445584774
2940,15_min_interval_stocks/Financials/SPFI.csv,15_min_interval_stocks,Financials,SPFI,1285006,0.0011967550963163376
2941,15_min_interval_stocks/Financials/SPGI.csv,15_min_interval_stocks,Financials,SPGI,7832017,0.007294134236872196
2942,15_min_interval_stocks/Financials/SPNT.csv,15_min_interval_stocks,Financials,SPNT,3800147,0.003539162687957287
2943,15_min_interval_stocks/Financials/SPXX.csv,15_min_interval_stocks,Financials,SPXX,5337720,0.004971139132976532
2944,15_min_interval_stocks/Financials/SRBK.csv,15_min_interval_stocks,Financials,SRBK,199177,0.00018549803644418716
2945,15_min_interval_stocks/Financials/SRCE.csv,15_min_interval_stocks,Financials,SRCE,7566659,0.007047000341117382
2946,15_min_interval_stocks/Financials/SRG.csv,15_min_interval_stocks,Financials,SRG,3519147,0.0032774610444903374
2947,15_min_interval_stocks/Financials/SRL.csv,15_min_interval_stocks,Financials,SRL,656563,0.0006114719435572624
2948,15_min_interval_stocks/Financials/SRV.csv,15_min_interval_stocks,Financials,SRV,4895249,0.004559055902063847
2949,15_min_interval_stocks/Financials/SSB.csv,15_min_interval_stocks,Financials,SSB,6512384,0.0060651302337646484
2950,15_min_interval_stocks/Financials/SSBI.csv,15_min_interval_stocks,Financials,SSBI,1137372,0.001059260219335556
2951,15_min_interval_stocks/Financials/SSBK.csv,15_min_interval_stocks,Financials,SSBK,480687,0.0004476746544241905
2952,15_min_interval_stocks/Financials/SSSS.csv,15_min_interval_stocks,Financials,SSSS,4919172,0.004581335932016373
2953,15_min_interval_stocks/Financials/SSSSL.csv,15_min_interval_stocks,Financials,SSSSL,111081,0.00010345224291086197
2954,15_min_interval_stocks/Financials/STBA.csv,15_min_interval_stocks,Financials,STBA,8814242,0.008208902552723885
2955,15_min_interval_stocks/Financials/STC.csv,15_min_interval_stocks,Financials,STC,9193076,0.008561719208955765
2956,15_min_interval_stocks/Financials/STEC.csv,15_min_interval_stocks,Financials,STEC,152720,0.00014223158359527588
2957,15_min_interval_stocks/Financials/STEL.csv,15_min_interval_stocks,Financials,STEL,2428631,0.002261838875710964
2958,15_min_interval_stocks/Financials/STEP.csv,15_min_interval_stocks,Financials,STEP,1674944,0.001559913158416748
2959,15_min_interval_stocks/Financials/STEW.csv,15_min_interval_stocks,Financials,STEW,991812,0.000923696905374527
2960,15_min_interval_stocks/Financials/STK.csv,15_min_interval_stocks,Financials,STK,4985901,0.004643482156097889
2961,15_min_interval_stocks/Financials/STSSW.csv,15_min_interval_stocks,Financials,STSSW,104755,9.756069630384445e-05
2962,15_min_interval_stocks/Financials/STT.csv,15_min_interval_stocks,Financials,STT,10674239,0.00994115974754095
2963,15_min_interval_stocks/Financials/SUPV.csv,15_min_interval_stocks,Financials,SUPV,3279620,0.0030543841421604156
2964,15_min_interval_stocks/Financials/SVII.csv,15_min_interval_stocks,Financials,SVII,111672,0.00010400265455245972
2965,15_min_interval_stocks/Financials/SVIIW.csv,15_min_interval_stocks,Financials,SVIIW,57728,5.3763389587402344e-05
2966,15_min_interval_stocks/Financials/SWIN.csv,15_min_interval_stocks,Financials,SWIN,621664,0.0005789697170257568
2967,15_min_interval_stocks/Financials/SWKH.csv,15_min_interval_stocks,Financials,SWKH,948289,0.0008831629529595375
2968,15_min_interval_stocks/Financials/SWZ.csv,15_min_interval_stocks,Financials,SWZ,5138170,0.004785293713212013
2969,15_min_interval_stocks/Financials/SYBT.csv,15_min_interval_stocks,Financials,SYBT,6192019,0.005766767077147961
2970,15_min_interval_stocks/Financials/SYF.csv,15_min_interval_stocks,Financials,SYF,4711819,0.004388223402202129
2971,15_min_interval_stocks/Financials/SYT.csv,15_min_interval_stocks,Financials,SYT,238733,0.00022233743220567703
2972,15_min_interval_stocks/Financials/TBBK.csv,15_min_interval_stocks,Financials,TBBK,6363228,0.005926217883825302
2973,15_min_interval_stocks/Financials/TBLD.csv,15_min_interval_stocks,Financials,TBLD,1106510,0.0010305177420377731
2974,15_min_interval_stocks/Financials/TBMC.csv,15_min_interval_stocks,Financials,TBMC,54179,5.045812577009201e-05
2975,15_min_interval_stocks/Financials/TBNK.csv,15_min_interval_stocks,Financials,TBNK,3752173,0.003494483418762684
2976,15_min_interval_stocks/Financials/TCBI.csv,15_min_interval_stocks,Financials,TCBI,7315191,0.006812802515923977
2977,15_min_interval_stocks/Financials/TCBIO.csv,15_min_interval_stocks,Financials,TCBIO,838960,0.0007813423871994019
2978,15_min_interval_stocks/Financials/TCBK.csv,15_min_interval_stocks,Financials,TCBK,7358669,0.006853294558823109
2979,15_min_interval_stocks/Financials/TCBS.csv,15_min_interval_stocks,Financials,TCBS,181086,0.00016864947974681854
2980,15_min_interval_stocks/Financials/TCBX.csv,15_min_interval_stocks,Financials,TCBX,707356,0.0006587766110897064
2981,15_min_interval_stocks/Financials/TCPC.csv,15_min_interval_stocks,Financials,TCPC,4771297,0.004443616606295109
2982,15_min_interval_stocks/Financials/TD.csv,15_min_interval_stocks,Financials,TD,9967672,0.009283117949962616
2983,15_min_interval_stocks/Financials/TDF.csv,15_min_interval_stocks,Financials,TDF,7841282,0.007302762940526009
2984,15_min_interval_stocks/Financials/TEAF.csv,15_min_interval_stocks,Financials,TEAF,1642893,0.0015300633385777473
2985,15_min_interval_stocks/Financials/TECTP.csv,15_min_interval_stocks,Financials,TECTP,170016,0.0001583397388458252
2986,15_min_interval_stocks/Financials/TEI.csv,15_min_interval_stocks,Financials,TEI,8404060,0.007826890796422958
2987,15_min_interval_stocks/Financials/TETE.csv,15_min_interval_stocks,Financials,TETE,93628,8.719787001609802e-05
2988,15_min_interval_stocks/Financials/TETEW.csv,15_min_interval_stocks,Financials,TETEW,38017,3.540609031915665e-05
2989,15_min_interval_stocks/Financials/TFC.csv,15_min_interval_stocks,Financials,TFC,7150521,0.006659441627562046
2990,15_min_interval_stocks/Financials/TFIN.csv,15_min_interval_stocks,Financials,TFIN,3205865,0.002985694445669651
2991,15_min_interval_stocks/Financials/TFINP.csv,15_min_interval_stocks,Financials,TFINP,309254,0.0002880152314901352
2992,15_min_interval_stocks/Financials/TFSL.csv,15_min_interval_stocks,Financials,TFSL,6751068,0.006287422031164169
2993,15_min_interval_stocks/Financials/TGAA.csv,15_min_interval_stocks,Financials,TGAA,74417,6.930623203516006e-05
2994,15_min_interval_stocks/Financials/THFF.csv,15_min_interval_stocks,Financials,THFF,6582463,0.0061303963884711266
2995,15_min_interval_stocks/Financials/THG.csv,15_min_interval_stocks,Financials,THG,7431914,0.006921509280800819
2996,15_min_interval_stocks/Financials/THQ.csv,15_min_interval_stocks,Financials,THQ,3924353,0.003654838539659977
2997,15_min_interval_stocks/Financials/THW.csv,15_min_interval_stocks,Financials,THW,3494024,0.0032540634274482727
2998,15_min_interval_stocks/Financials/TIGR.csv,15_min_interval_stocks,Financials,TIGR,3314976,0.0030873119831085205
2999,15_min_interval_stocks/Financials/TIPT.csv,15_min_interval_stocks,Financials,TIPT,2947968,0.002745509147644043
3000,15_min_interval_stocks/Financials/TIRX.csv,15_min_interval_stocks,Financials,TIRX,1272130,0.0011847633868455887
3001,15_min_interval_stocks/Financials/TMP.csv,15_min_interval_stocks,Financials,TMP,6578178,0.006126405671238899
3002,15_min_interval_stocks/Financials/TOP.csv,15_min_interval_stocks,Financials,TOP,1216042,0.0011325273662805557
3003,15_min_interval_stocks/Financials/TOWN.csv,15_min_interval_stocks,Financials,TOWN,6637432,0.006181590259075165
3004,15_min_interval_stocks/Financials/TPG.csv,15_min_interval_stocks,Financials,TPG,1184629,0.0011032717302441597
3005,15_min_interval_stocks/Financials/TPZ.csv,15_min_interval_stocks,Financials,TPZ,3681398,0.0034285690635442734
3006,15_min_interval_stocks/Financials/TRC.csv,15_min_interval_stocks,Financials,TRC,7080801,0.006594509817659855
3007,15_min_interval_stocks/Financials/TREE.csv,15_min_interval_stocks,Financials,TREE,5374078,0.0050050001591444016
3008,15_min_interval_stocks/Financials/TRIN.csv,15_min_interval_stocks,Financials,TRIN,1603802,0.0014936570078134537
3009,15_min_interval_stocks/Financials/TRINI.csv,15_min_interval_stocks,Financials,TRINI,77964,7.260963320732117e-05
3010,15_min_interval_stocks/Financials/TRINL.csv,15_min_interval_stocks,Financials,TRINL,271151,0.0002525290474295616
3011,15_min_interval_stocks/Financials/TRINZ.csv,15_min_interval_stocks,Financials,TRINZ,132395,0.00012330245226621628
3012,15_min_interval_stocks/Financials/TRMK.csv,15_min_interval_stocks,Financials,TRMK,9646782,0.008984265848994255
3013,15_min_interval_stocks/Financials/TRNO.csv,15_min_interval_stocks,Financials,TRNO,5407232,0.005035877227783203
3014,15_min_interval_stocks/Financials/TROW.csv,15_min_interval_stocks,Financials,TROW,10871839,0.01012518908828497
3015,15_min_interval_stocks/Financials/TRST.csv,15_min_interval_stocks,Financials,TRST,9493076,0.008841115981340408
3016,15_min_interval_stocks/Financials/TRU.csv,15_min_interval_stocks,Financials,TRU,3889224,0.00362212210893631
3017,15_min_interval_stocks/Financials/TRV.csv,15_min_interval_stocks,Financials,TRV,8030438,0.007478928193449974
3018,15_min_interval_stocks/Financials/TSBK.csv,15_min_interval_stocks,Financials,TSBK,2829900,0.0026355497539043427
3019,15_min_interval_stocks/Financials/TSI.csv,15_min_interval_stocks,Financials,TSI,5515281,0.005136505700647831
3020,15_min_interval_stocks/Financials/TSLX.csv,15_min_interval_stocks,Financials,TSLX,4177117,0.0038902433589100838
3021,15_min_interval_stocks/Financials/TTP.csv,15_min_interval_stocks,Financials,TTP,3431952,0.0031962543725967407
3022,15_min_interval_stocks/Financials/TURN.csv,15_min_interval_stocks,Financials,TURN,4119786,0.0038368497043848038
3023,15_min_interval_stocks/Financials/TW.csv,15_min_interval_stocks,Financials,TW,2362206,0.002199975773692131
3024,15_min_interval_stocks/Financials/TWFG.csv,15_min_interval_stocks,Financials,TWFG,131741,0.00012269336730241776
3025,15_min_interval_stocks/Financials/TWN.csv,15_min_interval_stocks,Financials,TWN,4431865,0.004127495922148228
3026,15_min_interval_stocks/Financials/TY.csv,15_min_interval_stocks,Financials,TY,8060499,0.00750692468136549
3027,15_min_interval_stocks/Financials/TYG.csv,15_min_interval_stocks,Financials,TYG,7383090,0.006876038387417793
3028,15_min_interval_stocks/Financials/UBCP.csv,15_min_interval_stocks,Financials,UBCP,752805,0.0007011042907834053
3029,15_min_interval_stocks/Financials/UBFO.csv,15_min_interval_stocks,Financials,UBFO,2986607,0.0027814945206046104
3030,15_min_interval_stocks/Financials/UBS.csv,15_min_interval_stocks,Financials,UBS,10782006,0.010041525587439537
3031,15_min_interval_stocks/Financials/UBSI.csv,15_min_interval_stocks,Financials,UBSI,9652946,0.008990006521344185
3032,15_min_interval_stocks/Financials/UCB.csv,15_min_interval_stocks,Financials,UCB,138965,0.00012942124158143997
3033,15_min_interval_stocks/Financials/UE.csv,15_min_interval_stocks,Financials,UE,3906699,0.0036383969709277153
3034,15_min_interval_stocks/Financials/UFCS.csv,15_min_interval_stocks,Financials,UFCS,8267944,0.007700122892856598
3035,15_min_interval_stocks/Financials/UMBF.csv,15_min_interval_stocks,Financials,UMBF,9318851,0.008678856305778027
3036,15_min_interval_stocks/Financials/UNB.csv,15_min_interval_stocks,Financials,UNB,1262876,0.001176144927740097
3037,15_min_interval_stocks/Financials/UNM.csv,15_min_interval_stocks,Financials,UNM,10293822,0.009586868807673454
3038,15_min_interval_stocks/Financials/UNMA.csv,15_min_interval_stocks,Financials,UNMA,1540819,0.001434999518096447
3039,15_min_interval_stocks/Financials/UNTY.csv,15_min_interval_stocks,Financials,UNTY,2394041,0.002229624427855015
3040,15_min_interval_stocks/Financials/UPST.csv,15_min_interval_stocks,Financials,UPST,2906889,0.0027072513476014137
3041,15_min_interval_stocks/Financials/UROY.csv,15_min_interval_stocks,Financials,UROY,1588492,0.0014793984591960907
3042,15_min_interval_stocks/Financials/USA.csv,15_min_interval_stocks,Financials,USA,9171529,0.008541652001440525
3043,15_min_interval_stocks/Financials/USB.csv,15_min_interval_stocks,Financials,USB,11696282,0.010893011465668678
3044,15_min_interval_stocks/Financials/USCB.csv,15_min_interval_stocks,Financials,USCB,578674,0.0005389321595430374
3045,15_min_interval_stocks/Financials/USIO.csv,15_min_interval_stocks,Financials,USIO,1881288,0.0017520859837532043
3046,15_min_interval_stocks/Financials/UTF.csv,15_min_interval_stocks,Financials,UTF,7684136,0.007156409323215485
3047,15_min_interval_stocks/Financials/UTG.csv,15_min_interval_stocks,Financials,UTG,3011866,0.002805018797516823
3048,15_min_interval_stocks/Financials/UVE.csv,15_min_interval_stocks,Financials,UVE,6597293,0.006144207902252674
3049,15_min_interval_stocks/Financials/UVSP.csv,15_min_interval_stocks,Financials,UVSP,6597001,0.006143935956060886
3050,15_min_interval_stocks/Financials/UWMC.csv,15_min_interval_stocks,Financials,UWMC,2335842,0.0021754223853349686
3051,15_min_interval_stocks/Financials/VABK.csv,15_min_interval_stocks,Financials,VABK,583542,0.0005434658378362656
3052,15_min_interval_stocks/Financials/VAC.csv,15_min_interval_stocks,Financials,VAC,3014273,0.0028072604909539223
3053,15_min_interval_stocks/Financials/VALU.csv,15_min_interval_stocks,Financials,VALU,2360239,0.0021981438621878624
3054,15_min_interval_stocks/Financials/VBF.csv,15_min_interval_stocks,Financials,VBF,6290397,0.005858388729393482
3055,15_min_interval_stocks/Financials/VBFC.csv,15_min_interval_stocks,Financials,VBFC,196017,0.00018255505710840225
3056,15_min_interval_stocks/Financials/VBNK.csv,15_min_interval_stocks,Financials,VBNK,479511,0.0004465794190764427
3057,15_min_interval_stocks/Financials/VBTX.csv,15_min_interval_stocks,Financials,VBTX,3538859,0.0032958192750811577
3058,15_min_interval_stocks/Financials/VCICW.csv,15_min_interval_stocks,Financials,VCICW,4431,4.126690328121185e-06
3059,15_min_interval_stocks/Financials/VCSA.csv,15_min_interval_stocks,Financials,VCSA,1061428,0.0009885318577289581
3060,15_min_interval_stocks/Financials/VCTR.csv,15_min_interval_stocks,Financials,VCTR,2562495,0.0023865094408392906
3061,15_min_interval_stocks/Financials/VCV.csv,15_min_interval_stocks,Financials,VCV,5996047,0.005584253929555416
3062,15_min_interval_stocks/Financials/VEEA.csv,15_min_interval_stocks,Financials,VEEA,94132,8.766725659370422e-05
3063,15_min_interval_stocks/Financials/VEEAW.csv,15_min_interval_stocks,Financials,VEEAW,10633,9.902752935886383e-06
3064,15_min_interval_stocks/Financials/VEL.csv,15_min_interval_stocks,Financials,VEL,911706,0.0008490923792123795
3065,15_min_interval_stocks/Financials/VFL.csv,15_min_interval_stocks,Financials,VFL,2406637,0.0022413553670048714
3066,15_min_interval_stocks/Financials/VFS.csv,15_min_interval_stocks,Financials,VFS,905736,0.000843532383441925
3067,15_min_interval_stocks/Financials/VGI.csv,15_min_interval_stocks,Financials,VGI,3592298,0.0033455882221460342
3068,15_min_interval_stocks/Financials/VGM.csv,15_min_interval_stocks,Financials,VGM,7234612,0.006737757474184036
3069,15_min_interval_stocks/Financials/VINP.csv,15_min_interval_stocks,Financials,VINP,1123393,0.0010462412610650063
3070,15_min_interval_stocks/Financials/VIRT.csv,15_min_interval_stocks,Financials,VIRT,4003162,0.003728235140442848
3071,15_min_interval_stocks/Financials/VKI.csv,15_min_interval_stocks,Financials,VKI,6412190,0.005971817299723625
3072,15_min_interval_stocks/Financials/VKQ.csv,15_min_interval_stocks,Financials,VKQ,7462881,0.006950349546968937
3073,15_min_interval_stocks/Financials/VLT.csv,15_min_interval_stocks,Financials,VLT,4691240,0.004369057714939117
3074,15_min_interval_stocks/Financials/VLY.csv,15_min_interval_stocks,Financials,VLY,9279205,0.008641933090984821
3075,15_min_interval_stocks/Financials/VLYPO.csv,15_min_interval_stocks,Financials,VLYPO,944366,0.000879509374499321
3076,15_min_interval_stocks/Financials/VLYPP.csv,15_min_interval_stocks,Financials,VLYPP,923980,0.0008605234324932098
3077,15_min_interval_stocks/Financials/VMCA.csv,15_min_interval_stocks,Financials,VMCA,62793,5.848053842782974e-05
3078,15_min_interval_stocks/Financials/VMCAU.csv,15_min_interval_stocks,Financials,VMCAU,3484,3.244727849960327e-06
3079,15_min_interval_stocks/Financials/VMO.csv,15_min_interval_stocks,Financials,VMO,6882851,0.006410154514014721
3080,15_min_interval_stocks/Financials/VOYA.csv,15_min_interval_stocks,Financials,VOYA,2895012,0.0026961900293827057
3081,15_min_interval_stocks/Financials/VPV.csv,15_min_interval_stocks,Financials,VPV,4979945,0.004637935198843479
3082,15_min_interval_stocks/Financials/VRTS.csv,15_min_interval_stocks,Financials,VRTS,5514685,0.00513595063239336
3083,15_min_interval_stocks/Financials/VTMX.csv,15_min_interval_stocks,Financials,VTMX,574048,0.0005346238613128662
3084,15_min_interval_stocks/Financials/VTN.csv,15_min_interval_stocks,Financials,VTN,4900598,0.004564037546515465
3085,15_min_interval_stocks/Financials/VVR.csv,15_min_interval_stocks,Financials,VVR,8978786,0.008362146094441414
3086,15_min_interval_stocks/Financials/WABC.csv,15_min_interval_stocks,Financials,WABC,9729388,0.009061198681592941
3087,15_min_interval_stocks/Financials/WAFD.csv,15_min_interval_stocks,Financials,WAFD,9910862,0.00923020951449871
3088,15_min_interval_stocks/Financials/WAFDP.csv,15_min_interval_stocks,Financials,WAFDP,937062,0.0008727069944143295
3089,15_min_interval_stocks/Financials/WAL.csv,15_min_interval_stocks,Financials,WAL,7845897,0.007307060994207859
3090,15_min_interval_stocks/Financials/WASH.csv,15_min_interval_stocks,Financials,WASH,7343818,0.006839463487267494
3091,15_min_interval_stocks/Financials/WBS.csv,15_min_interval_stocks,Financials,WBS,8878851,0.008269074372947216
3092,15_min_interval_stocks/Financials/WD.csv,15_min_interval_stocks,Financials,WD,5358947,0.004990908317267895
3093,15_min_interval_stocks/Financials/WDH.csv,15_min_interval_stocks,Financials,WDH,1326548,0.0012354440987110138
3094,15_min_interval_stocks/Financials/WDI.csv,15_min_interval_stocks,Financials,WDI,1334286,0.0012426506727933884
3095,15_min_interval_stocks/Financials/WEA.csv,15_min_interval_stocks,Financials,WEA,1998404,0.0018611587584018707
3096,15_min_interval_stocks/Financials/WEL.csv,15_min_interval_stocks,Financials,WEL,105142,9.792111814022064e-05
3097,15_min_interval_stocks/Financials/WF.csv,15_min_interval_stocks,Financials,WF,4161890,0.003876062110066414
3098,15_min_interval_stocks/Financials/WFC.csv,15_min_interval_stocks,Financials,WFC,14531233,0.013533265329897404
3099,15_min_interval_stocks/Financials/WHF.csv,15_min_interval_stocks,Financials,WHF,3766662,0.0035079773515462875
3100,15_min_interval_stocks/Financials/WHG.csv,15_min_interval_stocks,Financials,WHG,4602611,0.004286515526473522
3101,15_min_interval_stocks/Financials/WIA.csv,15_min_interval_stocks,Financials,WIA,6122312,0.0057018473744392395
3102,15_min_interval_stocks/Financials/WINV.csv,15_min_interval_stocks,Financials,WINV,53678,4.9991533160209656e-05
3103,15_min_interval_stocks/Financials/WIW.csv,15_min_interval_stocks,Financials,WIW,6962805,0.006484617479145527
3104,15_min_interval_stocks/Financials/WLACU.csv,15_min_interval_stocks,Financials,WLACU,6354,5.9176236391067505e-06
3105,15_min_interval_stocks/Financials/WMPN.csv,15_min_interval_stocks,Financials,WMPN,689516,0.0006421618163585663
3106,15_min_interval_stocks/Financials/WNEB.csv,15_min_interval_stocks,Financials,WNEB,5229918,0.004870740696787834
3107,15_min_interval_stocks/Financials/WRB.csv,15_min_interval_stocks,Financials,WRB,6648052,0.006191480904817581
3108,15_min_interval_stocks/Financials/WRLD.csv,15_min_interval_stocks,Financials,WRLD,7521687,0.007005116902291775
3109,15_min_interval_stocks/Financials/WSBC.csv,15_min_interval_stocks,Financials,WSBC,8814652,0.008209284394979477
3110,15_min_interval_stocks/Financials/WSBCP.csv,15_min_interval_stocks,Financials,WSBCP,538191,0.000501229427754879
3111,15_min_interval_stocks/Financials/WSBF.csv,15_min_interval_stocks,Financials,WSBF,4893125,0.004557077772915363
3112,15_min_interval_stocks/Financials/WSFS.csv,15_min_interval_stocks,Financials,WSFS,8094025,0.0075381482020020485
3113,15_min_interval_stocks/Financials/WT.csv,15_min_interval_stocks,Financials,WT,5877361,0.005473718978464603
3114,15_min_interval_stocks/Financials/WTBA.csv,15_min_interval_stocks,Financials,WTBA,5215608,0.004857413470745087
3115,15_min_interval_stocks/Financials/WTFC.csv,15_min_interval_stocks,Financials,WTFC,9481727,0.008830546401441097
3116,15_min_interval_stocks/Financials/WTFCM.csv,15_min_interval_stocks,Financials,WTFCM,1500090,0.0013970676809549332
3117,15_min_interval_stocks/Financials/WTFCP.csv,15_min_interval_stocks,Financials,WTFCP,1031847,0.0009609824046492577
3118,15_min_interval_stocks/Financials/WTM.csv,15_min_interval_stocks,Financials,WTM,5894613,0.00548978615552187
3119,15_min_interval_stocks/Financials/WTW.csv,15_min_interval_stocks,Financials,WTW,8855280,0.008247122168540955
3120,15_min_interval_stocks/Financials/XFLT.csv,15_min_interval_stocks,Financials,XFLT,2301809,0.00214372668415308
3121,15_min_interval_stocks/Financials/XHG.csv,15_min_interval_stocks,Financials,XHG,248005,0.00023097265511751175
3122,15_min_interval_stocks/Financials/XP.csv,15_min_interval_stocks,Financials,XP,2252709,0.00209799874573946
3123,15_min_interval_stocks/Financials/XYF.csv,15_min_interval_stocks,Financials,XYF,1514688,0.00141066312789917
3124,15_min_interval_stocks/Financials/YRD.csv,15_min_interval_stocks,Financials,YRD,3264047,0.003039880655705929
3125,15_min_interval_stocks/Financials/ZBAO.csv,15_min_interval_stocks,Financials,ZBAO,83103,7.739569991827011e-05
3126,15_min_interval_stocks/Financials/ZION.csv,15_min_interval_stocks,Financials,ZION,10866912,0.010120600461959839
3127,15_min_interval_stocks/Financials/ZIONL.csv,15_min_interval_stocks,Financials,ZIONL,598544,0.000557437539100647
3128,15_min_interval_stocks/Financials/ZIONO.csv,15_min_interval_stocks,Financials,ZIONO,827671,0.0007708286866545677
3129,15_min_interval_stocks/Financials/ZIONP.csv,15_min_interval_stocks,Financials,ZIONP,357868,0.00033329054713249207
3130,15_min_interval_stocks/Financials/ZTR.csv,15_min_interval_stocks,Financials,ZTR,8344005,0.007770960219204426
3131,15_min_interval_stocks/Healthcare/AADI.csv,15_min_interval_stocks,Healthcare,AADI,2356969,0.0021950984373688698
3132,15_min_interval_stocks/Healthcare/ABBV.csv,15_min_interval_stocks,Healthcare,ABBV,6750352,0.006286755204200745
3133,15_min_interval_stocks/Healthcare/ABCL.csv,15_min_interval_stocks,Healthcare,ABCL,1906305,0.0017753848806023598
3134,15_min_interval_stocks/Healthcare/ABEO.csv,15_min_interval_stocks,Healthcare,ABEO,4527445,0.004216511733829975
3135,15_min_interval_stocks/Healthcare/ABOS.csv,15_min_interval_stocks,Healthcare,ABOS,1205879,0.0011230623349547386
3136,15_min_interval_stocks/Healthcare/ABSI.csv,15_min_interval_stocks,Healthcare,ABSI,1345552,0.0012531429529190063
3137,15_min_interval_stocks/Healthcare/ABT.csv,15_min_interval_stocks,Healthcare,ABT,11794069,0.010984082706272602
3138,15_min_interval_stocks/Healthcare/ABUS.csv,15_min_interval_stocks,Healthcare,ABUS,4673070,0.004352135583758354
3139,15_min_interval_stocks/Healthcare/ABVC.csv,15_min_interval_stocks,Healthcare,ABVC,1159677,0.0010800333693623543
3140,15_min_interval_stocks/Healthcare/ABVX.csv,15_min_interval_stocks,Healthcare,ABVX,317496,0.00029569119215011597
3141,15_min_interval_stocks/Healthcare/ACAD.csv,15_min_interval_stocks,Healthcare,ACAD,6988542,0.0065085869282484055
3142,15_min_interval_stocks/Healthcare/ACB.csv,15_min_interval_stocks,Healthcare,ACB,3911346,0.0036427248269319534
3143,15_min_interval_stocks/Healthcare/ACET.csv,15_min_interval_stocks,Healthcare,ACET,7521243,0.0070047033950686455
3144,15_min_interval_stocks/Healthcare/ACHC.csv,15_min_interval_stocks,Healthcare,ACHC,4541208,0.004229329526424408
3145,15_min_interval_stocks/Healthcare/ACHL.csv,15_min_interval_stocks,Healthcare,ACHL,997072,0.0009285956621170044
3146,15_min_interval_stocks/Healthcare/ACHV.csv,15_min_interval_stocks,Healthcare,ACHV,5213540,0.004855487495660782
3147,15_min_interval_stocks/Healthcare/ACIU.csv,15_min_interval_stocks,Healthcare,ACIU,2491216,0.002320125699043274
3148,15_min_interval_stocks/Healthcare/ACLX.csv,15_min_interval_stocks,Healthcare,ACLX,1013806,0.0009441804140806198
3149,15_min_interval_stocks/Healthcare/ACON.csv,15_min_interval_stocks,Healthcare,ACON,942017,0.0008773216977715492
3150,15_min_interval_stocks/Healthcare/ACONW.csv,15_min_interval_stocks,Healthcare,ACONW,101166,9.42181795835495e-05
3151,15_min_interval_stocks/Healthcare/ACRS.csv,15_min_interval_stocks,Healthcare,ACRS,3240667,0.003018106333911419
3152,15_min_interval_stocks/Healthcare/ACRV.csv,15_min_interval_stocks,Healthcare,ACRV,493843,0.00045992713421583176
3153,15_min_interval_stocks/Healthcare/ACTU.csv,15_min_interval_stocks,Healthcare,ACTU,56784,5.288422107696533e-05
3154,15_min_interval_stocks/Healthcare/ACXP.csv,15_min_interval_stocks,Healthcare,ACXP,852069,0.0007935510948300362
3155,15_min_interval_stocks/Healthcare/ADAG.csv,15_min_interval_stocks,Healthcare,ADAG,681641,0.0006348276510834694
3156,15_min_interval_stocks/Healthcare/ADAP.csv,15_min_interval_stocks,Healthcare,ADAP,3439537,0.003203318454325199
3157,15_min_interval_stocks/Healthcare/ADCT.csv,15_min_interval_stocks,Healthcare,ADCT,1679183,0.001563861034810543
3158,15_min_interval_stocks/Healthcare/ADGM.csv,15_min_interval_stocks,Healthcare,ADGM,79116,7.36825168132782e-05
3159,15_min_interval_stocks/Healthcare/ADIL.csv,15_min_interval_stocks,Healthcare,ADIL,2067745,0.0019257375970482826
3160,15_min_interval_stocks/Healthcare/ADMA.csv,15_min_interval_stocks,Healthcare,ADMA,3622327,0.0033735549077391624
3161,15_min_interval_stocks/Healthcare/ADPT.csv,15_min_interval_stocks,Healthcare,ADPT,2580200,0.0024029985070228577
3162,15_min_interval_stocks/Healthcare/ADTX.csv,15_min_interval_stocks,Healthcare,ADTX,2334759,0.00217441376298666
3163,15_min_interval_stocks/Healthcare/ADUS.csv,15_min_interval_stocks,Healthcare,ADUS,4322090,0.0040252599865198135
3164,15_min_interval_stocks/Healthcare/ADVM.csv,15_min_interval_stocks,Healthcare,ADVM,3580295,0.0033344095572829247
3165,15_min_interval_stocks/Healthcare/ADXN.csv,15_min_interval_stocks,Healthcare,ADXN,743121,0.000692085362970829
3166,15_min_interval_stocks/Healthcare/AEMD.csv,15_min_interval_stocks,Healthcare,AEMD,4235084,0.003944229334592819
3167,15_min_interval_stocks/Healthcare/AEON.csv,15_min_interval_stocks,Healthcare,AEON,485056,0.00045174360275268555
3168,15_min_interval_stocks/Healthcare/AFMD.csv,15_min_interval_stocks,Healthcare,AFMD,3516775,0.0032752519473433495
3169,15_min_interval_stocks/Healthcare/AGEN.csv,15_min_interval_stocks,Healthcare,AGEN,10701036,0.009966116398572922
3170,15_min_interval_stocks/Healthcare/AGIO.csv,15_min_interval_stocks,Healthcare,AGIO,4045336,0.0037675127387046814
3171,15_min_interval_stocks/Healthcare/AGL.csv,15_min_interval_stocks,Healthcare,AGL,1429102,0.0013309549540281296
3172,15_min_interval_stocks/Healthcare/AHCO.csv,15_min_interval_stocks,Healthcare,AHCO,1807210,0.001683095470070839
3173,15_min_interval_stocks/Healthcare/AIM.csv,15_min_interval_stocks,Healthcare,AIM,5273188,0.004911039024591446
3174,15_min_interval_stocks/Healthcare/AIMD.csv,15_min_interval_stocks,Healthcare,AIMD,1157744,0.0010782331228256226
3175,15_min_interval_stocks/Healthcare/AIMDW.csv,15_min_interval_stocks,Healthcare,AIMDW,52805,4.917848855257034e-05
3176,15_min_interval_stocks/Healthcare/AIRS.csv,15_min_interval_stocks,Healthcare,AIRS,959170,0.0008932966738939285
3177,15_min_interval_stocks/Healthcare/AKAN.csv,15_min_interval_stocks,Healthcare,AKAN,1256353,0.0011700699105858803
3178,15_min_interval_stocks/Healthcare/AKBA.csv,15_min_interval_stocks,Healthcare,AKBA,4464833,0.004158199764788151
3179,15_min_interval_stocks/Healthcare/AKRO.csv,15_min_interval_stocks,Healthcare,AKRO,1993472,0.0018565654754638672
3180,15_min_interval_stocks/Healthcare/AKTX.csv,15_min_interval_stocks,Healthcare,AKTX,2143361,0.0019961604848504066
3181,15_min_interval_stocks/Healthcare/ALBT.csv,15_min_interval_stocks,Healthcare,ALBT,1992293,0.0018554674461483955
3182,15_min_interval_stocks/Healthcare/ALC.csv,15_min_interval_stocks,Healthcare,ALC,2663097,0.002480202354490757
3183,15_min_interval_stocks/Healthcare/ALDX.csv,15_min_interval_stocks,Healthcare,ALDX,3159712,0.002942711114883423
3184,15_min_interval_stocks/Healthcare/ALEC.csv,15_min_interval_stocks,Healthcare,ALEC,2067222,0.0019252505153417587
3185,15_min_interval_stocks/Healthcare/ALGN.csv,15_min_interval_stocks,Healthcare,ALGN,8915166,0.008302895352244377
3186,15_min_interval_stocks/Healthcare/ALGS.csv,15_min_interval_stocks,Healthcare,ALGS,1359837,0.0012664468958973885
3187,15_min_interval_stocks/Healthcare/ALHC.csv,15_min_interval_stocks,Healthcare,ALHC,1286061,0.001197737641632557
3188,15_min_interval_stocks/Healthcare/ALKS.csv,15_min_interval_stocks,Healthcare,ALKS,9056563,0.008434581570327282
3189,15_min_interval_stocks/Healthcare/ALLK.csv,15_min_interval_stocks,Healthcare,ALLK,2385775,0.0022219261154532433
3190,15_min_interval_stocks/Healthcare/ALLO.csv,15_min_interval_stocks,Healthcare,ALLO,2334572,0.002174239605665207
3191,15_min_interval_stocks/Healthcare/ALLR.csv,15_min_interval_stocks,Healthcare,ALLR,1600566,0.001490643247961998
3192,15_min_interval_stocks/Healthcare/ALMS.csv,15_min_interval_stocks,Healthcare,ALMS,148944,0.00013871490955352783
3193,15_min_interval_stocks/Healthcare/ALNY.csv,15_min_interval_stocks,Healthcare,ALNY,7391478,0.006883850321173668
3194,15_min_interval_stocks/Healthcare/ALRN.csv,15_min_interval_stocks,Healthcare,ALRN,2195835,0.0020450307056307793
3195,15_min_interval_stocks/Healthcare/ALT.csv,15_min_interval_stocks,Healthcare,ALT,5399261,0.005028453655540943
3196,15_min_interval_stocks/Healthcare/ALUR.csv,15_min_interval_stocks,Healthcare,ALUR,496889,0.0004627639427781105
3197,15_min_interval_stocks/Healthcare/ALVO.csv,15_min_interval_stocks,Healthcare,ALVO,605328,0.0005637556314468384
3198,15_min_interval_stocks/Healthcare/ALVOW.csv,15_min_interval_stocks,Healthcare,ALVOW,102896,9.582936763763428e-05
3199,15_min_interval_stocks/Healthcare/ALVR.csv,15_min_interval_stocks,Healthcare,ALVR,1562796,0.0014554671943187714
3200,15_min_interval_stocks/Healthcare/ALXO.csv,15_min_interval_stocks,Healthcare,ALXO,1578724,0.0014703013002872467
3201,15_min_interval_stocks/Healthcare/ALZN.csv,15_min_interval_stocks,Healthcare,ALZN,1492903,0.0013903742656111717
3202,15_min_interval_stocks/Healthcare/AMED.csv,15_min_interval_stocks,Healthcare,AMED,7829377,0.007291675545275211
3203,15_min_interval_stocks/Healthcare/AMGN.csv,15_min_interval_stocks,Healthcare,AMGN,13137720,0.012235455214977264
3204,15_min_interval_stocks/Healthcare/AMIX.csv,15_min_interval_stocks,Healthcare,AMIX,366039,0.00034090038388967514
3205,15_min_interval_stocks/Healthcare/AMLX.csv,15_min_interval_stocks,Healthcare,AMLX,1249909,0.0011640684679150581
3206,15_min_interval_stocks/Healthcare/AMPH.csv,15_min_interval_stocks,Healthcare,AMPH,3651144,0.0034003928303718567
3207,15_min_interval_stocks/Healthcare/AMRN.csv,15_min_interval_stocks,Healthcare,AMRN,7954619,0.007408316247165203
3208,15_min_interval_stocks/Healthcare/AMRX.csv,15_min_interval_stocks,Healthcare,AMRX,2453386,0.0022848937660455704
3209,15_min_interval_stocks/Healthcare/AMS.csv,15_min_interval_stocks,Healthcare,AMS,2285952,0.0021289587020874023
3210,15_min_interval_stocks/Healthcare/ANAB.csv,15_min_interval_stocks,Healthcare,ANAB,2690617,0.002505832351744175
3211,15_min_interval_stocks/Healthcare/ANEB.csv,15_min_interval_stocks,Healthcare,ANEB,248336,0.00023128092288970947
3212,15_min_interval_stocks/Healthcare/ANGO.csv,15_min_interval_stocks,Healthcare,ANGO,6920155,0.006444896571338177
3213,15_min_interval_stocks/Healthcare/ANIK.csv,15_min_interval_stocks,Healthcare,ANIK,6830918,0.006361788138747215
3214,15_min_interval_stocks/Healthcare/ANIP.csv,15_min_interval_stocks,Healthcare,ANIP,5634623,0.005247651599347591
3215,15_min_interval_stocks/Healthcare/ANIX.csv,15_min_interval_stocks,Healthcare,ANIX,3393400,0.003160350024700165
3216,15_min_interval_stocks/Healthcare/ANL.csv,15_min_interval_stocks,Healthcare,ANL,124721,0.0001161554828286171
3217,15_min_interval_stocks/Healthcare/ANNX.csv,15_min_interval_stocks,Healthcare,ANNX,1543157,0.001437176950275898
3218,15_min_interval_stocks/Healthcare/ANRO.csv,15_min_interval_stocks,Healthcare,ANRO,331594,0.000308820977807045
3219,15_min_interval_stocks/Healthcare/ANTX.csv,15_min_interval_stocks,Healthcare,ANTX,788708,0.0007345415651798248
3220,15_min_interval_stocks/Healthcare/ANVS.csv,15_min_interval_stocks,Healthcare,ANVS,1725425,0.001606927253305912
3221,15_min_interval_stocks/Healthcare/AORT.csv,15_min_interval_stocks,Healthcare,AORT,6177436,0.005753185600042343
3222,15_min_interval_stocks/Healthcare/APGE.csv,15_min_interval_stocks,Healthcare,APGE,518097,0.00048251543194055557
3223,15_min_interval_stocks/Healthcare/APLM.csv,15_min_interval_stocks,Healthcare,APLM,759539,0.0007073758170008659
3224,15_min_interval_stocks/Healthcare/APLMW.csv,15_min_interval_stocks,Healthcare,APLMW,83708,7.795915007591248e-05
3225,15_min_interval_stocks/Healthcare/APLS.csv,15_min_interval_stocks,Healthcare,APLS,2698046,0.0025127511471509933
3226,15_min_interval_stocks/Healthcare/APLT.csv,15_min_interval_stocks,Healthcare,APLT,1906109,0.0017752023413777351
3227,15_min_interval_stocks/Healthcare/APM.csv,15_min_interval_stocks,Healthcare,APM,1223511,0.0011394834145903587
3228,15_min_interval_stocks/Healthcare/APRE.csv,15_min_interval_stocks,Healthcare,APRE,1565238,0.0014577414840459824
3229,15_min_interval_stocks/Healthcare/APT.csv,15_min_interval_stocks,Healthcare,APT,5380262,0.005010759457945824
3230,15_min_interval_stocks/Healthcare/APTO.csv,15_min_interval_stocks,Healthcare,APTO,3331466,0.0031026694923639297
3231,15_min_interval_stocks/Healthcare/APVO.csv,15_min_interval_stocks,Healthcare,APVO,3192467,0.002973216585814953
3232,15_min_interval_stocks/Healthcare/APYX.csv,15_min_interval_stocks,Healthcare,APYX,4042049,0.0037644514814019203
3233,15_min_interval_stocks/Healthcare/AQST.csv,15_min_interval_stocks,Healthcare,AQST,2620052,0.0024401135742664337
3234,15_min_interval_stocks/Healthcare/ARAY.csv,15_min_interval_stocks,Healthcare,ARAY,5994238,0.005582569167017937
3235,15_min_interval_stocks/Healthcare/ARCT.csv,15_min_interval_stocks,Healthcare,ARCT,3822668,0.003560137003660202
3236,15_min_interval_stocks/Healthcare/ARDT.csv,15_min_interval_stocks,Healthcare,ARDT,158296,0.0001474246382713318
3237,15_min_interval_stocks/Healthcare/ARDX.csv,15_min_interval_stocks,Healthcare,ARDX,4418871,0.004115394316613674
3238,15_min_interval_stocks/Healthcare/ARGX.csv,15_min_interval_stocks,Healthcare,ARGX,2998326,0.0027924086898565292
3239,15_min_interval_stocks/Healthcare/ARMP.csv,15_min_interval_stocks,Healthcare,ARMP,1987226,0.001850748434662819
3240,15_min_interval_stocks/Healthcare/ARQT.csv,15_min_interval_stocks,Healthcare,ARQT,1925576,0.0017933323979377747
3241,15_min_interval_stocks/Healthcare/ARTL.csv,15_min_interval_stocks,Healthcare,ARTL,1753459,0.0016330359503626823
3242,15_min_interval_stocks/Healthcare/ARTV.csv,15_min_interval_stocks,Healthcare,ARTV,117308,0.00010925158858299255
3243,15_min_interval_stocks/Healthcare/ARVN.csv,15_min_interval_stocks,Healthcare,ARVN,2182697,0.002032794989645481
3244,15_min_interval_stocks/Healthcare/ARWR.csv,15_min_interval_stocks,Healthcare,ARWR,6456050,0.00601266510784626
3245,15_min_interval_stocks/Healthcare/ASMB.csv,15_min_interval_stocks,Healthcare,ASMB,4482676,0.004174817353487015
3246,15_min_interval_stocks/Healthcare/ASND.csv,15_min_interval_stocks,Healthcare,ASND,3299401,0.0030728066340088844
3247,15_min_interval_stocks/Healthcare/ASRT.csv,15_min_interval_stocks,Healthcare,ASRT,6768193,0.006303370930254459
3248,15_min_interval_stocks/Healthcare/ATAI.csv,15_min_interval_stocks,Healthcare,ATAI,1592538,0.001483166590332985
3249,15_min_interval_stocks/Healthcare/ATEC.csv,15_min_interval_stocks,Healthcare,ATEC,5645449,0.005257734097540379
3250,15_min_interval_stocks/Healthcare/ATHA.csv,15_min_interval_stocks,Healthcare,ATHA,1574404,0.0014662779867649078
3251,15_min_interval_stocks/Healthcare/ATHE.csv,15_min_interval_stocks,Healthcare,ATHE,3781575,0.003521866165101528
3252,15_min_interval_stocks/Healthcare/ATNF.csv,15_min_interval_stocks,Healthcare,ATNF,1843152,0.0017165690660476685
3253,15_min_interval_stocks/Healthcare/ATNFW.csv,15_min_interval_stocks,Healthcare,ATNFW,797514,0.0007427427917718887
3254,15_min_interval_stocks/Healthcare/ATNM.csv,15_min_interval_stocks,Healthcare,ATNM,4007808,0.0037325620651245117
3255,15_min_interval_stocks/Healthcare/ATOS.csv,15_min_interval_stocks,Healthcare,ATOS,4667618,0.004347058013081551
3256,15_min_interval_stocks/Healthcare/ATPC.csv,15_min_interval_stocks,Healthcare,ATPC,402433,0.00037479493767023087
3257,15_min_interval_stocks/Healthcare/ATRA.csv,15_min_interval_stocks,Healthcare,ATRA,3925591,0.003655991517007351
3258,15_min_interval_stocks/Healthcare/ATRC.csv,15_min_interval_stocks,Healthcare,ATRC,5595679,0.005211382173001766
3259,15_min_interval_stocks/Healthcare/ATXI.csv,15_min_interval_stocks,Healthcare,ATXI,2415307,0.0022494299337267876
3260,15_min_interval_stocks/Healthcare/ATXS.csv,15_min_interval_stocks,Healthcare,ATXS,3089104,0.002876952290534973
3261,15_min_interval_stocks/Healthcare/ATYR.csv,15_min_interval_stocks,Healthcare,ATYR,220734,0.00020557455718517303
3262,15_min_interval_stocks/Healthcare/AUNA.csv,15_min_interval_stocks,Healthcare,AUNA,214243,0.00019952934235334396
3263,15_min_interval_stocks/Healthcare/AUPH.csv,15_min_interval_stocks,Healthcare,AUPH,3937957,0.003667508251965046
3264,15_min_interval_stocks/Healthcare/AURA.csv,15_min_interval_stocks,Healthcare,AURA,906214,0.0008439775556325912
3265,15_min_interval_stocks/Healthcare/AUTL.csv,15_min_interval_stocks,Healthcare,AUTL,2167626,0.0020187590271234512
3266,15_min_interval_stocks/Healthcare/AVAH.csv,15_min_interval_stocks,Healthcare,AVAH,1141601,0.0010631987825036049
3267,15_min_interval_stocks/Healthcare/AVBP.csv,15_min_interval_stocks,Healthcare,AVBP,269865,0.0002513313665986061
3268,15_min_interval_stocks/Healthcare/AVDL.csv,15_min_interval_stocks,Healthcare,AVDL,5313846,0.004948904737830162
3269,15_min_interval_stocks/Healthcare/AVGR.csv,15_min_interval_stocks,Healthcare,AVGR,4047577,0.0037695998325943947
3270,15_min_interval_stocks/Healthcare/AVIR.csv,15_min_interval_stocks,Healthcare,AVIR,1478363,0.0013768328353762627
3271,15_min_interval_stocks/Healthcare/AVNS.csv,15_min_interval_stocks,Healthcare,AVNS,3476934,0.003238147124648094
3272,15_min_interval_stocks/Healthcare/AVTE.csv,15_min_interval_stocks,Healthcare,AVTE,1044362,0.0009726379066705704
3273,15_min_interval_stocks/Healthcare/AVTX.csv,15_min_interval_stocks,Healthcare,AVTX,3195943,0.0029764538630843163
3274,15_min_interval_stocks/Healthcare/AVXL.csv,15_min_interval_stocks,Healthcare,AVXL,4538216,0.0042265430092811584
3275,15_min_interval_stocks/Healthcare/AWH.csv,15_min_interval_stocks,Healthcare,AWH,6097403,0.0056786490604281425
3276,15_min_interval_stocks/Healthcare/AXGN.csv,15_min_interval_stocks,Healthcare,AXGN,3655667,0.0034046052023768425
3277,15_min_interval_stocks/Healthcare/AXSM.csv,15_min_interval_stocks,Healthcare,AXSM,3297172,0.0030707307159900665
3278,15_min_interval_stocks/Healthcare/AYTU.csv,15_min_interval_stocks,Healthcare,AYTU,2818526,0.002624956890940666
3279,15_min_interval_stocks/Healthcare/AZN.csv,15_min_interval_stocks,Healthcare,AZN,13038828,0.01214335486292839
3280,15_min_interval_stocks/Healthcare/AZTR.csv,15_min_interval_stocks,Healthcare,AZTR,569215,0.0005301227793097496
3281,15_min_interval_stocks/Healthcare/BACK.csv,15_min_interval_stocks,Healthcare,BACK,1690638,0.0015745293349027634
3282,15_min_interval_stocks/Healthcare/BAX.csv,15_min_interval_stocks,Healthcare,BAX,10607677,0.009879169054329395
3283,15_min_interval_stocks/Healthcare/BBIO.csv,15_min_interval_stocks,Healthcare,BBIO,2150529,0.0020028362050652504
3284,15_min_interval_stocks/Healthcare/BBLG.csv,15_min_interval_stocks,Healthcare,BBLG,1070694,0.0009971614927053452
3285,15_min_interval_stocks/Healthcare/BBLGW.csv,15_min_interval_stocks,Healthcare,BBLGW,96982,9.032152593135834e-05
3286,15_min_interval_stocks/Healthcare/BCAB.csv,15_min_interval_stocks,Healthcare,BCAB,1457863,0.0013577407225966454
3287,15_min_interval_stocks/Healthcare/BCAX.csv,15_min_interval_stocks,Healthcare,BCAX,82488,7.682293653488159e-05
3288,15_min_interval_stocks/Healthcare/BCDA.csv,15_min_interval_stocks,Healthcare,BCDA,1907597,0.001776588149368763
3289,15_min_interval_stocks/Healthcare/BCLI.csv,15_min_interval_stocks,Healthcare,BCLI,4359643,0.004060233943164349
3290,15_min_interval_stocks/Healthcare/BCRX.csv,15_min_interval_stocks,Healthcare,BCRX,8542824,0.0079561248421669
3291,15_min_interval_stocks/Healthcare/BCTX.csv,15_min_interval_stocks,Healthcare,BCTX,1583435,0.0014746887609362602
3292,15_min_interval_stocks/Healthcare/BCTXW.csv,15_min_interval_stocks,Healthcare,BCTXW,450240,0.00041931867599487305
3293,15_min_interval_stocks/Healthcare/BCYC.csv,15_min_interval_stocks,Healthcare,BCYC,1676359,0.001561230979859829
3294,15_min_interval_stocks/Healthcare/BDMD.csv,15_min_interval_stocks,Healthcare,BDMD,38394,3.575719892978668e-05
3295,15_min_interval_stocks/Healthcare/BDMDW.csv,15_min_interval_stocks,Healthcare,BDMDW,6950,6.472691893577576e-06
3296,15_min_interval_stocks/Healthcare/BDRX.csv,15_min_interval_stocks,Healthcare,BDRX,2788923,0.002597386948764324
3297,15_min_interval_stocks/Healthcare/BDSX.csv,15_min_interval_stocks,Healthcare,BDSX,1224026,0.0011399630457162857
3298,15_min_interval_stocks/Healthcare/BDTX.csv,15_min_interval_stocks,Healthcare,BDTX,1814445,0.001689833588898182
3299,15_min_interval_stocks/Healthcare/BDX.csv,15_min_interval_stocks,Healthcare,BDX,10607657,0.009879150427877903
3300,15_min_interval_stocks/Healthcare/BEAM.csv,15_min_interval_stocks,Healthcare,BEAM,2048427,0.0019077463075518608
3301,15_min_interval_stocks/Healthcare/BEAT.csv,15_min_interval_stocks,Healthcare,BEAT,5148478,0.00479489378631115
3302,15_min_interval_stocks/Healthcare/BEATW.csv,15_min_interval_stocks,Healthcare,BEATW,152485,0.00014201272279024124
3303,15_min_interval_stocks/Healthcare/BFLY.csv,15_min_interval_stocks,Healthcare,BFLY,2074171,0.0019317222759127617
3304,15_min_interval_stocks/Healthcare/BFRG.csv,15_min_interval_stocks,Healthcare,BFRG,792761,0.0007383162155747414
3305,15_min_interval_stocks/Healthcare/BFRGW.csv,15_min_interval_stocks,Healthcare,BFRGW,157649,0.00014682207256555557
3306,15_min_interval_stocks/Healthcare/BFRI.csv,15_min_interval_stocks,Healthcare,BFRI,1176104,0.0010953322052955627
3307,15_min_interval_stocks/Healthcare/BFRIW.csv,15_min_interval_stocks,Healthcare,BFRIW,160125,0.0001491280272603035
3308,15_min_interval_stocks/Healthcare/BGLC.csv,15_min_interval_stocks,Healthcare,BGLC,568338,0.0005293060094118118
3309,15_min_interval_stocks/Healthcare/BGM.csv,15_min_interval_stocks,Healthcare,BGM,35213,3.2794661819934845e-05
3310,15_min_interval_stocks/Healthcare/BGNE.csv,15_min_interval_stocks,Healthcare,BGNE,3321722,0.0030935946851968765
3311,15_min_interval_stocks/Healthcare/BHC.csv,15_min_interval_stocks,Healthcare,BHC,7680459,0.0071529848501086235
3312,15_min_interval_stocks/Healthcare/BHVN.csv,15_min_interval_stocks,Healthcare,BHVN,2907291,0.002707625739276409
3313,15_min_interval_stocks/Healthcare/BIAF.csv,15_min_interval_stocks,Healthcare,BIAF,582263,0.0005422746762633324
3314,15_min_interval_stocks/Healthcare/BIAFW.csv,15_min_interval_stocks,Healthcare,BIAFW,86903,8.093472570180893e-05
3315,15_min_interval_stocks/Healthcare/BIIB.csv,15_min_interval_stocks,Healthcare,BIIB,10807549,0.01006531435996294
3316,15_min_interval_stocks/Healthcare/BIOA.csv,15_min_interval_stocks,Healthcare,BIOA,94634,8.81347805261612e-05
3317,15_min_interval_stocks/Healthcare/BIVI.csv,15_min_interval_stocks,Healthcare,BIVI,1702156,0.0015852563083171844
3318,15_min_interval_stocks/Healthcare/BJDX.csv,15_min_interval_stocks,Healthcare,BJDX,1165462,0.0010854210704565048
3319,15_min_interval_stocks/Healthcare/BKD.csv,15_min_interval_stocks,Healthcare,BKD,6682562,0.006223620846867561
3320,15_min_interval_stocks/Healthcare/BLCO.csv,15_min_interval_stocks,Healthcare,BLCO,970768,0.0009040981531143188
3321,15_min_interval_stocks/Healthcare/BLFS.csv,15_min_interval_stocks,Healthcare,BLFS,3299928,0.003073297441005707
3322,15_min_interval_stocks/Healthcare/BLRX.csv,15_min_interval_stocks,Healthcare,BLRX,4341588,0.004043418914079666
3323,15_min_interval_stocks/Healthcare/BLTE.csv,15_min_interval_stocks,Healthcare,BLTE,584021,0.0005439119413495064
3324,15_min_interval_stocks/Healthcare/BLUE.csv,15_min_interval_stocks,Healthcare,BLUE,5403875,0.005032750777900219
3325,15_min_interval_stocks/Healthcare/BMEA.csv,15_min_interval_stocks,Healthcare,BMEA,1330239,0.0012388816103339195
3326,15_min_interval_stocks/Healthcare/BMRA.csv,15_min_interval_stocks,Healthcare,BMRA,2033545,0.0018938863649964333
3327,15_min_interval_stocks/Healthcare/BMRN.csv,15_min_interval_stocks,Healthcare,BMRN,8823076,0.008217129856348038
3328,15_min_interval_stocks/Healthcare/BMY.csv,15_min_interval_stocks,Healthcare,BMY,12616443,0.011749978177249432
3329,15_min_interval_stocks/Healthcare/BNOX.csv,15_min_interval_stocks,Healthcare,BNOX,728491,0.0006784601137042046
3330,15_min_interval_stocks/Healthcare/BNR.csv,15_min_interval_stocks,Healthcare,BNR,1240318,0.001155136153101921
3331,15_min_interval_stocks/Healthcare/BNTC.csv,15_min_interval_stocks,Healthcare,BNTC,1939477,0.0018062787130475044
3332,15_min_interval_stocks/Healthcare/BNTX.csv,15_min_interval_stocks,Healthcare,BNTX,3351522,0.003121348097920418
3333,15_min_interval_stocks/Healthcare/BOLD.csv,15_min_interval_stocks,Healthcare,BOLD,202618,0.00018870271742343903
3334,15_min_interval_stocks/Healthcare/BOLT.csv,15_min_interval_stocks,Healthcare,BOLT,1227694,0.0011433791369199753
3335,15_min_interval_stocks/Healthcare/BON.csv,15_min_interval_stocks,Healthcare,BON,790681,0.0007363790646195412
3336,15_min_interval_stocks/Healthcare/BPMC.csv,15_min_interval_stocks,Healthcare,BPMC,3346380,0.003116559237241745
3337,15_min_interval_stocks/Healthcare/BPTH.csv,15_min_interval_stocks,Healthcare,BPTH,3676204,0.0034237317740917206
3338,15_min_interval_stocks/Healthcare/BRNS.csv,15_min_interval_stocks,Healthcare,BRNS,185818,0.000173056498169899
3339,15_min_interval_stocks/Healthcare/BRTX.csv,15_min_interval_stocks,Healthcare,BRTX,701645,0.0006534578278660774
3340,15_min_interval_stocks/Healthcare/BSX.csv,15_min_interval_stocks,Healthcare,BSX,9859306,0.009182194247841835
3341,15_min_interval_stocks/Healthcare/BTAI.csv,15_min_interval_stocks,Healthcare,BTAI,2628167,0.0024476712569594383
3342,15_min_interval_stocks/Healthcare/BTI.csv,15_min_interval_stocks,Healthcare,BTI,11624220,0.010825898498296738
3343,15_min_interval_stocks/Healthcare/BTMD.csv,15_min_interval_stocks,Healthcare,BTMD,699580,0.0006515346467494965
3344,15_min_interval_stocks/Healthcare/BTSG.csv,15_min_interval_stocks,Healthcare,BTSG,342686,0.00031915120780467987
3345,15_min_interval_stocks/Healthcare/BTSGU.csv,15_min_interval_stocks,Healthcare,BTSGU,82247,7.659848779439926e-05
3346,15_min_interval_stocks/Healthcare/BVS.csv,15_min_interval_stocks,Healthcare,BVS,1332947,0.0012414036318659782
3347,15_min_interval_stocks/Healthcare/BWAY.csv,15_min_interval_stocks,Healthcare,BWAY,1120011,0.0010430915281176567
3348,15_min_interval_stocks/Healthcare/BYSI.csv,15_min_interval_stocks,Healthcare,BYSI,1962481,0.001827702857553959
3349,15_min_interval_stocks/Healthcare/CABA.csv,15_min_interval_stocks,Healthcare,CABA,1865267,0.0017371652647852898
3350,15_min_interval_stocks/Healthcare/CADL.csv,15_min_interval_stocks,Healthcare,CADL,823605,0.0007670419290661812
3351,15_min_interval_stocks/Healthcare/CAH.csv,15_min_interval_stocks,Healthcare,CAH,10610580,0.009881872683763504
3352,15_min_interval_stocks/Healthcare/CALC.csv,15_min_interval_stocks,Healthcare,CALC,229491,0.00021373014897108078
3353,15_min_interval_stocks/Healthcare/CANF.csv,15_min_interval_stocks,Healthcare,CANF,3173039,0.0029551228508353233
3354,15_min_interval_stocks/Healthcare/CAPR.csv,15_min_interval_stocks,Healthcare,CAPR,3498546,0.003258274868130684
3355,15_min_interval_stocks/Healthcare/CARA.csv,15_min_interval_stocks,Healthcare,CARA,4131100,0.0038473866879940033
3356,15_min_interval_stocks/Healthcare/CARM.csv,15_min_interval_stocks,Healthcare,CARM,5032773,0.004687135107815266
3357,15_min_interval_stocks/Healthcare/CASI.csv,15_min_interval_stocks,Healthcare,CASI,4292861,0.003998038358986378
3358,15_min_interval_stocks/Healthcare/CATX.csv,15_min_interval_stocks,Healthcare,CATX,4959704,0.004619084298610687
3359,15_min_interval_stocks/Healthcare/CBLL.csv,15_min_interval_stocks,Healthcare,CBLL,56214,5.235336720943451e-05
3360,15_min_interval_stocks/Healthcare/CCCC.csv,15_min_interval_stocks,Healthcare,CCCC,1638693,0.0015261517837643623
3361,15_min_interval_stocks/Healthcare/CCEL.csv,15_min_interval_stocks,Healthcare,CCEL,984183,0.0009165918454527855
3362,15_min_interval_stocks/Healthcare/CCM.csv,15_min_interval_stocks,Healthcare,CCM,2455734,0.0022870805114507675
3363,15_min_interval_stocks/Healthcare/CDIO.csv,15_min_interval_stocks,Healthcare,CDIO,972994,0.0009061712771654129
3364,15_min_interval_stocks/Healthcare/CDIOW.csv,15_min_interval_stocks,Healthcare,CDIOW,136921,0.00012751761823892593
3365,15_min_interval_stocks/Healthcare/CDMO.csv,15_min_interval_stocks,Healthcare,CDMO,6152991,0.005730419419705868
3366,15_min_interval_stocks/Healthcare/CDNA.csv,15_min_interval_stocks,Healthcare,CDNA,3121922,0.002907516434788704
3367,15_min_interval_stocks/Healthcare/CDRE.csv,15_min_interval_stocks,Healthcare,CDRE,1214105,0.0011307233944535255
3368,15_min_interval_stocks/Healthcare/CDT.csv,15_min_interval_stocks,Healthcare,CDT,581190,0.00054127536714077
3369,15_min_interval_stocks/Healthcare/CDTTW.csv,15_min_interval_stocks,Healthcare,CDTTW,49788,4.6368688344955444e-05
3370,15_min_interval_stocks/Healthcare/CDTX.csv,15_min_interval_stocks,Healthcare,CDTX,3153722,0.002937132492661476
3371,15_min_interval_stocks/Healthcare/CDXC.csv,15_min_interval_stocks,Healthcare,CDXC,3835802,0.0035723689943552017
3372,15_min_interval_stocks/Healthcare/CELC.csv,15_min_interval_stocks,Healthcare,CELC,1522529,0.0014179656282067299
3373,15_min_interval_stocks/Healthcare/CELU.csv,15_min_interval_stocks,Healthcare,CELU,1491921,0.0013894597068428993
3374,15_min_interval_stocks/Healthcare/CELUW.csv,15_min_interval_stocks,Healthcare,CELUW,436682,0.0004066918045282364
3375,15_min_interval_stocks/Healthcare/CERO.csv,15_min_interval_stocks,Healthcare,CERO,517100,0.00048158690333366394
3376,15_min_interval_stocks/Healthcare/CEROW.csv,15_min_interval_stocks,Healthcare,CEROW,41390,3.8547441363334656e-05
3377,15_min_interval_stocks/Healthcare/CGC.csv,15_min_interval_stocks,Healthcare,CGC,4169628,0.0038832686841487885
3378,15_min_interval_stocks/Healthcare/CGEM.csv,15_min_interval_stocks,Healthcare,CGEM,1343849,0.0012515569105744362
3379,15_min_interval_stocks/Healthcare/CGEN.csv,15_min_interval_stocks,Healthcare,CGEN,6882062,0.006409419700503349
3380,15_min_interval_stocks/Healthcare/CGTX.csv,15_min_interval_stocks,Healthcare,CGTX,1006194,0.0009370911866426468
3381,15_min_interval_stocks/Healthcare/CHE.csv,15_min_interval_stocks,Healthcare,CHE,8102598,0.007546132430434227
3382,15_min_interval_stocks/Healthcare/CHEK.csv,15_min_interval_stocks,Healthcare,CHEK,2721171,0.0025342879816889763
3383,15_min_interval_stocks/Healthcare/CHRO.csv,15_min_interval_stocks,Healthcare,CHRO,188058,0.00017514266073703766
3384,15_min_interval_stocks/Healthcare/CHRS.csv,15_min_interval_stocks,Healthcare,CHRS,3865265,0.0035998085513710976
3385,15_min_interval_stocks/Healthcare/CI.csv,15_min_interval_stocks,Healthcare,CI,10958104,0.010205529630184174
3386,15_min_interval_stocks/Healthcare/CING.csv,15_min_interval_stocks,Healthcare,CING,1093533,0.001018431968986988
3387,15_min_interval_stocks/Healthcare/CINGW.csv,15_min_interval_stocks,Healthcare,CINGW,113821,0.00010600406676530838
3388,15_min_interval_stocks/Healthcare/CKPT.csv,15_min_interval_stocks,Healthcare,CKPT,2345343,0.0021842708811163902
3389,15_min_interval_stocks/Healthcare/CLDI.csv,15_min_interval_stocks,Healthcare,CLDI,517488,0.00048194825649261475
3390,15_min_interval_stocks/Healthcare/CLDX.csv,15_min_interval_stocks,Healthcare,CLDX,5954148,0.005545232445001602
3391,15_min_interval_stocks/Healthcare/CLGN.csv,15_min_interval_stocks,Healthcare,CLGN,847580,0.0007893703877925873
3392,15_min_interval_stocks/Healthcare/CLLS.csv,15_min_interval_stocks,Healthcare,CLLS,3317851,0.00308998953551054
3393,15_min_interval_stocks/Healthcare/CLNN.csv,15_min_interval_stocks,Healthcare,CLNN,1530722,0.0014255959540605545
3394,15_min_interval_stocks/Healthcare/CLNNW.csv,15_min_interval_stocks,Healthcare,CLNNW,249392,0.00023226439952850342
3395,15_min_interval_stocks/Healthcare/CLOV.csv,15_min_interval_stocks,Healthcare,CLOV,2580276,0.0024030692875385284
3396,15_min_interval_stocks/Healthcare/CLPT.csv,15_min_interval_stocks,Healthcare,CLPT,2433924,0.002266768366098404
3397,15_min_interval_stocks/Healthcare/CLRB.csv,15_min_interval_stocks,Healthcare,CLRB,3827809,0.0035649249330163
3398,15_min_interval_stocks/Healthcare/CLSD.csv,15_min_interval_stocks,Healthcare,CLSD,2895028,0.0026962049305438995
3399,15_min_interval_stocks/Healthcare/CLYM.csv,15_min_interval_stocks,Healthcare,CLYM,62237,5.7962723076343536e-05
3400,15_min_interval_stocks/Healthcare/CMMB.csv,15_min_interval_stocks,Healthcare,CMMB,1510578,0.0014068353921175003
3401,15_min_interval_stocks/Healthcare/CMND.csv,15_min_interval_stocks,Healthcare,CMND,938512,0.000874057412147522
3402,15_min_interval_stocks/Healthcare/CMPS.csv,15_min_interval_stocks,Healthcare,CMPS,1780297,0.0016580307856202126
3403,15_min_interval_stocks/Healthcare/CMPX.csv,15_min_interval_stocks,Healthcare,CMPX,1054869,0.0009824233129620552
3404,15_min_interval_stocks/Healthcare/CMRX.csv,15_min_interval_stocks,Healthcare,CMRX,4211757,0.003922504372894764
3405,15_min_interval_stocks/Healthcare/CNC.csv,15_min_interval_stocks,Healthcare,CNC,8055797,0.007502545602619648
3406,15_min_interval_stocks/Healthcare/CNMD.csv,15_min_interval_stocks,Healthcare,CNMD,9835643,0.009160156361758709
3407,15_min_interval_stocks/Healthcare/CNSP.csv,15_min_interval_stocks,Healthcare,CNSP,2033320,0.0018936768174171448
3408,15_min_interval_stocks/Healthcare/CNTA.csv,15_min_interval_stocks,Healthcare,CNTA,1050747,0.0009785844013094902
3409,15_min_interval_stocks/Healthcare/CNTB.csv,15_min_interval_stocks,Healthcare,CNTB,1019578,0.0009495560079813004
3410,15_min_interval_stocks/Healthcare/CNTX.csv,15_min_interval_stocks,Healthcare,CNTX,1071690,0.0009980890899896622
3411,15_min_interval_stocks/Healthcare/COCH.csv,15_min_interval_stocks,Healthcare,COCH,302364,0.00028159841895103455
3412,15_min_interval_stocks/Healthcare/COCHW.csv,15_min_interval_stocks,Healthcare,COCHW,70882,6.601400673389435e-05
3413,15_min_interval_stocks/Healthcare/COCP.csv,15_min_interval_stocks,Healthcare,COCP,2964583,0.002760983072221279
3414,15_min_interval_stocks/Healthcare/CODX.csv,15_min_interval_stocks,Healthcare,CODX,2630872,0.002450190484523773
3415,15_min_interval_stocks/Healthcare/COEP.csv,15_min_interval_stocks,Healthcare,COEP,894070,0.0008326675742864609
3416,15_min_interval_stocks/Healthcare/COEPW.csv,15_min_interval_stocks,Healthcare,COEPW,311382,0.00028999708592891693
3417,15_min_interval_stocks/Healthcare/COGT.csv,15_min_interval_stocks,Healthcare,COGT,2778165,0.002587367780506611
3418,15_min_interval_stocks/Healthcare/COLL.csv,15_min_interval_stocks,Healthcare,COLL,3304306,0.0030773747712373734
3419,15_min_interval_stocks/Healthcare/CON.csv,15_min_interval_stocks,Healthcare,CON,166162,0.00015475042164325714
3420,15_min_interval_stocks/Healthcare/COO.csv,15_min_interval_stocks,Healthcare,COO,9783379,0.009111481718719006
3421,15_min_interval_stocks/Healthcare/COR.csv,15_min_interval_stocks,Healthcare,COR,690384,0.0006429702043533325
3422,15_min_interval_stocks/Healthcare/CORT.csv,15_min_interval_stocks,Healthcare,CORT,6101663,0.0056826164945960045
3423,15_min_interval_stocks/Healthcare/COSM.csv,15_min_interval_stocks,Healthcare,COSM,1861219,0.0017333952710032463
3424,15_min_interval_stocks/Healthcare/COYA.csv,15_min_interval_stocks,Healthcare,COYA,469382,0.00043714605271816254
3425,15_min_interval_stocks/Healthcare/CPHI.csv,15_min_interval_stocks,Healthcare,CPHI,4715466,0.004391619935631752
3426,15_min_interval_stocks/Healthcare/CPIX.csv,15_min_interval_stocks,Healthcare,CPIX,2929202,0.002728031948208809
3427,15_min_interval_stocks/Healthcare/CPRX.csv,15_min_interval_stocks,Healthcare,CPRX,5617194,0.005231419578194618
3428,15_min_interval_stocks/Healthcare/CRBP.csv,15_min_interval_stocks,Healthcare,CRBP,3807308,0.0035458318889141083
3429,15_min_interval_stocks/Healthcare/CRBU.csv,15_min_interval_stocks,Healthcare,CRBU,1390632,0.0012951269745826721
3430,15_min_interval_stocks/Healthcare/CRDF.csv,15_min_interval_stocks,Healthcare,CRDF,4611349,0.004294653423130512
3431,15_min_interval_stocks/Healthcare/CRDL.csv,15_min_interval_stocks,Healthcare,CRDL,1226272,0.001142054796218872
3432,15_min_interval_stocks/Healthcare/CRIS.csv,15_min_interval_stocks,Healthcare,CRIS,8123998,0.007566062733530998
3433,15_min_interval_stocks/Healthcare/CRL.csv,15_min_interval_stocks,Healthcare,CRL,8646614,0.008052786812186241
3434,15_min_interval_stocks/Healthcare/CRMD.csv,15_min_interval_stocks,Healthcare,CRMD,4106836,0.0038247890770435333
3435,15_min_interval_stocks/Healthcare/CRNX.csv,15_min_interval_stocks,Healthcare,CRNX,2140275,0.0019932864233851433
3436,15_min_interval_stocks/Healthcare/CRON.csv,15_min_interval_stocks,Healthcare,CRON,3660674,0.003409268334507942
3437,15_min_interval_stocks/Healthcare/CRSP.csv,15_min_interval_stocks,Healthcare,CRSP,3918367,0.0036492636427283287
3438,15_min_interval_stocks/Healthcare/CRVO.csv,15_min_interval_stocks,Healthcare,CRVO,318868,0.0002969689667224884
3439,15_min_interval_stocks/Healthcare/CRVS.csv,15_min_interval_stocks,Healthcare,CRVS,2827159,0.0026329969987273216
3440,15_min_interval_stocks/Healthcare/CSBR.csv,15_min_interval_stocks,Healthcare,CSBR,1622018,0.0015106219798326492
3441,15_min_interval_stocks/Healthcare/CSCI.csv,15_min_interval_stocks,Healthcare,CSCI,33146,3.086961805820465e-05
3442,15_min_interval_stocks/Healthcare/CSTL.csv,15_min_interval_stocks,Healthcare,CSTL,1893358,0.0017633270472288132
3443,15_min_interval_stocks/Healthcare/CTCX.csv,15_min_interval_stocks,Healthcare,CTCX,323677,0.00030144769698381424
3444,15_min_interval_stocks/Healthcare/CTLT.csv,15_min_interval_stocks,Healthcare,CTLT,3806658,0.003545226529240608
3445,15_min_interval_stocks/Healthcare/CTMX.csv,15_min_interval_stocks,Healthcare,CTMX,3239923,0.003017413429915905
3446,15_min_interval_stocks/Healthcare/CTNM.csv,15_min_interval_stocks,Healthcare,CTNM,185744,0.00017298758029937744
3447,15_min_interval_stocks/Healthcare/CTOR.csv,15_min_interval_stocks,Healthcare,CTOR,142212,0.00013244524598121643
3448,15_min_interval_stocks/Healthcare/CTSO.csv,15_min_interval_stocks,Healthcare,CTSO,3055660,0.002845805138349533
3449,15_min_interval_stocks/Healthcare/CTXR.csv,15_min_interval_stocks,Healthcare,CTXR,3183353,0.0029647285118699074
3450,15_min_interval_stocks/Healthcare/CUE.csv,15_min_interval_stocks,Healthcare,CUE,2291594,0.002134213224053383
3451,15_min_interval_stocks/Healthcare/CUTR.csv,15_min_interval_stocks,Healthcare,CUTR,6564381,0.0061135562136769295
3452,15_min_interval_stocks/Healthcare/CVAC.csv,15_min_interval_stocks,Healthcare,CVAC,1887247,0.001757635734975338
3453,15_min_interval_stocks/Healthcare/CVKD.csv,15_min_interval_stocks,Healthcare,CVKD,627049,0.0005839848890900612
3454,15_min_interval_stocks/Healthcare/CVM.csv,15_min_interval_stocks,Healthcare,CVM,7906714,0.007363701239228249
3455,15_min_interval_stocks/Healthcare/CVRX.csv,15_min_interval_stocks,Healthcare,CVRX,1109294,0.0010331105440855026
3456,15_min_interval_stocks/Healthcare/CYBN.csv,15_min_interval_stocks,Healthcare,CYBN,2064059,0.00192230474203825
3457,15_min_interval_stocks/Healthcare/CYCC.csv,15_min_interval_stocks,Healthcare,CYCC,6684716,0.006225626915693283
3458,15_min_interval_stocks/Healthcare/CYCN.csv,15_min_interval_stocks,Healthcare,CYCN,1534847,0.0014294376596808434
3459,15_min_interval_stocks/Healthcare/CYH.csv,15_min_interval_stocks,Healthcare,CYH,9328054,0.008687427267432213
3460,15_min_interval_stocks/Healthcare/CYRX.csv,15_min_interval_stocks,Healthcare,CYRX,3495287,0.003255239687860012
3461,15_min_interval_stocks/Healthcare/CYTH.csv,15_min_interval_stocks,Healthcare,CYTH,1603592,0.0014934614300727844
3462,15_min_interval_stocks/Healthcare/CYTK.csv,15_min_interval_stocks,Healthcare,CYTK,6944687,0.006467743776738644
3463,15_min_interval_stocks/Healthcare/CYTO.csv,15_min_interval_stocks,Healthcare,CYTO,3762802,0.003504382446408272
3464,15_min_interval_stocks/Healthcare/DARE.csv,15_min_interval_stocks,Healthcare,DARE,3813693,0.003551778383553028
3465,15_min_interval_stocks/Healthcare/DAWN.csv,15_min_interval_stocks,Healthcare,DAWN,1296492,0.001207452267408371
3466,15_min_interval_stocks/Healthcare/DBVT.csv,15_min_interval_stocks,Healthcare,DBVT,3257117,0.0030334265902638435
3467,15_min_interval_stocks/Healthcare/DCGO.csv,15_min_interval_stocks,Healthcare,DCGO,1227099,0.001142824999988079
3468,15_min_interval_stocks/Healthcare/DCTH.csv,15_min_interval_stocks,Healthcare,DCTH,9370090,0.008726576343178749
3469,15_min_interval_stocks/Healthcare/DERM.csv,15_min_interval_stocks,Healthcare,DERM,732727,0.0006824051961302757
3470,15_min_interval_stocks/Healthcare/DGX.csv,15_min_interval_stocks,Healthcare,DGX,10419987,0.009704369120299816
3471,15_min_interval_stocks/Healthcare/DHAI.csv,15_min_interval_stocks,Healthcare,DHAI,265841,0.0002475837245583534
3472,15_min_interval_stocks/Healthcare/DHAIW.csv,15_min_interval_stocks,Healthcare,DHAIW,57668,5.3707510232925415e-05
3473,15_min_interval_stocks/Healthcare/DMAC.csv,15_min_interval_stocks,Healthcare,DMAC,1545628,0.0014394782483577728
3474,15_min_interval_stocks/Healthcare/DNA.csv,15_min_interval_stocks,Healthcare,DNA,2301056,0.0021430253982543945
3475,15_min_interval_stocks/Healthcare/DNLI.csv,15_min_interval_stocks,Healthcare,DNLI,2498914,0.002327295020222664
3476,15_min_interval_stocks/Healthcare/DNTH.csv,15_min_interval_stocks,Healthcare,DNTH,391523,0.000364634208381176
3477,15_min_interval_stocks/Healthcare/DOMH.csv,15_min_interval_stocks,Healthcare,DOMH,5157765,0.0048035429790616035
3478,15_min_interval_stocks/Healthcare/DRIO.csv,15_min_interval_stocks,Healthcare,DRIO,2637688,0.0024565383791923523
3479,15_min_interval_stocks/Healthcare/DRMA.csv,15_min_interval_stocks,Healthcare,DRMA,1245985,0.001160413958132267
3480,15_min_interval_stocks/Healthcare/DRRX.csv,15_min_interval_stocks,Healthcare,DRRX,7614613,0.007091660983860493
3481,15_min_interval_stocks/Healthcare/DRTS.csv,15_min_interval_stocks,Healthcare,DRTS,603471,0.0005620261654257774
3482,15_min_interval_stocks/Healthcare/DRUG.csv,15_min_interval_stocks,Healthcare,DRUG,862940,0.000803675502538681
3483,15_min_interval_stocks/Healthcare/DSGN.csv,15_min_interval_stocks,Healthcare,DSGN,1226032,0.0011418312788009644
3484,15_min_interval_stocks/Healthcare/DTIL.csv,15_min_interval_stocks,Healthcare,DTIL,2160697,0.0020123058930039406
3485,15_min_interval_stocks/Healthcare/DVA.csv,15_min_interval_stocks,Healthcare,DVA,8920658,0.008308010175824165
3486,15_min_interval_stocks/Healthcare/DVAX.csv,15_min_interval_stocks,Healthcare,DVAX,7291261,0.0067905159667134285
3487,15_min_interval_stocks/Healthcare/DWTX.csv,15_min_interval_stocks,Healthcare,DWTX,56385,5.2512623369693756e-05
3488,15_min_interval_stocks/Healthcare/DXCM.csv,15_min_interval_stocks,Healthcare,DXCM,7886479,0.007344855926930904
3489,15_min_interval_stocks/Healthcare/DXR.csv,15_min_interval_stocks,Healthcare,DXR,1609199,0.0014986833557486534
3490,15_min_interval_stocks/Healthcare/DYAI.csv,15_min_interval_stocks,Healthcare,DYAI,2465658,0.0022963229566812515
3491,15_min_interval_stocks/Healthcare/DYN.csv,15_min_interval_stocks,Healthcare,DYN,1517018,0.001412833109498024
3492,15_min_interval_stocks/Healthcare/EBS.csv,15_min_interval_stocks,Healthcare,EBS,7105677,0.0066176773980259895
3493,15_min_interval_stocks/Healthcare/ECOR.csv,15_min_interval_stocks,Healthcare,ECOR,2169174,0.002020200714468956
3494,15_min_interval_stocks/Healthcare/EDAP.csv,15_min_interval_stocks,Healthcare,EDAP,4447393,0.004141957499086857
3495,15_min_interval_stocks/Healthcare/EDIT.csv,15_min_interval_stocks,Healthcare,EDIT,3825307,0.0035625947639346123
3496,15_min_interval_stocks/Healthcare/EDSA.csv,15_min_interval_stocks,Healthcare,EDSA,2979394,0.002774776890873909
3497,15_min_interval_stocks/Healthcare/EHAB.csv,15_min_interval_stocks,Healthcare,EHAB,872126,0.0008122306317090988
3498,15_min_interval_stocks/Healthcare/EHC.csv,15_min_interval_stocks,Healthcare,EHC,6461049,0.006017320789396763
3499,15_min_interval_stocks/Healthcare/ELAB.csv,15_min_interval_stocks,Healthcare,ELAB,509387,0.00047440361231565475
3500,15_min_interval_stocks/Healthcare/ELAN.csv,15_min_interval_stocks,Healthcare,ELAN,2420324,0.0022541023790836334
3501,15_min_interval_stocks/Healthcare/ELDN.csv,15_min_interval_stocks,Healthcare,ELDN,2763751,0.0025739436969161034
3502,15_min_interval_stocks/Healthcare/ELEV.csv,15_min_interval_stocks,Healthcare,ELEV,1112928,0.0010364949703216553
3503,15_min_interval_stocks/Healthcare/ELMD.csv,15_min_interval_stocks,Healthcare,ELMD,2146955,0.0019995076581835747
3504,15_min_interval_stocks/Healthcare/ELTX.csv,15_min_interval_stocks,Healthcare,ELTX,306544,0.00028549134731292725
3505,15_min_interval_stocks/Healthcare/ELUT.csv,15_min_interval_stocks,Healthcare,ELUT,253102,0.00023571960628032684
3506,15_min_interval_stocks/Healthcare/ELV.csv,15_min_interval_stocks,Healthcare,ELV,7375613,0.006869074888527393
3507,15_min_interval_stocks/Healthcare/ELVN.csv,15_min_interval_stocks,Healthcare,ELVN,1442509,0.0013434411957859993
3508,15_min_interval_stocks/Healthcare/EMBC.csv,15_min_interval_stocks,Healthcare,EMBC,1095111,0.0010199015960097313
3509,15_min_interval_stocks/Healthcare/ENGN.csv,15_min_interval_stocks,Healthcare,ENGN,273556,0.00025476887822151184
3510,15_min_interval_stocks/Healthcare/ENGNW.csv,15_min_interval_stocks,Healthcare,ENGNW,66470,6.190501153469086e-05
3511,15_min_interval_stocks/Healthcare/ENLV.csv,15_min_interval_stocks,Healthcare,ENLV,2426564,0.002259913831949234
3512,15_min_interval_stocks/Healthcare/ENOV.csv,15_min_interval_stocks,Healthcare,ENOV,6477255,0.006032413803040981
3513,15_min_interval_stocks/Healthcare/ENSC.csv,15_min_interval_stocks,Healthcare,ENSC,1612596,0.0015018470585346222
3514,15_min_interval_stocks/Healthcare/ENSG.csv,15_min_interval_stocks,Healthcare,ENSG,6508597,0.00606160331517458
3515,15_min_interval_stocks/Healthcare/ENTA.csv,15_min_interval_stocks,Healthcare,ENTA,3965454,0.0036931168287992477
3516,15_min_interval_stocks/Healthcare/ENTO.csv,15_min_interval_stocks,Healthcare,ENTO,213114,0.0001984778791666031
3517,15_min_interval_stocks/Healthcare/ENTX.csv,15_min_interval_stocks,Healthcare,ENTX,1400562,0.0013043750077486038
3518,15_min_interval_stocks/Healthcare/ENVB.csv,15_min_interval_stocks,Healthcare,ENVB,2916149,0.002715875394642353
3519,15_min_interval_stocks/Healthcare/ENZ.csv,15_min_interval_stocks,Healthcare,ENZ,9058456,0.008436344563961029
3520,15_min_interval_stocks/Healthcare/EOLS.csv,15_min_interval_stocks,Healthcare,EOLS,2497654,0.0023261215537786484
3521,15_min_interval_stocks/Healthcare/EPIX.csv,15_min_interval_stocks,Healthcare,EPIX,1708607,0.001591264270246029
3522,15_min_interval_stocks/Healthcare/EPRX.csv,15_min_interval_stocks,Healthcare,EPRX,91252,8.498504757881165e-05
3523,15_min_interval_stocks/Healthcare/EQ.csv,15_min_interval_stocks,Healthcare,EQ,1711965,0.0015943916514515877
3524,15_min_interval_stocks/Healthcare/ERAS.csv,15_min_interval_stocks,Healthcare,ERAS,1194285,0.0011122645810246468
3525,15_min_interval_stocks/Healthcare/ERNA.csv,15_min_interval_stocks,Healthcare,ERNA,1093177,0.001018100418150425
3526,15_min_interval_stocks/Healthcare/ESLA.csv,15_min_interval_stocks,Healthcare,ESLA,261887,0.00024390127509832382
3527,15_min_interval_stocks/Healthcare/ESPR.csv,15_min_interval_stocks,Healthcare,ESPR,4471226,0.0041641537100076675
3528,15_min_interval_stocks/Healthcare/ESTA.csv,15_min_interval_stocks,Healthcare,ESTA,2010730,0.0018726382404565811
3529,15_min_interval_stocks/Healthcare/ETNB.csv,15_min_interval_stocks,Healthcare,ETNB,1787437,0.001664680428802967
3530,15_min_interval_stocks/Healthcare/ETON.csv,15_min_interval_stocks,Healthcare,ETON,1776348,0.001654352992773056
3531,15_min_interval_stocks/Healthcare/EUDA.csv,15_min_interval_stocks,Healthcare,EUDA,508681,0.0004737460985779762
3532,15_min_interval_stocks/Healthcare/EUDAW.csv,15_min_interval_stocks,Healthcare,EUDAW,131303,0.00012228544801473618
3533,15_min_interval_stocks/Healthcare/EVAX.csv,15_min_interval_stocks,Healthcare,EVAX,971437,0.0009047212079167366
3534,15_min_interval_stocks/Healthcare/EVO.csv,15_min_interval_stocks,Healthcare,EVO,856374,0.0007975604385137558
3535,15_min_interval_stocks/Healthcare/EVOK.csv,15_min_interval_stocks,Healthcare,EVOK,3172477,0.0029545994475483894
3536,15_min_interval_stocks/Healthcare/EW.csv,15_min_interval_stocks,Healthcare,EW,9748198,0.009078716859221458
3537,15_min_interval_stocks/Healthcare/EWTX.csv,15_min_interval_stocks,Healthcare,EWTX,1262889,0.001176157034933567
3538,15_min_interval_stocks/Healthcare/EXAS.csv,15_min_interval_stocks,Healthcare,EXAS,8266543,0.007698818109929562
3539,15_min_interval_stocks/Healthcare/EXEL.csv,15_min_interval_stocks,Healthcare,EXEL,9001237,0.008383055217564106
3540,15_min_interval_stocks/Healthcare/EYE.csv,15_min_interval_stocks,Healthcare,EYE,2507735,0.002335510216653347
3541,15_min_interval_stocks/Healthcare/EYEN.csv,15_min_interval_stocks,Healthcare,EYEN,2144750,0.0019974540919065475
3542,15_min_interval_stocks/Healthcare/FATE.csv,15_min_interval_stocks,Healthcare,FATE,3722982,0.0034672971814870834
3543,15_min_interval_stocks/Healthcare/FBIO.csv,15_min_interval_stocks,Healthcare,FBIO,4608227,0.004291745834052563
3544,15_min_interval_stocks/Healthcare/FBIOP.csv,15_min_interval_stocks,Healthcare,FBIOP,1074875,0.0010010553523898125
3545,15_min_interval_stocks/Healthcare/FBLG.csv,15_min_interval_stocks,Healthcare,FBLG,349717,0.0003256993368268013
3546,15_min_interval_stocks/Healthcare/FBRX.csv,15_min_interval_stocks,Healthcare,FBRX,2490989,0.002319914288818836
3547,15_min_interval_stocks/Healthcare/FDMT.csv,15_min_interval_stocks,Healthcare,FDMT,1429096,0.0013309493660926819
3548,15_min_interval_stocks/Healthcare/FEMY.csv,15_min_interval_stocks,Healthcare,FEMY,1124799,0.0010475507006049156
3549,15_min_interval_stocks/Healthcare/FENC.csv,15_min_interval_stocks,Healthcare,FENC,1934700,0.0018018297851085663
3550,15_min_interval_stocks/Healthcare/FGEN.csv,15_min_interval_stocks,Healthcare,FGEN,3821897,0.0035594189539551735
3551,15_min_interval_stocks/Healthcare/FHTX.csv,15_min_interval_stocks,Healthcare,FHTX,1207782,0.0011248346418142319
3552,15_min_interval_stocks/Healthcare/FLGC.csv,15_min_interval_stocks,Healthcare,FLGC,1562832,0.0014555007219314575
3553,15_min_interval_stocks/Healthcare/FLGT.csv,15_min_interval_stocks,Healthcare,FLGT,2541447,0.002366906963288784
3554,15_min_interval_stocks/Healthcare/FMS.csv,15_min_interval_stocks,Healthcare,FMS,9541671,0.008886373601853848
3555,15_min_interval_stocks/Healthcare/FNA.csv,15_min_interval_stocks,Healthcare,FNA,1114345,0.0010378146544098854
3556,15_min_interval_stocks/Healthcare/FOLD.csv,15_min_interval_stocks,Healthcare,FOLD,5854092,0.005452048033475876
3557,15_min_interval_stocks/Healthcare/FONR.csv,15_min_interval_stocks,Healthcare,FONR,6044904,0.0056297555565834045
3558,15_min_interval_stocks/Healthcare/FRES.csv,15_min_interval_stocks,Healthcare,FRES,208393,0.00019408110529184341
3559,15_min_interval_stocks/Healthcare/FTLF.csv,15_min_interval_stocks,Healthcare,FTLF,134878,0.0001256149262189865
3560,15_min_interval_stocks/Healthcare/FTRE.csv,15_min_interval_stocks,Healthcare,FTRE,552527,0.0005145808681845665
3561,15_min_interval_stocks/Healthcare/FULC.csv,15_min_interval_stocks,Healthcare,FULC,1835901,0.0017098160460591316
3562,15_min_interval_stocks/Healthcare/GALT.csv,15_min_interval_stocks,Healthcare,GALT,4367599,0.004067643545567989
3563,15_min_interval_stocks/Healthcare/GANX.csv,15_min_interval_stocks,Healthcare,GANX,992286,0.0009241383522748947
3564,15_min_interval_stocks/Healthcare/GBIO.csv,15_min_interval_stocks,Healthcare,GBIO,1503487,0.001400231383740902
3565,15_min_interval_stocks/Healthcare/GCTK.csv,15_min_interval_stocks,Healthcare,GCTK,680121,0.0006334120407700539
3566,15_min_interval_stocks/Healthcare/GDTC.csv,15_min_interval_stocks,Healthcare,GDTC,249750,0.00023259781301021576
3567,15_min_interval_stocks/Healthcare/GEHC.csv,15_min_interval_stocks,Healthcare,GEHC,1265143,0.0011782562360167503
3568,15_min_interval_stocks/Healthcare/GELS.csv,15_min_interval_stocks,Healthcare,GELS,26755,2.4917535483837128e-05
3569,15_min_interval_stocks/Healthcare/GERN.csv,15_min_interval_stocks,Healthcare,GERN,9747088,0.009077683091163635
3570,15_min_interval_stocks/Healthcare/GH.csv,15_min_interval_stocks,Healthcare,GH,2492173,0.002321016974747181
3571,15_min_interval_stocks/Healthcare/GHRS.csv,15_min_interval_stocks,Healthcare,GHRS,851710,0.0007932167500257492
3572,15_min_interval_stocks/Healthcare/GILD.csv,15_min_interval_stocks,Healthcare,GILD,13649821,0.012712386436760426
3573,15_min_interval_stocks/Healthcare/GKOS.csv,15_min_interval_stocks,Healthcare,GKOS,3327288,0.0030987784266471863
3574,15_min_interval_stocks/Healthcare/GLMD.csv,15_min_interval_stocks,Healthcare,GLMD,2978098,0.0027735698968172073
3575,15_min_interval_stocks/Healthcare/GLPG.csv,15_min_interval_stocks,Healthcare,GLPG,3628256,0.0033790767192840576
3576,15_min_interval_stocks/Healthcare/GLSI.csv,15_min_interval_stocks,Healthcare,GLSI,1233950,0.0011492054909467697
3577,15_min_interval_stocks/Healthcare/GLTO.csv,15_min_interval_stocks,Healthcare,GLTO,1245740,0.0011601857841014862
3578,15_min_interval_stocks/Healthcare/GLUE.csv,15_min_interval_stocks,Healthcare,GLUE,1151352,0.0010722801089286804
3579,15_min_interval_stocks/Healthcare/GLYC.csv,15_min_interval_stocks,Healthcare,GLYC,3595436,0.0033485107123851776
3580,15_min_interval_stocks/Healthcare/GMAB.csv,15_min_interval_stocks,Healthcare,GMAB,2263139,0.0021077124401926994
3581,15_min_interval_stocks/Healthcare/GMED.csv,15_min_interval_stocks,Healthcare,GMED,4347811,0.004049214534461498
3582,15_min_interval_stocks/Healthcare/GNFT.csv,15_min_interval_stocks,Healthcare,GNFT,1098790,0.0010233279317617416
3583,15_min_interval_stocks/Healthcare/GNLX.csv,15_min_interval_stocks,Healthcare,GNLX,639027,0.0005951402708888054
3584,15_min_interval_stocks/Healthcare/GNPX.csv,15_min_interval_stocks,Healthcare,GNPX,2426727,0.0022600656375288963
3585,15_min_interval_stocks/Healthcare/GNTA.csv,15_min_interval_stocks,Healthcare,GNTA,177749,0.0001655416563153267
3586,15_min_interval_stocks/Healthcare/GOSS.csv,15_min_interval_stocks,Healthcare,GOSS,2282899,0.0021261153742671013
3587,15_min_interval_stocks/Healthcare/GOVX.csv,15_min_interval_stocks,Healthcare,GOVX,2034260,0.0018945522606372833
3588,15_min_interval_stocks/Healthcare/GOVXW.csv,15_min_interval_stocks,Healthcare,GOVXW,229399,0.00021364446729421616
3589,15_min_interval_stocks/Healthcare/GPCR.csv,15_min_interval_stocks,Healthcare,GPCR,740574,0.0006897132843732834
3590,15_min_interval_stocks/Healthcare/GRAL.csv,15_min_interval_stocks,Healthcare,GRAL,218673,0.00020365510135889053
3591,15_min_interval_stocks/Healthcare/GRCE.csv,15_min_interval_stocks,Healthcare,GRCE,26988,2.5134533643722534e-05
3592,15_min_interval_stocks/Healthcare/GRFS.csv,15_min_interval_stocks,Healthcare,GRFS,5540355,0.0051598576828837395
3593,15_min_interval_stocks/Healthcare/GRI.csv,15_min_interval_stocks,Healthcare,GRI,1690251,0.0015741689130663872
3594,15_min_interval_stocks/Healthcare/GSK.csv,15_min_interval_stocks,Healthcare,GSK,12458664,0.011603035032749176
3595,15_min_interval_stocks/Healthcare/GTBP.csv,15_min_interval_stocks,Healthcare,GTBP,1112794,0.0010363701730966568
3596,15_min_interval_stocks/Healthcare/GYRE.csv,15_min_interval_stocks,Healthcare,GYRE,352089,0.0003279084339737892
3597,15_min_interval_stocks/Healthcare/HAE.csv,15_min_interval_stocks,Healthcare,HAE,8668174,0.00807286612689495
3598,15_min_interval_stocks/Healthcare/HALO.csv,15_min_interval_stocks,Healthcare,HALO,6717206,0.00625588558614254
3599,15_min_interval_stocks/Healthcare/HCA.csv,15_min_interval_stocks,Healthcare,HCA,6081324,0.0056636743247509
3600,15_min_interval_stocks/Healthcare/HCM.csv,15_min_interval_stocks,Healthcare,HCM,2769619,0.002579408697783947
3601,15_min_interval_stocks/Healthcare/HCSG.csv,15_min_interval_stocks,Healthcare,HCSG,8755980,0.008154641836881638
3602,15_min_interval_stocks/Healthcare/HCWB.csv,15_min_interval_stocks,Healthcare,HCWB,555612,0.0005174539983272552
3603,15_min_interval_stocks/Healthcare/HEPA.csv,15_min_interval_stocks,Healthcare,HEPA,3613706,0.0033655259758234024
3604,15_min_interval_stocks/Healthcare/HIMS.csv,15_min_interval_stocks,Healthcare,HIMS,2260985,0.0021057063713669777
3605,15_min_interval_stocks/Healthcare/HLF.csv,15_min_interval_stocks,Healthcare,HLF,7911203,0.0073678819462656975
3606,15_min_interval_stocks/Healthcare/HLVX.csv,15_min_interval_stocks,Healthcare,HLVX,808274,0.0007527638226747513
3607,15_min_interval_stocks/Healthcare/HOLX.csv,15_min_interval_stocks,Healthcare,HOLX,9001561,0.008383356966078281
3608,15_min_interval_stocks/Healthcare/HOOK.csv,15_min_interval_stocks,Healthcare,HOOK,1974932,0.0018392987549304962
3609,15_min_interval_stocks/Healthcare/HOTH.csv,15_min_interval_stocks,Healthcare,HOTH,2050168,0.0019093677401542664
3610,15_min_interval_stocks/Healthcare/HOWL.csv,15_min_interval_stocks,Healthcare,HOWL,1091167,0.0010162284597754478
3611,15_min_interval_stocks/Healthcare/HRMY.csv,15_min_interval_stocks,Healthcare,HRMY,1522796,0.0014182142913341522
3612,15_min_interval_stocks/Healthcare/HROW.csv,15_min_interval_stocks,Healthcare,HROW,3285074,0.0030594635754823685
3613,15_min_interval_stocks/Healthcare/HROWL.csv,15_min_interval_stocks,Healthcare,HROWL,520733,0.000484970398247242
3614,15_min_interval_stocks/Healthcare/HROWM.csv,15_min_interval_stocks,Healthcare,HROWM,251482,0.00023421086370944977
3615,15_min_interval_stocks/Healthcare/HRTX.csv,15_min_interval_stocks,Healthcare,HRTX,5259907,0.004898670129477978
3616,15_min_interval_stocks/Healthcare/HSCS.csv,15_min_interval_stocks,Healthcare,HSCS,927760,0.0008640438318252563
3617,15_min_interval_stocks/Healthcare/HSDT.csv,15_min_interval_stocks,Healthcare,HSDT,2364042,0.002201685681939125
3618,15_min_interval_stocks/Healthcare/HSIC.csv,15_min_interval_stocks,Healthcare,HSIC,9889220,0.009210053831338882
3619,15_min_interval_stocks/Healthcare/HUM.csv,15_min_interval_stocks,Healthcare,HUM,10959501,0.010206830687820911
3620,15_min_interval_stocks/Healthcare/HUMA.csv,15_min_interval_stocks,Healthcare,HUMA,1613884,0.001503046602010727
3621,15_min_interval_stocks/Healthcare/HUMAW.csv,15_min_interval_stocks,Healthcare,HUMAW,411742,0.00038346461951732635
3622,15_min_interval_stocks/Healthcare/HURA.csv,15_min_interval_stocks,Healthcare,HURA,71257,6.636325269937515e-05
3623,15_min_interval_stocks/Healthcare/HWH.csv,15_min_interval_stocks,Healthcare,HWH,299037,0.00027849990874528885
3624,15_min_interval_stocks/Healthcare/HYPR.csv,15_min_interval_stocks,Healthcare,HYPR,1094969,0.001019769348204136
3625,15_min_interval_stocks/Healthcare/IART.csv,15_min_interval_stocks,Healthcare,IART,9279785,0.008642473258078098
3626,15_min_interval_stocks/Healthcare/IBIO.csv,15_min_interval_stocks,Healthcare,IBIO,5475247,0.005099221132695675
3627,15_min_interval_stocks/Healthcare/IBO.csv,15_min_interval_stocks,Healthcare,IBO,81342,7.575564086437225e-05
3628,15_min_interval_stocks/Healthcare/IBRX.csv,15_min_interval_stocks,Healthcare,IBRX,3751254,0.0034936275333166122
3629,15_min_interval_stocks/Healthcare/ICAD.csv,15_min_interval_stocks,Healthcare,ICAD,5628044,0.005241524428129196
3630,15_min_interval_stocks/Healthcare/ICCC.csv,15_min_interval_stocks,Healthcare,ICCC,1744334,0.001624537631869316
3631,15_min_interval_stocks/Healthcare/ICCM.csv,15_min_interval_stocks,Healthcare,ICCM,1045162,0.0009733829647302628
3632,15_min_interval_stocks/Healthcare/ICLR.csv,15_min_interval_stocks,Healthcare,ICLR,7936984,0.007391892373561859
3633,15_min_interval_stocks/Healthcare/ICU.csv,15_min_interval_stocks,Healthcare,ICU,1237940,0.0011529214680194855
3634,15_min_interval_stocks/Healthcare/ICUCW.csv,15_min_interval_stocks,Healthcare,ICUCW,440280,0.0004100427031517029
3635,15_min_interval_stocks/Healthcare/ICUI.csv,15_min_interval_stocks,Healthcare,ICUI,8457530,0.007876688614487648
3636,15_min_interval_stocks/Healthcare/IDXX.csv,15_min_interval_stocks,Healthcare,IDXX,9498997,0.008846630342304707
3637,15_min_interval_stocks/Healthcare/IDYA.csv,15_min_interval_stocks,Healthcare,IDYA,1860608,0.0017328262329101562
3638,15_min_interval_stocks/Healthcare/IFRX.csv,15_min_interval_stocks,Healthcare,IFRX,2314586,0.002155626192688942
3639,15_min_interval_stocks/Healthcare/IGC.csv,15_min_interval_stocks,Healthcare,IGC,3849209,0.0035848552361130714
3640,15_min_interval_stocks/Healthcare/IGMS.csv,15_min_interval_stocks,Healthcare,IGMS,1809277,0.0016850205138325691
3641,15_min_interval_stocks/Healthcare/IINN.csv,15_min_interval_stocks,Healthcare,IINN,1067580,0.0009942613542079926
3642,15_min_interval_stocks/Healthcare/IINNW.csv,15_min_interval_stocks,Healthcare,IINNW,170750,0.00015902332961559296
3643,15_min_interval_stocks/Healthcare/IKNA.csv,15_min_interval_stocks,Healthcare,IKNA,1063379,0.000990348868072033
3644,15_min_interval_stocks/Healthcare/IKT.csv,15_min_interval_stocks,Healthcare,IKT,1149145,0.001070224680006504
3645,15_min_interval_stocks/Healthcare/ILMN.csv,15_min_interval_stocks,Healthcare,ILMN,10533241,0.009809845127165318
3646,15_min_interval_stocks/Healthcare/IMAB.csv,15_min_interval_stocks,Healthcare,IMAB,1753837,0.001633387990295887
3647,15_min_interval_stocks/Healthcare/IMCC.csv,15_min_interval_stocks,Healthcare,IMCC,1284644,0.0011964179575443268
3648,15_min_interval_stocks/Healthcare/IMCR.csv,15_min_interval_stocks,Healthcare,IMCR,1275847,0.0011882251128554344
3649,15_min_interval_stocks/Healthcare/IMMP.csv,15_min_interval_stocks,Healthcare,IMMP,3165520,0.0029481202363967896
3650,15_min_interval_stocks/Healthcare/IMMX.csv,15_min_interval_stocks,Healthcare,IMMX,1064893,0.0009917588904500008
3651,15_min_interval_stocks/Healthcare/IMNM.csv,15_min_interval_stocks,Healthcare,IMNM,1250425,0.0011645490303635597
3652,15_min_interval_stocks/Healthcare/IMNN.csv,15_min_interval_stocks,Healthcare,IMNN,5435635,0.0050623295828700066
3653,15_min_interval_stocks/Healthcare/IMRN.csv,15_min_interval_stocks,Healthcare,IMRN,921131,0.0008578700944781303
3654,15_min_interval_stocks/Healthcare/IMRX.csv,15_min_interval_stocks,Healthcare,IMRX,1071634,0.0009980369359254837
3655,15_min_interval_stocks/Healthcare/IMTX.csv,15_min_interval_stocks,Healthcare,IMTX,1485653,0.0013836221769452095
3656,15_min_interval_stocks/Healthcare/IMTXW.csv,15_min_interval_stocks,Healthcare,IMTXW,235994,0.00021978653967380524
3657,15_min_interval_stocks/Healthcare/IMUX.csv,15_min_interval_stocks,Healthcare,IMUX,2161265,0.002012834884226322
3658,15_min_interval_stocks/Healthcare/IMVT.csv,15_min_interval_stocks,Healthcare,IMVT,1902505,0.001771845854818821
3659,15_min_interval_stocks/Healthcare/INAB.csv,15_min_interval_stocks,Healthcare,INAB,1047746,0.0009757895022630692
3660,15_min_interval_stocks/Healthcare/INBS.csv,15_min_interval_stocks,Healthcare,INBS,1603608,0.0014934763312339783
3661,15_min_interval_stocks/Healthcare/INBX.csv,15_min_interval_stocks,Healthcare,INBX,1432305,0.001333937980234623
3662,15_min_interval_stocks/Healthcare/INCR.csv,15_min_interval_stocks,Healthcare,INCR,882829,0.0008221985772252083
3663,15_min_interval_stocks/Healthcare/INCY.csv,15_min_interval_stocks,Healthcare,INCY,9153598,0.008524952456355095
3664,15_min_interval_stocks/Healthcare/INDP.csv,15_min_interval_stocks,Healthcare,INDP,737525,0.0006868736818432808
3665,15_min_interval_stocks/Healthcare/INDV.csv,15_min_interval_stocks,Healthcare,INDV,505337,0.00047063175588846207
3666,15_min_interval_stocks/Healthcare/INFU.csv,15_min_interval_stocks,Healthcare,INFU,2665323,0.002482275478541851
3667,15_min_interval_stocks/Healthcare/INGN.csv,15_min_interval_stocks,Healthcare,INGN,3716298,0.0034610722213983536
3668,15_min_interval_stocks/Healthcare/INKT.csv,15_min_interval_stocks,Healthcare,INKT,843750,0.00078580342233181
3669,15_min_interval_stocks/Healthcare/INM.csv,15_min_interval_stocks,Healthcare,INM,2789612,0.0025980286300182343
3670,15_min_interval_stocks/Healthcare/INMB.csv,15_min_interval_stocks,Healthcare,INMB,1660992,0.0015469193458557129
3671,15_min_interval_stocks/Healthcare/INMD.csv,15_min_interval_stocks,Healthcare,INMD,2723463,0.002536422573029995
3672,15_min_interval_stocks/Healthcare/INNV.csv,15_min_interval_stocks,Healthcare,INNV,926949,0.0008632885292172432
3673,15_min_interval_stocks/Healthcare/INO.csv,15_min_interval_stocks,Healthcare,INO,7676571,0.0071493638679385185
3674,15_min_interval_stocks/Healthcare/INSM.csv,15_min_interval_stocks,Healthcare,INSM,7853779,0.007314401678740978
3675,15_min_interval_stocks/Healthcare/INSP.csv,15_min_interval_stocks,Healthcare,INSP,2499887,0.0023282011970877647
3676,15_min_interval_stocks/Healthcare/INTS.csv,15_min_interval_stocks,Healthcare,INTS,257543,0.00023985560983419418
3677,15_min_interval_stocks/Healthcare/INVA.csv,15_min_interval_stocks,Healthcare,INVA,6630903,0.0061755096539855
3678,15_min_interval_stocks/Healthcare/INZY.csv,15_min_interval_stocks,Healthcare,INZY,1343640,0.0012513622641563416
3679,15_min_interval_stocks/Healthcare/IOBT.csv,15_min_interval_stocks,Healthcare,IOBT,794290,0.0007397402077913284
3680,15_min_interval_stocks/Healthcare/IONS.csv,15_min_interval_stocks,Healthcare,IONS,8306347,0.007735888473689556
3681,15_min_interval_stocks/Healthcare/IOVA.csv,15_min_interval_stocks,Healthcare,IOVA,4224681,0.003934540785849094
3682,15_min_interval_stocks/Healthcare/IPA.csv,15_min_interval_stocks,Healthcare,IPA,1304279,0.0012147044762969017
3683,15_min_interval_stocks/Healthcare/IPHA.csv,15_min_interval_stocks,Healthcare,IPHA,717379,0.0006681112572550774
3684,15_min_interval_stocks/Healthcare/IPSC.csv,15_min_interval_stocks,Healthcare,IPSC,1085678,0.0010111164301633835
3685,15_min_interval_stocks/Healthcare/IQV.csv,15_min_interval_stocks,Healthcare,IQV,2815165,0.0026218267157673836
3686,15_min_interval_stocks/Healthcare/IRD.csv,15_min_interval_stocks,Healthcare,IRD,46070,4.2906031012535095e-05
3687,15_min_interval_stocks/Healthcare/IRIX.csv,15_min_interval_stocks,Healthcare,IRIX,3436690,0.003200666978955269
3688,15_min_interval_stocks/Healthcare/IRMD.csv,15_min_interval_stocks,Healthcare,IRMD,3057601,0.0028476128354668617
3689,15_min_interval_stocks/Healthcare/IRON.csv,15_min_interval_stocks,Healthcare,IRON,1333674,0.0012420807033777237
3690,15_min_interval_stocks/Healthcare/IRTC.csv,15_min_interval_stocks,Healthcare,IRTC,2922349,0.002721649594604969
3691,15_min_interval_stocks/Healthcare/IRWD.csv,15_min_interval_stocks,Healthcare,IRWD,5280960,0.004918277263641357
3692,15_min_interval_stocks/Healthcare/ISPC.csv,15_min_interval_stocks,Healthcare,ISPC,1100301,0.0010247351601719856
3693,15_min_interval_stocks/Healthcare/ISPR.csv,15_min_interval_stocks,Healthcare,ISPR,477352,0.0004445686936378479
3694,15_min_interval_stocks/Healthcare/ISRG.csv,15_min_interval_stocks,Healthcare,ISRG,10710114,0.009974570944905281
3695,15_min_interval_stocks/Healthcare/ITCI.csv,15_min_interval_stocks,Healthcare,ITCI,3844338,0.0035803187638521194
3696,15_min_interval_stocks/Healthcare/ITGR.csv,15_min_interval_stocks,Healthcare,ITGR,5966538,0.005556771531701088
3697,15_min_interval_stocks/Healthcare/ITOS.csv,15_min_interval_stocks,Healthcare,ITOS,1520121,0.0014157230034470558
3698,15_min_interval_stocks/Healthcare/ITRM.csv,15_min_interval_stocks,Healthcare,ITRM,2446209,0.002278209663927555
3699,15_min_interval_stocks/Healthcare/IVA.csv,15_min_interval_stocks,Healthcare,IVA,634238,0.0005906801670789719
3700,15_min_interval_stocks/Healthcare/IVVD.csv,15_min_interval_stocks,Healthcare,IVVD,1323374,0.0012324880808591843
3701,15_min_interval_stocks/Healthcare/IXHL.csv,15_min_interval_stocks,Healthcare,IXHL,518794,0.00048316456377506256
3702,15_min_interval_stocks/Healthcare/IZTC.csv,15_min_interval_stocks,Healthcare,IZTC,18103,1.6859732568264008e-05
3703,15_min_interval_stocks/Healthcare/JAGX.csv,15_min_interval_stocks,Healthcare,JAGX,5074100,0.0047256238758563995
3704,15_min_interval_stocks/Healthcare/JANX.csv,15_min_interval_stocks,Healthcare,JANX,1152378,0.001073235645890236
3705,15_min_interval_stocks/Healthcare/JAZZ.csv,15_min_interval_stocks,Healthcare,JAZZ,6457928,0.006014414131641388
3706,15_min_interval_stocks/Healthcare/JNJ.csv,15_min_interval_stocks,Healthcare,JNJ,13566045,0.01263436395674944
3707,15_min_interval_stocks/Healthcare/JSPR.csv,15_min_interval_stocks,Healthcare,JSPR,1199577,0.0011171931400895119
3708,15_min_interval_stocks/Healthcare/JSPRW.csv,15_min_interval_stocks,Healthcare,JSPRW,236410,0.00022017396986484528
3709,15_min_interval_stocks/Healthcare/KALA.csv,15_min_interval_stocks,Healthcare,KALA,2599335,0.002420819364488125
3710,15_min_interval_stocks/Healthcare/KALV.csv,15_min_interval_stocks,Healthcare,KALV,2964997,0.00276136863976717
3711,15_min_interval_stocks/Healthcare/KAPA.csv,15_min_interval_stocks,Healthcare,KAPA,84436,7.863715291023254e-05
3712,15_min_interval_stocks/Healthcare/KDLY.csv,15_min_interval_stocks,Healthcare,KDLY,195764,0.00018231943249702454
3713,15_min_interval_stocks/Healthcare/KDLYW.csv,15_min_interval_stocks,Healthcare,KDLYW,17907,1.6677193343639374e-05
3714,15_min_interval_stocks/Healthcare/KIDS.csv,15_min_interval_stocks,Healthcare,KIDS,2255975,0.002101040445268154
3715,15_min_interval_stocks/Healthcare/KLTO.csv,15_min_interval_stocks,Healthcare,KLTO,108927,0.00010144617408514023
3716,15_min_interval_stocks/Healthcare/KLTOW.csv,15_min_interval_stocks,Healthcare,KLTOW,18696,1.7412006855010986e-05
3717,15_min_interval_stocks/Healthcare/KMDA.csv,15_min_interval_stocks,Healthcare,KMDA,2318789,0.002159540541470051
3718,15_min_interval_stocks/Healthcare/KNSA.csv,15_min_interval_stocks,Healthcare,KNSA,2227592,0.002074606716632843
3719,15_min_interval_stocks/Healthcare/KOD.csv,15_min_interval_stocks,Healthcare,KOD,2181736,0.0020318999886512756
3720,15_min_interval_stocks/Healthcare/KPRX.csv,15_min_interval_stocks,Healthcare,KPRX,3055502,0.002845657989382744
3721,15_min_interval_stocks/Healthcare/KPTI.csv,15_min_interval_stocks,Healthcare,KPTI,4151998,0.0038668494671583176
3722,15_min_interval_stocks/Healthcare/KRMD.csv,15_min_interval_stocks,Healthcare,KRMD,1899293,0.001768854446709156
3723,15_min_interval_stocks/Healthcare/KRON.csv,15_min_interval_stocks,Healthcare,KRON,1357623,0.0012643849477171898
3724,15_min_interval_stocks/Healthcare/KROS.csv,15_min_interval_stocks,Healthcare,KROS,1557223,0.0014502769336104393
3725,15_min_interval_stocks/Healthcare/KRRO.csv,15_min_interval_stocks,Healthcare,KRRO,309083,0.00028785597532987595
3726,15_min_interval_stocks/Healthcare/KRYS.csv,15_min_interval_stocks,Healthcare,KRYS,2323217,0.002163664437830448
3727,15_min_interval_stocks/Healthcare/KTTA.csv,15_min_interval_stocks,Healthcare,KTTA,828586,0.0007716808468103409
3728,15_min_interval_stocks/Healthcare/KTTAW.csv,15_min_interval_stocks,Healthcare,KTTAW,123899,0.00011538993567228317
3729,15_min_interval_stocks/Healthcare/KURA.csv,15_min_interval_stocks,Healthcare,KURA,2996904,0.002791084349155426
3730,15_min_interval_stocks/Healthcare/KYMR.csv,15_min_interval_stocks,Healthcare,KYMR,1520772,0.0014163292944431305
3731,15_min_interval_stocks/Healthcare/KYTX.csv,15_min_interval_stocks,Healthcare,KYTX,310054,0.0002887602895498276
3732,15_min_interval_stocks/Healthcare/KZIA.csv,15_min_interval_stocks,Healthcare,KZIA,3180628,0.00296219065785408
3733,15_min_interval_stocks/Healthcare/KZR.csv,15_min_interval_stocks,Healthcare,KZR,2119992,0.0019743964076042175
3734,15_min_interval_stocks/Healthcare/LAKE.csv,15_min_interval_stocks,Healthcare,LAKE,5044517,0.00469807256013155
3735,15_min_interval_stocks/Healthcare/LCTX.csv,15_min_interval_stocks,Healthcare,LCTX,5918968,0.00551246851682663
3736,15_min_interval_stocks/Healthcare/LEGN.csv,15_min_interval_stocks,Healthcare,LEGN,1664797,0.0015504630282521248
3737,15_min_interval_stocks/Healthcare/LENZ.csv,15_min_interval_stocks,Healthcare,LENZ,266822,0.0002484973520040512
3738,15_min_interval_stocks/Healthcare/LEXX.csv,15_min_interval_stocks,Healthcare,LEXX,1119112,0.0010422542691230774
3739,15_min_interval_stocks/Healthcare/LEXXW.csv,15_min_interval_stocks,Healthcare,LEXXW,169042,0.00015743263065814972
3740,15_min_interval_stocks/Healthcare/LFCR.csv,15_min_interval_stocks,Healthcare,LFCR,5535341,0.0051551880314946175
3741,15_min_interval_stocks/Healthcare/LFMD.csv,15_min_interval_stocks,Healthcare,LFMD,1366142,0.001272318884730339
3742,15_min_interval_stocks/Healthcare/LFMDP.csv,15_min_interval_stocks,Healthcare,LFMDP,240898,0.00022435374557971954
3743,15_min_interval_stocks/Healthcare/LFST.csv,15_min_interval_stocks,Healthcare,LFST,1193730,0.0011117476969957352
3744,15_min_interval_stocks/Healthcare/LFVN.csv,15_min_interval_stocks,Healthcare,LFVN,4947601,0.004607812501490116
3745,15_min_interval_stocks/Healthcare/LFWD.csv,15_min_interval_stocks,Healthcare,LFWD,258298,0.00024055875837802887
3746,15_min_interval_stocks/Healthcare/LGMK.csv,15_min_interval_stocks,Healthcare,LGMK,4421165,0.004117530770599842
3747,15_min_interval_stocks/Healthcare/LGND.csv,15_min_interval_stocks,Healthcare,LGND,6752456,0.006288714706897736
3748,15_min_interval_stocks/Healthcare/LGVN.csv,15_min_interval_stocks,Healthcare,LGVN,1591818,0.0014824960380792618
3749,15_min_interval_stocks/Healthcare/LH.csv,15_min_interval_stocks,Healthcare,LH,10448882,0.00973127968609333
3750,15_min_interval_stocks/Healthcare/LIPO.csv,15_min_interval_stocks,Healthcare,LIPO,485840,0.0004524737596511841
3751,15_min_interval_stocks/Healthcare/LIVN.csv,15_min_interval_stocks,Healthcare,LIVN,3148222,0.002932010218501091
3752,15_min_interval_stocks/Healthcare/LIXT.csv,15_min_interval_stocks,Healthcare,LIXT,967986,0.0009015072137117386
3753,15_min_interval_stocks/Healthcare/LIXTW.csv,15_min_interval_stocks,Healthcare,LIXTW,163653,0.0001524137333035469
3754,15_min_interval_stocks/Healthcare/LLY.csv,15_min_interval_stocks,Healthcare,LLY,12123368,0.011290766298770905
3755,15_min_interval_stocks/Healthcare/LMAT.csv,15_min_interval_stocks,Healthcare,LMAT,4730599,0.004405713640153408
3756,15_min_interval_stocks/Healthcare/LNSR.csv,15_min_interval_stocks,Healthcare,LNSR,678292,0.0006317086517810822
3757,15_min_interval_stocks/Healthcare/LNTH.csv,15_min_interval_stocks,Healthcare,LNTH,3373095,0.0031414395198225975
3758,15_min_interval_stocks/Healthcare/LPCN.csv,15_min_interval_stocks,Healthcare,LPCN,3718647,0.0034632598981261253
3759,15_min_interval_stocks/Healthcare/LPTX.csv,15_min_interval_stocks,Healthcare,LPTX,2642829,0.0024613263085484505
3760,15_min_interval_stocks/Healthcare/LQDA.csv,15_min_interval_stocks,Healthcare,LQDA,2271688,0.002115674316883087
3761,15_min_interval_stocks/Healthcare/LRMR.csv,15_min_interval_stocks,Healthcare,LRMR,3308275,0.003081071190536022
3762,15_min_interval_stocks/Healthcare/LSB.csv,15_min_interval_stocks,Healthcare,LSB,137186,0.00012776441872119904
3763,15_min_interval_stocks/Healthcare/LSBPW.csv,15_min_interval_stocks,Healthcare,LSBPW,19168,1.7851591110229492e-05
3764,15_min_interval_stocks/Healthcare/LSTA.csv,15_min_interval_stocks,Healthcare,LSTA,4619202,0.004301967099308968
3765,15_min_interval_stocks/Healthcare/LTRN.csv,15_min_interval_stocks,Healthcare,LTRN,1190254,0.0011085104197263718
3766,15_min_interval_stocks/Healthcare/LUCD.csv,15_min_interval_stocks,Healthcare,LUCD,1008868,0.0009395815432071686
3767,15_min_interval_stocks/Healthcare/LUCY.csv,15_min_interval_stocks,Healthcare,LUCY,923046,0.000859653577208519
3768,15_min_interval_stocks/Healthcare/LUCYW.csv,15_min_interval_stocks,Healthcare,LUCYW,94723,8.821766823530197e-05
3769,15_min_interval_stocks/Healthcare/LUMO.csv,15_min_interval_stocks,Healthcare,LUMO,3852282,0.003587717190384865
3770,15_min_interval_stocks/Healthcare/LUNA.csv,15_min_interval_stocks,Healthcare,LUNA,4263097,0.003970318473875523
3771,15_min_interval_stocks/Healthcare/LUNG.csv,15_min_interval_stocks,Healthcare,LUNG,1410965,0.0013140635564923286
3772,15_min_interval_stocks/Healthcare/LVTX.csv,15_min_interval_stocks,Healthcare,LVTX,825232,0.0007685571908950806
3773,15_min_interval_stocks/Healthcare/LXEO.csv,15_min_interval_stocks,Healthcare,LXEO,382200,0.0003559514880180359
3774,15_min_interval_stocks/Healthcare/LXRX.csv,15_min_interval_stocks,Healthcare,LXRX,6487046,0.0060415323823690414
3775,15_min_interval_stocks/Healthcare/LYEL.csv,15_min_interval_stocks,Healthcare,LYEL,1213417,0.00113008264452219
3776,15_min_interval_stocks/Healthcare/LYRA.csv,15_min_interval_stocks,Healthcare,LYRA,1508430,0.0014048349112272263
3777,15_min_interval_stocks/Healthcare/MAIA.csv,15_min_interval_stocks,Healthcare,MAIA,766389,0.000713755376636982
3778,15_min_interval_stocks/Healthcare/MASI.csv,15_min_interval_stocks,Healthcare,MASI,6708578,0.006247850134968758
3779,15_min_interval_stocks/Healthcare/MBIO.csv,15_min_interval_stocks,Healthcare,MBIO,2809839,0.0026168664917349815
3780,15_min_interval_stocks/Healthcare/MBOT.csv,15_min_interval_stocks,Healthcare,MBOT,6099756,0.005680840462446213
3781,15_min_interval_stocks/Healthcare/MBRX.csv,15_min_interval_stocks,Healthcare,MBRX,2977338,0.0027728620916604996
3782,15_min_interval_stocks/Healthcare/MBX.csv,15_min_interval_stocks,Healthcare,MBX,76397,7.115025073289871e-05
3783,15_min_interval_stocks/Healthcare/MCK.csv,15_min_interval_stocks,Healthcare,MCK,10869076,0.010122615844011307
3784,15_min_interval_stocks/Healthcare/MCRB.csv,15_min_interval_stocks,Healthcare,MCRB,3698982,0.003444945439696312
3785,15_min_interval_stocks/Healthcare/MD.csv,15_min_interval_stocks,Healthcare,MD,5644932,0.005257252603769302
3786,15_min_interval_stocks/Healthcare/MDAI.csv,15_min_interval_stocks,Healthcare,MDAI,633085,0.0005896063521504402
3787,15_min_interval_stocks/Healthcare/MDAIW.csv,15_min_interval_stocks,Healthcare,MDAIW,130907,0.00012191664427518845
3788,15_min_interval_stocks/Healthcare/MDGL.csv,15_min_interval_stocks,Healthcare,MDGL,6281295,0.005849911831319332
3789,15_min_interval_stocks/Healthcare/MDT.csv,15_min_interval_stocks,Healthcare,MDT,11468911,0.010681255720555782
3790,15_min_interval_stocks/Healthcare/MDWD.csv,15_min_interval_stocks,Healthcare,MDWD,2577469,0.002400455065071583
3791,15_min_interval_stocks/Healthcare/MDXG.csv,15_min_interval_stocks,Healthcare,MDXG,4185783,0.0038983142003417015
3792,15_min_interval_stocks/Healthcare/MDXH.csv,15_min_interval_stocks,Healthcare,MDXH,584899,0.0005447296425700188
3793,15_min_interval_stocks/Healthcare/ME.csv,15_min_interval_stocks,Healthcare,ME,1983696,0.0018474608659744263
3794,15_min_interval_stocks/Healthcare/MEDP.csv,15_min_interval_stocks,Healthcare,MEDP,3058060,0.0028480403125286102
3795,15_min_interval_stocks/Healthcare/MEIP.csv,15_min_interval_stocks,Healthcare,MEIP,6327851,0.00589327048510313
3796,15_min_interval_stocks/Healthcare/MESO.csv,15_min_interval_stocks,Healthcare,MESO,2753911,0.002564779482781887
3797,15_min_interval_stocks/Healthcare/MGNX.csv,15_min_interval_stocks,Healthcare,MGNX,3970366,0.003697691485285759
3798,15_min_interval_stocks/Healthcare/MGRM.csv,15_min_interval_stocks,Healthcare,MGRM,525236,0.0004891641438007355
3799,15_min_interval_stocks/Healthcare/MGRX.csv,15_min_interval_stocks,Healthcare,MGRX,807695,0.0007522245869040489
3800,15_min_interval_stocks/Healthcare/MGTX.csv,15_min_interval_stocks,Healthcare,MGTX,2049226,0.0019084904342889786
3801,15_min_interval_stocks/Healthcare/MGX.csv,15_min_interval_stocks,Healthcare,MGX,270418,0.00025184638798236847
3802,15_min_interval_stocks/Healthcare/MHUA.csv,15_min_interval_stocks,Healthcare,MHUA,685184,0.000638127326965332
3803,15_min_interval_stocks/Healthcare/MIRA.csv,15_min_interval_stocks,Healthcare,MIRA,539883,0.0005028052255511284
3804,15_min_interval_stocks/Healthcare/MIRM.csv,15_min_interval_stocks,Healthcare,MIRM,1830641,0.0017049172893166542
3805,15_min_interval_stocks/Healthcare/MIST.csv,15_min_interval_stocks,Healthcare,MIST,1571785,0.00146383885294199
3806,15_min_interval_stocks/Healthcare/MLSS.csv,15_min_interval_stocks,Healthcare,MLSS,2366177,0.002203674055635929
3807,15_min_interval_stocks/Healthcare/MLTX.csv,15_min_interval_stocks,Healthcare,MLTX,956875,0.000891159288585186
3808,15_min_interval_stocks/Healthcare/MLYS.csv,15_min_interval_stocks,Healthcare,MLYS,602772,0.0005613751709461212
3809,15_min_interval_stocks/Healthcare/MMM.csv,15_min_interval_stocks,Healthcare,MMM,12174569,0.011338450945913792
3810,15_min_interval_stocks/Healthcare/MMSI.csv,15_min_interval_stocks,Healthcare,MMSI,8413170,0.007835375145077705
3811,15_min_interval_stocks/Healthcare/MNKD.csv,15_min_interval_stocks,Healthcare,MNKD,8014918,0.007464474067091942
3812,15_min_interval_stocks/Healthcare/MNMD.csv,15_min_interval_stocks,Healthcare,MNMD,1963648,0.0018287897109985352
3813,15_min_interval_stocks/Healthcare/MNOV.csv,15_min_interval_stocks,Healthcare,MNOV,3532700,0.003290083259344101
3814,15_min_interval_stocks/Healthcare/MNPR.csv,15_min_interval_stocks,Healthcare,MNPR,1164403,0.001084434799849987
3815,15_min_interval_stocks/Healthcare/MO.csv,15_min_interval_stocks,Healthcare,MO,13139907,0.012237492017447948
3816,15_min_interval_stocks/Healthcare/MODD.csv,15_min_interval_stocks,Healthcare,MODD,598799,0.0005576750263571739
3817,15_min_interval_stocks/Healthcare/MOH.csv,15_min_interval_stocks,Healthcare,MOH,7928826,0.007384294643998146
3818,15_min_interval_stocks/Healthcare/MOLN.csv,15_min_interval_stocks,Healthcare,MOLN,394025,0.0003669643774628639
3819,15_min_interval_stocks/Healthcare/MOVE.csv,15_min_interval_stocks,Healthcare,MOVE,768663,0.0007158732041716576
3820,15_min_interval_stocks/Healthcare/MREO.csv,15_min_interval_stocks,Healthcare,MREO,3662651,0.003411109559237957
3821,15_min_interval_stocks/Healthcare/MRK.csv,15_min_interval_stocks,Healthcare,MRK,13180973,0.012275737710297108
3822,15_min_interval_stocks/Healthcare/MRKR.csv,15_min_interval_stocks,Healthcare,MRKR,3428811,0.0031933290883898735
3823,15_min_interval_stocks/Healthcare/MRNA.csv,15_min_interval_stocks,Healthcare,MRNA,4056107,0.0037775440141558647
3824,15_min_interval_stocks/Healthcare/MRNS.csv,15_min_interval_stocks,Healthcare,MRNS,3558880,0.003314465284347534
3825,15_min_interval_stocks/Healthcare/MRSN.csv,15_min_interval_stocks,Healthcare,MRSN,2637881,0.002456718124449253
3826,15_min_interval_stocks/Healthcare/MRUS.csv,15_min_interval_stocks,Healthcare,MRUS,2384247,0.002220503054559231
3827,15_min_interval_stocks/Healthcare/MRVI.csv,15_min_interval_stocks,Healthcare,MRVI,1542295,0.0014363741502165794
3828,15_min_interval_stocks/Healthcare/MSA.csv,15_min_interval_stocks,Healthcare,MSA,8068366,0.00751425139605999
3829,15_min_interval_stocks/Healthcare/MTEM.csv,15_min_interval_stocks,Healthcare,MTEM,5582800,0.0051993876695632935
3830,15_min_interval_stocks/Healthcare/MTEX.csv,15_min_interval_stocks,Healthcare,MTEX,4853977,0.0045206183567643166
3831,15_min_interval_stocks/Healthcare/MTNB.csv,15_min_interval_stocks,Healthcare,MTNB,3508935,0.003267950378358364
3832,15_min_interval_stocks/Healthcare/MURA.csv,15_min_interval_stocks,Healthcare,MURA,362995,0.0003380654379725456
3833,15_min_interval_stocks/Healthcare/MXCT.csv,15_min_interval_stocks,Healthcare,MXCT,1180135,0.0010990863665938377
3834,15_min_interval_stocks/Healthcare/MYGN.csv,15_min_interval_stocks,Healthcare,MYGN,9446572,0.00879780575633049
3835,15_min_interval_stocks/Healthcare/MYNZ.csv,15_min_interval_stocks,Healthcare,MYNZ,1023818,0.00095350481569767
3836,15_min_interval_stocks/Healthcare/MYO.csv,15_min_interval_stocks,Healthcare,MYO,2556735,0.0023811450228095055
3837,15_min_interval_stocks/Healthcare/NAII.csv,15_min_interval_stocks,Healthcare,NAII,2727232,0.0025399327278137207
3838,15_min_interval_stocks/Healthcare/NAMS.csv,15_min_interval_stocks,Healthcare,NAMS,564596,0.0005258210003376007
3839,15_min_interval_stocks/Healthcare/NAMSW.csv,15_min_interval_stocks,Healthcare,NAMSW,123610,0.0001151207834482193
3840,15_min_interval_stocks/Healthcare/NAOV.csv,15_min_interval_stocks,Healthcare,NAOV,1710441,0.0015929723158478737
3841,15_min_interval_stocks/Healthcare/NARI.csv,15_min_interval_stocks,Healthcare,NARI,1683077,0.0015674876049160957
3842,15_min_interval_stocks/Healthcare/NATR.csv,15_min_interval_stocks,Healthcare,NATR,3813152,0.003551274538040161
3843,15_min_interval_stocks/Healthcare/NAYA.csv,15_min_interval_stocks,Healthcare,NAYA,48535,4.520174115896225e-05
3844,15_min_interval_stocks/Healthcare/NBIX.csv,15_min_interval_stocks,Healthcare,NBIX,8890543,0.00827996339648962
3845,15_min_interval_stocks/Healthcare/NBTX.csv,15_min_interval_stocks,Healthcare,NBTX,424991,0.00039580371230840683
3846,15_min_interval_stocks/Healthcare/NBY.csv,15_min_interval_stocks,Healthcare,NBY,5341752,0.004974894225597382
3847,15_min_interval_stocks/Healthcare/NCNA.csv,15_min_interval_stocks,Healthcare,NCNA,2229043,0.00207595806568861
3848,15_min_interval_stocks/Healthcare/NDRA.csv,15_min_interval_stocks,Healthcare,NDRA,2677732,0.0024938322603702545
3849,15_min_interval_stocks/Healthcare/NEO.csv,15_min_interval_stocks,Healthcare,NEO,4147264,0.003862440586090088
3850,15_min_interval_stocks/Healthcare/NEOG.csv,15_min_interval_stocks,Healthcare,NEOG,7733578,0.007202455773949623
3851,15_min_interval_stocks/Healthcare/NEPH.csv,15_min_interval_stocks,Healthcare,NEPH,1387939,0.0012926189228892326
3852,15_min_interval_stocks/Healthcare/NERV.csv,15_min_interval_stocks,Healthcare,NERV,3176192,0.002958059310913086
3853,15_min_interval_stocks/Healthcare/NEUE.csv,15_min_interval_stocks,Healthcare,NEUE,121657,0.00011330191045999527
3854,15_min_interval_stocks/Healthcare/NGNE.csv,15_min_interval_stocks,Healthcare,NGNE,341840,0.0003183633089065552
3855,15_min_interval_stocks/Healthcare/NHC.csv,15_min_interval_stocks,Healthcare,NHC,6327012,0.005892489105463028
3856,15_min_interval_stocks/Healthcare/NIVF.csv,15_min_interval_stocks,Healthcare,NIVF,354714,0.00033035315573215485
3857,15_min_interval_stocks/Healthcare/NIVFW.csv,15_min_interval_stocks,Healthcare,NIVFW,51962,4.8393383622169495e-05
3858,15_min_interval_stocks/Healthcare/NKGN.csv,15_min_interval_stocks,Healthcare,NKGN,521227,0.000485430471599102
3859,15_min_interval_stocks/Healthcare/NKGNW.csv,15_min_interval_stocks,Healthcare,NKGNW,38678,3.602169454097748e-05
3860,15_min_interval_stocks/Healthcare/NKTR.csv,15_min_interval_stocks,Healthcare,NKTR,8068154,0.0075140539556741714
3861,15_min_interval_stocks/Healthcare/NKTX.csv,15_min_interval_stocks,Healthcare,NKTX,1725626,0.0016071144491434097
3862,15_min_interval_stocks/Healthcare/NLSP.csv,15_min_interval_stocks,Healthcare,NLSP,1321284,0.001230541616678238
3863,15_min_interval_stocks/Healthcare/NLSPW.csv,15_min_interval_stocks,Healthcare,NLSPW,159216,0.00014828145503997803
3864,15_min_interval_stocks/Healthcare/NMRA.csv,15_min_interval_stocks,Healthcare,NMRA,460315,0.000428701750934124
3865,15_min_interval_stocks/Healthcare/NMTC.csv,15_min_interval_stocks,Healthcare,NMTC,1329630,0.0012383144348859787
3866,15_min_interval_stocks/Healthcare/NNOX.csv,15_min_interval_stocks,Healthcare,NNOX,2539154,0.0023647714406251907
3867,15_min_interval_stocks/Healthcare/NNVC.csv,15_min_interval_stocks,Healthcare,NNVC,4728190,0.004403470084071159
3868,15_min_interval_stocks/Healthcare/NOTV.csv,15_min_interval_stocks,Healthcare,NOTV,2687879,0.0025032823905348778
3869,15_min_interval_stocks/Healthcare/NPCE.csv,15_min_interval_stocks,Healthcare,NPCE,852025,0.0007935101166367531
3870,15_min_interval_stocks/Healthcare/NRC.csv,15_min_interval_stocks,Healthcare,NRC,2961884,0.002758469432592392
3871,15_min_interval_stocks/Healthcare/NRIX.csv,15_min_interval_stocks,Healthcare,NRIX,1560679,0.0014534955844283104
3872,15_min_interval_stocks/Healthcare/NRSN.csv,15_min_interval_stocks,Healthcare,NRSN,943903,0.000879078172147274
3873,15_min_interval_stocks/Healthcare/NRSNW.csv,15_min_interval_stocks,Healthcare,NRSNW,108586,0.00010112859308719635
3874,15_min_interval_stocks/Healthcare/NRXP.csv,15_min_interval_stocks,Healthcare,NRXP,1771270,0.0016496237367391586
3875,15_min_interval_stocks/Healthcare/NRXPW.csv,15_min_interval_stocks,Healthcare,NRXPW,463325,0.0004315050318837166
3876,15_min_interval_stocks/Healthcare/NRXS.csv,15_min_interval_stocks,Healthcare,NRXS,204318,0.00019028596580028534
3877,15_min_interval_stocks/Healthcare/NSPR.csv,15_min_interval_stocks,Healthcare,NSPR,4490569,0.004182168282568455
3878,15_min_interval_stocks/Healthcare/NTLA.csv,15_min_interval_stocks,Healthcare,NTLA,3594392,0.003347538411617279
3879,15_min_interval_stocks/Healthcare/NTRA.csv,15_min_interval_stocks,Healthcare,NTRA,3417852,0.0031831227242946625
3880,15_min_interval_stocks/Healthcare/NTRB.csv,15_min_interval_stocks,Healthcare,NTRB,687382,0.0006401743739843369
3881,15_min_interval_stocks/Healthcare/NTRBW.csv,15_min_interval_stocks,Healthcare,NTRBW,114972,0.0001070760190486908
3882,15_min_interval_stocks/Healthcare/NURO.csv,15_min_interval_stocks,Healthcare,NURO,5919685,0.005513136275112629
3883,15_min_interval_stocks/Healthcare/NUS.csv,15_min_interval_stocks,Healthcare,NUS,9673990,0.009009605273604393
3884,15_min_interval_stocks/Healthcare/NUVB.csv,15_min_interval_stocks,Healthcare,NUVB,1479775,0.0013781478628516197
3885,15_min_interval_stocks/Healthcare/NUVL.csv,15_min_interval_stocks,Healthcare,NUVL,1150782,0.0010717492550611496
3886,15_min_interval_stocks/Healthcare/NUWE.csv,15_min_interval_stocks,Healthcare,NUWE,5706717,0.00531479436904192
3887,15_min_interval_stocks/Healthcare/NVACR.csv,15_min_interval_stocks,Healthcare,NVACR,66625,6.204936653375626e-05
3888,15_min_interval_stocks/Healthcare/NVAX.csv,15_min_interval_stocks,Healthcare,NVAX,10088957,0.009396073408424854
3889,15_min_interval_stocks/Healthcare/NVCR.csv,15_min_interval_stocks,Healthcare,NVCR,3549385,0.00330562237650156
3890,15_min_interval_stocks/Healthcare/NVCT.csv,15_min_interval_stocks,Healthcare,NVCT,688275,0.0006410060450434685
3891,15_min_interval_stocks/Healthcare/NVNO.csv,15_min_interval_stocks,Healthcare,NVNO,1801753,0.0016780132427811623
3892,15_min_interval_stocks/Healthcare/NVO.csv,15_min_interval_stocks,Healthcare,NVO,10599320,0.009871385991573334
3893,15_min_interval_stocks/Healthcare/NVRO.csv,15_min_interval_stocks,Healthcare,NVRO,3557189,0.0033128904178738594
3894,15_min_interval_stocks/Healthcare/NVS.csv,15_min_interval_stocks,Healthcare,NVS,11622630,0.010824417695403099
3895,15_min_interval_stocks/Healthcare/NVST.csv,15_min_interval_stocks,Healthcare,NVST,1914756,0.0017832554876804352
3896,15_min_interval_stocks/Healthcare/NXGL.csv,15_min_interval_stocks,Healthcare,NXGL,547784,0.0005101636052131653
3897,15_min_interval_stocks/Healthcare/NXGLW.csv,15_min_interval_stocks,Healthcare,NXGLW,90950,8.470378816127777e-05
3898,15_min_interval_stocks/Healthcare/NXL.csv,15_min_interval_stocks,Healthcare,NXL,633532,0.0005900226533412933
3899,15_min_interval_stocks/Healthcare/NXLIW.csv,15_min_interval_stocks,Healthcare,NXLIW,75738,7.053650915622711e-05
3900,15_min_interval_stocks/Healthcare/NXTC.csv,15_min_interval_stocks,Healthcare,NXTC,1627554,0.0015157777816057205
3901,15_min_interval_stocks/Healthcare/NYXH.csv,15_min_interval_stocks,Healthcare,NYXH,404239,0.0003764769062399864
3902,15_min_interval_stocks/Healthcare/OABI.csv,15_min_interval_stocks,Healthcare,OABI,775277,0.0007220329716801643
3903,15_min_interval_stocks/Healthcare/OABIW.csv,15_min_interval_stocks,Healthcare,OABIW,119771,0.00011154543608427048
3904,15_min_interval_stocks/Healthcare/OBIO.csv,15_min_interval_stocks,Healthcare,OBIO,715053,0.0006659450009465218
3905,15_min_interval_stocks/Healthcare/OCEA.csv,15_min_interval_stocks,Healthcare,OCEA,858563,0.0007995991036295891
3906,15_min_interval_stocks/Healthcare/OCEAW.csv,15_min_interval_stocks,Healthcare,OCEAW,180193,0.00016781780868768692
3907,15_min_interval_stocks/Healthcare/OCGN.csv,15_min_interval_stocks,Healthcare,OCGN,4865790,0.004531620070338249
3908,15_min_interval_stocks/Healthcare/OCS.csv,15_min_interval_stocks,Healthcare,OCS,272825,0.0002540880814194679
3909,15_min_interval_stocks/Healthcare/OCSAW.csv,15_min_interval_stocks,Healthcare,OCSAW,61399,5.7182274758815765e-05
3910,15_min_interval_stocks/Healthcare/OCUL.csv,15_min_interval_stocks,Healthcare,OCUL,3720761,0.0034652287140488625
3911,15_min_interval_stocks/Healthcare/OCX.csv,15_min_interval_stocks,Healthcare,OCX,2377190,0.0022139307111501694
3912,15_min_interval_stocks/Healthcare/OFIX.csv,15_min_interval_stocks,Healthcare,OFIX,7712554,0.007182875648140907
3913,15_min_interval_stocks/Healthcare/OGEN.csv,15_min_interval_stocks,Healthcare,OGEN,3987178,0.0037133488804101944
3914,15_min_interval_stocks/Healthcare/OGI.csv,15_min_interval_stocks,Healthcare,OGI,3909664,0.00364115834236145
3915,15_min_interval_stocks/Healthcare/OGN.csv,15_min_interval_stocks,Healthcare,OGN,1751661,0.0016313614323735237
3916,15_min_interval_stocks/Healthcare/OKUR.csv,15_min_interval_stocks,Healthcare,OKUR,50494,4.702620208263397e-05
3917,15_min_interval_stocks/Healthcare/OKYO.csv,15_min_interval_stocks,Healthcare,OKYO,550163,0.0005123792216181755
3918,15_min_interval_stocks/Healthcare/OLMA.csv,15_min_interval_stocks,Healthcare,OLMA,1408705,0.0013119587674736977
3919,15_min_interval_stocks/Healthcare/OM.csv,15_min_interval_stocks,Healthcare,OM,1614568,0.001503683626651764
3920,15_min_interval_stocks/Healthcare/OMER.csv,15_min_interval_stocks,Healthcare,OMER,5141208,0.004788123071193695
3921,15_min_interval_stocks/Healthcare/OMGA.csv,15_min_interval_stocks,Healthcare,OMGA,1195217,0.0011131325736641884
3922,15_min_interval_stocks/Healthcare/OMI.csv,15_min_interval_stocks,Healthcare,OMI,9678059,0.009013394825160503
3923,15_min_interval_stocks/Healthcare/ONCO.csv,15_min_interval_stocks,Healthcare,ONCO,487436,0.0004539601504802704
3924,15_min_interval_stocks/Healthcare/ONCY.csv,15_min_interval_stocks,Healthcare,ONCY,2296088,0.002138398587703705
3925,15_min_interval_stocks/Healthcare/ONMD.csv,15_min_interval_stocks,Healthcare,ONMD,508938,0.0004739854484796524
3926,15_min_interval_stocks/Healthcare/ONMDW.csv,15_min_interval_stocks,Healthcare,ONMDW,64082,5.9681013226509094e-05
3927,15_min_interval_stocks/Healthcare/ONVO.csv,15_min_interval_stocks,Healthcare,ONVO,4338648,0.004040680825710297
3928,15_min_interval_stocks/Healthcare/OPCH.csv,15_min_interval_stocks,Healthcare,OPCH,6057401,0.005641394294798374
3929,15_min_interval_stocks/Healthcare/OPK.csv,15_min_interval_stocks,Healthcare,OPK,7333677,0.006830018945038319
3930,15_min_interval_stocks/Healthcare/OPT.csv,15_min_interval_stocks,Healthcare,OPT,399499,0.00037206243723630905
3931,15_min_interval_stocks/Healthcare/OPTN.csv,15_min_interval_stocks,Healthcare,OPTN,2384759,0.002220979891717434
3932,15_min_interval_stocks/Healthcare/ORGO.csv,15_min_interval_stocks,Healthcare,ORGO,1999707,0.0018623722717165947
3933,15_min_interval_stocks/Healthcare/ORIC.csv,15_min_interval_stocks,Healthcare,ORIC,1571952,0.0014639943838119507
3934,15_min_interval_stocks/Healthcare/ORKA.csv,15_min_interval_stocks,Healthcare,ORKA,90037,8.385349065065384e-05
3935,15_min_interval_stocks/Healthcare/ORMP.csv,15_min_interval_stocks,Healthcare,ORMP,3919710,0.0036505144089460373
3936,15_min_interval_stocks/Healthcare/OSCR.csv,15_min_interval_stocks,Healthcare,OSCR,1580238,0.0014717113226652145
3937,15_min_interval_stocks/Healthcare/OSTX.csv,15_min_interval_stocks,Healthcare,OSTX,115291,0.00010737311094999313
3938,15_min_interval_stocks/Healthcare/OSUR.csv,15_min_interval_stocks,Healthcare,OSUR,8014175,0.0074637820944190025
3939,15_min_interval_stocks/Healthcare/OTLK.csv,15_min_interval_stocks,Healthcare,OTLK,2881806,0.0026838909834623337
3940,15_min_interval_stocks/Healthcare/OTRK.csv,15_min_interval_stocks,Healthcare,OTRK,2802885,0.0026103900745511055
3941,15_min_interval_stocks/Healthcare/OVID.csv,15_min_interval_stocks,Healthcare,OVID,2478120,0.0023079290986061096
3942,15_min_interval_stocks/Healthcare/PACS.csv,15_min_interval_stocks,Healthcare,PACS,291720,0.0002716854214668274
3943,15_min_interval_stocks/Healthcare/PAHC.csv,15_min_interval_stocks,Healthcare,PAHC,4057663,0.0037789931520819664
3944,15_min_interval_stocks/Healthcare/PALI.csv,15_min_interval_stocks,Healthcare,PALI,6791312,0.006324902176856995
3945,15_min_interval_stocks/Healthcare/PASG.csv,15_min_interval_stocks,Healthcare,PASG,1637643,0.001525173895061016
3946,15_min_interval_stocks/Healthcare/PAVM.csv,15_min_interval_stocks,Healthcare,PAVM,2720294,0.0025334712117910385
3947,15_min_interval_stocks/Healthcare/PAVMZ.csv,15_min_interval_stocks,Healthcare,PAVMZ,482754,0.0004495996981859207
3948,15_min_interval_stocks/Healthcare/PAVS.csv,15_min_interval_stocks,Healthcare,PAVS,1361741,0.0012682201340794563
3949,15_min_interval_stocks/Healthcare/PBH.csv,15_min_interval_stocks,Healthcare,PBH,6695130,0.006235325708985329
3950,15_min_interval_stocks/Healthcare/PBM.csv,15_min_interval_stocks,Healthcare,PBM,508571,0.0004736436530947685
3951,15_min_interval_stocks/Healthcare/PBMWW.csv,15_min_interval_stocks,Healthcare,PBMWW,88791,8.269306272268295e-05
3952,15_min_interval_stocks/Healthcare/PBYI.csv,15_min_interval_stocks,Healthcare,PBYI,4298490,0.004003280773758888
3953,15_min_interval_stocks/Healthcare/PCRX.csv,15_min_interval_stocks,Healthcare,PCRX,4796595,0.004467177204787731
3954,15_min_interval_stocks/Healthcare/PCSA.csv,15_min_interval_stocks,Healthcare,PCSA,1114955,0.0010383827611804008
3955,15_min_interval_stocks/Healthcare/PCVX.csv,15_min_interval_stocks,Healthcare,PCVX,1601104,0.0014911442995071411
3956,15_min_interval_stocks/Healthcare/PDCO.csv,15_min_interval_stocks,Healthcare,PDCO,10290456,0.009583733975887299
3957,15_min_interval_stocks/Healthcare/PDEX.csv,15_min_interval_stocks,Healthcare,PDEX,2229666,0.0020765382796525955
3958,15_min_interval_stocks/Healthcare/PDSB.csv,15_min_interval_stocks,Healthcare,PDSB,3181419,0.002962927334010601
3959,15_min_interval_stocks/Healthcare/PEN.csv,15_min_interval_stocks,Healthcare,PEN,3384514,0.0031520742923021317
3960,15_min_interval_stocks/Healthcare/PEPG.csv,15_min_interval_stocks,Healthcare,PEPG,691914,0.0006443951278924942
3961,15_min_interval_stocks/Healthcare/PFE.csv,15_min_interval_stocks,Healthcare,PFE,15176562,0.014134274795651436
3962,15_min_interval_stocks/Healthcare/PGEN.csv,15_min_interval_stocks,Healthcare,PGEN,4519585,0.0042091915383934975
3963,15_min_interval_stocks/Healthcare/PGNY.csv,15_min_interval_stocks,Healthcare,PGNY,1971931,0.0018365038558840752
3964,15_min_interval_stocks/Healthcare/PHAR.csv,15_min_interval_stocks,Healthcare,PHAR,296653,0.00027627963572740555
3965,15_min_interval_stocks/Healthcare/PHAT.csv,15_min_interval_stocks,Healthcare,PHAT,1755302,0.0016347523778676987
3966,15_min_interval_stocks/Healthcare/PHG.csv,15_min_interval_stocks,Healthcare,PHG,11070593,0.010310293175280094
3967,15_min_interval_stocks/Healthcare/PHGE.csv,15_min_interval_stocks,Healthcare,PHGE,1245490,0.0011599529534578323
3968,15_min_interval_stocks/Healthcare/PHIO.csv,15_min_interval_stocks,Healthcare,PHIO,4378269,0.0040775807574391365
3969,15_min_interval_stocks/Healthcare/PHVS.csv,15_min_interval_stocks,Healthcare,PHVS,692848,0.0006452649831771851
3970,15_min_interval_stocks/Healthcare/PIII.csv,15_min_interval_stocks,Healthcare,PIII,1139397,0.0010611461475491524
3971,15_min_interval_stocks/Healthcare/PIIIW.csv,15_min_interval_stocks,Healthcare,PIIIW,188326,0.0001753922551870346
3972,15_min_interval_stocks/Healthcare/PIRS.csv,15_min_interval_stocks,Healthcare,PIRS,3241705,0.0030190730467438698
3973,15_min_interval_stocks/Healthcare/PLRX.csv,15_min_interval_stocks,Healthcare,PLRX,1581493,0.001472880132496357
3974,15_min_interval_stocks/Healthcare/PLSE.csv,15_min_interval_stocks,Healthcare,PLSE,2578044,0.0024009905755519867
3975,15_min_interval_stocks/Healthcare/PLUR.csv,15_min_interval_stocks,Healthcare,PLUR,4932983,0.004594198428094387
3976,15_min_interval_stocks/Healthcare/PLX.csv,15_min_interval_stocks,Healthcare,PLX,5946448,0.005538061261177063
3977,15_min_interval_stocks/Healthcare/PM.csv,15_min_interval_stocks,Healthcare,PM,8167351,0.007606438361108303
3978,15_min_interval_stocks/Healthcare/PMCB.csv,15_min_interval_stocks,Healthcare,PMCB,3859699,0.003594624809920788
3979,15_min_interval_stocks/Healthcare/PMD.csv,15_min_interval_stocks,Healthcare,PMD,3760784,0.0035025030374526978
3980,15_min_interval_stocks/Healthcare/PMN.csv,15_min_interval_stocks,Healthcare,PMN,350623,0.0003265431150794029
3981,15_min_interval_stocks/Healthcare/PMVP.csv,15_min_interval_stocks,Healthcare,PMVP,1428808,0.0013306811451911926
3982,15_min_interval_stocks/Healthcare/PNTG.csv,15_min_interval_stocks,Healthcare,PNTG,1740653,0.0016211094334721565
3983,15_min_interval_stocks/Healthcare/POAI.csv,15_min_interval_stocks,Healthcare,POAI,3586197,0.003339906223118305
3984,15_min_interval_stocks/Healthcare/POCI.csv,15_min_interval_stocks,Healthcare,POCI,138296,0.00012879818677902222
3985,15_min_interval_stocks/Healthcare/PODD.csv,15_min_interval_stocks,Healthcare,PODD,6408692,0.00596855953335762
3986,15_min_interval_stocks/Healthcare/PPBT.csv,15_min_interval_stocks,Healthcare,PPBT,3028389,0.0028204070404171944
3987,15_min_interval_stocks/Healthcare/PRAX.csv,15_min_interval_stocks,Healthcare,PRAX,1595759,0.0014861663803458214
3988,15_min_interval_stocks/Healthcare/PRCT.csv,15_min_interval_stocks,Healthcare,PRCT,1212880,0.0011295825242996216
3989,15_min_interval_stocks/Healthcare/PRFX.csv,15_min_interval_stocks,Healthcare,PRFX,1155675,0.0010763062164187431
3990,15_min_interval_stocks/Healthcare/PRGO.csv,15_min_interval_stocks,Healthcare,PRGO,11051105,0.010292143560945988
3991,15_min_interval_stocks/Healthcare/PRKS.csv,15_min_interval_stocks,Healthcare,PRKS,327565,0.0003050686791539192
3992,15_min_interval_stocks/Healthcare/PRLD.csv,15_min_interval_stocks,Healthcare,PRLD,1284319,0.0011961152777075768
3993,15_min_interval_stocks/Healthcare/PRME.csv,15_min_interval_stocks,Healthcare,PRME,839731,0.0007820604369044304
3994,15_min_interval_stocks/Healthcare/PROC.csv,15_min_interval_stocks,Healthcare,PROC,405108,0.00037728622555732727
3995,15_min_interval_stocks/Healthcare/PROCW.csv,15_min_interval_stocks,Healthcare,PROCW,206019,0.00019187014549970627
3996,15_min_interval_stocks/Healthcare/PROF.csv,15_min_interval_stocks,Healthcare,PROF,1305796,0.0012161172926425934
3997,15_min_interval_stocks/Healthcare/PROK.csv,15_min_interval_stocks,Healthcare,PROK,1009807,0.0009404560551047325
3998,15_min_interval_stocks/Healthcare/PRPH.csv,15_min_interval_stocks,Healthcare,PRPH,2177401,0.0020278627052903175
3999,15_min_interval_stocks/Healthcare/PRQR.csv,15_min_interval_stocks,Healthcare,PRQR,3164950,0.0029475893825292587
4000,15_min_interval_stocks/Healthcare/PRTA.csv,15_min_interval_stocks,Healthcare,PRTA,4133511,0.003849632106721401
4001,15_min_interval_stocks/Healthcare/PRTC.csv,15_min_interval_stocks,Healthcare,PRTC,180420,0.00016802921891212463
4002,15_min_interval_stocks/Healthcare/PRVA.csv,15_min_interval_stocks,Healthcare,PRVA,1299156,0.0012099333107471466
4003,15_min_interval_stocks/Healthcare/PSNL.csv,15_min_interval_stocks,Healthcare,PSNL,2002934,0.0018653776496648788
4004,15_min_interval_stocks/Healthcare/PSTV.csv,15_min_interval_stocks,Healthcare,PSTV,6766602,0.006301889196038246
4005,15_min_interval_stocks/Healthcare/PSTX.csv,15_min_interval_stocks,Healthcare,PSTX,1542409,0.0014364803209900856
4006,15_min_interval_stocks/Healthcare/PTCT.csv,15_min_interval_stocks,Healthcare,PTCT,4041159,0.0037636226043105125
4007,15_min_interval_stocks/Healthcare/PTGX.csv,15_min_interval_stocks,Healthcare,PTGX,2807449,0.0026146406307816505
4008,15_min_interval_stocks/Healthcare/PTHL.csv,15_min_interval_stocks,Healthcare,PTHL,72861,6.785709410905838e-05
4009,15_min_interval_stocks/Healthcare/PTIX.csv,15_min_interval_stocks,Healthcare,PTIX,738659,0.0006879298016428947
4010,15_min_interval_stocks/Healthcare/PTN.csv,15_min_interval_stocks,Healthcare,PTN,6021964,0.0056083910167217255
4011,15_min_interval_stocks/Healthcare/PTPI.csv,15_min_interval_stocks,Healthcare,PTPI,1352759,0.00125985499471426
4012,15_min_interval_stocks/Healthcare/PULM.csv,15_min_interval_stocks,Healthcare,PULM,2832743,0.0026381975039839745
4013,15_min_interval_stocks/Healthcare/PYPD.csv,15_min_interval_stocks,Healthcare,PYPD,801472,0.0007464289665222168
4014,15_min_interval_stocks/Healthcare/PYXS.csv,15_min_interval_stocks,Healthcare,PYXS,1178907,0.00109794270247221
4015,15_min_interval_stocks/Healthcare/QDEL.csv,15_min_interval_stocks,Healthcare,QDEL,8366390,0.007791807875037193
4016,15_min_interval_stocks/Healthcare/QGEN.csv,15_min_interval_stocks,Healthcare,QGEN,8766844,0.00816475972533226
4017,15_min_interval_stocks/Healthcare/QIPT.csv,15_min_interval_stocks,Healthcare,QIPT,995694,0.0009273122996091843
4018,15_min_interval_stocks/Healthcare/QLGN.csv,15_min_interval_stocks,Healthcare,QLGN,3437256,0.0032011941075325012
4019,15_min_interval_stocks/Healthcare/QNCX.csv,15_min_interval_stocks,Healthcare,QNCX,1918162,0.0017864275723695755
4020,15_min_interval_stocks/Healthcare/QNRX.csv,15_min_interval_stocks,Healthcare,QNRX,2628508,0.002447988837957382
4021,15_min_interval_stocks/Healthcare/QNTM.csv,15_min_interval_stocks,Healthcare,QNTM,142582,0.00013278983533382416
4022,15_min_interval_stocks/Healthcare/QTI.csv,15_min_interval_stocks,Healthcare,QTI,315981,0.0002942802384495735
4023,15_min_interval_stocks/Healthcare/QTTB.csv,15_min_interval_stocks,Healthcare,QTTB,224245,0.00020884443074464798
4024,15_min_interval_stocks/Healthcare/QURE.csv,15_min_interval_stocks,Healthcare,QURE,3755563,0.0034976406022906303
4025,15_min_interval_stocks/Healthcare/RANI.csv,15_min_interval_stocks,Healthcare,RANI,946466,0.0008814651519060135
4026,15_min_interval_stocks/Healthcare/RAPP.csv,15_min_interval_stocks,Healthcare,RAPP,169159,0.00015754159539937973
4027,15_min_interval_stocks/Healthcare/RAPT.csv,15_min_interval_stocks,Healthcare,RAPT,1826531,0.0017010895535349846
4028,15_min_interval_stocks/Healthcare/RARE.csv,15_min_interval_stocks,Healthcare,RARE,3834889,0.003571518696844578
4029,15_min_interval_stocks/Healthcare/RBOT.csv,15_min_interval_stocks,Healthcare,RBOT,1545164,0.0014390461146831512
4030,15_min_interval_stocks/Healthcare/RCEL.csv,15_min_interval_stocks,Healthcare,RCEL,2392584,0.0022282674908638
4031,15_min_interval_stocks/Healthcare/RCKT.csv,15_min_interval_stocks,Healthcare,RCKT,3447896,0.00321110337972641
4032,15_min_interval_stocks/Healthcare/RCKTW.csv,15_min_interval_stocks,Healthcare,RCKTW,75170,7.000751793384552e-05
4033,15_min_interval_stocks/Healthcare/RCUS.csv,15_min_interval_stocks,Healthcare,RCUS,2381583,0.002218022011220455
4034,15_min_interval_stocks/Healthcare/RDHL.csv,15_min_interval_stocks,Healthcare,RDHL,4057936,0.0037792474031448364
4035,15_min_interval_stocks/Healthcare/RDNT.csv,15_min_interval_stocks,Healthcare,RDNT,5616818,0.005231069400906563
4036,15_min_interval_stocks/Healthcare/RDY.csv,15_min_interval_stocks,Healthcare,RDY,8908590,0.008296770974993706
4037,15_min_interval_stocks/Healthcare/REGN.csv,15_min_interval_stocks,Healthcare,REGN,9794300,0.009121652692556381
4038,15_min_interval_stocks/Healthcare/RENB.csv,15_min_interval_stocks,Healthcare,RENB,539018,0.000501999631524086
4039,15_min_interval_stocks/Healthcare/REPL.csv,15_min_interval_stocks,Healthcare,REPL,2105422,0.00196082703769207
4040,15_min_interval_stocks/Healthcare/REVB.csv,15_min_interval_stocks,Healthcare,REVB,1298000,0.0012088567018508911
4041,15_min_interval_stocks/Healthcare/REVBW.csv,15_min_interval_stocks,Healthcare,REVBW,467486,0.0004353802651166916
4042,15_min_interval_stocks/Healthcare/RGC.csv,15_min_interval_stocks,Healthcare,RGC,413368,0.0003849789500236511
4043,15_min_interval_stocks/Healthcare/RGEN.csv,15_min_interval_stocks,Healthcare,RGEN,7797901,0.0072623612359166145
4044,15_min_interval_stocks/Healthcare/RGLS.csv,15_min_interval_stocks,Healthcare,RGLS,4124525,0.0038412632420659065
4045,15_min_interval_stocks/Healthcare/RGNX.csv,15_min_interval_stocks,Healthcare,RGNX,3198713,0.002979033626616001
4046,15_min_interval_stocks/Healthcare/RIGL.csv,15_min_interval_stocks,Healthcare,RIGL,8020654,0.007469816133379936
4047,15_min_interval_stocks/Healthcare/RLAY.csv,15_min_interval_stocks,Healthcare,RLAY,1592180,0.0014828331768512726
4048,15_min_interval_stocks/Healthcare/RLMD.csv,15_min_interval_stocks,Healthcare,RLMD,1945747,0.0018121181055903435
4049,15_min_interval_stocks/Healthcare/RLX.csv,15_min_interval_stocks,Healthcare,RLX,2522360,0.0023491308093070984
4050,15_min_interval_stocks/Healthcare/RLYB.csv,15_min_interval_stocks,Healthcare,RLYB,1006165,0.0009370641782879829
4051,15_min_interval_stocks/Healthcare/RMD.csv,15_min_interval_stocks,Healthcare,RMD,10300894,0.009593455120921135
4052,15_min_interval_stocks/Healthcare/RMTI.csv,15_min_interval_stocks,Healthcare,RMTI,6881049,0.006408476270735264
4053,15_min_interval_stocks/Healthcare/RNA.csv,15_min_interval_stocks,Healthcare,RNA,1700207,0.0015834411606192589
4054,15_min_interval_stocks/Healthcare/RNAC.csv,15_min_interval_stocks,Healthcare,RNAC,417502,0.0003888290375471115
4055,15_min_interval_stocks/Healthcare/RNAZ.csv,15_min_interval_stocks,Healthcare,RNAZ,1513503,0.0014095595106482506
4056,15_min_interval_stocks/Healthcare/RNXT.csv,15_min_interval_stocks,Healthcare,RNXT,715903,0.0006667366251349449
4057,15_min_interval_stocks/Healthcare/ROIV.csv,15_min_interval_stocks,Healthcare,ROIV,1340798,0.0012487154453992844
4058,15_min_interval_stocks/Healthcare/RPRX.csv,15_min_interval_stocks,Healthcare,RPRX,2081889,0.001938910223543644
4059,15_min_interval_stocks/Healthcare/RPTX.csv,15_min_interval_stocks,Healthcare,RPTX,1477911,0.0013764118775725365
4060,15_min_interval_stocks/Healthcare/RSLS.csv,15_min_interval_stocks,Healthcare,RSLS,6170648,0.005746863782405853
4061,15_min_interval_stocks/Healthcare/RVMD.csv,15_min_interval_stocks,Healthcare,RVMD,1763734,0.0016426052898168564
4062,15_min_interval_stocks/Healthcare/RVNC.csv,15_min_interval_stocks,Healthcare,RVNC,3898302,0.003630576655268669
4063,15_min_interval_stocks/Healthcare/RVP.csv,15_min_interval_stocks,Healthcare,RVP,3794453,0.0035338597372174263
4064,15_min_interval_stocks/Healthcare/RVPH.csv,15_min_interval_stocks,Healthcare,RVPH,1378103,0.0012834584340453148
4065,15_min_interval_stocks/Healthcare/RVPHW.csv,15_min_interval_stocks,Healthcare,RVPHW,541003,0.0005038483068346977
4066,15_min_interval_stocks/Healthcare/RXRX.csv,15_min_interval_stocks,Healthcare,RXRX,1779859,0.001657622866332531
4067,15_min_interval_stocks/Healthcare/RXST.csv,15_min_interval_stocks,Healthcare,RXST,1148306,0.0010694433003664017
4068,15_min_interval_stocks/Healthcare/RYTM.csv,15_min_interval_stocks,Healthcare,RYTM,2524806,0.002351408824324608
4069,15_min_interval_stocks/Healthcare/RZLT.csv,15_min_interval_stocks,Healthcare,RZLT,1028708,0.0009580589830875397
4070,15_min_interval_stocks/Healthcare/SABS.csv,15_min_interval_stocks,Healthcare,SABS,809070,0.0007535051554441452
4071,15_min_interval_stocks/Healthcare/SABSW.csv,15_min_interval_stocks,Healthcare,SABSW,308716,0.00028751417994499207
4072,15_min_interval_stocks/Healthcare/SAGE.csv,15_min_interval_stocks,Healthcare,SAGE,3782439,0.003522670827805996
4073,15_min_interval_stocks/Healthcare/SANA.csv,15_min_interval_stocks,Healthcare,SANA,1404249,0.001307808794081211
4074,15_min_interval_stocks/Healthcare/SAVA.csv,15_min_interval_stocks,Healthcare,SAVA,7316618,0.006814131513237953
4075,15_min_interval_stocks/Healthcare/SBC.csv,15_min_interval_stocks,Healthcare,SBC,57072,5.315244197845459e-05
4076,15_min_interval_stocks/Healthcare/SBCWW.csv,15_min_interval_stocks,Healthcare,SBCWW,28054,2.6127323508262634e-05
4077,15_min_interval_stocks/Healthcare/SBFM.csv,15_min_interval_stocks,Healthcare,SBFM,1355835,0.0012627197429537773
4078,15_min_interval_stocks/Healthcare/SBFMW.csv,15_min_interval_stocks,Healthcare,SBFMW,141706,0.000131973996758461
4079,15_min_interval_stocks/Healthcare/SCLX.csv,15_min_interval_stocks,Healthcare,SCLX,1029823,0.0009590974077582359
4080,15_min_interval_stocks/Healthcare/SCLXW.csv,15_min_interval_stocks,Healthcare,SCLXW,343445,0.000319858081638813
4081,15_min_interval_stocks/Healthcare/SCNI.csv,15_min_interval_stocks,Healthcare,SCNI,253678,0.00023625604808330536
4082,15_min_interval_stocks/Healthcare/SCNX.csv,15_min_interval_stocks,Healthcare,SCNX,28240,2.6300549507141113e-05
4083,15_min_interval_stocks/Healthcare/SCPH.csv,15_min_interval_stocks,Healthcare,SCPH,1885583,0.0017560860142111778
4084,15_min_interval_stocks/Healthcare/SCPX.csv,15_min_interval_stocks,Healthcare,SCPX,359760,0.00033505260944366455
4085,15_min_interval_stocks/Healthcare/SCYX.csv,15_min_interval_stocks,Healthcare,SCYX,3225416,0.0030039027333259583
4086,15_min_interval_stocks/Healthcare/SDGR.csv,15_min_interval_stocks,Healthcare,SDGR,2208068,0.0020564235746860504
4087,15_min_interval_stocks/Healthcare/SEM.csv,15_min_interval_stocks,Healthcare,SEM,5955563,0.005546550266444683
4088,15_min_interval_stocks/Healthcare/SEPN.csv,15_min_interval_stocks,Healthcare,SEPN,44308,4.126504063606262e-05
4089,15_min_interval_stocks/Healthcare/SER.csv,15_min_interval_stocks,Healthcare,SER,110370,0.00010279007256031036
4090,15_min_interval_stocks/Healthcare/SERA.csv,15_min_interval_stocks,Healthcare,SERA,808263,0.0007527535781264305
4091,15_min_interval_stocks/Healthcare/SGHT.csv,15_min_interval_stocks,Healthcare,SGHT,1116359,0.001039690338075161
4092,15_min_interval_stocks/Healthcare/SGMO.csv,15_min_interval_stocks,Healthcare,SGMO,8398146,0.007821382954716682
4093,15_min_interval_stocks/Healthcare/SGMT.csv,15_min_interval_stocks,Healthcare,SGMT,561042,0.0005225110799074173
4094,15_min_interval_stocks/Healthcare/SGRY.csv,15_min_interval_stocks,Healthcare,SGRY,3152770,0.002936245873570442
4095,15_min_interval_stocks/Healthcare/SHC.csv,15_min_interval_stocks,Healthcare,SHC,1437693,0.0013389559462666512
4096,15_min_interval_stocks/Healthcare/SHLT.csv,15_min_interval_stocks,Healthcare,SHLT,90440,8.422881364822388e-05
4097,15_min_interval_stocks/Healthcare/SHPH.csv,15_min_interval_stocks,Healthcare,SHPH,877015,0.0008167838677763939
4098,15_min_interval_stocks/Healthcare/SIBN.csv,15_min_interval_stocks,Healthcare,SIBN,2073663,0.001931249164044857
4099,15_min_interval_stocks/Healthcare/SIGA.csv,15_min_interval_stocks,Healthcare,SIGA,7563892,0.007044423371553421
4100,15_min_interval_stocks/Healthcare/SINT.csv,15_min_interval_stocks,Healthcare,SINT,4783861,0.004455317743122578
4101,15_min_interval_stocks/Healthcare/SISI.csv,15_min_interval_stocks,Healthcare,SISI,2506466,0.00233432836830616
4102,15_min_interval_stocks/Healthcare/SKIN.csv,15_min_interval_stocks,Healthcare,SKIN,1621903,0.0015105148777365685
4103,15_min_interval_stocks/Healthcare/SKYE.csv,15_min_interval_stocks,Healthcare,SKYE,227899,0.00021224748343229294
4104,15_min_interval_stocks/Healthcare/SLDB.csv,15_min_interval_stocks,Healthcare,SLDB,2392187,0.0022278977558016777
4105,15_min_interval_stocks/Healthcare/SLGL.csv,15_min_interval_stocks,Healthcare,SLGL,1072217,0.0009985798969864845
4106,15_min_interval_stocks/Healthcare/SLN.csv,15_min_interval_stocks,Healthcare,SLN,797774,0.0007429849356412888
4107,15_min_interval_stocks/Healthcare/SLNO.csv,15_min_interval_stocks,Healthcare,SLNO,3002047,0.0027958741411566734
4108,15_min_interval_stocks/Healthcare/SLRN.csv,15_min_interval_stocks,Healthcare,SLRN,562001,0.0005234042182564735
4109,15_min_interval_stocks/Healthcare/SLRX.csv,15_min_interval_stocks,Healthcare,SLRX,3389703,0.0031569069251418114
4110,15_min_interval_stocks/Healthcare/SLS.csv,15_min_interval_stocks,Healthcare,SLS,6017578,0.005604306235909462
4111,15_min_interval_stocks/Healthcare/SLXN.csv,15_min_interval_stocks,Healthcare,SLXN,209271,0.0001948988065123558
4112,15_min_interval_stocks/Healthcare/SLXNW.csv,15_min_interval_stocks,Healthcare,SLXNW,18651,1.737009733915329e-05
4113,15_min_interval_stocks/Healthcare/SMLR.csv,15_min_interval_stocks,Healthcare,SMLR,1875578,0.00174676813185215
4114,15_min_interval_stocks/Healthcare/SMMT.csv,15_min_interval_stocks,Healthcare,SMMT,2745000,0.0025564804673194885
4115,15_min_interval_stocks/Healthcare/SMTI.csv,15_min_interval_stocks,Healthcare,SMTI,1113473,0.0010370025411248207
4116,15_min_interval_stocks/Healthcare/SNCRL.csv,15_min_interval_stocks,Healthcare,SNCRL,347192,0.0003233477473258972
4117,15_min_interval_stocks/Healthcare/SNDA.csv,15_min_interval_stocks,Healthcare,SNDA,6560461,0.006109905429184437
4118,15_min_interval_stocks/Healthcare/SNDL.csv,15_min_interval_stocks,Healthcare,SNDL,3490413,0.003250700421631336
4119,15_min_interval_stocks/Healthcare/SNDX.csv,15_min_interval_stocks,Healthcare,SNDX,2975266,0.0027709323912858963
4120,15_min_interval_stocks/Healthcare/SNGX.csv,15_min_interval_stocks,Healthcare,SNGX,3952119,0.0036806976422667503
4121,15_min_interval_stocks/Healthcare/SNN.csv,15_min_interval_stocks,Healthcare,SNN,9280983,0.008643588982522488
4122,15_min_interval_stocks/Healthcare/SNOA.csv,15_min_interval_stocks,Healthcare,SNOA,4728145,0.004403428174555302
4123,15_min_interval_stocks/Healthcare/SNPX.csv,15_min_interval_stocks,Healthcare,SNPX,1071173,0.000997607596218586
4124,15_min_interval_stocks/Healthcare/SNSE.csv,15_min_interval_stocks,Healthcare,SNSE,973269,0.0009064273908734322
4125,15_min_interval_stocks/Healthcare/SNTI.csv,15_min_interval_stocks,Healthcare,SNTI,1118793,0.001041957177221775
4126,15_min_interval_stocks/Healthcare/SNY.csv,15_min_interval_stocks,Healthcare,SNY,10376416,0.009663790464401245
4127,15_min_interval_stocks/Healthcare/SOLV.csv,15_min_interval_stocks,Healthcare,SOLV,398542,0.00037117116153240204
4128,15_min_interval_stocks/Healthcare/SONN.csv,15_min_interval_stocks,Healthcare,SONN,4234410,0.003943601623177528
4129,15_min_interval_stocks/Healthcare/SOPH.csv,15_min_interval_stocks,Healthcare,SOPH,809536,0.000753939151763916
4130,15_min_interval_stocks/Healthcare/SPAI.csv,15_min_interval_stocks,Healthcare,SPAI,112350,0.00010463409125804901
4131,15_min_interval_stocks/Healthcare/SPRB.csv,15_min_interval_stocks,Healthcare,SPRB,1382325,0.0012873904779553413
4132,15_min_interval_stocks/Healthcare/SPRC.csv,15_min_interval_stocks,Healthcare,SPRC,1298501,0.0012093232944607735
4133,15_min_interval_stocks/Healthcare/SPRO.csv,15_min_interval_stocks,Healthcare,SPRO,2432249,0.002265208400785923
4134,15_min_interval_stocks/Healthcare/SPRY.csv,15_min_interval_stocks,Healthcare,SPRY,1442908,0.0013438127934932709
4135,15_min_interval_stocks/Healthcare/SRDX.csv,15_min_interval_stocks,Healthcare,SRDX,7837227,0.007298986427485943
4136,15_min_interval_stocks/Healthcare/SRPT.csv,15_min_interval_stocks,Healthcare,SRPT,9380184,0.008735977113246918
4137,15_min_interval_stocks/Healthcare/SRRK.csv,15_min_interval_stocks,Healthcare,SRRK,2179612,0.0020299218595027924
4138,15_min_interval_stocks/Healthcare/SRTS.csv,15_min_interval_stocks,Healthcare,SRTS,1761169,0.0016402164474129677
4139,15_min_interval_stocks/Healthcare/SRZN.csv,15_min_interval_stocks,Healthcare,SRZN,672169,0.0006260061636567116
4140,15_min_interval_stocks/Healthcare/SSKN.csv,15_min_interval_stocks,Healthcare,SSKN,4310938,0.004014873877167702
4141,15_min_interval_stocks/Healthcare/SSY.csv,15_min_interval_stocks,Healthcare,SSY,1987760,0.0018512457609176636
4142,15_min_interval_stocks/Healthcare/STAA.csv,15_min_interval_stocks,Healthcare,STAA,7553150,0.0070344191044569016
4143,15_min_interval_stocks/Healthcare/STE.csv,15_min_interval_stocks,Healthcare,STE,10124717,0.009429377503693104
4144,15_min_interval_stocks/Healthcare/STIM.csv,15_min_interval_stocks,Healthcare,STIM,2085720,0.0019424781203269958
4145,15_min_interval_stocks/Healthcare/STOK.csv,15_min_interval_stocks,Healthcare,STOK,1882837,0.0017535286024212837
4146,15_min_interval_stocks/Healthcare/STRO.csv,15_min_interval_stocks,Healthcare,STRO,1939951,0.0018067201599478722
4147,15_min_interval_stocks/Healthcare/STRR.csv,15_min_interval_stocks,Healthcare,STRR,4681731,0.004360201768577099
4148,15_min_interval_stocks/Healthcare/STRRP.csv,15_min_interval_stocks,Healthcare,STRRP,188483,0.00017553847283124924
4149,15_min_interval_stocks/Healthcare/STSS.csv,15_min_interval_stocks,Healthcare,STSS,978897,0.0009116688743233681
4150,15_min_interval_stocks/Healthcare/STTK.csv,15_min_interval_stocks,Healthcare,STTK,1279443,0.0011915741488337517
4151,15_min_interval_stocks/Healthcare/STVN.csv,15_min_interval_stocks,Healthcare,STVN,1339656,0.0012476518750190735
4152,15_min_interval_stocks/Healthcare/STXS.csv,15_min_interval_stocks,Healthcare,STXS,5634942,0.005247948691248894
4153,15_min_interval_stocks/Healthcare/SUPN.csv,15_min_interval_stocks,Healthcare,SUPN,4302134,0.004006674513220787
4154,15_min_interval_stocks/Healthcare/SVRA.csv,15_min_interval_stocks,Healthcare,SVRA,6032967,0.00561863835901022
4155,15_min_interval_stocks/Healthcare/SWTX.csv,15_min_interval_stocks,Healthcare,SWTX,1861436,0.0017335973680019379
4156,15_min_interval_stocks/Healthcare/SXTC.csv,15_min_interval_stocks,Healthcare,SXTC,2647006,0.0024652164429426193
4157,15_min_interval_stocks/Healthcare/SXTP.csv,15_min_interval_stocks,Healthcare,SXTP,601838,0.0005605053156614304
4158,15_min_interval_stocks/Healthcare/SXTPW.csv,15_min_interval_stocks,Healthcare,SXTPW,37275,3.471504896879196e-05
4159,15_min_interval_stocks/Healthcare/SYBX.csv,15_min_interval_stocks,Healthcare,SYBX,2459506,0.002290593460202217
4160,15_min_interval_stocks/Healthcare/SYK.csv,15_min_interval_stocks,Healthcare,SYK,10759433,0.010020502842962742
4161,15_min_interval_stocks/Healthcare/SYRE.csv,15_min_interval_stocks,Healthcare,SYRE,381110,0.000354936346411705
4162,15_min_interval_stocks/Healthcare/SYRS.csv,15_min_interval_stocks,Healthcare,SYRS,2827413,0.002633233554661274
4163,15_min_interval_stocks/Healthcare/TAK.csv,15_min_interval_stocks,Healthcare,TAK,2810961,0.0026179114356637
4164,15_min_interval_stocks/Healthcare/TALK.csv,15_min_interval_stocks,Healthcare,TALK,1641277,0.0015285583212971687
4165,15_min_interval_stocks/Healthcare/TALKW.csv,15_min_interval_stocks,Healthcare,TALKW,506155,0.00047139357775449753
4166,15_min_interval_stocks/Healthcare/TARA.csv,15_min_interval_stocks,Healthcare,TARA,2381878,0.0022182967513799667
4167,15_min_interval_stocks/Healthcare/TARS.csv,15_min_interval_stocks,Healthcare,TARS,1301279,0.0012119105085730553
4168,15_min_interval_stocks/Healthcare/TBPH.csv,15_min_interval_stocks,Healthcare,TBPH,3559847,0.0033153658732771873
4169,15_min_interval_stocks/Healthcare/TCBP.csv,15_min_interval_stocks,Healthcare,TCBP,1351437,0.0012586237862706184
4170,15_min_interval_stocks/Healthcare/TCBPW.csv,15_min_interval_stocks,Healthcare,TCBPW,168702,0.00015711598098278046
4171,15_min_interval_stocks/Healthcare/TCMD.csv,15_min_interval_stocks,Healthcare,TCMD,2823170,0.0026292819529771805
4172,15_min_interval_stocks/Healthcare/TCRT.csv,15_min_interval_stocks,Healthcare,TCRT,6203350,0.005777319893240929
4173,15_min_interval_stocks/Healthcare/TCRX.csv,15_min_interval_stocks,Healthcare,TCRX,893464,0.0008321031928062439
4174,15_min_interval_stocks/Healthcare/TDOC.csv,15_min_interval_stocks,Healthcare,TDOC,4776736,0.004448682069778442
4175,15_min_interval_stocks/Healthcare/TECH.csv,15_min_interval_stocks,Healthcare,TECH,9987847,0.009301907382905483
4176,15_min_interval_stocks/Healthcare/TECX.csv,15_min_interval_stocks,Healthcare,TECX,136504,0.00012712925672531128
4177,15_min_interval_stocks/Healthcare/TELA.csv,15_min_interval_stocks,Healthcare,TELA,1212068,0.0011288262903690338
4178,15_min_interval_stocks/Healthcare/TELO.csv,15_min_interval_stocks,Healthcare,TELO,252094,0.00023478083312511444
4179,15_min_interval_stocks/Healthcare/TENX.csv,15_min_interval_stocks,Healthcare,TENX,4765184,0.004437923431396484
4180,15_min_interval_stocks/Healthcare/TERN.csv,15_min_interval_stocks,Healthcare,TERN,1282750,0.001194654032588005
4181,15_min_interval_stocks/Healthcare/TEVA.csv,15_min_interval_stocks,Healthcare,TEVA,13048035,0.012151929549872875
4182,15_min_interval_stocks/Healthcare/TFFP.csv,15_min_interval_stocks,Healthcare,TFFP,1550794,0.0014442894607782364
4183,15_min_interval_stocks/Healthcare/TFX.csv,15_min_interval_stocks,Healthcare,TFX,10105289,0.009411283768713474
4184,15_min_interval_stocks/Healthcare/TGTX.csv,15_min_interval_stocks,Healthcare,TGTX,4742973,0.0044172378256917
4185,15_min_interval_stocks/Healthcare/THAR.csv,15_min_interval_stocks,Healthcare,THAR,550022,0.0005122479051351547
4186,15_min_interval_stocks/Healthcare/THC.csv,15_min_interval_stocks,Healthcare,THC,9416741,0.008770023472607136
4187,15_min_interval_stocks/Healthcare/THRD.csv,15_min_interval_stocks,Healthcare,THRD,622622,0.0005798619240522385
4188,15_min_interval_stocks/Healthcare/THTX.csv,15_min_interval_stocks,Healthcare,THTX,2121759,0.001976042054593563
4189,15_min_interval_stocks/Healthcare/TIL.csv,15_min_interval_stocks,Healthcare,TIL,1191726,0.0011098813265562057
4190,15_min_interval_stocks/Healthcare/TIVC.csv,15_min_interval_stocks,Healthcare,TIVC,1272810,0.0011853966861963272
4191,15_min_interval_stocks/Healthcare/TKNO.csv,15_min_interval_stocks,Healthcare,TKNO,841244,0.0007834695279598236
4192,15_min_interval_stocks/Healthcare/TLPH.csv,15_min_interval_stocks,Healthcare,TLPH,281347,0.00026202481240034103
4193,15_min_interval_stocks/Healthcare/TLRY.csv,15_min_interval_stocks,Healthcare,TLRY,4361001,0.004061498679220676
4194,15_min_interval_stocks/Healthcare/TLSA.csv,15_min_interval_stocks,Healthcare,TLSA,1689311,0.0015732934698462486
4195,15_min_interval_stocks/Healthcare/TLSI.csv,15_min_interval_stocks,Healthcare,TLSI,267889,0.0002494910731911659
4196,15_min_interval_stocks/Healthcare/TLSIW.csv,15_min_interval_stocks,Healthcare,TLSIW,66796,6.22086226940155e-05
4197,15_min_interval_stocks/Healthcare/TMCI.csv,15_min_interval_stocks,Healthcare,TMCI,1268011,0.0011809272691607475
4198,15_min_interval_stocks/Healthcare/TMDX.csv,15_min_interval_stocks,Healthcare,TMDX,2293303,0.0021358048543334007
4199,15_min_interval_stocks/Healthcare/TNDM.csv,15_min_interval_stocks,Healthcare,TNDM,4174737,0.003888026811182499
4200,15_min_interval_stocks/Healthcare/TNFA.csv,15_min_interval_stocks,Healthcare,TNFA,95618,8.905120193958282e-05
4201,15_min_interval_stocks/Healthcare/TNGX.csv,15_min_interval_stocks,Healthcare,TNGX,1227080,0.0011428073048591614
4202,15_min_interval_stocks/Healthcare/TNON.csv,15_min_interval_stocks,Healthcare,TNON,896141,0.0008345963433384895
4203,15_min_interval_stocks/Healthcare/TNONW.csv,15_min_interval_stocks,Healthcare,TNONW,62291,5.801301449537277e-05
4204,15_min_interval_stocks/Healthcare/TNXP.csv,15_min_interval_stocks,Healthcare,TNXP,6174709,0.005750645883381367
4205,15_min_interval_stocks/Healthcare/TNYA.csv,15_min_interval_stocks,Healthcare,TNYA,1213693,0.001130339689552784
4206,15_min_interval_stocks/Healthcare/TOI.csv,15_min_interval_stocks,Healthcare,TOI,1124342,0.0010471250861883163
4207,15_min_interval_stocks/Healthcare/TOIIW.csv,15_min_interval_stocks,Healthcare,TOIIW,206938,0.0001927260309457779
4208,15_min_interval_stocks/Healthcare/TOVX.csv,15_min_interval_stocks,Healthcare,TOVX,6073048,0.005655966699123383
4209,15_min_interval_stocks/Healthcare/TPST.csv,15_min_interval_stocks,Healthcare,TPST,4102702,0.003820938989520073
4210,15_min_interval_stocks/Healthcare/TRAW.csv,15_min_interval_stocks,Healthcare,TRAW,236989,0.00022071320563554764
4211,15_min_interval_stocks/Healthcare/TRDA.csv,15_min_interval_stocks,Healthcare,TRDA,905807,0.0008435985073447227
4212,15_min_interval_stocks/Healthcare/TRIB.csv,15_min_interval_stocks,Healthcare,TRIB,6888190,0.006415126845240593
4213,15_min_interval_stocks/Healthcare/TRML.csv,15_min_interval_stocks,Healthcare,TRML,529881,0.0004934901371598244
4214,15_min_interval_stocks/Healthcare/TRUP.csv,15_min_interval_stocks,Healthcare,TRUP,3622405,0.0033736275508999825
4215,15_min_interval_stocks/Healthcare/TRVI.csv,15_min_interval_stocks,Healthcare,TRVI,1452995,0.0013532070443034172
4216,15_min_interval_stocks/Healthcare/TSBX.csv,15_min_interval_stocks,Healthcare,TSBX,486498,0.00045308656990528107
4217,15_min_interval_stocks/Healthcare/TSHA.csv,15_min_interval_stocks,Healthcare,TSHA,1627237,0.0015154825523495674
4218,15_min_interval_stocks/Healthcare/TSVT.csv,15_min_interval_stocks,Healthcare,TSVT,1157183,0.0010777106508612633
4219,15_min_interval_stocks/Healthcare/TTNP.csv,15_min_interval_stocks,Healthcare,TTNP,3240795,0.0030182255432009697
4220,15_min_interval_stocks/Healthcare/TTOO.csv,15_min_interval_stocks,Healthcare,TTOO,4968784,0.004627540707588196
4221,15_min_interval_stocks/Healthcare/TVGN.csv,15_min_interval_stocks,Healthcare,TVGN,410713,0.00038250628858804703
4222,15_min_interval_stocks/Healthcare/TVGNW.csv,15_min_interval_stocks,Healthcare,TVGNW,64686,6.024353206157684e-05
4223,15_min_interval_stocks/Healthcare/TVTX.csv,15_min_interval_stocks,Healthcare,TVTX,3895194,0.0036276821047067642
4224,15_min_interval_stocks/Healthcare/TWST.csv,15_min_interval_stocks,Healthcare,TWST,2340762,0.0021800044924020767
4225,15_min_interval_stocks/Healthcare/TXMD.csv,15_min_interval_stocks,Healthcare,TXMD,4596254,0.004280595108866692
4226,15_min_interval_stocks/Healthcare/TYRA.csv,15_min_interval_stocks,Healthcare,TYRA,881107,0.0008205948397517204
4227,15_min_interval_stocks/Healthcare/UBX.csv,15_min_interval_stocks,Healthcare,UBX,2474681,0.002304726280272007
4228,15_min_interval_stocks/Healthcare/UFPT.csv,15_min_interval_stocks,Healthcare,UFPT,4523106,0.004212470725178719
4229,15_min_interval_stocks/Healthcare/UHS.csv,15_min_interval_stocks,Healthcare,UHS,10362352,0.009650692343711853
4230,15_min_interval_stocks/Healthcare/ULS.csv,15_min_interval_stocks,Healthcare,ULS,308548,0.00028735771775245667
4231,15_min_interval_stocks/Healthcare/UNCY.csv,15_min_interval_stocks,Healthcare,UNCY,1158375,0.001078820787370205
4232,15_min_interval_stocks/Healthcare/UNH.csv,15_min_interval_stocks,Healthcare,UNH,12316033,0.011470199562609196
4233,15_min_interval_stocks/Healthcare/UPB.csv,15_min_interval_stocks,Healthcare,UPB,58249,5.424860864877701e-05
4234,15_min_interval_stocks/Healthcare/UPC.csv,15_min_interval_stocks,Healthcare,UPC,1009925,0.0009405659511685371
4235,15_min_interval_stocks/Healthcare/UPXI.csv,15_min_interval_stocks,Healthcare,UPXI,1023921,0.0009536007419228554
4236,15_min_interval_stocks/Healthcare/URGN.csv,15_min_interval_stocks,Healthcare,URGN,2473648,0.002303764224052429
4237,15_min_interval_stocks/Healthcare/USNA.csv,15_min_interval_stocks,Healthcare,USNA,7950070,0.007404079660773277
4238,15_min_interval_stocks/Healthcare/USPH.csv,15_min_interval_stocks,Healthcare,USPH,8671396,0.008075866848230362
4239,15_min_interval_stocks/Healthcare/UTHR.csv,15_min_interval_stocks,Healthcare,UTHR,9111472,0.008485719561576843
4240,15_min_interval_stocks/Healthcare/UTMD.csv,15_min_interval_stocks,Healthcare,UTMD,3153795,0.002937200479209423
4241,15_min_interval_stocks/Healthcare/VALN.csv,15_min_interval_stocks,Healthcare,VALN,558286,0.000519944354891777
4242,15_min_interval_stocks/Healthcare/VANI.csv,15_min_interval_stocks,Healthcare,VANI,3823784,0.003561176359653473
4243,15_min_interval_stocks/Healthcare/VCEL.csv,15_min_interval_stocks,Healthcare,VCEL,5788641,0.005391092039644718
4244,15_min_interval_stocks/Healthcare/VCNX.csv,15_min_interval_stocks,Healthcare,VCNX,1802825,0.00167901162058115
4245,15_min_interval_stocks/Healthcare/VCYT.csv,15_min_interval_stocks,Healthcare,VCYT,3693427,0.003439771942794323
4246,15_min_interval_stocks/Healthcare/VERA.csv,15_min_interval_stocks,Healthcare,VERA,1217164,0.0011335723102092743
4247,15_min_interval_stocks/Healthcare/VERO.csv,15_min_interval_stocks,Healthcare,VERO,2262556,0.0021071694791316986
4248,15_min_interval_stocks/Healthcare/VERU.csv,15_min_interval_stocks,Healthcare,VERU,5722469,0.005329464562237263
4249,15_min_interval_stocks/Healthcare/VERV.csv,15_min_interval_stocks,Healthcare,VERV,1402672,0.0013063400983810425
4250,15_min_interval_stocks/Healthcare/VIGL.csv,15_min_interval_stocks,Healthcare,VIGL,800458,0.0007454846054315567
4251,15_min_interval_stocks/Healthcare/VINC.csv,15_min_interval_stocks,Healthcare,VINC,1357793,0.0012645432725548744
4252,15_min_interval_stocks/Healthcare/VIR.csv,15_min_interval_stocks,Healthcare,VIR,2124706,0.001978786662220955
4253,15_min_interval_stocks/Healthcare/VIRX.csv,15_min_interval_stocks,Healthcare,VIRX,4648465,0.00432922039180994
4254,15_min_interval_stocks/Healthcare/VKTX.csv,15_min_interval_stocks,Healthcare,VKTX,3936685,0.003666323609650135
4255,15_min_interval_stocks/Healthcare/VMD.csv,15_min_interval_stocks,Healthcare,VMD,1650725,0.0015373574569821358
4256,15_min_interval_stocks/Healthcare/VNDA.csv,15_min_interval_stocks,Healthcare,VNDA,6388285,0.005949554033577442
4257,15_min_interval_stocks/Healthcare/VNRX.csv,15_min_interval_stocks,Healthcare,VNRX,2642984,0.002461470663547516
4258,15_min_interval_stocks/Healthcare/VOR.csv,15_min_interval_stocks,Healthcare,VOR,1299385,0.0012101465836167336
4259,15_min_interval_stocks/Healthcare/VRAX.csv,15_min_interval_stocks,Healthcare,VRAX,928332,0.0008645765483379364
4260,15_min_interval_stocks/Healthcare/VRCA.csv,15_min_interval_stocks,Healthcare,VRCA,2003994,0.0018663648515939713
4261,15_min_interval_stocks/Healthcare/VRDN.csv,15_min_interval_stocks,Healthcare,VRDN,3262077,0.0030380459502339363
4262,15_min_interval_stocks/Healthcare/VRNA.csv,15_min_interval_stocks,Healthcare,VRNA,1783056,0.0016606003046035767
4263,15_min_interval_stocks/Healthcare/VRPX.csv,15_min_interval_stocks,Healthcare,VRPX,1118077,0.0010412903502583504
4264,15_min_interval_stocks/Healthcare/VRTX.csv,15_min_interval_stocks,Healthcare,VRTX,10158722,0.009461047127842903
4265,15_min_interval_stocks/Healthcare/VSEE.csv,15_min_interval_stocks,Healthcare,VSEE,227891,0.00021224003285169601
4266,15_min_interval_stocks/Healthcare/VSTM.csv,15_min_interval_stocks,Healthcare,VSTM,4919126,0.00458129309117794
4267,15_min_interval_stocks/Healthcare/VTAK.csv,15_min_interval_stocks,Healthcare,VTAK,442386,0.0004120040684938431
4268,15_min_interval_stocks/Healthcare/VTGN.csv,15_min_interval_stocks,Healthcare,VTGN,3246248,0.003023304045200348
4269,15_min_interval_stocks/Healthcare/VTRS.csv,15_min_interval_stocks,Healthcare,VTRS,2254716,0.0020998679101467133
4270,15_min_interval_stocks/Healthcare/VTVT.csv,15_min_interval_stocks,Healthcare,VTVT,2852422,0.0026565250009298325
4271,15_min_interval_stocks/Healthcare/VTYX.csv,15_min_interval_stocks,Healthcare,VTYX,1253156,0.0011670924723148346
4272,15_min_interval_stocks/Healthcare/VVOS.csv,15_min_interval_stocks,Healthcare,VVOS,1410649,0.0013137692585587502
4273,15_min_interval_stocks/Healthcare/VXRT.csv,15_min_interval_stocks,Healthcare,VXRT,4651199,0.004331766627728939
4274,15_min_interval_stocks/Healthcare/VYGR.csv,15_min_interval_stocks,Healthcare,VYGR,3122399,0.0029079606756567955
4275,15_min_interval_stocks/Healthcare/VYNE.csv,15_min_interval_stocks,Healthcare,VYNE,2485292,0.002314608544111252
4276,15_min_interval_stocks/Healthcare/WINT.csv,15_min_interval_stocks,Healthcare,WINT,1837027,0.0017108647152781487
4277,15_min_interval_stocks/Healthcare/WOK.csv,15_min_interval_stocks,Healthcare,WOK,77730,7.239170372486115e-05
4278,15_min_interval_stocks/Healthcare/WRBY.csv,15_min_interval_stocks,Healthcare,WRBY,1254827,0.001168648712337017
4279,15_min_interval_stocks/Healthcare/WST.csv,15_min_interval_stocks,Healthcare,WST,9447736,0.008798889815807343
4280,15_min_interval_stocks/Healthcare/WVE.csv,15_min_interval_stocks,Healthcare,WVE,2967570,0.0027637649327516556
4281,15_min_interval_stocks/Healthcare/XAIR.csv,15_min_interval_stocks,Healthcare,XAIR,2073156,0.001930776983499527
4282,15_min_interval_stocks/Healthcare/XBIO.csv,15_min_interval_stocks,Healthcare,XBIO,1861798,0.0017339345067739487
4283,15_min_interval_stocks/Healthcare/XBIT.csv,15_min_interval_stocks,Healthcare,XBIT,3056643,0.00284672062844038
4284,15_min_interval_stocks/Healthcare/XCUR.csv,15_min_interval_stocks,Healthcare,XCUR,2057946,0.0019166115671396255
4285,15_min_interval_stocks/Healthcare/XENE.csv,15_min_interval_stocks,Healthcare,XENE,2944615,0.0027423864230513573
4286,15_min_interval_stocks/Healthcare/XERS.csv,15_min_interval_stocks,Healthcare,XERS,2612786,0.0024333465844392776
4287,15_min_interval_stocks/Healthcare/XFOR.csv,15_min_interval_stocks,Healthcare,XFOR,2558340,0.0023826397955417633
4288,15_min_interval_stocks/Healthcare/XGN.csv,15_min_interval_stocks,Healthcare,XGN,1115842,0.0010392088443040848
4289,15_min_interval_stocks/Healthcare/XLO.csv,15_min_interval_stocks,Healthcare,XLO,766552,0.0007139071822166443
4290,15_min_interval_stocks/Healthcare/XNCR.csv,15_min_interval_stocks,Healthcare,XNCR,3715014,0.0034598764032125473
4291,15_min_interval_stocks/Healthcare/XOMA.csv,15_min_interval_stocks,Healthcare,XOMA,8191474,0.007628904655575752
4292,15_min_interval_stocks/Healthcare/XOMAO.csv,15_min_interval_stocks,Healthcare,XOMAO,394887,0.00036776717752218246
4293,15_min_interval_stocks/Healthcare/XOMAP.csv,15_min_interval_stocks,Healthcare,XOMAP,226772,0.0002111978828907013
4294,15_min_interval_stocks/Healthcare/XRAY.csv,15_min_interval_stocks,Healthcare,XRAY,10435683,0.00971898715943098
4295,15_min_interval_stocks/Healthcare/XRTX.csv,15_min_interval_stocks,Healthcare,XRTX,722502,0.0006728824228048325
4296,15_min_interval_stocks/Healthcare/XTLB.csv,15_min_interval_stocks,Healthcare,XTLB,1431491,0.001333179883658886
4297,15_min_interval_stocks/Healthcare/XTNT.csv,15_min_interval_stocks,Healthcare,XTNT,2160074,0.002011725679039955
4298,15_min_interval_stocks/Healthcare/XXII.csv,15_min_interval_stocks,Healthcare,XXII,5080720,0.004731789231300354
4299,15_min_interval_stocks/Healthcare/XYLO.csv,15_min_interval_stocks,Healthcare,XYLO,110635,0.00010303687304258347
4300,15_min_interval_stocks/Healthcare/YMAB.csv,15_min_interval_stocks,Healthcare,YMAB,2071958,0.0019296612590551376
4301,15_min_interval_stocks/Healthcare/ZBH.csv,15_min_interval_stocks,Healthcare,ZBH,3239917,0.0030174078419804573
4302,15_min_interval_stocks/Healthcare/ZBIO.csv,15_min_interval_stocks,Healthcare,ZBIO,80853,7.530022412538528e-05
4303,15_min_interval_stocks/Healthcare/ZIMV.csv,15_min_interval_stocks,Healthcare,ZIMV,960750,0.000894768163561821
4304,15_min_interval_stocks/Healthcare/ZJYL.csv,15_min_interval_stocks,Healthcare,ZJYL,696715,0.0006488664075732231
4305,15_min_interval_stocks/Healthcare/ZLAB.csv,15_min_interval_stocks,Healthcare,ZLAB,2610880,0.0024315714836120605
4306,15_min_interval_stocks/Healthcare/ZNTL.csv,15_min_interval_stocks,Healthcare,ZNTL,1667582,0.001553056761622429
4307,15_min_interval_stocks/Healthcare/ZOM.csv,15_min_interval_stocks,Healthcare,ZOM,4186096,0.003898605704307556
4308,15_min_interval_stocks/Healthcare/ZTS.csv,15_min_interval_stocks,Healthcare,ZTS,5338990,0.004972321912646294
4309,15_min_interval_stocks/Healthcare/ZURA.csv,15_min_interval_stocks,Healthcare,ZURA,659876,0.0006145574152469635
4310,15_min_interval_stocks/Healthcare/ZVRA.csv,15_min_interval_stocks,Healthcare,ZVRA,1526678,0.0014218296855688095
4311,15_min_interval_stocks/Healthcare/ZVSA.csv,15_min_interval_stocks,Healthcare,ZVSA,1013138,0.0009435582906007767
4312,15_min_interval_stocks/Healthcare/ZYME.csv,15_min_interval_stocks,Healthcare,ZYME,2493018,0.002321803942322731
4313,15_min_interval_stocks/Healthcare/ZYXI.csv,15_min_interval_stocks,Healthcare,ZYXI,2873105,0.0026757875457406044
4314,15_min_interval_stocks/Industrials/A.csv,15_min_interval_stocks,Industrials,A,10713609,0.009977825917303562
4315,15_min_interval_stocks/Industrials/AA.csv,15_min_interval_stocks,Industrials,AA,13100426,0.012200722470879555
4316,15_min_interval_stocks/Industrials/AAON.csv,15_min_interval_stocks,Industrials,AAON,8418522,0.007840359583497047
4317,15_min_interval_stocks/Industrials/ACA.csv,15_min_interval_stocks,Industrials,ACA,2425481,0.0022589052096009254
4318,15_min_interval_stocks/Industrials/ACHR.csv,15_min_interval_stocks,Industrials,ACHR,2268449,0.0021126577630639076
4319,15_min_interval_stocks/Industrials/ACNT.csv,15_min_interval_stocks,Industrials,ACNT,2964145,0.0027605751529335976
4320,15_min_interval_stocks/Industrials/AEHL.csv,15_min_interval_stocks,Industrials,AEHL,3375139,0.0031433431431651115
4321,15_min_interval_stocks/Industrials/AEHR.csv,15_min_interval_stocks,Industrials,AEHR,4771617,0.004443914629518986
4322,15_min_interval_stocks/Industrials/AESI.csv,15_min_interval_stocks,Industrials,AESI,813860,0.0007579661905765533
4323,15_min_interval_stocks/Industrials/AGCO.csv,15_min_interval_stocks,Industrials,AGCO,6567073,0.006116063334047794
4324,15_min_interval_stocks/Industrials/AGRI.csv,15_min_interval_stocks,Industrials,AGRI,1811428,0.001687023788690567
4325,15_min_interval_stocks/Industrials/AIR.csv,15_min_interval_stocks,Industrials,AIR,9430880,0.008783191442489624
4326,15_min_interval_stocks/Industrials/AIRI.csv,15_min_interval_stocks,Industrials,AIRI,2332466,0.0021722782403230667
4327,15_min_interval_stocks/Industrials/AIRJ.csv,15_min_interval_stocks,Industrials,AIRJ,184329,0.00017166975885629654
4328,15_min_interval_stocks/Industrials/AIRJW.csv,15_min_interval_stocks,Industrials,AIRJW,60309,5.6167133152484894e-05
4329,15_min_interval_stocks/Industrials/AKYA.csv,15_min_interval_stocks,Industrials,AKYA,1160659,0.0010809479281306267
4330,15_min_interval_stocks/Industrials/ALB.csv,15_min_interval_stocks,Industrials,ALB,11111511,0.01034840103238821
4331,15_min_interval_stocks/Industrials/ALG.csv,15_min_interval_stocks,Industrials,ALG,6962495,0.006484328769147396
4332,15_min_interval_stocks/Industrials/ALNT.csv,15_min_interval_stocks,Industrials,ALNT,449036,0.000418197363615036
4333,15_min_interval_stocks/Industrials/ALTG.csv,15_min_interval_stocks,Industrials,ALTG,1768522,0.0016470644623041153
4334,15_min_interval_stocks/Industrials/ALTM.csv,15_min_interval_stocks,Industrials,ALTM,609378,0.0005675274878740311
4335,15_min_interval_stocks/Industrials/ALTO.csv,15_min_interval_stocks,Industrials,ALTO,6600809,0.006147482432425022
4336,15_min_interval_stocks/Industrials/AMBI.csv,15_min_interval_stocks,Industrials,AMBI,263156,0.00024508312344551086
4337,15_min_interval_stocks/Industrials/AMBP.csv,15_min_interval_stocks,Industrials,AMBP,1681314,0.0015658456832170486
4338,15_min_interval_stocks/Industrials/AME.csv,15_min_interval_stocks,Industrials,AME,9950724,0.009267333894968033
4339,15_min_interval_stocks/Industrials/AMRK.csv,15_min_interval_stocks,Industrials,AMRK,2762117,0.0025724219158291817
4340,15_min_interval_stocks/Industrials/AMTX.csv,15_min_interval_stocks,Industrials,AMTX,3060708,0.002850506454706192
4341,15_min_interval_stocks/Industrials/ANDE.csv,15_min_interval_stocks,Industrials,ANDE,8222278,0.0076575931161642075
4342,15_min_interval_stocks/Industrials/AP.csv,15_min_interval_stocks,Industrials,AP,6153617,0.005731002427637577
4343,15_min_interval_stocks/Industrials/APD.csv,15_min_interval_stocks,Industrials,APD,10698529,0.00996378157287836
4344,15_min_interval_stocks/Industrials/APWC.csv,15_min_interval_stocks,Industrials,APWC,1086726,0.0010120924562215805
4345,15_min_interval_stocks/Industrials/AQMS.csv,15_min_interval_stocks,Industrials,AQMS,3464747,0.0032267970964312553
4346,15_min_interval_stocks/Industrials/ARCB.csv,15_min_interval_stocks,Industrials,ARCB,7125811,0.006636428646743298
4347,15_min_interval_stocks/Industrials/AREB.csv,15_min_interval_stocks,Industrials,AREB,1526449,0.0014216164126992226
4348,15_min_interval_stocks/Industrials/AREBW.csv,15_min_interval_stocks,Industrials,AREBW,126614,0.0001179184764623642
4349,15_min_interval_stocks/Industrials/ARQ.csv,15_min_interval_stocks,Industrials,ARQ,309884,0.00028860196471214294
4350,15_min_interval_stocks/Industrials/ARTW.csv,15_min_interval_stocks,Industrials,ARTW,2243076,0.002089027315378189
4351,15_min_interval_stocks/Industrials/ASA.csv,15_min_interval_stocks,Industrials,ASA,8385724,0.007809814065694809
4352,15_min_interval_stocks/Industrials/ASIX.csv,15_min_interval_stocks,Industrials,ASIX,3233954,0.003011854365468025
4353,15_min_interval_stocks/Industrials/ASPI.csv,15_min_interval_stocks,Industrials,ASPI,765557,0.0007129805162549019
4354,15_min_interval_stocks/Industrials/ASTC.csv,15_min_interval_stocks,Industrials,ASTC,3516904,0.003275372087955475
4355,15_min_interval_stocks/Industrials/ASTE.csv,15_min_interval_stocks,Industrials,ASTE,9437588,0.008789438754320145
4356,15_min_interval_stocks/Industrials/ASTL.csv,15_min_interval_stocks,Industrials,ASTL,1216844,0.0011332742869853973
4357,15_min_interval_stocks/Industrials/ASTLW.csv,15_min_interval_stocks,Industrials,ASTLW,474919,0.00044230278581380844
4358,15_min_interval_stocks/Industrials/ATI.csv,15_min_interval_stocks,Industrials,ATI,10049050,0.009358907118439674
4359,15_min_interval_stocks/Industrials/ATR.csv,15_min_interval_stocks,Industrials,ATR,9834703,0.00915928091853857
4360,15_min_interval_stocks/Industrials/ATRO.csv,15_min_interval_stocks,Industrials,ATRO,6890327,0.006417117081582546
4361,15_min_interval_stocks/Industrials/ATS.csv,15_min_interval_stocks,Industrials,ATS,524036,0.0004880465567111969
4362,15_min_interval_stocks/Industrials/AVAV.csv,15_min_interval_stocks,Industrials,AVAV,6668172,0.006210219115018845
4363,15_min_interval_stocks/Industrials/AVD.csv,15_min_interval_stocks,Industrials,AVD,7166813,0.006674614734947681
4364,15_min_interval_stocks/Industrials/AVNT.csv,15_min_interval_stocks,Industrials,AVNT,6892056,0.006418727338314056
4365,15_min_interval_stocks/Industrials/AVTR.csv,15_min_interval_stocks,Industrials,AVTR,2170275,0.0020212261006236076
4366,15_min_interval_stocks/Industrials/AWI.csv,15_min_interval_stocks,Industrials,AWI,7153222,0.0066619571298360825
4367,15_min_interval_stocks/Industrials/AXDX.csv,15_min_interval_stocks,Industrials,AXDX,4499207,0.004190213046967983
4368,15_min_interval_stocks/Industrials/AXON.csv,15_min_interval_stocks,Industrials,AXON,3852282,0.003587717190384865
4369,15_min_interval_stocks/Industrials/AZ.csv,15_min_interval_stocks,Industrials,AZ,770056,0.0007171705365180969
4370,15_min_interval_stocks/Industrials/AZEK.csv,15_min_interval_stocks,Industrials,AZEK,1723412,0.001605052500963211
4371,15_min_interval_stocks/Industrials/AZZ.csv,15_min_interval_stocks,Industrials,AZZ,7817233,0.007280365563929081
4372,15_min_interval_stocks/Industrials/B.csv,15_min_interval_stocks,Industrials,B,9230087,0.008596188388764858
4373,15_min_interval_stocks/Industrials/BA.csv,15_min_interval_stocks,Industrials,BA,14221188,0.013244513422250748
4374,15_min_interval_stocks/Industrials/BAK.csv,15_min_interval_stocks,Industrials,BAK,7900107,0.007357547990977764
4375,15_min_interval_stocks/Industrials/BALL.csv,15_min_interval_stocks,Industrials,BALL,7250329,0.006752395071089268
4376,15_min_interval_stocks/Industrials/BC.csv,15_min_interval_stocks,Industrials,BC,10039861,0.009350349195301533
4377,15_min_interval_stocks/Industrials/BCPC.csv,15_min_interval_stocks,Industrials,BCPC,6976500,0.006497371941804886
4378,15_min_interval_stocks/Industrials/BDC.csv,15_min_interval_stocks,Industrials,BDC,8123300,0.007565412670373917
4379,15_min_interval_stocks/Industrials/BERY.csv,15_min_interval_stocks,Industrials,BERY,4908063,0.004570989869534969
4380,15_min_interval_stocks/Industrials/BEST.csv,15_min_interval_stocks,Industrials,BEST,1980822,0.0018447842448949814
4381,15_min_interval_stocks/Industrials/BIO.csv,15_min_interval_stocks,Industrials,BIO,7943748,0.007398191839456558
4382,15_min_interval_stocks/Industrials/BIOX.csv,15_min_interval_stocks,Industrials,BIOX,1319762,0.0012291241437196732
4383,15_min_interval_stocks/Industrials/BKR.csv,15_min_interval_stocks,Industrials,BKR,3651698,0.0034009087830781937
4384,15_min_interval_stocks/Industrials/BMI.csv,15_min_interval_stocks,Industrials,BMI,8017277,0.00746667105704546
4385,15_min_interval_stocks/Industrials/BNGO.csv,15_min_interval_stocks,Industrials,BNGO,3497189,0.0032570110633969307
4386,15_min_interval_stocks/Industrials/BNRG.csv,15_min_interval_stocks,Industrials,BNRG,537030,0.0005001481622457504
4387,15_min_interval_stocks/Industrials/BOOM.csv,15_min_interval_stocks,Industrials,BOOM,7884961,0.007343442179262638
4388,15_min_interval_stocks/Industrials/BRKR.csv,15_min_interval_stocks,Industrials,BRKR,8395928,0.007819317281246185
4389,15_min_interval_stocks/Industrials/BSLK.csv,15_min_interval_stocks,Industrials,BSLK,165460,0.00015409663319587708
4390,15_min_interval_stocks/Industrials/BSLKW.csv,15_min_interval_stocks,Industrials,BSLKW,10084,9.391456842422485e-06
4391,15_min_interval_stocks/Industrials/BW.csv,15_min_interval_stocks,Industrials,BW,3335042,0.0031059999018907547
4392,15_min_interval_stocks/Industrials/BWNB.csv,15_min_interval_stocks,Industrials,BWNB,585501,0.0005452902987599373
4393,15_min_interval_stocks/Industrials/BWSN.csv,15_min_interval_stocks,Industrials,BWSN,824389,0.0007677720859646797
4394,15_min_interval_stocks/Industrials/BWXT.csv,15_min_interval_stocks,Industrials,BWXT,5879305,0.005475529469549656
4395,15_min_interval_stocks/Industrials/CARR.csv,15_min_interval_stocks,Industrials,CARR,2416210,0.0022502709180116653
4396,15_min_interval_stocks/Industrials/CAT.csv,15_min_interval_stocks,Industrials,CAT,13825439,0.012875943444669247
4397,15_min_interval_stocks/Industrials/CBT.csv,15_min_interval_stocks,Industrials,CBT,9917326,0.009236229583621025
4398,15_min_interval_stocks/Industrials/CBUS.csv,15_min_interval_stocks,Industrials,CBUS,508186,0.00047328509390354156
4399,15_min_interval_stocks/Industrials/CC.csv,15_min_interval_stocks,Industrials,CC,4060372,0.0037815161049365997
4400,15_min_interval_stocks/Industrials/CCK.csv,15_min_interval_stocks,Industrials,CCK,9972176,0.009287312626838684
4401,15_min_interval_stocks/Industrials/CDTG.csv,15_min_interval_stocks,Industrials,CDTG,91774,8.547119796276093e-05
4402,15_min_interval_stocks/Industrials/CDXS.csv,15_min_interval_stocks,Industrials,CDXS,4713233,0.004389540292322636
4403,15_min_interval_stocks/Industrials/CE.csv,15_min_interval_stocks,Industrials,CE,8257982,0.0076908450573682785
4404,15_min_interval_stocks/Industrials/CEAD.csv,15_min_interval_stocks,Industrials,CEAD,613249,0.0005711326375603676
4405,15_min_interval_stocks/Industrials/CECO.csv,15_min_interval_stocks,Industrials,CECO,9451197,0.008802113123238087
4406,15_min_interval_stocks/Industrials/CENX.csv,15_min_interval_stocks,Industrials,CENX,8958974,0.008343694731593132
4407,15_min_interval_stocks/Industrials/CF.csv,15_min_interval_stocks,Industrials,CF,8641865,0.008048363961279392
4408,15_min_interval_stocks/Industrials/CGNX.csv,15_min_interval_stocks,Industrials,CGNX,9968422,0.009283816441893578
4409,15_min_interval_stocks/Industrials/CHSCL.csv,15_min_interval_stocks,Industrials,CHSCL,2765691,0.0025757504627108574
4410,15_min_interval_stocks/Industrials/CHSCM.csv,15_min_interval_stocks,Industrials,CHSCM,2674201,0.0024905437603592873
4411,15_min_interval_stocks/Industrials/CHSCN.csv,15_min_interval_stocks,Industrials,CHSCN,2486303,0.002315550111234188
4412,15_min_interval_stocks/Industrials/CHSCO.csv,15_min_interval_stocks,Industrials,CHSCO,2292040,0.0021346285939216614
4413,15_min_interval_stocks/Industrials/CHSCP.csv,15_min_interval_stocks,Industrials,CHSCP,3440750,0.0032044481486082077
4414,15_min_interval_stocks/Industrials/CHX.csv,15_min_interval_stocks,Industrials,CHX,2719207,0.0025324588641524315
4415,15_min_interval_stocks/Industrials/CLH.csv,15_min_interval_stocks,Industrials,CLH,5763512,0.005367688834667206
4416,15_min_interval_stocks/Industrials/CLIR.csv,15_min_interval_stocks,Industrials,CLIR,3063505,0.0028531113639473915
4417,15_min_interval_stocks/Industrials/CMC.csv,15_min_interval_stocks,Industrials,CMC,9756026,0.009086007252335548
4418,15_min_interval_stocks/Industrials/CMCO.csv,15_min_interval_stocks,Industrials,CMCO,8616620,0.008024852722883224
4419,15_min_interval_stocks/Industrials/CMI.csv,15_min_interval_stocks,Industrials,CMI,9531560,0.00887695699930191
4420,15_min_interval_stocks/Industrials/CMP.csv,15_min_interval_stocks,Industrials,CMP,8315919,0.0077448030933737755
4421,15_min_interval_stocks/Industrials/CMT.csv,15_min_interval_stocks,Industrials,CMT,4300293,0.00400495994836092
4422,15_min_interval_stocks/Industrials/CNEY.csv,15_min_interval_stocks,Industrials,CNEY,1372479,0.0012782206758856773
4423,15_min_interval_stocks/Industrials/CNH.csv,15_min_interval_stocks,Industrials,CNH,302403,0.00028163474053144455
4424,15_min_interval_stocks/Industrials/CNI.csv,15_min_interval_stocks,Industrials,CNI,10162131,0.009464222006499767
4425,15_min_interval_stocks/Industrials/CODA.csv,15_min_interval_stocks,Industrials,CODA,1318203,0.0012276722118258476
4426,15_min_interval_stocks/Industrials/COHU.csv,15_min_interval_stocks,Industrials,COHU,9425586,0.00877826102077961
4427,15_min_interval_stocks/Industrials/CP.csv,15_min_interval_stocks,Industrials,CP,9928164,0.009246323257684708
4428,15_min_interval_stocks/Industrials/CPAC.csv,15_min_interval_stocks,Industrials,CPAC,1454348,0.001354467123746872
4429,15_min_interval_stocks/Industrials/CR.csv,15_min_interval_stocks,Industrials,CR,8688960,0.008092224597930908
4430,15_min_interval_stocks/Industrials/CRH.csv,15_min_interval_stocks,Industrials,CRH,8624948,0.008032608777284622
4431,15_min_interval_stocks/Industrials/CRS.csv,15_min_interval_stocks,Industrials,CRS,9879899,0.009201372973620892
4432,15_min_interval_stocks/Industrials/CSL.csv,15_min_interval_stocks,Industrials,CSL,10040178,0.009350644424557686
4433,15_min_interval_stocks/Industrials/CSTE.csv,15_min_interval_stocks,Industrials,CSTE,4428133,0.004124020226299763
4434,15_min_interval_stocks/Industrials/CSTM.csv,15_min_interval_stocks,Industrials,CSTM,3967702,0.0036952104419469833
4435,15_min_interval_stocks/Industrials/CSWI.csv,15_min_interval_stocks,Industrials,CSWI,3206636,0.0029864124953746796
4436,15_min_interval_stocks/Industrials/CSX.csv,15_min_interval_stocks,Industrials,CSX,11077656,0.010316871106624603
4437,15_min_interval_stocks/Industrials/CTKB.csv,15_min_interval_stocks,Industrials,CTKB,1154041,0.0010747844353318214
4438,15_min_interval_stocks/Industrials/CUB.csv,15_min_interval_stocks,Industrials,CUB,19344,1.8015503883361816e-05
4439,15_min_interval_stocks/Industrials/CVLG.csv,15_min_interval_stocks,Industrials,CVLG,5569901,0.005187374539673328
4440,15_min_interval_stocks/Industrials/CVR.csv,15_min_interval_stocks,Industrials,CVR,1118775,0.001041940413415432
4441,15_min_interval_stocks/Industrials/CVU.csv,15_min_interval_stocks,Industrials,CVU,820415,0.0007640710100531578
4442,15_min_interval_stocks/Industrials/CX.csv,15_min_interval_stocks,Industrials,CX,10268198,0.009563004598021507
4443,15_min_interval_stocks/Industrials/CXT.csv,15_min_interval_stocks,Industrials,CXT,725300,0.0006754882633686066
4444,15_min_interval_stocks/Industrials/CYD.csv,15_min_interval_stocks,Industrials,CYD,7365769,0.006859906949102879
4445,15_min_interval_stocks/Industrials/DAIO.csv,15_min_interval_stocks,Industrials,DAIO,2964277,0.002760698087513447
4446,15_min_interval_stocks/Industrials/DCI.csv,15_min_interval_stocks,Industrials,DCI,9722809,0.009055071510374546
4447,15_min_interval_stocks/Industrials/DCO.csv,15_min_interval_stocks,Industrials,DCO,7316068,0.006813619285821915
4448,15_min_interval_stocks/Industrials/DD.csv,15_min_interval_stocks,Industrials,DD,2777869,0.0025870921090245247
4449,15_min_interval_stocks/Industrials/DE.csv,15_min_interval_stocks,Industrials,DE,12019552,0.011194080114364624
4450,15_min_interval_stocks/Industrials/DHR.csv,15_min_interval_stocks,Industrials,DHR,10893012,0.010144907981157303
4451,15_min_interval_stocks/Industrials/DNMR.csv,15_min_interval_stocks,Industrials,DNMR,2415028,0.00224917009472847
4452,15_min_interval_stocks/Industrials/DNOW.csv,15_min_interval_stocks,Industrials,DNOW,3721836,0.003466229885816574
4453,15_min_interval_stocks/Industrials/DOV.csv,15_min_interval_stocks,Industrials,DOV,10361590,0.009649982675909996
4454,15_min_interval_stocks/Industrials/DOW.csv,15_min_interval_stocks,Industrials,DOW,3300184,0.0030735358595848083
4455,15_min_interval_stocks/Industrials/DPRO.csv,15_min_interval_stocks,Industrials,DPRO,1472798,0.0013716500252485275
4456,15_min_interval_stocks/Industrials/DRS.csv,15_min_interval_stocks,Industrials,DRS,868129,0.0008085081353783607
4457,15_min_interval_stocks/Industrials/DSWL.csv,15_min_interval_stocks,Industrials,DSWL,3369379,0.0031379787251353264
4458,15_min_interval_stocks/Industrials/DTCK.csv,15_min_interval_stocks,Industrials,DTCK,406633,0.0003787064924836159
4459,15_min_interval_stocks/Industrials/DXPE.csv,15_min_interval_stocks,Industrials,DXPE,6643499,0.006187240593135357
4460,15_min_interval_stocks/Industrials/DY.csv,15_min_interval_stocks,Industrials,DY,8755850,0.008154520764946938
4461,15_min_interval_stocks/Industrials/ECVT.csv,15_min_interval_stocks,Industrials,ECVT,2442221,0.0022744955494999886
4462,15_min_interval_stocks/Industrials/EFXT.csv,15_min_interval_stocks,Industrials,EFXT,690234,0.0006428305059671402
4463,15_min_interval_stocks/Industrials/EH.csv,15_min_interval_stocks,Industrials,EH,2633462,0.0024526026099920273
4464,15_min_interval_stocks/Industrials/EKSO.csv,15_min_interval_stocks,Industrials,EKSO,3479752,0.0032407715916633606
4465,15_min_interval_stocks/Industrials/ELSE.csv,15_min_interval_stocks,Industrials,ELSE,1387717,0.001292412169277668
4466,15_min_interval_stocks/Industrials/EME.csv,15_min_interval_stocks,Industrials,EME,9703282,0.00903688557446003
4467,15_min_interval_stocks/Industrials/EMN.csv,15_min_interval_stocks,Industrials,EMN,10208400,0.009507313370704651
4468,15_min_interval_stocks/Industrials/ENTG.csv,15_min_interval_stocks,Industrials,ENTG,9864299,0.00918684434145689
4469,15_min_interval_stocks/Industrials/ERJ.csv,15_min_interval_stocks,Industrials,ERJ,9996835,0.009310278110206127
4470,15_min_interval_stocks/Industrials/ESAB.csv,15_min_interval_stocks,Industrials,ESAB,1104115,0.001028287224471569
4471,15_min_interval_stocks/Industrials/ESI.csv,15_min_interval_stocks,Industrials,ESI,9182653,0.008552012033760548
4472,15_min_interval_stocks/Industrials/ESLT.csv,15_min_interval_stocks,Industrials,ESLT,5992309,0.0055807726457715034
4473,15_min_interval_stocks/Industrials/ESOA.csv,15_min_interval_stocks,Industrials,ESOA,1063712,0.0009906589984893799
4474,15_min_interval_stocks/Industrials/EVC.csv,15_min_interval_stocks,Industrials,EVC,8745051,0.008144463412463665
4475,15_min_interval_stocks/Industrials/EVEX.csv,15_min_interval_stocks,Industrials,EVEX,762417,0.0007100561633706093
4476,15_min_interval_stocks/Industrials/EVGN.csv,15_min_interval_stocks,Industrials,EVGN,2004487,0.0018668239936232567
4477,15_min_interval_stocks/Industrials/EVTL.csv,15_min_interval_stocks,Industrials,EVTL,1609752,0.0014991983771324158
4478,15_min_interval_stocks/Industrials/EXP.csv,15_min_interval_stocks,Industrials,EXP,8508341,0.007924010045826435
4479,15_min_interval_stocks/Industrials/EYPT.csv,15_min_interval_stocks,Industrials,EYPT,4948530,0.004608677700161934
4480,15_min_interval_stocks/Industrials/FARO.csv,15_min_interval_stocks,Industrials,FARO,7431291,0.006920929066836834
4481,15_min_interval_stocks/Industrials/FCUV.csv,15_min_interval_stocks,Industrials,FCUV,1035983,0.0009648343548178673
4482,15_min_interval_stocks/Industrials/FEAM.csv,15_min_interval_stocks,Industrials,FEAM,901200,0.0008393079042434692
4483,15_min_interval_stocks/Industrials/FEIM.csv,15_min_interval_stocks,Industrials,FEIM,2182620,0.0020327232778072357
4484,15_min_interval_stocks/Industrials/FENG.csv,15_min_interval_stocks,Industrials,FENG,4083576,0.0038031265139579773
4485,15_min_interval_stocks/Industrials/FER.csv,15_min_interval_stocks,Industrials,FER,186315,0.00017351936548948288
4486,15_min_interval_stocks/Industrials/FET.csv,15_min_interval_stocks,Industrials,FET,4031256,0.0037543997168540955
4487,15_min_interval_stocks/Industrials/FF.csv,15_min_interval_stocks,Industrials,FF,4974030,0.004632426425814629
4488,15_min_interval_stocks/Industrials/FGI.csv,15_min_interval_stocks,Industrials,FGI,399758,0.00037230364978313446
4489,15_min_interval_stocks/Industrials/FIX.csv,15_min_interval_stocks,Industrials,FIX,9188328,0.00855729728937149
4490,15_min_interval_stocks/Industrials/FLR.csv,15_min_interval_stocks,Industrials,FLR,10090591,0.009397595189511776
4491,15_min_interval_stocks/Industrials/FLS.csv,15_min_interval_stocks,Industrials,FLS,9914977,0.009234041906893253
4492,15_min_interval_stocks/Industrials/FLX.csv,15_min_interval_stocks,Industrials,FLX,51027,4.752259701490402e-05
4493,15_min_interval_stocks/Industrials/FLYE.csv,15_min_interval_stocks,Industrials,FLYE,268098,0.00024968571960926056
4494,15_min_interval_stocks/Industrials/FMC.csv,15_min_interval_stocks,Industrials,FMC,10225484,0.009523224085569382
4495,15_min_interval_stocks/Industrials/FORD.csv,15_min_interval_stocks,Industrials,FORD,4785907,0.004457223229110241
4496,15_min_interval_stocks/Industrials/FOX.csv,15_min_interval_stocks,Industrials,FOX,6712069,0.00625110138207674
4497,15_min_interval_stocks/Industrials/FOXA.csv,15_min_interval_stocks,Industrials,FOXA,7200627,0.006706106476485729
4498,15_min_interval_stocks/Industrials/FRD.csv,15_min_interval_stocks,Industrials,FRD,4191614,0.0039037447422742844
4499,15_min_interval_stocks/Industrials/FSI.csv,15_min_interval_stocks,Industrials,FSI,3312917,0.0030853943899273872
4500,15_min_interval_stocks/Industrials/FSTR.csv,15_min_interval_stocks,Industrials,FSTR,6392330,0.005953321233391762
4501,15_min_interval_stocks/Industrials/FTAI.csv,15_min_interval_stocks,Industrials,FTAI,3880201,0.0036137187853455544
4502,15_min_interval_stocks/Industrials/FTAIM.csv,15_min_interval_stocks,Industrials,FTAIM,192989,0.00017973501235246658
4503,15_min_interval_stocks/Industrials/FTAIN.csv,15_min_interval_stocks,Industrials,FTAIN,511841,0.00047668907791376114
4504,15_min_interval_stocks/Industrials/FTAIO.csv,15_min_interval_stocks,Industrials,FTAIO,727713,0.0006777355447411537
4505,15_min_interval_stocks/Industrials/FTEK.csv,15_min_interval_stocks,Industrials,FTEK,6404967,0.005965090356767178
4506,15_min_interval_stocks/Industrials/FTI.csv,15_min_interval_stocks,Industrials,FTI,10386794,0.009673455730080605
4507,15_min_interval_stocks/Industrials/FTK.csv,15_min_interval_stocks,Industrials,FTK,6397269,0.005957921035587788
4508,15_min_interval_stocks/Industrials/FTV.csv,15_min_interval_stocks,Industrials,FTV,3504396,0.0032637231051921844
4509,15_min_interval_stocks/Industrials/FUL.csv,15_min_interval_stocks,Industrials,FUL,8776032,0.008173316717147827
4510,15_min_interval_stocks/Industrials/FWONA.csv,15_min_interval_stocks,Industrials,FWONA,4543378,0.0042313504964113235
4511,15_min_interval_stocks/Industrials/FWONK.csv,15_min_interval_stocks,Industrials,FWONK,4119691,0.0038367612287402153
4512,15_min_interval_stocks/Industrials/GAU.csv,15_min_interval_stocks,Industrials,GAU,5467278,0.005091799423098564
4513,15_min_interval_stocks/Industrials/GBX.csv,15_min_interval_stocks,Industrials,GBX,8720037,0.008121167309582233
4514,15_min_interval_stocks/Industrials/GD.csv,15_min_interval_stocks,Industrials,GD,11037474,0.010279448702931404
4515,15_min_interval_stocks/Industrials/GDC.csv,15_min_interval_stocks,Industrials,GDC,1760784,0.0016398578882217407
4516,15_min_interval_stocks/Industrials/GENC.csv,15_min_interval_stocks,Industrials,GENC,2796842,0.002604762092232704
4517,15_min_interval_stocks/Industrials/GEOS.csv,15_min_interval_stocks,Industrials,GEOS,6056755,0.005640792660415173
4518,15_min_interval_stocks/Industrials/GEVO.csv,15_min_interval_stocks,Industrials,GEVO,6345878,0.005910059437155724
4519,15_min_interval_stocks/Industrials/GFF.csv,15_min_interval_stocks,Industrials,GFF,9321226,0.008681068196892738
4520,15_min_interval_stocks/Industrials/GGB.csv,15_min_interval_stocks,Industrials,GGB,9484740,0.008833352476358414
4521,15_min_interval_stocks/Industrials/GGG.csv,15_min_interval_stocks,Industrials,GGG,9519325,0.00886556226760149
4522,15_min_interval_stocks/Industrials/GHM.csv,15_min_interval_stocks,Industrials,GHM,6021839,0.0056082746013998985
4523,15_min_interval_stocks/Industrials/GIC.csv,15_min_interval_stocks,Industrials,GIC,4518267,0.004207964055240154
4524,15_min_interval_stocks/Industrials/GIFI.csv,15_min_interval_stocks,Industrials,GIFI,7557127,0.007038122974336147
4525,15_min_interval_stocks/Industrials/GLDD.csv,15_min_interval_stocks,Industrials,GLDD,6073883,0.0056567443534731865
4526,15_min_interval_stocks/Industrials/GLLI.csv,15_min_interval_stocks,Industrials,GLLI,67952,6.3285231590271e-05
4527,15_min_interval_stocks/Industrials/GLLIU.csv,15_min_interval_stocks,Industrials,GLLIU,8202,7.638707756996155e-06
4528,15_min_interval_stocks/Industrials/GLST.csv,15_min_interval_stocks,Industrials,GLST,66971,6.237160414457321e-05
4529,15_min_interval_stocks/Industrials/GLW.csv,15_min_interval_stocks,Industrials,GLW,12218365,0.011379239149391651
4530,15_min_interval_stocks/Industrials/GPRE.csv,15_min_interval_stocks,Industrials,GPRE,6499019,0.006052683107554913
4531,15_min_interval_stocks/Industrials/GRC.csv,15_min_interval_stocks,Industrials,GRC,7323695,0.006820722483098507
4532,15_min_interval_stocks/Industrials/GRMN.csv,15_min_interval_stocks,Industrials,GRMN,10362172,0.009650524705648422
4533,15_min_interval_stocks/Industrials/GTEC.csv,15_min_interval_stocks,Industrials,GTEC,1306770,0.0012170244008302689
4534,15_min_interval_stocks/Industrials/GTES.csv,15_min_interval_stocks,Industrials,GTES,2437659,0.0022702468559145927
4535,15_min_interval_stocks/Industrials/GTLS.csv,15_min_interval_stocks,Industrials,GTLS,6680760,0.006221942603588104
4536,15_min_interval_stocks/Industrials/GTN.csv,15_min_interval_stocks,Industrials,GTN,8370183,0.00779534038156271
4537,15_min_interval_stocks/Industrials/GURE.csv,15_min_interval_stocks,Industrials,GURE,3653837,0.003402900882065296
4538,15_min_interval_stocks/Industrials/GVA.csv,15_min_interval_stocks,Industrials,GVA,9855485,0.00917863566428423
4539,15_min_interval_stocks/Industrials/GWAV.csv,15_min_interval_stocks,Industrials,GWAV,3039496,0.0028307512402534485
4540,15_min_interval_stocks/Industrials/GWW.csv,15_min_interval_stocks,Industrials,GWW,10488170,0.009767869487404823
4541,15_min_interval_stocks/Industrials/HAYW.csv,15_min_interval_stocks,Industrials,HAYW,1382786,0.001287819817662239
4542,15_min_interval_stocks/Industrials/HBIO.csv,15_min_interval_stocks,Industrials,HBIO,7073524,0.006587732583284378
4543,15_min_interval_stocks/Industrials/HEES.csv,15_min_interval_stocks,Industrials,HEES,7294042,0.006793105974793434
4544,15_min_interval_stocks/Industrials/HEI.csv,15_min_interval_stocks,Industrials,HEI,9250431,0.008615135215222836
4545,15_min_interval_stocks/Industrials/HIHO.csv,15_min_interval_stocks,Industrials,HIHO,2488348,0.0023174546658992767
4546,15_min_interval_stocks/Industrials/HII.csv,15_min_interval_stocks,Industrials,HII,5777573,0.005380784161388874
4547,15_min_interval_stocks/Industrials/HL.csv,15_min_interval_stocks,Industrials,HL,11467216,0.010679677128791809
4548,15_min_interval_stocks/Industrials/HLIO.csv,15_min_interval_stocks,Industrials,HLIO,6671724,0.006213527172803879
4549,15_min_interval_stocks/Industrials/HLP.csv,15_min_interval_stocks,Industrials,HLP,524532,0.0004885084927082062
4550,15_min_interval_stocks/Industrials/HON.csv,15_min_interval_stocks,Industrials,HON,11641083,0.010841603390872478
4551,15_min_interval_stocks/Industrials/HOVR.csv,15_min_interval_stocks,Industrials,HOVR,418492,0.00038975104689598083
4552,15_min_interval_stocks/Industrials/HOVRW.csv,15_min_interval_stocks,Industrials,HOVRW,77060,7.176771759986877e-05
4553,15_min_interval_stocks/Industrials/HRI.csv,15_min_interval_stocks,Industrials,HRI,7330656,0.006827205419540405
4554,15_min_interval_stocks/Industrials/HSAI.csv,15_min_interval_stocks,Industrials,HSAI,776812,0.0007234625518321991
4555,15_min_interval_stocks/Industrials/HTLD.csv,15_min_interval_stocks,Industrials,HTLD,9648035,0.008985432796180248
4556,15_min_interval_stocks/Industrials/HUDI.csv,15_min_interval_stocks,Industrials,HUDI,1104995,0.0010291067883372307
4557,15_min_interval_stocks/Industrials/HUN.csv,15_min_interval_stocks,Industrials,HUN,8415987,0.007837998680770397
4558,15_min_interval_stocks/Industrials/HURC.csv,15_min_interval_stocks,Industrials,HURC,6004734,0.005592344328761101
4559,15_min_interval_stocks/Industrials/HWM.csv,15_min_interval_stocks,Industrials,HWM,3748011,0.0034906072542071342
4560,15_min_interval_stocks/Industrials/HXL.csv,15_min_interval_stocks,Industrials,HXL,9361627,0.008718694560229778
4561,15_min_interval_stocks/Industrials/HY.csv,15_min_interval_stocks,Industrials,HY,4317623,0.004021099768579006
4562,15_min_interval_stocks/Industrials/ICL.csv,15_min_interval_stocks,Industrials,ICL,4117908,0.003835100680589676
4563,15_min_interval_stocks/Industrials/IESC.csv,15_min_interval_stocks,Industrials,IESC,4208750,0.003919703885912895
4564,15_min_interval_stocks/Industrials/IEX.csv,15_min_interval_stocks,Industrials,IEX,9863987,0.00918655376881361
4565,15_min_interval_stocks/Industrials/IFF.csv,15_min_interval_stocks,Industrials,IFF,10439182,0.00972224585711956
4566,15_min_interval_stocks/Industrials/IIIN.csv,15_min_interval_stocks,Industrials,IIIN,7435291,0.006924654357135296
4567,15_min_interval_stocks/Industrials/INHD.csv,15_min_interval_stocks,Industrials,INHD,304060,0.0002831779420375824
4568,15_min_interval_stocks/Industrials/INTT.csv,15_min_interval_stocks,Industrials,INTT,4151814,0.0038666781038045883
4569,15_min_interval_stocks/Industrials/INVX.csv,15_min_interval_stocks,Industrials,INVX,94856,8.834153413772583e-05
4570,15_min_interval_stocks/Industrials/IONR.csv,15_min_interval_stocks,Industrials,IONR,388620,0.00036193057894706726
4571,15_min_interval_stocks/Industrials/IOSP.csv,15_min_interval_stocks,Industrials,IOSP,7117106,0.00662832148373127
4572,15_min_interval_stocks/Industrials/IPI.csv,15_min_interval_stocks,Industrials,IPI,6327535,0.005892976187169552
4573,15_min_interval_stocks/Industrials/IR.csv,15_min_interval_stocks,Industrials,IR,9520562,0.00886671431362629
4574,15_min_interval_stocks/Industrials/ITRI.csv,15_min_interval_stocks,Industrials,ITRI,8605079,0.008014104329049587
4575,15_min_interval_stocks/Industrials/ITT.csv,15_min_interval_stocks,Industrials,ITT,9817250,0.009143026545643806
4576,15_min_interval_stocks/Industrials/ITW.csv,15_min_interval_stocks,Industrials,ITW,10619821,0.009890479035675526
4577,15_min_interval_stocks/Industrials/J.csv,15_min_interval_stocks,Industrials,J,7392053,0.006884385831654072
4578,15_min_interval_stocks/Industrials/JBHT.csv,15_min_interval_stocks,Industrials,JBHT,10403240,0.00968877226114273
4579,15_min_interval_stocks/Industrials/JBI.csv,15_min_interval_stocks,Industrials,JBI,1567453,0.0014598043635487556
4580,15_min_interval_stocks/Industrials/JBT.csv,15_min_interval_stocks,Industrials,JBT,6486004,0.006040561944246292
4581,15_min_interval_stocks/Industrials/JCI.csv,15_min_interval_stocks,Industrials,JCI,10495969,0.00977513287216425
4582,15_min_interval_stocks/Industrials/JHX.csv,15_min_interval_stocks,Industrials,JHX,3346478,0.0031166505068540573
4583,15_min_interval_stocks/Industrials/JOBY.csv,15_min_interval_stocks,Industrials,JOBY,2275232,0.0021189749240875244
4584,15_min_interval_stocks/Industrials/KAI.csv,15_min_interval_stocks,Industrials,KAI,7679186,0.007151799276471138
4585,15_min_interval_stocks/Industrials/KALU.csv,15_min_interval_stocks,Industrials,KALU,7176890,0.006683999672532082
4586,15_min_interval_stocks/Industrials/KBR.csv,15_min_interval_stocks,Industrials,KBR,7462065,0.006949589587748051
4587,15_min_interval_stocks/Industrials/KEQU.csv,15_min_interval_stocks,Industrials,KEQU,1462479,0.0013620397076010704
4588,15_min_interval_stocks/Industrials/KEYS.csv,15_min_interval_stocks,Industrials,KEYS,3907831,0.00363945122808218
4589,15_min_interval_stocks/Industrials/KITT.csv,15_min_interval_stocks,Industrials,KITT,1076952,0.0010029897093772888
4590,15_min_interval_stocks/Industrials/KITTW.csv,15_min_interval_stocks,Industrials,KITTW,253071,0.00023569073528051376
4591,15_min_interval_stocks/Industrials/KMT.csv,15_min_interval_stocks,Industrials,KMT,9889048,0.009209893643856049
4592,15_min_interval_stocks/Industrials/KNF.csv,15_min_interval_stocks,Industrials,KNF,607681,0.0005659470334649086
4593,15_min_interval_stocks/Industrials/KNW.csv,15_min_interval_stocks,Industrials,KNW,766410,0.0007137749344110489
4594,15_min_interval_stocks/Industrials/KNX.csv,15_min_interval_stocks,Industrials,KNX,8146751,0.007587253116071224
4595,15_min_interval_stocks/Industrials/KRNT.csv,15_min_interval_stocks,Industrials,KRNT,3179637,0.0029612677171826363
4596,15_min_interval_stocks/Industrials/KRO.csv,15_min_interval_stocks,Industrials,KRO,6856812,0.0063859038054943085
4597,15_min_interval_stocks/Industrials/KRT.csv,15_min_interval_stocks,Industrials,KRT,899263,0.0008375039324164391
4598,15_min_interval_stocks/Industrials/KTOS.csv,15_min_interval_stocks,Industrials,KTOS,6312660,0.005879122763872147
4599,15_min_interval_stocks/Industrials/KWR.csv,15_min_interval_stocks,Industrials,KWR,8346168,0.007772974669933319
4600,15_min_interval_stocks/Industrials/LAB.csv,15_min_interval_stocks,Industrials,LAB,8246798,0.007680429145693779
4601,15_min_interval_stocks/Industrials/LECO.csv,15_min_interval_stocks,Industrials,LECO,9728429,0.009060305543243885
4602,15_min_interval_stocks/Industrials/LEU.csv,15_min_interval_stocks,Industrials,LEU,2841929,0.0026467526331543922
4603,15_min_interval_stocks/Industrials/LGO.csv,15_min_interval_stocks,Industrials,LGO,1107636,0.0010315664112567902
4604,15_min_interval_stocks/Industrials/LHX.csv,15_min_interval_stocks,Industrials,LHX,7637493,0.007112969644367695
4605,15_min_interval_stocks/Industrials/LICY.csv,15_min_interval_stocks,Industrials,LICY,2051657,0.0019107544794678688
4606,15_min_interval_stocks/Industrials/LII.csv,15_min_interval_stocks,Industrials,LII,9987830,0.009301891550421715
4607,15_min_interval_stocks/Industrials/LIN.csv,15_min_interval_stocks,Industrials,LIN,7585399,0.007064453326165676
4608,15_min_interval_stocks/Industrials/LLYVA.csv,15_min_interval_stocks,Industrials,LLYVA,458697,0.00042719487100839615
4609,15_min_interval_stocks/Industrials/LLYVK.csv,15_min_interval_stocks,Industrials,LLYVK,481631,0.00044855382293462753
4610,15_min_interval_stocks/Industrials/LMT.csv,15_min_interval_stocks,Industrials,LMT,11737143,0.010931066237390041
4611,15_min_interval_stocks/Industrials/LNN.csv,15_min_interval_stocks,Industrials,LNN,8947815,0.008333302102982998
4612,15_min_interval_stocks/Industrials/LNZA.csv,15_min_interval_stocks,Industrials,LNZA,707647,0.0006590476259589195
4613,15_min_interval_stocks/Industrials/LNZAW.csv,15_min_interval_stocks,Industrials,LNZAW,212519,0.00019792374223470688
4614,15_min_interval_stocks/Industrials/LOAR.csv,15_min_interval_stocks,Industrials,LOAR,255266,0.00023773498833179474
4615,15_min_interval_stocks/Industrials/LODE.csv,15_min_interval_stocks,Industrials,LODE,5352921,0.004985296167433262
4616,15_min_interval_stocks/Industrials/LOMA.csv,15_min_interval_stocks,Industrials,LOMA,2574366,0.002397565171122551
4617,15_min_interval_stocks/Industrials/LOOP.csv,15_min_interval_stocks,Industrials,LOOP,1893805,0.0017637433484196663
4618,15_min_interval_stocks/Industrials/LSTR.csv,15_min_interval_stocks,Industrials,LSTR,9896404,0.00921674445271492
4619,15_min_interval_stocks/Industrials/LUNR.csv,15_min_interval_stocks,Industrials,LUNR,1252113,0.0011661211028695107
4620,15_min_interval_stocks/Industrials/LUNRW.csv,15_min_interval_stocks,Industrials,LUNRW,522765,0.0004868628457188606
4621,15_min_interval_stocks/Industrials/LWLG.csv,15_min_interval_stocks,Industrials,LWLG,3305823,0.003078787587583065
4622,15_min_interval_stocks/Industrials/LXFR.csv,15_min_interval_stocks,Industrials,LXFR,4029354,0.003752628341317177
4623,15_min_interval_stocks/Industrials/LXU.csv,15_min_interval_stocks,Industrials,LXU,6993842,0.0065135229378938675
4624,15_min_interval_stocks/Industrials/LYB.csv,15_min_interval_stocks,Industrials,LYB,6106537,0.00568715576082468
4625,15_min_interval_stocks/Industrials/MAS.csv,15_min_interval_stocks,Industrials,MAS,10302203,0.009594674222171307
4626,15_min_interval_stocks/Industrials/MASS.csv,15_min_interval_stocks,Industrials,MASS,1353032,0.0012601092457771301
4627,15_min_interval_stocks/Industrials/MBUU.csv,15_min_interval_stocks,Industrials,MBUU,3679212,0.003426533192396164
4628,15_min_interval_stocks/Industrials/MCFT.csv,15_min_interval_stocks,Industrials,MCFT,3195014,0.0029755886644124985
4629,15_min_interval_stocks/Industrials/MDU.csv,15_min_interval_stocks,Industrials,MDU,9480659,0.008829551748931408
4630,15_min_interval_stocks/Industrials/MEC.csv,15_min_interval_stocks,Industrials,MEC,1567233,0.0014595994725823402
4631,15_min_interval_stocks/Industrials/MEOH.csv,15_min_interval_stocks,Industrials,MEOH,9500537,0.008848064579069614
4632,15_min_interval_stocks/Industrials/MIDD.csv,15_min_interval_stocks,Industrials,MIDD,8298112,0.007728219032287598
4633,15_min_interval_stocks/Industrials/MIND.csv,15_min_interval_stocks,Industrials,MIND,5511399,0.005132890306413174
4634,15_min_interval_stocks/Industrials/MIR.csv,15_min_interval_stocks,Industrials,MIR,1665221,0.0015508579090237617
4635,15_min_interval_stocks/Industrials/MKSI.csv,15_min_interval_stocks,Industrials,MKSI,10233985,0.009531141258776188
4636,15_min_interval_stocks/Industrials/MLAB.csv,15_min_interval_stocks,Industrials,MLAB,3528992,0.0032866299152374268
4637,15_min_interval_stocks/Industrials/MLI.csv,15_min_interval_stocks,Industrials,MLI,9512511,0.00885921623557806
4638,15_min_interval_stocks/Industrials/MLM.csv,15_min_interval_stocks,Industrials,MLM,10405717,0.009691079147160053
4639,15_min_interval_stocks/Industrials/MNTS.csv,15_min_interval_stocks,Industrials,MNTS,2099073,0.0019549140706658363
4640,15_min_interval_stocks/Industrials/MNTSW.csv,15_min_interval_stocks,Industrials,MNTSW,606802,0.0005651284009218216
4641,15_min_interval_stocks/Industrials/MOB.csv,15_min_interval_stocks,Industrials,MOB,723397,0.0006737159565091133
4642,15_min_interval_stocks/Industrials/MOBBW.csv,15_min_interval_stocks,Industrials,MOBBW,62993,5.866680294275284e-05
4643,15_min_interval_stocks/Industrials/MOS.csv,15_min_interval_stocks,Industrials,MOS,10085713,0.009393052197992802
4644,15_min_interval_stocks/Industrials/MPX.csv,15_min_interval_stocks,Industrials,MPX,5138561,0.004785657860338688
4645,15_min_interval_stocks/Industrials/MRC.csv,15_min_interval_stocks,Industrials,MRC,4341279,0.00404313113540411
4646,15_min_interval_stocks/Industrials/MRTN.csv,15_min_interval_stocks,Industrials,MRTN,7977869,0.007429969497025013
4647,15_min_interval_stocks/Industrials/MSB.csv,15_min_interval_stocks,Industrials,MSB,7331369,0.006827869452536106
4648,15_min_interval_stocks/Industrials/MSM.csv,15_min_interval_stocks,Industrials,MSM,9626290,0.008965181186795235
4649,15_min_interval_stocks/Industrials/MT.csv,15_min_interval_stocks,Industrials,MT,11308132,0.01053151860833168
4650,15_min_interval_stocks/Industrials/MTD.csv,15_min_interval_stocks,Industrials,MTD,8921904,0.008309170603752136
4651,15_min_interval_stocks/Industrials/MTEN.csv,15_min_interval_stocks,Industrials,MTEN,192628,0.0001793988049030304
4652,15_min_interval_stocks/Industrials/MTRN.csv,15_min_interval_stocks,Industrials,MTRN,6813615,0.006345673464238644
4653,15_min_interval_stocks/Industrials/MTUS.csv,15_min_interval_stocks,Industrials,MTUS,299415,0.0002788519486784935
4654,15_min_interval_stocks/Industrials/MTW.csv,15_min_interval_stocks,Industrials,MTW,9522256,0.008868291974067688
4655,15_min_interval_stocks/Industrials/MTX.csv,15_min_interval_stocks,Industrials,MTX,9719781,0.00905225146561861
4656,15_min_interval_stocks/Industrials/MTZ.csv,15_min_interval_stocks,Industrials,MTZ,8618846,0.008026925846934319
4657,15_min_interval_stocks/Industrials/MWA.csv,15_min_interval_stocks,Industrials,MWA,7186317,0.006692779250442982
4658,15_min_interval_stocks/Industrials/MYE.csv,15_min_interval_stocks,Industrials,MYE,8614969,0.008023315109312534
4659,15_min_interval_stocks/Industrials/MYRG.csv,15_min_interval_stocks,Industrials,MYRG,5421858,0.005049498751759529
4660,15_min_interval_stocks/Industrials/NAUT.csv,15_min_interval_stocks,Industrials,NAUT,1320354,0.0012296754866838455
4661,15_min_interval_stocks/Industrials/NCL.csv,15_min_interval_stocks,Industrials,NCL,550113,0.0005123326554894447
4662,15_min_interval_stocks/Industrials/NDSN.csv,15_min_interval_stocks,Industrials,NDSN,10038773,0.009349335916340351
4663,15_min_interval_stocks/Industrials/NEU.csv,15_min_interval_stocks,Industrials,NEU,7349590,0.006844839081168175
4664,15_min_interval_stocks/Industrials/NGVT.csv,15_min_interval_stocks,Industrials,NGVT,2973184,0.002768993377685547
4665,15_min_interval_stocks/Industrials/NISN.csv,15_min_interval_stocks,Industrials,NISN,1686936,0.0015710815787315369
4666,15_min_interval_stocks/Industrials/NITO.csv,15_min_interval_stocks,Industrials,NITO,340078,0.0003167223185300827
4667,15_min_interval_stocks/Industrials/NL.csv,15_min_interval_stocks,Industrials,NL,6703399,0.006243026815354824
4668,15_min_interval_stocks/Industrials/NMHI.csv,15_min_interval_stocks,Industrials,NMHI,370228,0.0003448016941547394
4669,15_min_interval_stocks/Industrials/NMHIW.csv,15_min_interval_stocks,Industrials,NMHIW,32934,3.067217767238617e-05
4670,15_min_interval_stocks/Industrials/NN.csv,15_min_interval_stocks,Industrials,NN,1057123,0.0009845225140452385
4671,15_min_interval_stocks/Industrials/NNAVW.csv,15_min_interval_stocks,Industrials,NNAVW,246407,0.00022948440164327621
4672,15_min_interval_stocks/Industrials/NNBR.csv,15_min_interval_stocks,Industrials,NNBR,7892323,0.007350298576056957
4673,15_min_interval_stocks/Industrials/NOC.csv,15_min_interval_stocks,Industrials,NOC,10972568,0.010219000279903412
4674,15_min_interval_stocks/Industrials/NOV.csv,15_min_interval_stocks,Industrials,NOV,9038741,0.008417983539402485
4675,15_min_interval_stocks/Industrials/NPK.csv,15_min_interval_stocks,Industrials,NPK,7109663,0.006621389649808407
4676,15_min_interval_stocks/Industrials/NPO.csv,15_min_interval_stocks,Industrials,NPO,8591789,0.008001727052032948
4677,15_min_interval_stocks/Industrials/NR.csv,15_min_interval_stocks,Industrials,NR,8020333,0.007469517178833485
4678,15_min_interval_stocks/Industrials/NSC.csv,15_min_interval_stocks,Industrials,NSC,10714169,0.009978347457945347
4679,15_min_interval_stocks/Industrials/NTIC.csv,15_min_interval_stocks,Industrials,NTIC,1673641,0.001558699645102024
4680,15_min_interval_stocks/Industrials/NTR.csv,15_min_interval_stocks,Industrials,NTR,8260876,0.007693540304899216
4681,15_min_interval_stocks/Industrials/NUE.csv,15_min_interval_stocks,Industrials,NUE,11450920,0.010664500296115875
4682,15_min_interval_stocks/Industrials/NVT.csv,15_min_interval_stocks,Industrials,NVT,2791866,0.0026001278311014175
4683,15_min_interval_stocks/Industrials/NVVE.csv,15_min_interval_stocks,Industrials,NVVE,1747436,0.0016274265944957733
4684,15_min_interval_stocks/Industrials/NVVEW.csv,15_min_interval_stocks,Industrials,NVVEW,663624,0.0006180480122566223
4685,15_min_interval_stocks/Industrials/NWL.csv,15_min_interval_stocks,Industrials,NWL,10592950,0.009865453466773033
4686,15_min_interval_stocks/Industrials/NWPX.csv,15_min_interval_stocks,Industrials,NWPX,6272370,0.005841599777340889
4687,15_min_interval_stocks/Industrials/NX.csv,15_min_interval_stocks,Industrials,NX,9353582,0.008711202070116997
4688,15_min_interval_stocks/Industrials/NXST.csv,15_min_interval_stocks,Industrials,NXST,7430555,0.006920243613421917
4689,15_min_interval_stocks/Industrials/NXT.csv,15_min_interval_stocks,Industrials,NXT,932070,0.0008680578321218491
4690,15_min_interval_stocks/Industrials/OC.csv,15_min_interval_stocks,Industrials,OC,7504403,0.006989019922912121
4691,15_min_interval_stocks/Industrials/OCC.csv,15_min_interval_stocks,Industrials,OCC,1586740,0.0014777667820453644
4692,15_min_interval_stocks/Industrials/ODFL.csv,15_min_interval_stocks,Industrials,ODFL,9199027,0.008567261509597301
4693,15_min_interval_stocks/Industrials/OEC.csv,15_min_interval_stocks,Industrials,OEC,4033172,0.0037561841309070587
4694,15_min_interval_stocks/Industrials/OFLX.csv,15_min_interval_stocks,Industrials,OFLX,2610208,0.002430945634841919
4695,15_min_interval_stocks/Industrials/OIS.csv,15_min_interval_stocks,Industrials,OIS,8743661,0.00814316887408495
4696,15_min_interval_stocks/Industrials/OLN.csv,15_min_interval_stocks,Industrials,OLN,10135652,0.009439561516046524
4697,15_min_interval_stocks/Industrials/OMIC.csv,15_min_interval_stocks,Industrials,OMIC,1061780,0.0009888596832752228
4698,15_min_interval_stocks/Industrials/ONTO.csv,15_min_interval_stocks,Industrials,ONTO,6094699,0.005676130764186382
4699,15_min_interval_stocks/Industrials/ORGN.csv,15_min_interval_stocks,Industrials,ORGN,2009267,0.0018712757155299187
4700,15_min_interval_stocks/Industrials/ORGNW.csv,15_min_interval_stocks,Industrials,ORGNW,846385,0.0007882574573159218
4701,15_min_interval_stocks/Industrials/ORN.csv,15_min_interval_stocks,Industrials,ORN,4891466,0.004555532708764076
4702,15_min_interval_stocks/Industrials/OUST.csv,15_min_interval_stocks,Industrials,OUST,1998788,0.001861516386270523
4703,15_min_interval_stocks/Industrials/OWLT.csv,15_min_interval_stocks,Industrials,OWLT,1274283,0.0011867685243487358
4704,15_min_interval_stocks/Industrials/PACB.csv,15_min_interval_stocks,Industrials,PACB,5566562,0.005184264853596687
4705,15_min_interval_stocks/Industrials/PAMT.csv,15_min_interval_stocks,Industrials,PAMT,10083,9.39052551984787e-06
4706,15_min_interval_stocks/Industrials/PARA.csv,15_min_interval_stocks,Industrials,PARA,8940057,0.008326076902449131
4707,15_min_interval_stocks/Industrials/PARAA.csv,15_min_interval_stocks,Industrials,PARAA,4174930,0.0038882065564393997
4708,15_min_interval_stocks/Industrials/PCT.csv,15_min_interval_stocks,Industrials,PCT,1531317,0.0014261500909924507
4709,15_min_interval_stocks/Industrials/PCTTW.csv,15_min_interval_stocks,Industrials,PCTTW,358356,0.0003337450325489044
4710,15_min_interval_stocks/Industrials/PESI.csv,15_min_interval_stocks,Industrials,PESI,4461966,0.004155529662966728
4711,15_min_interval_stocks/Industrials/PETZ.csv,15_min_interval_stocks,Industrials,PETZ,1834220,0.001708250492811203
4712,15_min_interval_stocks/Industrials/PFIE.csv,15_min_interval_stocks,Industrials,PFIE,3133453,0.002918255515396595
4713,15_min_interval_stocks/Industrials/PH.csv,15_min_interval_stocks,Industrials,PH,10601502,0.009873418137431145
4714,15_min_interval_stocks/Industrials/PKE.csv,15_min_interval_stocks,Industrials,PKE,8759532,0.008157949894666672
4715,15_min_interval_stocks/Industrials/PKOH.csv,15_min_interval_stocks,Industrials,PKOH,6863239,0.006391889415681362
4716,15_min_interval_stocks/Industrials/PKX.csv,15_min_interval_stocks,Industrials,PKX,10274021,0.009568427689373493
4717,15_min_interval_stocks/Industrials/PLL.csv,15_min_interval_stocks,Industrials,PLL,2287534,0.002130432054400444
4718,15_min_interval_stocks/Industrials/PLOW.csv,15_min_interval_stocks,Industrials,PLOW,5404516,0.0050333477556705475
4719,15_min_interval_stocks/Industrials/PLPC.csv,15_min_interval_stocks,Industrials,PLPC,2942921,0.0027408087626099586
4720,15_min_interval_stocks/Industrials/PNR.csv,15_min_interval_stocks,Industrials,PNR,10009444,0.009322021156549454
4721,15_min_interval_stocks/Industrials/POWW.csv,15_min_interval_stocks,Industrials,POWW,2221828,0.0020692385733127594
4722,15_min_interval_stocks/Industrials/POWWP.csv,15_min_interval_stocks,Industrials,POWWP,325720,0.00030335038900375366
4723,15_min_interval_stocks/Industrials/PPIH.csv,15_min_interval_stocks,Industrials,PPIH,2206777,0.002055221237242222
4724,15_min_interval_stocks/Industrials/PPSI.csv,15_min_interval_stocks,Industrials,PPSI,2039455,0.0018993904814124107
4725,15_min_interval_stocks/Industrials/PRIM.csv,15_min_interval_stocks,Industrials,PRIM,6135082,0.005713740363717079
4726,15_min_interval_stocks/Industrials/PRLB.csv,15_min_interval_stocks,Industrials,PRLB,4501268,0.004192132502794266
4727,15_min_interval_stocks/Industrials/PRM.csv,15_min_interval_stocks,Industrials,PRM,1095540,0.0010203011333942413
4728,15_min_interval_stocks/Industrials/PRPO.csv,15_min_interval_stocks,Industrials,PRPO,2377310,0.0022140424698591232
4729,15_min_interval_stocks/Industrials/PRZO.csv,15_min_interval_stocks,Industrials,PRZO,718403,0.0006690649315714836
4730,15_min_interval_stocks/Industrials/PWR.csv,15_min_interval_stocks,Industrials,PWR,10494947,0.009774181060492992
4731,15_min_interval_stocks/Industrials/QSI.csv,15_min_interval_stocks,Industrials,QSI,1703430,0.0015864428132772446
4732,15_min_interval_stocks/Industrials/QSIAW.csv,15_min_interval_stocks,Industrials,QSIAW,339710,0.0003163795918226242
4733,15_min_interval_stocks/Industrials/QTRX.csv,15_min_interval_stocks,Industrials,QTRX,2375922,0.002212749794125557
4734,15_min_interval_stocks/Industrials/RAIL.csv,15_min_interval_stocks,Industrials,RAIL,7149716,0.006658691912889481
4735,15_min_interval_stocks/Industrials/RBC.csv,15_min_interval_stocks,Industrials,RBC,7786857,0.007252075709402561
4736,15_min_interval_stocks/Industrials/RDW.csv,15_min_interval_stocks,Industrials,RDW,1394119,0.0012983744964003563
4737,15_min_interval_stocks/Industrials/RETO.csv,15_min_interval_stocks,Industrials,RETO,1870061,0.0017416300252079964
4738,15_min_interval_stocks/Industrials/REX.csv,15_min_interval_stocks,Industrials,REX,4681199,0.004359706304967403
4739,15_min_interval_stocks/Industrials/REZI.csv,15_min_interval_stocks,Industrials,REZI,2207900,0.002056267112493515
4740,15_min_interval_stocks/Industrials/RGLD.csv,15_min_interval_stocks,Industrials,RGLD,10095604,0.009402263909578323
4741,15_min_interval_stocks/Industrials/RGR.csv,15_min_interval_stocks,Industrials,RGR,9487670,0.008836081251502037
4742,15_min_interval_stocks/Industrials/RKLB.csv,15_min_interval_stocks,Industrials,RKLB,2440485,0.002272878773510456
4743,15_min_interval_stocks/Industrials/ROAD.csv,15_min_interval_stocks,Industrials,ROAD,2284646,0.0021277423948049545
4744,15_min_interval_stocks/Industrials/ROCK.csv,15_min_interval_stocks,Industrials,ROCK,8108647,0.007551766000688076
4745,15_min_interval_stocks/Industrials/ROG.csv,15_min_interval_stocks,Industrials,ROG,8184544,0.007622450590133667
4746,15_min_interval_stocks/Industrials/ROK.csv,15_min_interval_stocks,Industrials,ROK,10504763,0.009783322922885418
4747,15_min_interval_stocks/Industrials/ROP.csv,15_min_interval_stocks,Industrials,ROP,10251655,0.009547597728669643
4748,15_min_interval_stocks/Industrials/RPID.csv,15_min_interval_stocks,Industrials,RPID,790286,0.000736011192202568
4749,15_min_interval_stocks/Industrials/RR.csv,15_min_interval_stocks,Industrials,RR,612863,0.000570773147046566
4750,15_min_interval_stocks/Industrials/RS.csv,15_min_interval_stocks,Industrials,RS,9804317,0.009130981750786304
4751,15_min_interval_stocks/Industrials/RTX.csv,15_min_interval_stocks,Industrials,RTX,8805407,0.008200674317777157
4752,15_min_interval_stocks/Industrials/RVSN.csv,15_min_interval_stocks,Industrials,RVSN,1094644,0.0010194666683673859
4753,15_min_interval_stocks/Industrials/RVTY.csv,15_min_interval_stocks,Industrials,RVTY,751989,0.0007003443315625191
4754,15_min_interval_stocks/Industrials/RYI.csv,15_min_interval_stocks,Industrials,RYI,3952131,0.0036807088181376457
4755,15_min_interval_stocks/Industrials/SAIA.csv,15_min_interval_stocks,Industrials,SAIA,6657232,0.006200030446052551
4756,15_min_interval_stocks/Industrials/SARO.csv,15_min_interval_stocks,Industrials,SARO,83888,7.812678813934326e-05
4757,15_min_interval_stocks/Industrials/SBGI.csv,15_min_interval_stocks,Industrials,SBGI,9669639,0.009005553089082241
4758,15_min_interval_stocks/Industrials/SDST.csv,15_min_interval_stocks,Industrials,SDST,136272,0.0001269131898880005
4759,15_min_interval_stocks/Industrials/SEB.csv,15_min_interval_stocks,Industrials,SEB,8178806,0.007617106661200523
4760,15_min_interval_stocks/Industrials/SEE.csv,15_min_interval_stocks,Industrials,SEE,10122383,0.009427203796803951
4761,15_min_interval_stocks/Industrials/SEER.csv,15_min_interval_stocks,Industrials,SEER,1359750,0.001266365870833397
4762,15_min_interval_stocks/Industrials/SEI.csv,15_min_interval_stocks,Industrials,SEI,96602,8.996762335300446e-05
4763,15_min_interval_stocks/Industrials/SENS.csv,15_min_interval_stocks,Industrials,SENS,4374071,0.004073671065270901
4764,15_min_interval_stocks/Industrials/SFWL.csv,15_min_interval_stocks,Industrials,SFWL,639340,0.00059543177485466
4765,15_min_interval_stocks/Industrials/SHIM.csv,15_min_interval_stocks,Industrials,SHIM,266492,0.0002481900155544281
4766,15_min_interval_stocks/Industrials/SID.csv,15_min_interval_stocks,Industrials,SID,9332881,0.008691922761499882
4767,15_min_interval_stocks/Industrials/SIF.csv,15_min_interval_stocks,Industrials,SIF,2307688,0.0021492019295692444
4768,15_min_interval_stocks/Industrials/SIM.csv,15_min_interval_stocks,Industrials,SIM,3709040,0.0034543126821517944
4769,15_min_interval_stocks/Industrials/SKK.csv,15_min_interval_stocks,Industrials,SKK,87847,8.181389421224594e-05
4770,15_min_interval_stocks/Industrials/SKYQ.csv,15_min_interval_stocks,Industrials,SKYQ,70249,6.542447954416275e-05
4771,15_min_interval_stocks/Industrials/SLGN.csv,15_min_interval_stocks,Industrials,SLGN,9234296,0.008600108325481415
4772,15_min_interval_stocks/Industrials/SLI.csv,15_min_interval_stocks,Industrials,SLI,1783843,0.001661333255469799
4773,15_min_interval_stocks/Industrials/SLND.csv,15_min_interval_stocks,Industrials,SLND,456241,0.00042490754276514053
4774,15_min_interval_stocks/Industrials/SMG.csv,15_min_interval_stocks,Industrials,SMG,10044979,0.009355115704238415
4775,15_min_interval_stocks/Industrials/SMID.csv,15_min_interval_stocks,Industrials,SMID,1358787,0.0012654690071940422
4776,15_min_interval_stocks/Industrials/SND.csv,15_min_interval_stocks,Industrials,SND,2960084,0.002756793051958084
4777,15_min_interval_stocks/Industrials/SNDR.csv,15_min_interval_stocks,Industrials,SNDR,3087649,0.0028755972161889076
4778,15_min_interval_stocks/Industrials/SNES.csv,15_min_interval_stocks,Industrials,SNES,2633573,0.0024527059867978096
4779,15_min_interval_stocks/Industrials/SPLP.csv,15_min_interval_stocks,Industrials,SPLP,1282905,0.0011947983875870705
4780,15_min_interval_stocks/Industrials/SPR.csv,15_min_interval_stocks,Industrials,SPR,7948878,0.007402969524264336
4781,15_min_interval_stocks/Industrials/SPXC.csv,15_min_interval_stocks,Industrials,SPXC,6555836,0.00610559806227684
4782,15_min_interval_stocks/Industrials/SQM.csv,15_min_interval_stocks,Industrials,SQM,9157155,0.008528265170753002
4783,15_min_interval_stocks/Industrials/SSP.csv,15_min_interval_stocks,Industrials,SSP,9176135,0.008545941673219204
4784,15_min_interval_stocks/Industrials/SSRM.csv,15_min_interval_stocks,Industrials,SSRM,7725201,0.007194654084742069
4785,15_min_interval_stocks/Industrials/ST.csv,15_min_interval_stocks,Industrials,ST,5928198,0.0055210646241903305
4786,15_min_interval_stocks/Industrials/STKL.csv,15_min_interval_stocks,Industrials,STKL,7502457,0.006987207569181919
4787,15_min_interval_stocks/Industrials/STLD.csv,15_min_interval_stocks,Industrials,STLD,10689442,0.00995531864464283
4788,15_min_interval_stocks/Industrials/STRL.csv,15_min_interval_stocks,Industrials,STRL,6401129,0.005961515940725803
4789,15_min_interval_stocks/Industrials/SUM.csv,15_min_interval_stocks,Industrials,SUM,3877205,0.0036109285429120064
4790,15_min_interval_stocks/Industrials/SWBI.csv,15_min_interval_stocks,Industrials,SWBI,7866927,0.0073266467079520226
4791,15_min_interval_stocks/Industrials/SWIM.csv,15_min_interval_stocks,Industrials,SWIM,1249488,0.001163676381111145
4792,15_min_interval_stocks/Industrials/SXC.csv,15_min_interval_stocks,Industrials,SXC,5165724,0.004810955375432968
4793,15_min_interval_stocks/Industrials/SXI.csv,15_min_interval_stocks,Industrials,SXI,8158897,0.007598564960062504
4794,15_min_interval_stocks/Industrials/SXT.csv,15_min_interval_stocks,Industrials,SXT,9498478,0.008846146985888481
4795,15_min_interval_stocks/Industrials/SYM.csv,15_min_interval_stocks,Industrials,SYM,1622200,0.0015107914805412292
4796,15_min_interval_stocks/Industrials/SYPR.csv,15_min_interval_stocks,Industrials,SYPR,4929445,0.0045909034088253975
4797,15_min_interval_stocks/Industrials/TANH.csv,15_min_interval_stocks,Industrials,TANH,3394396,0.003161277621984482
4798,15_min_interval_stocks/Industrials/TATT.csv,15_min_interval_stocks,Industrials,TATT,1157388,0.0010779015719890594
4799,15_min_interval_stocks/Industrials/TAYD.csv,15_min_interval_stocks,Industrials,TAYD,1822931,0.0016977367922663689
4800,15_min_interval_stocks/Industrials/TDG.csv,15_min_interval_stocks,Industrials,TDG,7878356,0.007337290793657303
4801,15_min_interval_stocks/Industrials/TDY.csv,15_min_interval_stocks,Industrials,TDY,8775931,0.008173222653567791
4802,15_min_interval_stocks/Industrials/TECK.csv,15_min_interval_stocks,Industrials,TECK,3902635,0.003634612075984478
4803,15_min_interval_stocks/Industrials/TER.csv,15_min_interval_stocks,Industrials,TER,10949426,0.01019744761288166
4804,15_min_interval_stocks/Industrials/TEX.csv,15_min_interval_stocks,Industrials,TEX,10191553,0.009491623379290104
4805,15_min_interval_stocks/Industrials/TFII.csv,15_min_interval_stocks,Industrials,TFII,2016969,0.001878448761999607
4806,15_min_interval_stocks/Industrials/TFPM.csv,15_min_interval_stocks,Industrials,TFPM,909125,0.0008466886356472969
4807,15_min_interval_stocks/Industrials/TG.csv,15_min_interval_stocks,Industrials,TG,8928359,0.00831518229097128
4808,15_min_interval_stocks/Industrials/TGI.csv,15_min_interval_stocks,Industrials,TGI,9408430,0.008762283250689507
4809,15_min_interval_stocks/Industrials/TGNA.csv,15_min_interval_stocks,Industrials,TGNA,10127772,0.009432222694158554
4810,15_min_interval_stocks/Industrials/THO.csv,15_min_interval_stocks,Industrials,THO,9650756,0.008987966924905777
4811,15_min_interval_stocks/Industrials/TKR.csv,15_min_interval_stocks,Industrials,TKR,9806774,0.009133270010352135
4812,15_min_interval_stocks/Industrials/TMO.csv,15_min_interval_stocks,Industrials,TMO,10952088,0.010199926793575287
4813,15_min_interval_stocks/Industrials/TNC.csv,15_min_interval_stocks,Industrials,TNC,8422183,0.007843769155442715
4814,15_min_interval_stocks/Industrials/TOMZ.csv,15_min_interval_stocks,Industrials,TOMZ,1027201,0.0009566554799675941
4815,15_min_interval_stocks/Industrials/TPCS.csv,15_min_interval_stocks,Industrials,TPCS,205678,0.0001915525645017624
4816,15_min_interval_stocks/Industrials/TPIC.csv,15_min_interval_stocks,Industrials,TPIC,3093599,0.0028811385855078697
4817,15_min_interval_stocks/Industrials/TRMB.csv,15_min_interval_stocks,Industrials,TRMB,9220041,0.008586832322180271
4818,15_min_interval_stocks/Industrials/TRN.csv,15_min_interval_stocks,Industrials,TRN,9910308,0.009229693561792374
4819,15_min_interval_stocks/Industrials/TRNS.csv,15_min_interval_stocks,Industrials,TRNS,2259568,0.0021043866872787476
4820,15_min_interval_stocks/Industrials/TROX.csv,15_min_interval_stocks,Industrials,TROX,5319345,0.0049540260806679726
4821,15_min_interval_stocks/Industrials/TRS.csv,15_min_interval_stocks,Industrials,TRS,6672607,0.006214349530637264
4822,15_min_interval_stocks/Industrials/TRSG.csv,15_min_interval_stocks,Industrials,TRSG,120128,0.0001118779182434082
4823,15_min_interval_stocks/Industrials/TS.csv,15_min_interval_stocks,Industrials,TS,10158593,0.009460926987230778
4824,15_min_interval_stocks/Industrials/TSAT.csv,15_min_interval_stocks,Industrials,TSAT,820129,0.0007638046517968178
4825,15_min_interval_stocks/Industrials/TSE.csv,15_min_interval_stocks,Industrials,TSE,4224542,0.003934411332011223
4826,15_min_interval_stocks/Industrials/TT.csv,15_min_interval_stocks,Industrials,TT,7511072,0.0069952309131622314
4827,15_min_interval_stocks/Industrials/TV.csv,15_min_interval_stocks,Industrials,TV,9719303,0.009051806293427944
4828,15_min_interval_stocks/Industrials/TWI.csv,15_min_interval_stocks,Industrials,TWI,8403904,0.007826745510101318
4829,15_min_interval_stocks/Industrials/TWIN.csv,15_min_interval_stocks,Industrials,TWIN,5836740,0.005435887724161148
4830,15_min_interval_stocks/Industrials/TX.csv,15_min_interval_stocks,Industrials,TX,7438413,0.006927561946213245
4831,15_min_interval_stocks/Industrials/TXG.csv,15_min_interval_stocks,Industrials,TXG,2090505,0.001946934498846531
4832,15_min_interval_stocks/Industrials/TXT.csv,15_min_interval_stocks,Industrials,TXT,10409562,0.00969466008245945
4833,15_min_interval_stocks/Industrials/UAMY.csv,15_min_interval_stocks,Industrials,UAMY,3982106,0.0037086252123117447
4834,15_min_interval_stocks/Industrials/UAN.csv,15_min_interval_stocks,Industrials,UAN,5108269,0.004757446236908436
4835,15_min_interval_stocks/Industrials/UAVS.csv,15_min_interval_stocks,Industrials,UAVS,4266770,0.003973739221692085
4836,15_min_interval_stocks/Industrials/ULH.csv,15_min_interval_stocks,Industrials,ULH,4583732,0.004268933087587357
4837,15_min_interval_stocks/Industrials/UNP.csv,15_min_interval_stocks,Industrials,UNP,11104979,0.010342317633330822
4838,15_min_interval_stocks/Industrials/UPS.csv,15_min_interval_stocks,Industrials,UPS,11804198,0.010993516072630882
4839,15_min_interval_stocks/Industrials/USAP.csv,15_min_interval_stocks,Industrials,USAP,5549463,0.005168340168893337
4840,15_min_interval_stocks/Industrials/USLM.csv,15_min_interval_stocks,Industrials,USLM,2940258,0.0027383286505937576
4841,15_min_interval_stocks/Industrials/UUUU.csv,15_min_interval_stocks,Industrials,UUUU,4786743,0.0044580018147826195
4842,15_min_interval_stocks/Industrials/UVV.csv,15_min_interval_stocks,Industrials,UVV,9814488,0.009140454232692719
4843,15_min_interval_stocks/Industrials/VATE.csv,15_min_interval_stocks,Industrials,VATE,1053361,0.000981018878519535
4844,15_min_interval_stocks/Industrials/VEEE.csv,15_min_interval_stocks,Industrials,VEEE,663897,0.0006183022633194923
4845,15_min_interval_stocks/Industrials/VGAS.csv,15_min_interval_stocks,Industrials,VGAS,304747,0.00028381776064634323
4846,15_min_interval_stocks/Industrials/VGASW.csv,15_min_interval_stocks,Industrials,VGASW,160885,0.00014983583241701126
4847,15_min_interval_stocks/Industrials/VHI.csv,15_min_interval_stocks,Industrials,VHI,7055636,0.006571073085069656
4848,15_min_interval_stocks/Industrials/VLTO.csv,15_min_interval_stocks,Industrials,VLTO,628308,0.0005851574242115021
4849,15_min_interval_stocks/Industrials/VMAR.csv,15_min_interval_stocks,Industrials,VMAR,1226742,0.0011424925178289413
4850,15_min_interval_stocks/Industrials/VMC.csv,15_min_interval_stocks,Industrials,VMC,3229973,0.003008146770298481
4851,15_min_interval_stocks/Industrials/VMI.csv,15_min_interval_stocks,Industrials,VMI,8914862,0.008302612230181694
4852,15_min_interval_stocks/Industrials/VNT.csv,15_min_interval_stocks,Industrials,VNT,1741072,0.0016214996576309204
4853,15_min_interval_stocks/Industrials/VSTE.csv,15_min_interval_stocks,Industrials,VSTE,240529,0.00022401008754968643
4854,15_min_interval_stocks/Industrials/VSTEW.csv,15_min_interval_stocks,Industrials,VSTEW,59856,5.574524402618408e-05
4855,15_min_interval_stocks/Industrials/VVV.csv,15_min_interval_stocks,Industrials,VVV,3259399,0.003035551868379116
4856,15_min_interval_stocks/Industrials/WAB.csv,15_min_interval_stocks,Industrials,WAB,9805158,0.009131764993071556
4857,15_min_interval_stocks/Industrials/WAT.csv,15_min_interval_stocks,Industrials,WAT,9065372,0.00844278559088707
4858,15_min_interval_stocks/Industrials/WDFC.csv,15_min_interval_stocks,Industrials,WDFC,9562157,0.00890545267611742
4859,15_min_interval_stocks/Industrials/WERN.csv,15_min_interval_stocks,Industrials,WERN,9869857,0.009192020632326603
4860,15_min_interval_stocks/Industrials/WFRD.csv,15_min_interval_stocks,Industrials,WFRD,1598431,0.001488654874265194
4861,15_min_interval_stocks/Industrials/WGO.csv,15_min_interval_stocks,Industrials,WGO,9852350,0.00917571596801281
4862,15_min_interval_stocks/Industrials/WHD.csv,15_min_interval_stocks,Industrials,WHD,2761341,0.00257169920951128
4863,15_min_interval_stocks/Industrials/WLK.csv,15_min_interval_stocks,Industrials,WLK,8116596,0.0075591690838336945
4864,15_min_interval_stocks/Industrials/WLKP.csv,15_min_interval_stocks,Industrials,WLKP,2276977,0.0021206000819802284
4865,15_min_interval_stocks/Industrials/WNC.csv,15_min_interval_stocks,Industrials,WNC,9483883,0.008832554332911968
4866,15_min_interval_stocks/Industrials/WOR.csv,15_min_interval_stocks,Industrials,WOR,9526826,0.00887254811823368
4867,15_min_interval_stocks/Industrials/WPRT.csv,15_min_interval_stocks,Industrials,WPRT,5761554,0.005365865305066109
4868,15_min_interval_stocks/Industrials/WRAP.csv,15_min_interval_stocks,Industrials,WRAP,2191561,0.0020410502329468727
4869,15_min_interval_stocks/Industrials/WS.csv,15_min_interval_stocks,Industrials,WS,438329,0.0004082256928086281
4870,15_min_interval_stocks/Industrials/WSC.csv,15_min_interval_stocks,Industrials,WSC,2593641,0.0024155164137482643
4871,15_min_interval_stocks/Industrials/WTS.csv,15_min_interval_stocks,Industrials,WTS,9426199,0.008778831921517849
4872,15_min_interval_stocks/Industrials/X.csv,15_min_interval_stocks,Industrials,X,14403324,0.013414140790700912
4873,15_min_interval_stocks/Industrials/XPEL.csv,15_min_interval_stocks,Industrials,XPEL,2202777,0.00205149594694376
4874,15_min_interval_stocks/Industrials/XYL.csv,15_min_interval_stocks,Industrials,XYL,5501030,0.005123233422636986
4875,15_min_interval_stocks/Industrials/YHGJ.csv,15_min_interval_stocks,Industrials,YHGJ,165531,0.00015416275709867477
4876,15_min_interval_stocks/Industrials/YIBO.csv,15_min_interval_stocks,Industrials,YIBO,126257,0.00011758599430322647
4877,15_min_interval_stocks/Industrials/ZBRA.csv,15_min_interval_stocks,Industrials,ZBRA,9319400,0.00867936760187149
4878,15_min_interval_stocks/Industrials/ZEUS.csv,15_min_interval_stocks,Industrials,ZEUS,8324636,0.007752921432256699
4879,15_min_interval_stocks/Industrials/ZJK.csv,15_min_interval_stocks,Industrials,ZJK,50713,4.723016172647476e-05
4880,15_min_interval_stocks/Industrials/ZKIN.csv,15_min_interval_stocks,Industrials,ZKIN,1865384,0.0017372742295265198
4881,15_min_interval_stocks/Industrials/ZONE.csv,15_min_interval_stocks,Industrials,ZONE,123666,0.00011517293751239777
4882,15_min_interval_stocks/Industrials/ZTEK.csv,15_min_interval_stocks,Industrials,ZTEK,542164,0.0005049295723438263
4883,15_min_interval_stocks/Industrials/ZTO.csv,15_min_interval_stocks,Industrials,ZTO,3696174,0.0034423302859067917
4884,15_min_interval_stocks/Industrials/ZWS.csv,15_min_interval_stocks,Industrials,ZWS,1330402,0.0012390334159135818
4885,15_min_interval_stocks/Other/AAM.csv,15_min_interval_stocks,Other,AAM,24341,2.2669322788715363e-05
4886,15_min_interval_stocks/Other/ACOG.csv,15_min_interval_stocks,Other,ACOG,13834,1.288391649723053e-05
4887,15_min_interval_stocks/Other/ACTG.csv,15_min_interval_stocks,Other,ACTG,7564524,0.007045011967420578
4888,15_min_interval_stocks/Other/ADN.csv,15_min_interval_stocks,Other,ADN,1902879,0.0017721941694617271
4889,15_min_interval_stocks/Other/ADNWW.csv,15_min_interval_stocks,Other,ADNWW,979807,0.0009125163778662682
4890,15_min_interval_stocks/Other/ADUR.csv,15_min_interval_stocks,Other,ADUR,27962,2.604164183139801e-05
4891,15_min_interval_stocks/Other/AEFC.csv,15_min_interval_stocks,Other,AEFC,1663328,0.0015490949153900146
4892,15_min_interval_stocks/Other/AFJK.csv,15_min_interval_stocks,Other,AFJK,32004,2.9806047677993774e-05
4893,15_min_interval_stocks/Other/AIMAU.csv,15_min_interval_stocks,Other,AIMAU,22753,2.1190382540225983e-05
4894,15_min_interval_stocks/Other/AIMAW.csv,15_min_interval_stocks,Other,AIMAW,33984,3.165006637573242e-05
4895,15_min_interval_stocks/Other/AIMBU.csv,15_min_interval_stocks,Other,AIMBU,33059,3.0788592994213104e-05
4896,15_min_interval_stocks/Other/AITR.csv,15_min_interval_stocks,Other,AITR,42109,3.9217062294483185e-05
4897,15_min_interval_stocks/Other/AITRR.csv,15_min_interval_stocks,Other,AITRR,25569,2.381298691034317e-05
4898,15_min_interval_stocks/Other/AITRU.csv,15_min_interval_stocks,Other,AITRU,20995,1.955311745405197e-05
4899,15_min_interval_stocks/Other/AJX.csv,15_min_interval_stocks,Other,AJX,3207633,0.002987341023981571
4900,15_min_interval_stocks/Other/ALCO.csv,15_min_interval_stocks,Other,ALCO,5268825,0.004906975664198399
4901,15_min_interval_stocks/Other/ALCYU.csv,15_min_interval_stocks,Other,ALCYU,5816,5.416572093963623e-06
4902,15_min_interval_stocks/Other/ALF.csv,15_min_interval_stocks,Other,ALF,19514,1.8173828721046448e-05
4903,15_min_interval_stocks/Other/ALFUU.csv,15_min_interval_stocks,Other,ALFUU,24833,2.3127533495426178e-05
4904,15_min_interval_stocks/Other/ALSAR.csv,15_min_interval_stocks,Other,ALSAR,54826,5.1060691475868225e-05
4905,15_min_interval_stocks/Other/AMPX.csv,15_min_interval_stocks,Other,AMPX,1010879,0.0009414544329047203
4906,15_min_interval_stocks/Other/AMTM.csv,15_min_interval_stocks,Other,AMTM,96358,8.974038064479828e-05
4907,15_min_interval_stocks/Other/ANSC.csv,15_min_interval_stocks,Other,ANSC,68396,6.369873881340027e-05
4908,15_min_interval_stocks/Other/ANSCU.csv,15_min_interval_stocks,Other,ANSCU,24151,2.249237149953842e-05
4909,15_min_interval_stocks/Other/ANSCW.csv,15_min_interval_stocks,Other,ANSCW,27420,2.553686499595642e-05
4910,15_min_interval_stocks/Other/APPS.csv,15_min_interval_stocks,Other,APPS,5054529,0.0047073969617486
4911,15_min_interval_stocks/Other/AQUNR.csv,15_min_interval_stocks,Other,AQUNR,4130,3.846362233161926e-06
4912,15_min_interval_stocks/Other/ARC.csv,15_min_interval_stocks,Other,ARC,7215908,0.006720338016748428
4913,15_min_interval_stocks/Other/ARMN.csv,15_min_interval_stocks,Other,ARMN,428711,0.0003992682322859764
4914,15_min_interval_stocks/Other/ATEK.csv,15_min_interval_stocks,Other,ATEK,124265,0.00011573079973459244
4915,15_min_interval_stocks/Other/ATHS.csv,15_min_interval_stocks,Other,ATHS,252660,0.0002353079617023468
4916,15_min_interval_stocks/Other/ATIP.csv,15_min_interval_stocks,Other,ATIP,1178542,0.0010976027697324753
4917,15_min_interval_stocks/Other/ATKR.csv,15_min_interval_stocks,Other,ATKR,3599708,0.003352489322423935
4918,15_min_interval_stocks/Other/ATMCU.csv,15_min_interval_stocks,Other,ATMCU,4538,4.2263418436050415e-06
4919,15_min_interval_stocks/Other/AXNX.csv,15_min_interval_stocks,Other,AXNX,2090595,0.0019470183178782463
4920,15_min_interval_stocks/Other/BAYA.csv,15_min_interval_stocks,Other,BAYA,22380,2.084299921989441e-05
4921,15_min_interval_stocks/Other/BAYAR.csv,15_min_interval_stocks,Other,BAYAR,10048,9.357929229736328e-06
4922,15_min_interval_stocks/Other/BAYAU.csv,15_min_interval_stocks,Other,BAYAU,17955,1.6721896827220917e-05
4923,15_min_interval_stocks/Other/BEAGU.csv,15_min_interval_stocks,Other,BEAGU,11682,1.087971031665802e-05
4924,15_min_interval_stocks/Other/BELFA.csv,15_min_interval_stocks,Other,BELFA,1773178,0.001651400700211525
4925,15_min_interval_stocks/Other/BELFB.csv,15_min_interval_stocks,Other,BELFB,7967003,0.007419849745929241
4926,15_min_interval_stocks/Other/BHST.csv,15_min_interval_stocks,Other,BHST,9856,9.179115295410156e-06
4927,15_min_interval_stocks/Other/BIGZ.csv,15_min_interval_stocks,Other,BIGZ,1493395,0.0013908324763178825
4928,15_min_interval_stocks/Other/BIOR.csv,15_min_interval_stocks,Other,BIOR,2303724,0.0021455101668834686
4929,15_min_interval_stocks/Other/BKDT.csv,15_min_interval_stocks,Other,BKDT,73267,6.823521107435226e-05
4930,15_min_interval_stocks/Other/BKHA.csv,15_min_interval_stocks,Other,BKHA,15115,1.4076940715312958e-05
4931,15_min_interval_stocks/Other/BKHAR.csv,15_min_interval_stocks,Other,BKHAR,10767,1.0027550160884857e-05
4932,15_min_interval_stocks/Other/BLEU.csv,15_min_interval_stocks,Other,BLEU,61225,5.702022463083267e-05
4933,15_min_interval_stocks/Other/BLEUR.csv,15_min_interval_stocks,Other,BLEUR,71852,6.691738963127136e-05
4934,15_min_interval_stocks/Other/BLEUW.csv,15_min_interval_stocks,Other,BLEUW,59756,5.5652111768722534e-05
4935,15_min_interval_stocks/Other/BNIXR.csv,15_min_interval_stocks,Other,BNIXR,58924,5.4877251386642456e-05
4936,15_min_interval_stocks/Other/BOCN.csv,15_min_interval_stocks,Other,BOCN,91463,8.518155664205551e-05
4937,15_min_interval_stocks/Other/BOCNW.csv,15_min_interval_stocks,Other,BOCNW,43095,4.013534635305405e-05
4938,15_min_interval_stocks/Other/BOWL.csv,15_min_interval_stocks,Other,BOWL,1466907,0.0013661636039614677
4939,15_min_interval_stocks/Other/BOWN.csv,15_min_interval_stocks,Other,BOWN,47501,4.4238753616809845e-05
4940,15_min_interval_stocks/Other/BOWNU.csv,15_min_interval_stocks,Other,BOWNU,19925,1.855660229921341e-05
4941,15_min_interval_stocks/Other/BRACR.csv,15_min_interval_stocks,Other,BRACR,30922,2.8798356652259827e-05
4942,15_min_interval_stocks/Other/BRKHU.csv,15_min_interval_stocks,Other,BRKHU,6628,6.172806024551392e-06
4943,15_min_interval_stocks/Other/BSFC.csv,15_min_interval_stocks,Other,BSFC,1425919,0.0013279905542731285
4944,15_min_interval_stocks/Other/BSGM.csv,15_min_interval_stocks,Other,BSGM,272303,0.00025360193103551865
4945,15_min_interval_stocks/Other/BSII.csv,15_min_interval_stocks,Other,BSII,6273,5.842186510562897e-06
4946,15_min_interval_stocks/Other/BSIIU.csv,15_min_interval_stocks,Other,BSIIU,14358,1.337192952632904e-05
4947,15_min_interval_stocks/Other/BURU.csv,15_min_interval_stocks,Other,BURU,1003645,0.0009347172453999519
4948,15_min_interval_stocks/Other/BYRN.csv,15_min_interval_stocks,Other,BYRN,1231851,0.0011472506448626518
4949,15_min_interval_stocks/Other/BYU.csv,15_min_interval_stocks,Other,BYU,378728,0.00035271793603897095
4950,15_min_interval_stocks/Other/CAE.csv,15_min_interval_stocks,Other,CAE,8181474,0.0076195914298295975
4951,15_min_interval_stocks/Other/CAMP.csv,15_min_interval_stocks,Other,CAMP,186157,0.00017337221652269363
4952,15_min_interval_stocks/Other/CAPN.csv,15_min_interval_stocks,Other,CAPN,7452,6.940215826034546e-06
4953,15_min_interval_stocks/Other/CAPT.csv,15_min_interval_stocks,Other,CAPT,581751,0.0005417978391051292
4954,15_min_interval_stocks/Other/CAPTW.csv,15_min_interval_stocks,Other,CAPTW,60570,5.6410208344459534e-05
4955,15_min_interval_stocks/Other/CBAT.csv,15_min_interval_stocks,Other,CBAT,5277517,0.004915070720016956
4956,15_min_interval_stocks/Other/CBRG.csv,15_min_interval_stocks,Other,CBRG,71941,6.700027734041214e-05
4957,15_min_interval_stocks/Other/CCIA.csv,15_min_interval_stocks,Other,CCIA,133425,0.00012426171451807022
4958,15_min_interval_stocks/Other/CCIX.csv,15_min_interval_stocks,Other,CCIX,23155,2.1564774215221405e-05
4959,15_min_interval_stocks/Other/CCIXW.csv,15_min_interval_stocks,Other,CCIXW,11792,1.0982155799865723e-05
4960,15_min_interval_stocks/Other/CGA.csv,15_min_interval_stocks,Other,CGA,3682741,0.003429819829761982
4961,15_min_interval_stocks/Other/CGBDL.csv,15_min_interval_stocks,Other,CGBDL,157079,0.00014629121869802475
4962,15_min_interval_stocks/Other/CGON.csv,15_min_interval_stocks,Other,CGON,329046,0.00030644796788692474
4963,15_min_interval_stocks/Other/CHARU.csv,15_min_interval_stocks,Other,CHARU,7678,7.150694727897644e-06
4964,15_min_interval_stocks/Other/CHEB.csv,15_min_interval_stocks,Other,CHEB,20852,1.9419938325881958e-05
4965,15_min_interval_stocks/Other/CLBR.csv,15_min_interval_stocks,Other,CLBR,273617,0.0002548256888985634
4966,15_min_interval_stocks/Other/CLRC.csv,15_min_interval_stocks,Other,CLRC,50864,4.73707914352417e-05
4967,15_min_interval_stocks/Other/CLRCW.csv,15_min_interval_stocks,Other,CLRCW,19092,1.7780810594558716e-05
4968,15_min_interval_stocks/Other/CMAX.csv,15_min_interval_stocks,Other,CMAX,1337246,0.0012454073876142502
4969,15_min_interval_stocks/Other/CMAXW.csv,15_min_interval_stocks,Other,CMAXW,138131,0.00012864451855421066
4970,15_min_interval_stocks/Other/CNFRZ.csv,15_min_interval_stocks,Other,CNFRZ,23648,2.2023916244506836e-05
4971,15_min_interval_stocks/Other/CNL.csv,15_min_interval_stocks,Other,CNL,38953,3.6277808248996735e-05
4972,15_min_interval_stocks/Other/CRGX.csv,15_min_interval_stocks,Other,CRGX,372488,0.00034690648317337036
4973,15_min_interval_stocks/Other/CTLP.csv,15_min_interval_stocks,Other,CTLP,5053504,0.004706442356109619
4974,15_min_interval_stocks/Other/CUBWW.csv,15_min_interval_stocks,Other,CUBWW,10009,9.321607649326324e-06
4975,15_min_interval_stocks/Other/CYCCP.csv,15_min_interval_stocks,Other,CYCCP,264370,0.00024621374905109406
4976,15_min_interval_stocks/Other/CYTHW.csv,15_min_interval_stocks,Other,CYTHW,108014,0.0001005958765745163
4977,15_min_interval_stocks/Other/DBD.csv,15_min_interval_stocks,Other,DBD,423504,0.0003944188356399536
4978,15_min_interval_stocks/Other/DBL.csv,15_min_interval_stocks,Other,DBL,4125089,0.0038417885079979897
4979,15_min_interval_stocks/Other/DCF.csv,15_min_interval_stocks,Other,DCF,1468939,0.0013680560514330864
4980,15_min_interval_stocks/Other/DEC.csv,15_min_interval_stocks,Other,DEC,539034,0.0005020145326852798
4981,15_min_interval_stocks/Other/DECAU.csv,15_min_interval_stocks,Other,DECAU,24788,2.308562397956848e-05
4982,15_min_interval_stocks/Other/DFLI.csv,15_min_interval_stocks,Other,DFLI,1183901,0.0011025937274098396
4983,15_min_interval_stocks/Other/DFLIW.csv,15_min_interval_stocks,Other,DFLIW,188155,0.00017523299902677536
4984,15_min_interval_stocks/Other/DIST.csv,15_min_interval_stocks,Other,DIST,57014,5.309842526912689e-05
4985,15_min_interval_stocks/Other/DLB.csv,15_min_interval_stocks,Other,DLB,7889713,0.007347867824137211
4986,15_min_interval_stocks/Other/DPCS.csv,15_min_interval_stocks,Other,DPCS,62506,5.82132488489151e-05
4987,15_min_interval_stocks/Other/DPCSU.csv,15_min_interval_stocks,Other,DPCSU,1850,1.7229467630386353e-06
4988,15_min_interval_stocks/Other/DPCSW.csv,15_min_interval_stocks,Other,DPCSW,59169,5.510542541742325e-05
4989,15_min_interval_stocks/Other/DTSQ.csv,15_min_interval_stocks,Other,DTSQ,8138,7.579103112220764e-06
4990,15_min_interval_stocks/Other/DTSQR.csv,15_min_interval_stocks,Other,DTSQR,3887,3.620050847530365e-06
4991,15_min_interval_stocks/Other/DUET.csv,15_min_interval_stocks,Other,DUET,44479,4.142429679632187e-05
4992,15_min_interval_stocks/Other/DUETW.csv,15_min_interval_stocks,Other,DUETW,4426,4.122033715248108e-06
4993,15_min_interval_stocks/Other/DXYZ.csv,15_min_interval_stocks,Other,DXYZ,502025,0.0004675472155213356
4994,15_min_interval_stocks/Other/DYCQ.csv,15_min_interval_stocks,Other,DYCQ,27506,2.5616958737373352e-05
4995,15_min_interval_stocks/Other/ECC.csv,15_min_interval_stocks,Other,ECC,3503497,0.003262885846197605
4996,15_min_interval_stocks/Other/ECCF.csv,15_min_interval_stocks,Other,ECCF,174345,0.0001623714342713356
4997,15_min_interval_stocks/Other/EGF.csv,15_min_interval_stocks,Other,EGF,3361981,0.003131088800728321
4998,15_min_interval_stocks/Other/EICB.csv,15_min_interval_stocks,Other,EICB,203605,0.0001896219328045845
4999,15_min_interval_stocks/Other/EICC.csv,15_min_interval_stocks,Other,EICC,143555,0.00013369601219892502
5000,15_min_interval_stocks/Other/EIIA.csv,15_min_interval_stocks,Other,EIIA,26266,2.446211874485016e-05
5001,15_min_interval_stocks/Other/ELBM.csv,15_min_interval_stocks,Other,ELBM,938613,0.0008741514757275581
5002,15_min_interval_stocks/Other/ELVA.csv,15_min_interval_stocks,Other,ELVA,276569,0.0002575749531388283
5003,15_min_interval_stocks/Other/ENG.csv,15_min_interval_stocks,Other,ENG,5570365,0.00518780667334795
5004,15_min_interval_stocks/Other/ENR.csv,15_min_interval_stocks,Other,ENR,3816741,0.003554617054760456
5005,15_min_interval_stocks/Other/ENV.csv,15_min_interval_stocks,Other,ENV,4808869,0.0044786082580685616
5006,15_min_interval_stocks/Other/ENVX.csv,15_min_interval_stocks,Other,ENVX,2117820,0.0019723735749721527
5007,15_min_interval_stocks/Other/EOSE.csv,15_min_interval_stocks,Other,EOSE,2241876,0.0020879097282886505
5008,15_min_interval_stocks/Other/EOSEW.csv,15_min_interval_stocks,Other,EOSEW,576622,0.0005370210856199265
5009,15_min_interval_stocks/Other/EQV.csv,15_min_interval_stocks,Other,EQV,14942,1.391582190990448e-05
5010,15_min_interval_stocks/Other/ESHA.csv,15_min_interval_stocks,Other,ESHA,51352,4.782527685165405e-05
5011,15_min_interval_stocks/Other/ETX.csv,15_min_interval_stocks,Other,ETX,2701025,0.002515525557100773
5012,15_min_interval_stocks/Other/EURKR.csv,15_min_interval_stocks,Other,EURKR,3671,3.4188851714134216e-06
5013,15_min_interval_stocks/Other/EURKU.csv,15_min_interval_stocks,Other,EURKU,17928,1.66967511177063e-05
5014,15_min_interval_stocks/Other/EXAI.csv,15_min_interval_stocks,Other,EXAI,1221840,0.0011379271745681763
5015,15_min_interval_stocks/Other/EXEEZ.csv,15_min_interval_stocks,Other,EXEEZ,1006,9.369105100631714e-07
5016,15_min_interval_stocks/Other/FAASW.csv,15_min_interval_stocks,Other,FAASW,54967,5.119200795888901e-05
5017,15_min_interval_stocks/Other/FERG.csv,15_min_interval_stocks,Other,FERG,1864512,0.001736462116241455
5018,15_min_interval_stocks/Other/FGIWW.csv,15_min_interval_stocks,Other,FGIWW,51107,4.759710282087326e-05
5019,15_min_interval_stocks/Other/FLDDU.csv,15_min_interval_stocks,Other,FLDDU,6172,5.748122930526733e-06
5020,15_min_interval_stocks/Other/FLNC.csv,15_min_interval_stocks,Other,FLNC,1563605,0.0014562206342816353
5021,15_min_interval_stocks/Other/FLUX.csv,15_min_interval_stocks,Other,FLUX,1521754,0.001417243853211403
5022,15_min_interval_stocks/Other/FREY.csv,15_min_interval_stocks,Other,FREY,1961650,0.0018269289284944534
5023,15_min_interval_stocks/Other/FSHP.csv,15_min_interval_stocks,Other,FSHP,9949,9.265728294849396e-06
5024,15_min_interval_stocks/Other/FSHPU.csv,15_min_interval_stocks,Other,FSHPU,16778,1.56257301568985e-05
5025,15_min_interval_stocks/Other/FVN.csv,15_min_interval_stocks,Other,FVN,5806,5.407258868217468e-06
5026,15_min_interval_stocks/Other/FVNNR.csv,15_min_interval_stocks,Other,FVNNR,2638,2.4568289518356323e-06
5027,15_min_interval_stocks/Other/FVNNU.csv,15_min_interval_stocks,Other,FVNNU,9770,9.099021553993225e-06
5028,15_min_interval_stocks/Other/GAUZ.csv,15_min_interval_stocks,Other,GAUZ,124164,0.00011563673615455627
5029,15_min_interval_stocks/Other/GECCH.csv,15_min_interval_stocks,Other,GECCH,18544,1.7270445823669434e-05
5030,15_min_interval_stocks/Other/GEF.csv,15_min_interval_stocks,Other,GEF,8511859,0.007927286438643932
5031,15_min_interval_stocks/Other/GEV.csv,15_min_interval_stocks,Other,GEV,547276,0.0005096904933452606
5032,15_min_interval_stocks/Other/GHIX.csv,15_min_interval_stocks,Other,GHIX,118030,0.00010992400348186493
5033,15_min_interval_stocks/Other/GHIXW.csv,15_min_interval_stocks,Other,GHIXW,71276,6.638094782829285e-05
5034,15_min_interval_stocks/Other/GIPRW.csv,15_min_interval_stocks,Other,GIPRW,60149,5.601812154054642e-05
5035,15_min_interval_stocks/Other/GLAC.csv,15_min_interval_stocks,Other,GLAC,40851,3.804545849561691e-05
5036,15_min_interval_stocks/Other/GLACU.csv,15_min_interval_stocks,Other,GLACU,11423,1.0638497769832611e-05
5037,15_min_interval_stocks/Other/GLADZ.csv,15_min_interval_stocks,Other,GLADZ,162984,0.00015179067850112915
5038,15_min_interval_stocks/Other/GPAT.csv,15_min_interval_stocks,Other,GPAT,25602,2.384372055530548e-05
5039,15_min_interval_stocks/Other/GPATU.csv,15_min_interval_stocks,Other,GPATU,22387,2.0849518477916718e-05
5040,15_min_interval_stocks/Other/GPATW.csv,15_min_interval_stocks,Other,GPATW,19605,1.8258579075336456e-05
5041,15_min_interval_stocks/Other/GRAF.csv,15_min_interval_stocks,Other,GRAF,23558,2.1940097212791443e-05
5042,15_min_interval_stocks/Other/GRFX.csv,15_min_interval_stocks,Other,GRFX,646851,0.0006024269387125969
5043,15_min_interval_stocks/Other/GSMGW.csv,15_min_interval_stocks,Other,GSMGW,409501,0.00038137752562761307
5044,15_min_interval_stocks/Other/GSRTU.csv,15_min_interval_stocks,Other,GSRTU,5384,5.014240741729736e-06
5045,15_min_interval_stocks/Other/GUTS.csv,15_min_interval_stocks,Other,GUTS,410748,0.00038253888487815857
5046,15_min_interval_stocks/Other/GWH.csv,15_min_interval_stocks,Other,GWH,1727707,0.0016090525314211845
5047,15_min_interval_stocks/Other/HAYN.csv,15_min_interval_stocks,Other,HAYN,6470953,0.0060265446081757545
5048,15_min_interval_stocks/Other/HG.csv,15_min_interval_stocks,Other,HG,412575,0.00038424041122198105
5049,15_min_interval_stocks/Other/HIE.csv,15_min_interval_stocks,Other,HIE,2805357,0.002612692303955555
5050,15_min_interval_stocks/Other/HLXB.csv,15_min_interval_stocks,Other,HLXB,33238,3.0955299735069275e-05
5051,15_min_interval_stocks/Other/HOND.csv,15_min_interval_stocks,Other,HOND,10868,1.012161374092102e-05
5052,15_min_interval_stocks/Other/HYAC.csv,15_min_interval_stocks,Other,HYAC,101385,9.442213922739029e-05
5053,15_min_interval_stocks/Other/IBAC.csv,15_min_interval_stocks,Other,IBAC,33443,3.114622086286545e-05
5054,15_min_interval_stocks/Other/IBACR.csv,15_min_interval_stocks,Other,IBACR,21559,2.00783833861351e-05
5055,15_min_interval_stocks/Other/IDCC.csv,15_min_interval_stocks,Other,IDCC,10212538,0.00951116718351841
5056,15_min_interval_stocks/Other/IGTAR.csv,15_min_interval_stocks,Other,IGTAR,39027,3.634672611951828e-05
5057,15_min_interval_stocks/Other/IGTAU.csv,15_min_interval_stocks,Other,IGTAU,22999,2.141948789358139e-05
5058,15_min_interval_stocks/Other/IHTA.csv,15_min_interval_stocks,Other,IHTA,1137632,0.001059502363204956
5059,15_min_interval_stocks/Other/IROH.csv,15_min_interval_stocks,Other,IROH,31406,2.9249116778373718e-05
5060,15_min_interval_stocks/Other/IROHR.csv,15_min_interval_stocks,Other,IROHR,17738,1.6519799828529358e-05
5061,15_min_interval_stocks/Other/IROHU.csv,15_min_interval_stocks,Other,IROHU,24240,2.25752592086792e-05
5062,15_min_interval_stocks/Other/IROHW.csv,15_min_interval_stocks,Other,IROHW,20173,1.8787570297718048e-05
5063,15_min_interval_stocks/Other/ISRLU.csv,15_min_interval_stocks,Other,ISRLU,33442,3.114528954029083e-05
5064,15_min_interval_stocks/Other/IVDAW.csv,15_min_interval_stocks,Other,IVDAW,57514,5.356408655643463e-05
5065,15_min_interval_stocks/Other/JBDI.csv,15_min_interval_stocks,Other,JBDI,187130,0.0001742783933877945
5066,15_min_interval_stocks/Other/JBK.csv,15_min_interval_stocks,Other,JBK,510747,0.0004756702110171318
5067,15_min_interval_stocks/Other/JUNE.csv,15_min_interval_stocks,Other,JUNE,124590,0.00011603347957134247
5068,15_min_interval_stocks/Other/JVSAR.csv,15_min_interval_stocks,Other,JVSAR,9248,8.612871170043945e-06
5069,15_min_interval_stocks/Other/JYNT.csv,15_min_interval_stocks,Other,JYNT,2579102,0.00240197591483593
5070,15_min_interval_stocks/Other/KACLR.csv,15_min_interval_stocks,Other,KACLR,48240,4.4927000999450684e-05
5071,15_min_interval_stocks/Other/KBDC.csv,15_min_interval_stocks,Other,KBDC,171287,0.00015952344983816147
5072,15_min_interval_stocks/Other/KKRS.csv,15_min_interval_stocks,Other,KKRS,973069,0.0009062411263585091
5073,15_min_interval_stocks/Other/KPLTW.csv,15_min_interval_stocks,Other,KPLTW,512205,0.0004770280793309212
5074,15_min_interval_stocks/Other/KSM.csv,15_min_interval_stocks,Other,KSM,4546050,0.004233838990330696
5075,15_min_interval_stocks/Other/KSPI.csv,15_min_interval_stocks,Other,KSPI,440571,0.000410313718020916
5076,15_min_interval_stocks/Other/KVAC.csv,15_min_interval_stocks,Other,KVAC,64743,6.0296617448329926e-05
5077,15_min_interval_stocks/Other/KVACU.csv,15_min_interval_stocks,Other,KVACU,35491,3.305356949567795e-05
5078,15_min_interval_stocks/Other/KVACW.csv,15_min_interval_stocks,Other,KVACW,43127,4.016514867544174e-05
5079,15_min_interval_stocks/Other/LASE.csv,15_min_interval_stocks,Other,LASE,899145,0.0008373940363526344
5080,15_min_interval_stocks/Other/LBGJ.csv,15_min_interval_stocks,Other,LBGJ,25613,2.385396510362625e-05
5081,15_min_interval_stocks/Other/LBPH.csv,15_min_interval_stocks,Other,LBPH,856399,0.0007975837215781212
5082,15_min_interval_stocks/Other/LEGT.csv,15_min_interval_stocks,Other,LEGT,62026,5.776621401309967e-05
5083,15_min_interval_stocks/Other/LGI.csv,15_min_interval_stocks,Other,LGI,5498128,0.005120530724525452
5084,15_min_interval_stocks/Other/LIF.csv,15_min_interval_stocks,Other,LIF,197160,0.00018361955881118774
5085,15_min_interval_stocks/Other/LIFW.csv,15_min_interval_stocks,Other,LIFW,1522824,0.0014182403683662415
5086,15_min_interval_stocks/Other/LIFWW.csv,15_min_interval_stocks,Other,LIFWW,291253,0.00027125049382448196
5087,15_min_interval_stocks/Other/LIFWZ.csv,15_min_interval_stocks,Other,LIFWZ,223084,0.0002077631652355194
5088,15_min_interval_stocks/Other/LOT.csv,15_min_interval_stocks,Other,LOT,256836,0.00023919716477394104
5089,15_min_interval_stocks/Other/LPAA.csv,15_min_interval_stocks,Other,LPAA,12627,1.1759810149669647e-05
5090,15_min_interval_stocks/Other/LSH.csv,15_min_interval_stocks,Other,LSH,94872,8.835643529891968e-05
5091,15_min_interval_stocks/Other/MACI.csv,15_min_interval_stocks,Other,MACI,13916,1.2960284948348999e-05
5092,15_min_interval_stocks/Other/MACIW.csv,15_min_interval_stocks,Other,MACIW,10611,9.882263839244843e-06
5093,15_min_interval_stocks/Other/MBAV.csv,15_min_interval_stocks,Other,MBAV,6717,6.255693733692169e-06
5094,15_min_interval_stocks/Other/MCAG.csv,15_min_interval_stocks,Other,MCAG,53577,4.989746958017349e-05
5095,15_min_interval_stocks/Other/MCAGU.csv,15_min_interval_stocks,Other,MCAGU,4533,4.221685230731964e-06
5096,15_min_interval_stocks/Other/MCN.csv,15_min_interval_stocks,Other,MCN,5850146,0.005448373034596443
5097,15_min_interval_stocks/Other/MDJH.csv,15_min_interval_stocks,Other,MDJH,697914,0.0006499830633401871
5098,15_min_interval_stocks/Other/MGRE.csv,15_min_interval_stocks,Other,MGRE,204156,0.00019013509154319763
5099,15_min_interval_stocks/Other/MITAU.csv,15_min_interval_stocks,Other,MITAU,5756,5.360692739486694e-06
5100,15_min_interval_stocks/Other/MKZR.csv,15_min_interval_stocks,Other,MKZR,12349,1.1500902473926544e-05
5101,15_min_interval_stocks/Other/MNTN.csv,15_min_interval_stocks,Other,MNTN,147714,0.0001375693827867508
5102,15_min_interval_stocks/Other/MOND.csv,15_min_interval_stocks,Other,MOND,741619,0.0006906865164637566
5103,15_min_interval_stocks/Other/MRO.csv,15_min_interval_stocks,Other,MRO,12796584,0.011917747557163239
5104,15_min_interval_stocks/Other/MSDL.csv,15_min_interval_stocks,Other,MSDL,335784,0.00031272321939468384
5105,15_min_interval_stocks/Other/MVST.csv,15_min_interval_stocks,Other,MVST,2408868,0.0022434331476688385
5106,15_min_interval_stocks/Other/MVSTW.csv,15_min_interval_stocks,Other,MVSTW,975541,0.0009085433557629585
5107,15_min_interval_stocks/Other/NATL.csv,15_min_interval_stocks,Other,NATL,437079,0.00040706153959035873
5108,15_min_interval_stocks/Other/NCDL.csv,15_min_interval_stocks,Other,NCDL,309173,0.00028793979436159134
5109,15_min_interval_stocks/Other/NCNC.csv,15_min_interval_stocks,Other,NCNC,762725,0.0007103430107235909
5110,15_min_interval_stocks/Other/NCNCW.csv,15_min_interval_stocks,Other,NCNCW,44621,4.155654460191727e-05
5111,15_min_interval_stocks/Other/NCPLW.csv,15_min_interval_stocks,Other,NCPLW,74848,6.970763206481934e-05
5112,15_min_interval_stocks/Other/NEOV.csv,15_min_interval_stocks,Other,NEOV,1014616,0.0009449347853660583
5113,15_min_interval_stocks/Other/NEOVW.csv,15_min_interval_stocks,Other,NEOVW,66607,6.203260272741318e-05
5114,15_min_interval_stocks/Other/NETD.csv,15_min_interval_stocks,Other,NETD,85523,7.964950054883957e-05
5115,15_min_interval_stocks/Other/NEWTG.csv,15_min_interval_stocks,Other,NEWTG,90040,8.385628461837769e-05
5116,15_min_interval_stocks/Other/NMFCZ.csv,15_min_interval_stocks,Other,NMFCZ,186368,0.0001735687255859375
5117,15_min_interval_stocks/Other/NOVT.csv,15_min_interval_stocks,Other,NOVT,4572214,0.0042582061141729355
5118,15_min_interval_stocks/Other/NRBO.csv,15_min_interval_stocks,Other,NRBO,2678870,0.002494892105460167
5119,15_min_interval_stocks/Other/NRGV.csv,15_min_interval_stocks,Other,NRGV,1318456,0.0012279078364372253
5120,15_min_interval_stocks/Other/NTIP.csv,15_min_interval_stocks,Other,NTIP,2099599,0.001955403946340084
5121,15_min_interval_stocks/Other/NTWOU.csv,15_min_interval_stocks,Other,NTWOU,6472,6.027519702911377e-06
5122,15_min_interval_stocks/Other/NVAC.csv,15_min_interval_stocks,Other,NVAC,49228,4.5847147703170776e-05
5123,15_min_interval_stocks/Other/NVAWW.csv,15_min_interval_stocks,Other,NVAWW,22335,2.0801089704036713e-05
5124,15_min_interval_stocks/Other/NVEI.csv,15_min_interval_stocks,Other,NVEI,1368754,0.0012747514992952347
5125,15_min_interval_stocks/Other/NVRI.csv,15_min_interval_stocks,Other,NVRI,535402,0.0004986319690942764
5126,15_min_interval_stocks/Other/NVX.csv,15_min_interval_stocks,Other,NVX,716125,0.0006669433787465096
5127,15_min_interval_stocks/Other/NXG.csv,15_min_interval_stocks,Other,NXG,3555950,0.003311736509203911
5128,15_min_interval_stocks/Other/OAKUU.csv,15_min_interval_stocks,Other,OAKUU,4809,4.478730261325836e-06
5129,15_min_interval_stocks/Other/OBDE.csv,15_min_interval_stocks,Other,OBDE,319915,0.0002979440614581108
5130,15_min_interval_stocks/Other/OCCIM.csv,15_min_interval_stocks,Other,OCCIM,20497,1.9089318811893463e-05
5131,15_min_interval_stocks/Other/OCTO.csv,15_min_interval_stocks,Other,OCTO,1185248,0.0011038482189178467
5132,15_min_interval_stocks/Other/ONCT.csv,15_min_interval_stocks,Other,ONCT,1877297,0.001748369075357914
5133,15_min_interval_stocks/Other/OXLCI.csv,15_min_interval_stocks,Other,OXLCI,93836,8.739158511161804e-05
5134,15_min_interval_stocks/Other/PAR.csv,15_min_interval_stocks,Other,PAR,4794394,0.0044651273638010025
5135,15_min_interval_stocks/Other/PBI.csv,15_min_interval_stocks,Other,PBI,10237314,0.009534241631627083
5136,15_min_interval_stocks/Other/PCSC.csv,15_min_interval_stocks,Other,PCSC,22101,2.058316022157669e-05
5137,15_min_interval_stocks/Other/PCTTU.csv,15_min_interval_stocks,Other,PCTTU,65305,6.0820020735263824e-05
5138,15_min_interval_stocks/Other/PDCC.csv,15_min_interval_stocks,Other,PDCC,37038,3.449432551860809e-05
5139,15_min_interval_stocks/Other/PEGY.csv,15_min_interval_stocks,Other,PEGY,4451096,0.004145406186580658
5140,15_min_interval_stocks/Other/PFTA.csv,15_min_interval_stocks,Other,PFTA,96393,8.977297693490982e-05
5141,15_min_interval_stocks/Other/PFTAU.csv,15_min_interval_stocks,Other,PFTAU,61064,5.687028169631958e-05
5142,15_min_interval_stocks/Other/PFTAW.csv,15_min_interval_stocks,Other,PFTAW,96821,9.017158299684525e-05
5143,15_min_interval_stocks/Other/PITA.csv,15_min_interval_stocks,Other,PITA,148910,0.0001386832445859909
5144,15_min_interval_stocks/Other/PITAW.csv,15_min_interval_stocks,Other,PITAW,16931,1.5768222510814667e-05
5145,15_min_interval_stocks/Other/PLMJ.csv,15_min_interval_stocks,Other,PLMJ,18097,1.6854144632816315e-05
5146,15_min_interval_stocks/Other/PLMJU.csv,15_min_interval_stocks,Other,PLMJU,8861,8.252449333667755e-06
5147,15_min_interval_stocks/Other/PLRZ.csv,15_min_interval_stocks,Other,PLRZ,49351,4.596170037984848e-05
5148,15_min_interval_stocks/Other/PMNT.csv,15_min_interval_stocks,Other,PMNT,118245,0.00011012423783540726
5149,15_min_interval_stocks/Other/POLA.csv,15_min_interval_stocks,Other,POLA,2265819,0.002110208384692669
5150,15_min_interval_stocks/Other/POLE.csv,15_min_interval_stocks,Other,POLE,9935,9.252689778804779e-06
5151,15_min_interval_stocks/Other/POLEU.csv,15_min_interval_stocks,Other,POLEU,16545,1.5408731997013092e-05
5152,15_min_interval_stocks/Other/POLEW.csv,15_min_interval_stocks,Other,POLEW,4147,3.862194716930389e-06
5153,15_min_interval_stocks/Other/PRMB.csv,15_min_interval_stocks,Other,PRMB,32658,3.0415132641792297e-05
5154,15_min_interval_stocks/Other/PSBD.csv,15_min_interval_stocks,Other,PSBD,238888,0.00022248178720474243
5155,15_min_interval_stocks/Other/PWUPU.csv,15_min_interval_stocks,Other,PWUPU,59489,5.54034486413002e-05
5156,15_min_interval_stocks/Other/PXDT.csv,15_min_interval_stocks,Other,PXDT,180171,0.00016779731959104538
5157,15_min_interval_stocks/Other/QETAR.csv,15_min_interval_stocks,Other,QETAR,17245,1.6060657799243927e-05
5158,15_min_interval_stocks/Other/QOMOR.csv,15_min_interval_stocks,Other,QOMOR,4420,4.116445779800415e-06
5159,15_min_interval_stocks/Other/QOMOW.csv,15_min_interval_stocks,Other,QOMOW,16118,1.5011057257652283e-05
5160,15_min_interval_stocks/Other/QS.csv,15_min_interval_stocks,Other,QS,2975847,0.002771473489701748
5161,15_min_interval_stocks/Other/RCFA.csv,15_min_interval_stocks,Other,RCFA,79220,7.377937436103821e-05
5162,15_min_interval_stocks/Other/RCM.csv,15_min_interval_stocks,Other,RCM,2707121,0.002521202899515629
5163,15_min_interval_stocks/Other/RDACU.csv,15_min_interval_stocks,Other,RDACU,6353,5.916692316532135e-06
5164,15_min_interval_stocks/Other/REFR.csv,15_min_interval_stocks,Other,REFR,5709041,0.005316958762705326
5165,15_min_interval_stocks/Other/RFAI.csv,15_min_interval_stocks,Other,RFAI,20180,1.8794089555740356e-05
5166,15_min_interval_stocks/Other/RFAIU.csv,15_min_interval_stocks,Other,RFAIU,23085,2.149958163499832e-05
5167,15_min_interval_stocks/Other/RMCO.csv,15_min_interval_stocks,Other,RMCO,279449,0.00026025716215372086
5168,15_min_interval_stocks/Other/RMCOW.csv,15_min_interval_stocks,Other,RMCOW,44316,4.1272491216659546e-05
5169,15_min_interval_stocks/Other/ROCL.csv,15_min_interval_stocks,Other,ROCL,75495,7.031019777059555e-05
5170,15_min_interval_stocks/Other/ROCLU.csv,15_min_interval_stocks,Other,ROCLU,8509,7.924623787403107e-06
5171,15_min_interval_stocks/Other/ROCLW.csv,15_min_interval_stocks,Other,ROCLW,87738,8.171238005161285e-05
5172,15_min_interval_stocks/Other/RUN.csv,15_min_interval_stocks,Other,RUN,4647814,0.004328614100813866
5173,15_min_interval_stocks/Other/RVMDW.csv,15_min_interval_stocks,Other,RVMDW,51482,4.7946348786354065e-05
5174,15_min_interval_stocks/Other/SABA.csv,15_min_interval_stocks,Other,SABA,323969,0.00030171964317560196
5175,15_min_interval_stocks/Other/SAND.csv,15_min_interval_stocks,Other,SAND,5901247,0.005495964549481869
5176,15_min_interval_stocks/Other/SAVE.csv,15_min_interval_stocks,Other,SAVE,6909863,0.006435311399400234
5177,15_min_interval_stocks/Other/SBXD.csv,15_min_interval_stocks,Other,SBXD,12646,1.1777505278587341e-05
5178,15_min_interval_stocks/Other/SDSTW.csv,15_min_interval_stocks,Other,SDSTW,26065,2.4274922907352448e-05
5179,15_min_interval_stocks/Other/SES.csv,15_min_interval_stocks,Other,SES,1727244,0.0016086213290691376
5180,15_min_interval_stocks/Other/SIMA.csv,15_min_interval_stocks,Other,SIMA,13209,1.2301839888095856e-05
5181,15_min_interval_stocks/Other/SLDP.csv,15_min_interval_stocks,Other,SLDP,1988004,0.0018514730036258698
5182,15_min_interval_stocks/Other/SLDPW.csv,15_min_interval_stocks,Other,SLDPW,643914,0.0005996916443109512
5183,15_min_interval_stocks/Other/SMP.csv,15_min_interval_stocks,Other,SMP,8582634,0.007993200793862343
5184,15_min_interval_stocks/Other/SMPL.csv,15_min_interval_stocks,Other,SMPL,2605684,0.0024267323315143585
5185,15_min_interval_stocks/Other/SMR.csv,15_min_interval_stocks,Other,SMR,1558764,0.0014517121016979218
5186,15_min_interval_stocks/Other/SMRT.csv,15_min_interval_stocks,Other,SMRT,1504006,0.0014007147401571274
5187,15_min_interval_stocks/Other/SPB.csv,15_min_interval_stocks,Other,SPB,5834278,0.005433594807982445
5188,15_min_interval_stocks/Other/SPKL.csv,15_min_interval_stocks,Other,SPKL,40995,3.817956894636154e-05
5189,15_min_interval_stocks/Other/SPMA.csv,15_min_interval_stocks,Other,SPMA,20447,1.904275268316269e-05
5190,15_min_interval_stocks/Other/SPMC.csv,15_min_interval_stocks,Other,SPMC,102212,9.519234299659729e-05
5191,15_min_interval_stocks/Other/SRZNW.csv,15_min_interval_stocks,Other,SRZNW,80229,7.471907883882523e-05
5192,15_min_interval_stocks/Other/STEM.csv,15_min_interval_stocks,Other,STEM,2113570,0.001968415454030037
5193,15_min_interval_stocks/Other/STI.csv,15_min_interval_stocks,Other,STI,516920,0.00048141926527023315
5194,15_min_interval_stocks/Other/SVIIR.csv,15_min_interval_stocks,Other,SVIIR,47404,4.4148415327072144e-05
5195,15_min_interval_stocks/Other/SWKHL.csv,15_min_interval_stocks,Other,SWKHL,86739,8.078198879957199e-05
5196,15_min_interval_stocks/Other/TCS.csv,15_min_interval_stocks,Other,TCS,4357760,0.004058480262756348
5197,15_min_interval_stocks/Other/TETEU.csv,15_min_interval_stocks,Other,TETEU,3407,3.1730160117149353e-06
5198,15_min_interval_stocks/Other/TFSA.csv,15_min_interval_stocks,Other,TFSA,146487,0.0001364266499876976
5199,15_min_interval_stocks/Other/THCP.csv,15_min_interval_stocks,Other,THCP,136916,0.00012751296162605286
5200,15_min_interval_stocks/Other/THCPU.csv,15_min_interval_stocks,Other,THCPU,4782,4.453584551811218e-06
5201,15_min_interval_stocks/Other/THCPW.csv,15_min_interval_stocks,Other,THCPW,74684,6.95548951625824e-05
5202,15_min_interval_stocks/Other/TLGY.csv,15_min_interval_stocks,Other,TLGY,68367,6.367173045873642e-05
5203,15_min_interval_stocks/Other/TMTC.csv,15_min_interval_stocks,Other,TMTC,72532,6.755068898200989e-05
5204,15_min_interval_stocks/Other/TMTCR.csv,15_min_interval_stocks,Other,TMTCR,32130,2.9923394322395325e-05
5205,15_min_interval_stocks/Other/TMTCU.csv,15_min_interval_stocks,Other,TMTCU,7719,7.188878953456879e-06
5206,15_min_interval_stocks/Other/TPGXL.csv,15_min_interval_stocks,Other,TPGXL,163785,0.00015253666788339615
5207,15_min_interval_stocks/Other/TURB.csv,15_min_interval_stocks,Other,TURB,205296,0.00019119679927825928
5208,15_min_interval_stocks/Other/TWKS.csv,15_min_interval_stocks,Other,TWKS,1112811,0.0010363860055804253
5209,15_min_interval_stocks/Other/ULBI.csv,15_min_interval_stocks,Other,ULBI,5602247,0.005217499099671841
5210,15_min_interval_stocks/Other/VACH.csv,15_min_interval_stocks,Other,VACH,13462,1.2537464499473572e-05
5211,15_min_interval_stocks/Other/VCIC.csv,15_min_interval_stocks,Other,VCIC,4686,4.364177584648132e-06
5212,15_min_interval_stocks/Other/VCICU.csv,15_min_interval_stocks,Other,VCICU,13351,1.2434087693691254e-05
5213,15_min_interval_stocks/Other/VFF.csv,15_min_interval_stocks,Other,VFF,2676910,0.0024930667132139206
5214,15_min_interval_stocks/Other/VFSWW.csv,15_min_interval_stocks,Other,VFSWW,220668,0.0002055130898952484
5215,15_min_interval_stocks/Other/VHC.csv,15_min_interval_stocks,Other,VHC,6215189,0.005788345821201801
5216,15_min_interval_stocks/Other/VINO.csv,15_min_interval_stocks,Other,VINO,1180027,0.0010989857837557793
5217,15_min_interval_stocks/Other/VLYPN.csv,15_min_interval_stocks,Other,VLYPN,60825,5.664769560098648e-05
5218,15_min_interval_stocks/Other/VRM.csv,15_min_interval_stocks,Other,VRM,2459554,0.0022906381636857986
5219,15_min_interval_stocks/Other/VSTO.csv,15_min_interval_stocks,Other,VSTO,3602135,0.0033547496423125267
5220,15_min_interval_stocks/Other/VSTS.csv,15_min_interval_stocks,Other,VSTS,544237,0.0005068602040410042
5221,15_min_interval_stocks/Other/VYX.csv,15_min_interval_stocks,Other,VYX,471400,0.00043902546167373657
5222,15_min_interval_stocks/Other/VZIO.csv,15_min_interval_stocks,Other,VZIO,1457305,0.00135722104460001
5223,15_min_interval_stocks/Other/WHFCL.csv,15_min_interval_stocks,Other,WHFCL,127285,0.00011854339390993118
5224,15_min_interval_stocks/Other/WTMA.csv,15_min_interval_stocks,Other,WTMA,53562,4.988349974155426e-05
5225,15_min_interval_stocks/Other/XCH.csv,15_min_interval_stocks,Other,XCH,99371,9.254645556211472e-05
5226,15_min_interval_stocks/Other/XELB.csv,15_min_interval_stocks,Other,XELB,1481304,0.0013795718550682068
5227,15_min_interval_stocks/Other/XPON.csv,15_min_interval_stocks,Other,XPON,892199,0.0008309250697493553
5228,15_min_interval_stocks/Other/YHNA.csv,15_min_interval_stocks,Other,YHNA,4717,4.393048584461212e-06
5229,15_min_interval_stocks/Other/YHNAR.csv,15_min_interval_stocks,Other,YHNAR,1128,1.0505318641662598e-06
5230,15_min_interval_stocks/Other/YHNAU.csv,15_min_interval_stocks,Other,YHNAU,8816,8.210539817810059e-06
5231,15_min_interval_stocks/Other/ZEO.csv,15_min_interval_stocks,Other,ZEO,132882,0.00012375600636005402
5232,15_min_interval_stocks/Other/ZEOWW.csv,15_min_interval_stocks,Other,ZEOWW,19722,1.8367543816566467e-05
5233,15_min_interval_stocks/Real_Estate/AACG.csv,15_min_interval_stocks,Real_Estate,AACG,2508972,0.0023366622626781464
5234,15_min_interval_stocks/Real_Estate/AAT.csv,15_min_interval_stocks,Real_Estate,AAT,5474644,0.005098659545183182
5235,15_min_interval_stocks/Real_Estate/ABR.csv,15_min_interval_stocks,Real_Estate,ABR,8193342,0.007630644366145134
5236,15_min_interval_stocks/Real_Estate/ACR.csv,15_min_interval_stocks,Real_Estate,ACR,800049,0.000745103694498539
5237,15_min_interval_stocks/Real_Estate/ACRE.csv,15_min_interval_stocks,Real_Estate,ACRE,4773749,0.004445900209248066
5238,15_min_interval_stocks/Real_Estate/ADC.csv,15_min_interval_stocks,Real_Estate,ADC,8653764,0.008059445768594742
5239,15_min_interval_stocks/Real_Estate/AFYA.csv,15_min_interval_stocks,Real_Estate,AFYA,1799659,0.0016760630533099174
5240,15_min_interval_stocks/Real_Estate/AGNC.csv,15_min_interval_stocks,Real_Estate,AGNC,8523093,0.007937748916447163
5241,15_min_interval_stocks/Real_Estate/AGNCL.csv,15_min_interval_stocks,Real_Estate,AGNCL,501817,0.0004673535004258156
5242,15_min_interval_stocks/Real_Estate/AGNCM.csv,15_min_interval_stocks,Real_Estate,AGNCM,1336022,0.0012442674487829208
5243,15_min_interval_stocks/Real_Estate/AGNCN.csv,15_min_interval_stocks,Real_Estate,AGNCN,1896470,0.0017662253230810165
5244,15_min_interval_stocks/Real_Estate/AGNCO.csv,15_min_interval_stocks,Real_Estate,AGNCO,1470817,0.0013698050752282143
5245,15_min_interval_stocks/Real_Estate/AGNCP.csv,15_min_interval_stocks,Real_Estate,AGNCP,1495591,0.0013928776606917381
5246,15_min_interval_stocks/Real_Estate/AHR.csv,15_min_interval_stocks,Real_Estate,AHR,389031,0.0003623133525252342
5247,15_min_interval_stocks/Real_Estate/AHT.csv,15_min_interval_stocks,Real_Estate,AHT,9179194,0.008548790588974953
5248,15_min_interval_stocks/Real_Estate/AIV.csv,15_min_interval_stocks,Real_Estate,AIV,9560363,0.00890378188341856
5249,15_min_interval_stocks/Real_Estate/AKR.csv,15_min_interval_stocks,Real_Estate,AKR,8787306,0.008183816447854042
5250,15_min_interval_stocks/Real_Estate/ALEX.csv,15_min_interval_stocks,Real_Estate,ALEX,4860770,0.0045269448310136795
5251,15_min_interval_stocks/Real_Estate/ALX.csv,15_min_interval_stocks,Real_Estate,ALX,3877123,0.003610852174460888
5252,15_min_interval_stocks/Real_Estate/AMBO.csv,15_min_interval_stocks,Real_Estate,AMBO,1207879,0.0011249249801039696
5253,15_min_interval_stocks/Real_Estate/AMH.csv,15_min_interval_stocks,Real_Estate,AMH,4636164,0.004317764192819595
5254,15_min_interval_stocks/Real_Estate/AMT.csv,15_min_interval_stocks,Real_Estate,AMT,10941328,0.010189905762672424
5255,15_min_interval_stocks/Real_Estate/APEI.csv,15_min_interval_stocks,Real_Estate,APEI,5693001,0.005302020348608494
5256,15_min_interval_stocks/Real_Estate/APLE.csv,15_min_interval_stocks,Real_Estate,APLE,4248406,0.003956636413931847
5257,15_min_interval_stocks/Real_Estate/ARE.csv,15_min_interval_stocks,Real_Estate,ARE,10042199,0.009352526627480984
5258,15_min_interval_stocks/Real_Estate/ARI.csv,15_min_interval_stocks,Real_Estate,ARI,5957920,0.005548745393753052
5259,15_min_interval_stocks/Real_Estate/ARL.csv,15_min_interval_stocks,Real_Estate,ARL,1668702,0.0015540998429059982
5260,15_min_interval_stocks/Real_Estate/ARR.csv,15_min_interval_stocks,Real_Estate,ARR,7095430,0.006608134135603905
5261,15_min_interval_stocks/Real_Estate/ATGE.csv,15_min_interval_stocks,Real_Estate,ATGE,6654176,0.006197184324264526
5262,15_min_interval_stocks/Real_Estate/AVB.csv,15_min_interval_stocks,Real_Estate,AVB,10407874,0.009693088009953499
5263,15_min_interval_stocks/Real_Estate/AXR.csv,15_min_interval_stocks,Real_Estate,AXR,2760560,0.0025709718465805054
5264,15_min_interval_stocks/Real_Estate/BDN.csv,15_min_interval_stocks,Real_Estate,BDN,9452315,0.008803154341876507
5265,15_min_interval_stocks/Real_Estate/BEDU.csv,15_min_interval_stocks,Real_Estate,BEDU,1790522,0.0016675535589456558
5266,15_min_interval_stocks/Real_Estate/BFS.csv,15_min_interval_stocks,Real_Estate,BFS,7680335,0.007152869366109371
5267,15_min_interval_stocks/Real_Estate/BHM.csv,15_min_interval_stocks,Real_Estate,BHM,359307,0.00033463072031736374
5268,15_min_interval_stocks/Real_Estate/BHR.csv,15_min_interval_stocks,Real_Estate,BHR,4174110,0.003887442871928215
5269,15_min_interval_stocks/Real_Estate/BN.csv,15_min_interval_stocks,Real_Estate,BN,7261781,0.006763060577213764
5270,15_min_interval_stocks/Real_Estate/BNH.csv,15_min_interval_stocks,Real_Estate,BNH,1115928,0.0010392889380455017
5271,15_min_interval_stocks/Real_Estate/BNJ.csv,15_min_interval_stocks,Real_Estate,BNJ,959695,0.0008937856182456017
5272,15_min_interval_stocks/Real_Estate/BNL.csv,15_min_interval_stocks,Real_Estate,BNL,1734519,0.0016153967007994652
5273,15_min_interval_stocks/Real_Estate/BOXL.csv,15_min_interval_stocks,Real_Estate,BOXL,2651621,0.0024695144966244698
5274,15_min_interval_stocks/Real_Estate/BRSP.csv,15_min_interval_stocks,Real_Estate,BRSP,2679088,0.002495095133781433
5275,15_min_interval_stocks/Real_Estate/BRT.csv,15_min_interval_stocks,Real_Estate,BRT,4540673,0.004228831268846989
5276,15_min_interval_stocks/Real_Estate/BRX.csv,15_min_interval_stocks,Real_Estate,BRX,4521763,0.00421121995896101
5277,15_min_interval_stocks/Real_Estate/BTCT.csv,15_min_interval_stocks,Real_Estate,BTCT,389934,0.000363154336810112
5278,15_min_interval_stocks/Real_Estate/BTCTW.csv,15_min_interval_stocks,Real_Estate,BTCTW,72314,6.734766066074371e-05
5279,15_min_interval_stocks/Real_Estate/BXMT.csv,15_min_interval_stocks,Real_Estate,BXMT,6953936,0.006476357579231262
5280,15_min_interval_stocks/Real_Estate/BXP.csv,15_min_interval_stocks,Real_Estate,BXP,10323221,0.009614248760044575
5281,15_min_interval_stocks/Real_Estate/CBL.csv,15_min_interval_stocks,Real_Estate,CBL,1618102,0.001506974920630455
5282,15_min_interval_stocks/Real_Estate/CCI.csv,15_min_interval_stocks,Real_Estate,CCI,10082520,0.009390078485012054
5283,15_min_interval_stocks/Real_Estate/CDP.csv,15_min_interval_stocks,Real_Estate,CDP,539061,0.0005020396783947945
5284,15_min_interval_stocks/Real_Estate/CHCT.csv,15_min_interval_stocks,Real_Estate,CHCT,3593418,0.0033466313034296036
5285,15_min_interval_stocks/Real_Estate/CHGG.csv,15_min_interval_stocks,Real_Estate,CHGG,4331219,0.004033762030303478
5286,15_min_interval_stocks/Real_Estate/CHMI.csv,15_min_interval_stocks,Real_Estate,CHMI,4010550,0.0037351157516241074
5287,15_min_interval_stocks/Real_Estate/CIM.csv,15_min_interval_stocks,Real_Estate,CIM,7720587,0.007190356962382793
5288,15_min_interval_stocks/Real_Estate/CIMN.csv,15_min_interval_stocks,Real_Estate,CIMN,120002,0.00011176057159900665
5289,15_min_interval_stocks/Real_Estate/CIMO.csv,15_min_interval_stocks,Real_Estate,CIMO,64752,6.0304999351501465e-05
5290,15_min_interval_stocks/Real_Estate/CIO.csv,15_min_interval_stocks,Real_Estate,CIO,3782747,0.0035229576751589775
5291,15_min_interval_stocks/Real_Estate/CLDT.csv,15_min_interval_stocks,Real_Estate,CLDT,5473120,0.005097240209579468
5292,15_min_interval_stocks/Real_Estate/CLEU.csv,15_min_interval_stocks,Real_Estate,CLEU,1679110,0.0015637930482625961
5293,15_min_interval_stocks/Real_Estate/CLPR.csv,15_min_interval_stocks,Real_Estate,CLPR,2268382,0.0021125953644514084
5294,15_min_interval_stocks/Real_Estate/CMCT.csv,15_min_interval_stocks,Real_Estate,CMCT,2833419,0.0026388270780444145
5295,15_min_interval_stocks/Real_Estate/COE.csv,15_min_interval_stocks,Real_Estate,COE,1558508,0.0014514736831188202
5296,15_min_interval_stocks/Real_Estate/COLD.csv,15_min_interval_stocks,Real_Estate,COLD,2861264,0.0026647597551345825
5297,15_min_interval_stocks/Real_Estate/CPT.csv,15_min_interval_stocks,Real_Estate,CPT,10007407,0.009320124052464962
5298,15_min_interval_stocks/Real_Estate/CSR.csv,15_min_interval_stocks,Real_Estate,CSR,1408664,0.0013119205832481384
5299,15_min_interval_stocks/Real_Estate/CTO.csv,15_min_interval_stocks,Real_Estate,CTO,5737556,0.0053435154259204865
5300,15_min_interval_stocks/Real_Estate/CTRE.csv,15_min_interval_stocks,Real_Estate,CTRE,4222981,0.003932957537472248
5301,15_min_interval_stocks/Real_Estate/CUBE.csv,15_min_interval_stocks,Real_Estate,CUBE,6981456,0.00650198757648468
5302,15_min_interval_stocks/Real_Estate/CUZ.csv,15_min_interval_stocks,Real_Estate,CUZ,9748648,0.009079135954380035
5303,15_min_interval_stocks/Real_Estate/CXW.csv,15_min_interval_stocks,Real_Estate,CXW,9310605,0.008671176619827747
5304,15_min_interval_stocks/Real_Estate/DAO.csv,15_min_interval_stocks,Real_Estate,DAO,1827172,0.0017016865313053131
5305,15_min_interval_stocks/Real_Estate/DBRG.csv,15_min_interval_stocks,Real_Estate,DBRG,4424665,0.004120790399610996
5306,15_min_interval_stocks/Real_Estate/DEA.csv,15_min_interval_stocks,Real_Estate,DEA,4023715,0.00374737661331892
5307,15_min_interval_stocks/Real_Estate/DEI.csv,15_min_interval_stocks,Real_Estate,DEI,7267464,0.006768353283405304
5308,15_min_interval_stocks/Real_Estate/DHC.csv,15_min_interval_stocks,Real_Estate,DHC,7039391,0.006555943749845028
5309,15_min_interval_stocks/Real_Estate/DHCNI.csv,15_min_interval_stocks,Real_Estate,DHCNI,3071986,0.0028610099107027054
5310,15_min_interval_stocks/Real_Estate/DHCNL.csv,15_min_interval_stocks,Real_Estate,DHCNL,1846656,0.001719832420349121
5311,15_min_interval_stocks/Real_Estate/DLR.csv,15_min_interval_stocks,Real_Estate,DLR,8585823,0.007996170781552792
5312,15_min_interval_stocks/Real_Estate/DOC.csv,15_min_interval_stocks,Real_Estate,DOC,4692423,0.0043701594695448875
5313,15_min_interval_stocks/Real_Estate/DRH.csv,15_min_interval_stocks,Real_Estate,DRH,7436250,0.006925547495484352
5314,15_min_interval_stocks/Real_Estate/DX.csv,15_min_interval_stocks,Real_Estate,DX,7589835,0.00706858467310667
5315,15_min_interval_stocks/Real_Estate/EARN.csv,15_min_interval_stocks,Real_Estate,EARN,4158952,0.0038733258843421936
5316,15_min_interval_stocks/Real_Estate/EDTK.csv,15_min_interval_stocks,Real_Estate,EDTK,864536,0.0008051618933677673
5317,15_min_interval_stocks/Real_Estate/EDU.csv,15_min_interval_stocks,Real_Estate,EDU,8602218,0.008011439815163612
5318,15_min_interval_stocks/Real_Estate/EEIQ.csv,15_min_interval_stocks,Real_Estate,EEIQ,603718,0.0005622562021017075
5319,15_min_interval_stocks/Real_Estate/ELME.csv,15_min_interval_stocks,Real_Estate,ELME,6991818,0.006511637941002846
5320,15_min_interval_stocks/Real_Estate/ELS.csv,15_min_interval_stocks,Real_Estate,ELS,7873995,0.007333229295909405
5321,15_min_interval_stocks/Real_Estate/EPR.csv,15_min_interval_stocks,Real_Estate,EPR,9965546,0.009281137958168983
5322,15_min_interval_stocks/Real_Estate/EPRT.csv,15_min_interval_stocks,Real_Estate,EPRT,2697249,0.002512008883059025
5323,15_min_interval_stocks/Real_Estate/EQC.csv,15_min_interval_stocks,Real_Estate,EQC,9712127,0.009045123122632504
5324,15_min_interval_stocks/Real_Estate/EQIX.csv,15_min_interval_stocks,Real_Estate,EQIX,10278787,0.00957286637276411
5325,15_min_interval_stocks/Real_Estate/EQR.csv,15_min_interval_stocks,Real_Estate,EQR,10260308,0.009555656462907791
5326,15_min_interval_stocks/Real_Estate/ESRT.csv,15_min_interval_stocks,Real_Estate,ESRT,4406364,0.004103746265172958
5327,15_min_interval_stocks/Real_Estate/ESS.csv,15_min_interval_stocks,Real_Estate,ESS,10164301,0.009466242976486683
5328,15_min_interval_stocks/Real_Estate/EXR.csv,15_min_interval_stocks,Real_Estate,EXR,8234834,0.007669286802411079
5329,15_min_interval_stocks/Real_Estate/FBRT.csv,15_min_interval_stocks,Real_Estate,FBRT,1327337,0.0012361789122223854
5330,15_min_interval_stocks/Real_Estate/FCPT.csv,15_min_interval_stocks,Real_Estate,FCPT,3608711,0.003360874019563198
5331,15_min_interval_stocks/Real_Estate/FEDU.csv,15_min_interval_stocks,Real_Estate,FEDU,1245896,0.0011603310704231262
5332,15_min_interval_stocks/Real_Estate/FPI.csv,15_min_interval_stocks,Real_Estate,FPI,3957718,0.0036859121173620224
5333,15_min_interval_stocks/Real_Estate/FR.csv,15_min_interval_stocks,Real_Estate,FR,9827788,0.009152840822935104
5334,15_min_interval_stocks/Real_Estate/FRT.csv,15_min_interval_stocks,Real_Estate,FRT,10051783,0.009361452423036098
5335,15_min_interval_stocks/Real_Estate/FSP.csv,15_min_interval_stocks,Real_Estate,FSP,7135163,0.0066451383754611015
5336,15_min_interval_stocks/Real_Estate/FVR.csv,15_min_interval_stocks,Real_Estate,FVR,64215,5.980487912893295e-05
5337,15_min_interval_stocks/Real_Estate/GHC.csv,15_min_interval_stocks,Real_Estate,GHC,5342176,0.0049752891063690186
5338,15_min_interval_stocks/Real_Estate/GIPR.csv,15_min_interval_stocks,Real_Estate,GIPR,692516,0.0006449557840824127
5339,15_min_interval_stocks/Real_Estate/GLPI.csv,15_min_interval_stocks,Real_Estate,GLPI,4575512,0.004261277616024017
5340,15_min_interval_stocks/Real_Estate/GMRE.csv,15_min_interval_stocks,Real_Estate,GMRE,3255450,0.0030318740755319595
5341,15_min_interval_stocks/Real_Estate/GNL.csv,15_min_interval_stocks,Real_Estate,GNL,3928408,0.0036586150527000427
5342,15_min_interval_stocks/Real_Estate/GOOD.csv,15_min_interval_stocks,Real_Estate,GOOD,7090677,0.006603707559406757
5343,15_min_interval_stocks/Real_Estate/GOODN.csv,15_min_interval_stocks,Real_Estate,GOODN,633629,0.000590112991631031
5344,15_min_interval_stocks/Real_Estate/GOODO.csv,15_min_interval_stocks,Real_Estate,GOODO,397045,0.00036977697163820267
5345,15_min_interval_stocks/Real_Estate/GOTU.csv,15_min_interval_stocks,Real_Estate,GOTU,3110944,0.002897292375564575
5346,15_min_interval_stocks/Real_Estate/GPMT.csv,15_min_interval_stocks,Real_Estate,GPMT,3002974,0.002796737477183342
5347,15_min_interval_stocks/Real_Estate/GSUN.csv,15_min_interval_stocks,Real_Estate,GSUN,799262,0.0007443707436323166
5348,15_min_interval_stocks/Real_Estate/GV.csv,15_min_interval_stocks,Real_Estate,GV,372982,0.0003473665565252304
5349,15_min_interval_stocks/Real_Estate/GYRO.csv,15_min_interval_stocks,Real_Estate,GYRO,852880,0.0007943063974380493
5350,15_min_interval_stocks/Real_Estate/HASI.csv,15_min_interval_stocks,Real_Estate,HASI,4741271,0.0044156527146697044
5351,15_min_interval_stocks/Real_Estate/HHH.csv,15_min_interval_stocks,Real_Estate,HHH,601614,0.0005602966994047165
5352,15_min_interval_stocks/Real_Estate/HIW.csv,15_min_interval_stocks,Real_Estate,HIW,9856375,0.009179464541375637
5353,15_min_interval_stocks/Real_Estate/HR.csv,15_min_interval_stocks,Real_Estate,HR,9699638,0.00903349183499813
5354,15_min_interval_stocks/Real_Estate/HST.csv,15_min_interval_stocks,Real_Estate,HST,7886334,0.007344720885157585
5355,15_min_interval_stocks/Real_Estate/HTIA.csv,15_min_interval_stocks,Real_Estate,HTIA,661255,0.0006158417090773582
5356,15_min_interval_stocks/Real_Estate/HTIBP.csv,15_min_interval_stocks,Real_Estate,HTIBP,305021,0.00028407294303178787
5357,15_min_interval_stocks/Real_Estate/IH.csv,15_min_interval_stocks,Real_Estate,IH,826763,0.0007699830457568169
5358,15_min_interval_stocks/Real_Estate/ILPT.csv,15_min_interval_stocks,Real_Estate,ILPT,2688984,0.002504311501979828
5359,15_min_interval_stocks/Real_Estate/INN.csv,15_min_interval_stocks,Real_Estate,INN,5239917,0.004880052991211414
5360,15_min_interval_stocks/Real_Estate/INTG.csv,15_min_interval_stocks,Real_Estate,INTG,602283,0.0005609197542071342
5361,15_min_interval_stocks/Real_Estate/IOR.csv,15_min_interval_stocks,Real_Estate,IOR,400682,0.00037316419184207916
5362,15_min_interval_stocks/Real_Estate/IRM.csv,15_min_interval_stocks,Real_Estate,IRM,10285561,0.009579175151884556
5363,15_min_interval_stocks/Real_Estate/IRS.csv,15_min_interval_stocks,Real_Estate,IRS,6770824,0.006305821239948273
5364,15_min_interval_stocks/Real_Estate/IRT.csv,15_min_interval_stocks,Real_Estate,IRT,4278658,0.003984810784459114
5365,15_min_interval_stocks/Real_Estate/IVR.csv,15_min_interval_stocks,Real_Estate,IVR,7395225,0.006887339986860752
5366,15_min_interval_stocks/Real_Estate/IVT.csv,15_min_interval_stocks,Real_Estate,IVT,1292922,0.0012041274458169937
5367,15_min_interval_stocks/Real_Estate/JBGS.csv,15_min_interval_stocks,Real_Estate,JBGS,2965123,0.0027614859864115715
5368,15_min_interval_stocks/Real_Estate/JDZG.csv,15_min_interval_stocks,Real_Estate,JDZG,292691,0.000272589735686779
5369,15_min_interval_stocks/Real_Estate/JOE.csv,15_min_interval_stocks,Real_Estate,JOE,9823651,0.00914898794144392
5370,15_min_interval_stocks/Real_Estate/JZ.csv,15_min_interval_stocks,Real_Estate,JZ,556018,0.0005178321152925491
5371,15_min_interval_stocks/Real_Estate/KIM.csv,15_min_interval_stocks,Real_Estate,KIM,10163076,0.009465102106332779
5372,15_min_interval_stocks/Real_Estate/KRC.csv,15_min_interval_stocks,Real_Estate,KRC,9809771,0.009136061184108257
5373,15_min_interval_stocks/Real_Estate/KREF.csv,15_min_interval_stocks,Real_Estate,KREF,3054164,0.0028444118797779083
5374,15_min_interval_stocks/Real_Estate/KRG.csv,15_min_interval_stocks,Real_Estate,KRG,7907306,0.007364252582192421
5375,15_min_interval_stocks/Real_Estate/KUKE.csv,15_min_interval_stocks,Real_Estate,KUKE,811828,0.0007560737431049347
5376,15_min_interval_stocks/Real_Estate/LADR.csv,15_min_interval_stocks,Real_Estate,LADR,4263635,0.003970819525420666
5377,15_min_interval_stocks/Real_Estate/LAMR.csv,15_min_interval_stocks,Real_Estate,LAMR,10168411,0.009470070712268353
5378,15_min_interval_stocks/Real_Estate/LAND.csv,15_min_interval_stocks,Real_Estate,LAND,4235922,0.003945009782910347
5379,15_min_interval_stocks/Real_Estate/LANDM.csv,15_min_interval_stocks,Real_Estate,LANDM,264026,0.00024589337408542633
5380,15_min_interval_stocks/Real_Estate/LANDO.csv,15_min_interval_stocks,Real_Estate,LANDO,876774,0.0008165594190359116
5381,15_min_interval_stocks/Real_Estate/LANDP.csv,15_min_interval_stocks,Real_Estate,LANDP,337697,0.00031450483947992325
5382,15_min_interval_stocks/Real_Estate/LAUR.csv,15_min_interval_stocks,Real_Estate,LAUR,2921615,0.0027209660038352013
5383,15_min_interval_stocks/Real_Estate/LFT.csv,15_min_interval_stocks,Real_Estate,LFT,4189658,0.0039019230753183365
5384,15_min_interval_stocks/Real_Estate/LGCY.csv,15_min_interval_stocks,Real_Estate,LGCY,60384,5.6236982345581055e-05
5385,15_min_interval_stocks/Real_Estate/LINC.csv,15_min_interval_stocks,Real_Estate,LINC,5494264,0.0051169320940971375
5386,15_min_interval_stocks/Real_Estate/LINE.csv,15_min_interval_stocks,Real_Estate,LINE,180399,0.0001680096611380577
5387,15_min_interval_stocks/Real_Estate/LOAN.csv,15_min_interval_stocks,Real_Estate,LOAN,2540302,0.0023658405989408493
5388,15_min_interval_stocks/Real_Estate/LOPE.csv,15_min_interval_stocks,Real_Estate,LOPE,5676441,0.0052865976467728615
5389,15_min_interval_stocks/Real_Estate/LRN.csv,15_min_interval_stocks,Real_Estate,LRN,5957938,0.005548762157559395
5390,15_min_interval_stocks/Real_Estate/LTC.csv,15_min_interval_stocks,Real_Estate,LTC,9423310,0.008776141330599785
5391,15_min_interval_stocks/Real_Estate/LXEH.csv,15_min_interval_stocks,Real_Estate,LXEH,647601,0.0006031254306435585
5392,15_min_interval_stocks/Real_Estate/LXP.csv,15_min_interval_stocks,Real_Estate,LXP,9102396,0.008477266877889633
5393,15_min_interval_stocks/Real_Estate/MAA.csv,15_min_interval_stocks,Real_Estate,MAA,9761180,0.009090807288885117
5394,15_min_interval_stocks/Real_Estate/MAC.csv,15_min_interval_stocks,Real_Estate,MAC,10342720,0.009632408618927002
5395,15_min_interval_stocks/Real_Estate/MAYS.csv,15_min_interval_stocks,Real_Estate,MAYS,221095,0.00020591076463460922
5396,15_min_interval_stocks/Real_Estate/MDRR.csv,15_min_interval_stocks,Real_Estate,MDRR,1319098,0.0012285057455301285
5397,15_min_interval_stocks/Real_Estate/MDRRP.csv,15_min_interval_stocks,Real_Estate,MDRRP,101466,9.449757635593414e-05
5398,15_min_interval_stocks/Real_Estate/MDV.csv,15_min_interval_stocks,Real_Estate,MDV,708376,0.0006597265601158142
5399,15_min_interval_stocks/Real_Estate/MFA.csv,15_min_interval_stocks,Real_Estate,MFA,9838512,0.00916282832622528
5400,15_min_interval_stocks/Real_Estate/MFAN.csv,15_min_interval_stocks,Real_Estate,MFAN,239768,0.00022330135107040405
5401,15_min_interval_stocks/Real_Estate/MFAO.csv,15_min_interval_stocks,Real_Estate,MFAO,144648,0.00013471394777297974
5402,15_min_interval_stocks/Real_Estate/MITN.csv,15_min_interval_stocks,Real_Estate,MITN,128518,0.00011969171464443207
5403,15_min_interval_stocks/Real_Estate/MITP.csv,15_min_interval_stocks,Real_Estate,MITP,102800,9.573996067047119e-05
5404,15_min_interval_stocks/Real_Estate/MITT.csv,15_min_interval_stocks,Real_Estate,MITT,5409244,0.0050377510488033295
5405,15_min_interval_stocks/Real_Estate/MPW.csv,15_min_interval_stocks,Real_Estate,MPW,8501328,0.007917478680610657
5406,15_min_interval_stocks/Real_Estate/MYND.csv,15_min_interval_stocks,Real_Estate,MYND,311714,0.00029030628502368927
5407,15_min_interval_stocks/Real_Estate/NEN.csv,15_min_interval_stocks,Real_Estate,NEN,658299,0.0006130887195467949
5408,15_min_interval_stocks/Real_Estate/NHI.csv,15_min_interval_stocks,Real_Estate,NHI,9412671,0.00876623298972845
5409,15_min_interval_stocks/Real_Estate/NLOP.csv,15_min_interval_stocks,Real_Estate,NLOP,441741,0.0004114033654332161
5410,15_min_interval_stocks/Real_Estate/NLY.csv,15_min_interval_stocks,Real_Estate,NLY,12187282,0.011350290849804878
5411,15_min_interval_stocks/Real_Estate/NNN.csv,15_min_interval_stocks,Real_Estate,NNN,9764724,0.009094107896089554
5412,15_min_interval_stocks/Real_Estate/NRDY.csv,15_min_interval_stocks,Real_Estate,NRDY,1640048,0.0015274137258529663
5413,15_min_interval_stocks/Real_Estate/NREF.csv,15_min_interval_stocks,Real_Estate,NREF,1553286,0.0014466103166341782
5414,15_min_interval_stocks/Real_Estate/NSA.csv,15_min_interval_stocks,Real_Estate,NSA,3855728,0.0035909265279769897
5415,15_min_interval_stocks/Real_Estate/NTST.csv,15_min_interval_stocks,Real_Estate,NTST,1758371,0.0016376106068491936
5416,15_min_interval_stocks/Real_Estate/NXDT.csv,15_min_interval_stocks,Real_Estate,NXDT,5804124,0.00540551170706749
5417,15_min_interval_stocks/Real_Estate/NXRT.csv,15_min_interval_stocks,Real_Estate,NXRT,3689575,0.003436184488236904
5418,15_min_interval_stocks/Real_Estate/NYC.csv,15_min_interval_stocks,Real_Estate,NYC,834330,0.0007770303636789322
5419,15_min_interval_stocks/Real_Estate/NYMT.csv,15_min_interval_stocks,Real_Estate,NYMT,6472664,0.006028138101100922
5420,15_min_interval_stocks/Real_Estate/NYMTI.csv,15_min_interval_stocks,Real_Estate,NYMTI,77426,7.210858166217804e-05
5421,15_min_interval_stocks/Real_Estate/NYMTL.csv,15_min_interval_stocks,Real_Estate,NYMTL,444721,0.0004141787067055702
5422,15_min_interval_stocks/Real_Estate/NYMTM.csv,15_min_interval_stocks,Real_Estate,NYMTM,1091214,0.0010162722319364548
5423,15_min_interval_stocks/Real_Estate/NYMTN.csv,15_min_interval_stocks,Real_Estate,NYMTN,1353952,0.0012609660625457764
5424,15_min_interval_stocks/Real_Estate/NYMTZ.csv,15_min_interval_stocks,Real_Estate,NYMTZ,409104,0.0003810077905654907
5425,15_min_interval_stocks/Real_Estate/O.csv,15_min_interval_stocks,Real_Estate,O,11156650,0.010390440002083778
5426,15_min_interval_stocks/Real_Estate/OHI.csv,15_min_interval_stocks,Real_Estate,OHI,10092324,0.009399209171533585
5427,15_min_interval_stocks/Real_Estate/OLP.csv,15_min_interval_stocks,Real_Estate,OLP,6702924,0.006242584437131882
5428,15_min_interval_stocks/Real_Estate/ONL.csv,15_min_interval_stocks,Real_Estate,ONL,1358278,0.001264994964003563
5429,15_min_interval_stocks/Real_Estate/ORC.csv,15_min_interval_stocks,Real_Estate,ORC,5455964,0.005081262439489365
5430,15_min_interval_stocks/Real_Estate/OUT.csv,15_min_interval_stocks,Real_Estate,OUT,4373358,0.0040730070322752
5431,15_min_interval_stocks/Real_Estate/OZ.csv,15_min_interval_stocks,Real_Estate,OZ,386236,0.00035971030592918396
5432,15_min_interval_stocks/Real_Estate/PCH.csv,15_min_interval_stocks,Real_Estate,PCH,9810305,0.009136558510363102
5433,15_min_interval_stocks/Real_Estate/PDM.csv,15_min_interval_stocks,Real_Estate,PDM,5802618,0.005404109135270119
5434,15_min_interval_stocks/Real_Estate/PEB.csv,15_min_interval_stocks,Real_Estate,PEB,6013804,0.005600791424512863
5435,15_min_interval_stocks/Real_Estate/PECO.csv,15_min_interval_stocks,Real_Estate,PECO,1386389,0.0012911753728985786
5436,15_min_interval_stocks/Real_Estate/PGRE.csv,15_min_interval_stocks,Real_Estate,PGRE,3932189,0.003662136383354664
5437,15_min_interval_stocks/Real_Estate/PINE.csv,15_min_interval_stocks,Real_Estate,PINE,1799359,0.0016757836565375328
5438,15_min_interval_stocks/Real_Estate/PKST.csv,15_min_interval_stocks,Real_Estate,PKST,711395,0.0006625382229685783
5439,15_min_interval_stocks/Real_Estate/PLD.csv,15_min_interval_stocks,Real_Estate,PLD,10465152,0.009746432304382324
5440,15_min_interval_stocks/Real_Estate/PLYM.csv,15_min_interval_stocks,Real_Estate,PLYM,2607227,0.00242816936224699
5441,15_min_interval_stocks/Real_Estate/PMT.csv,15_min_interval_stocks,Real_Estate,PMT,6136294,0.005714869126677513
5442,15_min_interval_stocks/Real_Estate/PMTU.csv,15_min_interval_stocks,Real_Estate,PMTU,161454,0.00015036575496196747
5443,15_min_interval_stocks/Real_Estate/PRDO.csv,15_min_interval_stocks,Real_Estate,PRDO,6985926,0.006506150588393211
5444,15_min_interval_stocks/Real_Estate/PSA.csv,15_min_interval_stocks,Real_Estate,PSA,10540218,0.00981634296476841
5445,15_min_interval_stocks/Real_Estate/PSTL.csv,15_min_interval_stocks,Real_Estate,PSTL,1915827,0.0017842529341578484
5446,15_min_interval_stocks/Real_Estate/PW.csv,15_min_interval_stocks,Real_Estate,PW,2029038,0.0018896888941526413
5447,15_min_interval_stocks/Real_Estate/QSG.csv,15_min_interval_stocks,Real_Estate,QSG,551442,0.0005135703831911087
5448,15_min_interval_stocks/Real_Estate/RC.csv,15_min_interval_stocks,Real_Estate,RC,4360940,0.004061441868543625
5449,15_min_interval_stocks/Real_Estate/RCB.csv,15_min_interval_stocks,Real_Estate,RCB,460015,0.00042842235416173935
5450,15_min_interval_stocks/Real_Estate/RCC.csv,15_min_interval_stocks,Real_Estate,RCC,411012,0.00038278475403785706
5451,15_min_interval_stocks/Real_Estate/REFI.csv,15_min_interval_stocks,Real_Estate,REFI,1119775,0.0010428717359900475
5452,15_min_interval_stocks/Real_Estate/REG.csv,15_min_interval_stocks,Real_Estate,REG,9641973,0.00897978711873293
5453,15_min_interval_stocks/Real_Estate/REGCO.csv,15_min_interval_stocks,Real_Estate,REGCO,124007,0.00011549051851034164
5454,15_min_interval_stocks/Real_Estate/REGCP.csv,15_min_interval_stocks,Real_Estate,REGCP,94416,8.793175220489502e-05
5455,15_min_interval_stocks/Real_Estate/REXR.csv,15_min_interval_stocks,Real_Estate,REXR,4560220,0.0042470358312129974
5456,15_min_interval_stocks/Real_Estate/RHE.csv,15_min_interval_stocks,Real_Estate,RHE,1738043,0.0016186786815524101
5457,15_min_interval_stocks/Real_Estate/RHP.csv,15_min_interval_stocks,Real_Estate,RHP,7015202,0.006533415988087654
5458,15_min_interval_stocks/Real_Estate/RITM.csv,15_min_interval_stocks,Real_Estate,RITM,5666206,0.005277065560221672
5459,15_min_interval_stocks/Real_Estate/RLJ.csv,15_min_interval_stocks,Real_Estate,RLJ,5380405,0.005010892637073994
5460,15_min_interval_stocks/Real_Estate/ROIC.csv,15_min_interval_stocks,Real_Estate,ROIC,5878132,0.005474437028169632
5461,15_min_interval_stocks/Real_Estate/RWT.csv,15_min_interval_stocks,Real_Estate,RWT,9276629,0.008639534004032612
5462,15_min_interval_stocks/Real_Estate/RWTN.csv,15_min_interval_stocks,Real_Estate,RWTN,143549,0.00013369042426347733
5463,15_min_interval_stocks/Real_Estate/RWTO.csv,15_min_interval_stocks,Real_Estate,RWTO,98788,9.200349450111389e-05
5464,15_min_interval_stocks/Real_Estate/RYN.csv,15_min_interval_stocks,Real_Estate,RYN,9783453,0.009111550636589527
5465,15_min_interval_stocks/Real_Estate/SACC.csv,15_min_interval_stocks,Real_Estate,SACC,406557,0.0003786357119679451
5466,15_min_interval_stocks/Real_Estate/SACH.csv,15_min_interval_stocks,Real_Estate,SACH,2667345,0.0024841586127877235
5467,15_min_interval_stocks/Real_Estate/SAFE.csv,15_min_interval_stocks,Real_Estate,SAFE,2872979,0.002675670199096203
5468,15_min_interval_stocks/Real_Estate/SBAC.csv,15_min_interval_stocks,Real_Estate,SBAC,10439873,0.00972288940101862
5469,15_min_interval_stocks/Real_Estate/SBRA.csv,15_min_interval_stocks,Real_Estate,SBRA,5778646,0.0053817834705114365
5470,15_min_interval_stocks/Real_Estate/SCCC.csv,15_min_interval_stocks,Real_Estate,SCCC,488585,0.00045503024011850357
5471,15_min_interval_stocks/Real_Estate/SCCD.csv,15_min_interval_stocks,Real_Estate,SCCD,248827,0.00023173820227384567
5472,15_min_interval_stocks/Real_Estate/SCCE.csv,15_min_interval_stocks,Real_Estate,SCCE,354336,0.0003300011157989502
5473,15_min_interval_stocks/Real_Estate/SCCF.csv,15_min_interval_stocks,Real_Estate,SCCF,271909,0.00025323498994112015
5474,15_min_interval_stocks/Real_Estate/SCCG.csv,15_min_interval_stocks,Real_Estate,SCCG,297014,0.00027661584317684174
5475,15_min_interval_stocks/Real_Estate/SELF.csv,15_min_interval_stocks,Real_Estate,SELF,2067998,0.0019259732216596603
5476,15_min_interval_stocks/Real_Estate/SEVN.csv,15_min_interval_stocks,Real_Estate,SEVN,3780752,0.0035210996866226196
5477,15_min_interval_stocks/Real_Estate/SILA.csv,15_min_interval_stocks,Real_Estate,SILA,221439,0.00020623113960027695
5478,15_min_interval_stocks/Real_Estate/SITC.csv,15_min_interval_stocks,Real_Estate,SITC,6985692,0.006505932658910751
5479,15_min_interval_stocks/Real_Estate/SKT.csv,15_min_interval_stocks,Real_Estate,SKT,9605523,0.008945840410888195
5480,15_min_interval_stocks/Real_Estate/SLG.csv,15_min_interval_stocks,Real_Estate,SLG,10213856,0.009512394666671753
5481,15_min_interval_stocks/Real_Estate/SOHO.csv,15_min_interval_stocks,Real_Estate,SOHO,3994330,0.0037200096994638443
5482,15_min_interval_stocks/Real_Estate/SOHOB.csv,15_min_interval_stocks,Real_Estate,SOHOB,531020,0.0004945509135723114
5483,15_min_interval_stocks/Real_Estate/SOHON.csv,15_min_interval_stocks,Real_Estate,SOHON,394208,0.00036713480949401855
5484,15_min_interval_stocks/Real_Estate/SOHOO.csv,15_min_interval_stocks,Real_Estate,SOHOO,453946,0.000422770157456398
5485,15_min_interval_stocks/Real_Estate/SPG.csv,15_min_interval_stocks,Real_Estate,SPG,11436975,0.010651513002812862
5486,15_min_interval_stocks/Real_Estate/SQFT.csv,15_min_interval_stocks,Real_Estate,SQFT,1131775,0.0010540476068854332
5487,15_min_interval_stocks/Real_Estate/SQFTP.csv,15_min_interval_stocks,Real_Estate,SQFTP,278127,0.0002590259537100792
5488,15_min_interval_stocks/Real_Estate/SQFTW.csv,15_min_interval_stocks,Real_Estate,SQFTW,207817,0.0001935446634888649
5489,15_min_interval_stocks/Real_Estate/STAG.csv,15_min_interval_stocks,Real_Estate,STAG,5798465,0.005400241352617741
5490,15_min_interval_stocks/Real_Estate/STG.csv,15_min_interval_stocks,Real_Estate,STG,1443770,0.0013446155935525894
5491,15_min_interval_stocks/Real_Estate/STHO.csv,15_min_interval_stocks,Real_Estate,STHO,465890,0.0004338938742876053
5492,15_min_interval_stocks/Real_Estate/STRA.csv,15_min_interval_stocks,Real_Estate,STRA,9610230,0.00895022414624691
5493,15_min_interval_stocks/Real_Estate/STRS.csv,15_min_interval_stocks,Real_Estate,STRS,2205010,0.0020535755902528763
5494,15_min_interval_stocks/Real_Estate/STRW.csv,15_min_interval_stocks,Real_Estate,STRW,247774,0.00023075751960277557
5495,15_min_interval_stocks/Real_Estate/STWD.csv,15_min_interval_stocks,Real_Estate,STWD,6660602,0.006203169003129005
5496,15_min_interval_stocks/Real_Estate/SUI.csv,15_min_interval_stocks,Real_Estate,SUI,9580244,0.00892229750752449
5497,15_min_interval_stocks/Real_Estate/SUNS.csv,15_min_interval_stocks,Real_Estate,SUNS,131022,0.00012202374637126923
5498,15_min_interval_stocks/Real_Estate/SVC.csv,15_min_interval_stocks,Real_Estate,SVC,2132183,0.001985750161111355
5499,15_min_interval_stocks/Real_Estate/TAL.csv,15_min_interval_stocks,Real_Estate,TAL,6367913,0.005930581130087376
5500,15_min_interval_stocks/Real_Estate/TCI.csv,15_min_interval_stocks,Real_Estate,TCI,1308981,0.0012190835550427437
5501,15_min_interval_stocks/Real_Estate/TCTM.csv,15_min_interval_stocks,Real_Estate,TCTM,153600,0.0001430511474609375
5502,15_min_interval_stocks/Real_Estate/TPTA.csv,15_min_interval_stocks,Real_Estate,TPTA,216887,0.0002019917592406273
5503,15_min_interval_stocks/Real_Estate/TRTX.csv,15_min_interval_stocks,Real_Estate,TRTX,2868486,0.0026714857667684555
5504,15_min_interval_stocks/Real_Estate/TWO.csv,15_min_interval_stocks,Real_Estate,TWO,6897027,0.00642335694283247
5505,15_min_interval_stocks/Real_Estate/UDMY.csv,15_min_interval_stocks,Real_Estate,UDMY,1142272,0.0010638236999511719
5506,15_min_interval_stocks/Real_Estate/UDR.csv,15_min_interval_stocks,Real_Estate,UDR,9964140,0.009279828518629074
5507,15_min_interval_stocks/Real_Estate/UHT.csv,15_min_interval_stocks,Real_Estate,UHT,8266310,0.007698601111769676
5508,15_min_interval_stocks/Real_Estate/UMH.csv,15_min_interval_stocks,Real_Estate,UMH,6588621,0.006136131472885609
5509,15_min_interval_stocks/Real_Estate/UNIT.csv,15_min_interval_stocks,Real_Estate,UNIT,4055449,0.0037769312039017677
5510,15_min_interval_stocks/Real_Estate/UTI.csv,15_min_interval_stocks,Real_Estate,UTI,7047256,0.006563268601894379
5511,15_min_interval_stocks/Real_Estate/VICI.csv,15_min_interval_stocks,Real_Estate,VICI,3468685,0.003230464644730091
5512,15_min_interval_stocks/Real_Estate/VNO.csv,15_min_interval_stocks,Real_Estate,VNO,10270487,0.009565136395394802
5513,15_min_interval_stocks/Real_Estate/VRE.csv,15_min_interval_stocks,Real_Estate,VRE,7042293,0.006558646447956562
5514,15_min_interval_stocks/Real_Estate/VSTA.csv,15_min_interval_stocks,Real_Estate,VSTA,790121,0.0007358575239777565
5515,15_min_interval_stocks/Real_Estate/VTR.csv,15_min_interval_stocks,Real_Estate,VTR,9984326,0.009298628196120262
5516,15_min_interval_stocks/Real_Estate/WAFU.csv,15_min_interval_stocks,Real_Estate,WAFU,1065774,0.000992579385638237
5517,15_min_interval_stocks/Real_Estate/WELL.csv,15_min_interval_stocks,Real_Estate,WELL,7554236,0.007035430520772934
5518,15_min_interval_stocks/Real_Estate/WHLR.csv,15_min_interval_stocks,Real_Estate,WHLR,3530218,0.0032877717167139053
5519,15_min_interval_stocks/Real_Estate/WHLRD.csv,15_min_interval_stocks,Real_Estate,WHLRD,587186,0.0005468595772981644
5520,15_min_interval_stocks/Real_Estate/WHLRP.csv,15_min_interval_stocks,Real_Estate,WHLRP,754246,0.0007024463266134262
5521,15_min_interval_stocks/Real_Estate/WPC.csv,15_min_interval_stocks,Real_Estate,WPC,8913082,0.008300954475998878
5522,15_min_interval_stocks/Real_Estate/WSR.csv,15_min_interval_stocks,Real_Estate,WSR,5191199,0.0048346808180212975
5523,15_min_interval_stocks/Real_Estate/WY.csv,15_min_interval_stocks,Real_Estate,WY,10694692,0.009960208088159561
5524,15_min_interval_stocks/Real_Estate/YQ.csv,15_min_interval_stocks,Real_Estate,YQ,1199989,0.0011175768449902534
5525,15_min_interval_stocks/Real_Estate/ZCMD.csv,15_min_interval_stocks,Real_Estate,ZCMD,898641,0.0008369246497750282
5526,15_min_interval_stocks/Technology/AAOI.csv,15_min_interval_stocks,Technology,AAOI,4411493,0.004108523018658161
5527,15_min_interval_stocks/Technology/AAPL.csv,15_min_interval_stocks,Technology,AAPL,19532307,0.018190878443419933
5528,15_min_interval_stocks/Technology/ABTS.csv,15_min_interval_stocks,Technology,ABTS,236179,0.0002199588343501091
5529,15_min_interval_stocks/Technology/ACIW.csv,15_min_interval_stocks,Technology,ACIW,6301785,0.005868994630873203
5530,15_min_interval_stocks/Technology/ACLS.csv,15_min_interval_stocks,Technology,ACLS,8839594,0.008232513442635536
5531,15_min_interval_stocks/Technology/ACMR.csv,15_min_interval_stocks,Technology,ACMR,2836437,0.002641637809574604
5532,15_min_interval_stocks/Technology/ADBE.csv,15_min_interval_stocks,Technology,ADBE,11916851,0.01109843235462904
5533,15_min_interval_stocks/Technology/ADEA.csv,15_min_interval_stocks,Technology,ADEA,6796002,0.006329270079731941
5534,15_min_interval_stocks/Technology/ADI.csv,15_min_interval_stocks,Technology,ADI,11405360,0.010622069239616394
5535,15_min_interval_stocks/Technology/ADP.csv,15_min_interval_stocks,Technology,ADP,10666004,0.009933490306138992
5536,15_min_interval_stocks/Technology/ADSK.csv,15_min_interval_stocks,Technology,ADSK,10337464,0.009627513587474823
5537,15_min_interval_stocks/Technology/AEIS.csv,15_min_interval_stocks,Technology,AEIS,10020419,0.009332242421805859
5538,15_min_interval_stocks/Technology/AEYE.csv,15_min_interval_stocks,Technology,AEYE,2092290,0.0019485969096422195
5539,15_min_interval_stocks/Technology/AGMH.csv,15_min_interval_stocks,Technology,AGMH,962673,0.0008965590968728065
5540,15_min_interval_stocks/Technology/AGYS.csv,15_min_interval_stocks,Technology,AGYS,7049295,0.00656516756862402
5541,15_min_interval_stocks/Technology/AI.csv,15_min_interval_stocks,Technology,AI,6563149,0.006112408824265003
5542,15_min_interval_stocks/Technology/AIFF.csv,15_min_interval_stocks,Technology,AIFF,110697,0.00010309461504220963
5543,15_min_interval_stocks/Technology/AILE.csv,15_min_interval_stocks,Technology,AILE,285875,0.0002662418410181999
5544,15_min_interval_stocks/Technology/AILEW.csv,15_min_interval_stocks,Technology,AILEW,76705,7.143709808588028e-05
5545,15_min_interval_stocks/Technology/AIP.csv,15_min_interval_stocks,Technology,AIP,958702,0.0008928608149290085
5546,15_min_interval_stocks/Technology/AIRG.csv,15_min_interval_stocks,Technology,AIRG,2271811,0.002115788869559765
5547,15_min_interval_stocks/Technology/AISP.csv,15_min_interval_stocks,Technology,AISP,584018,0.0005439091473817825
5548,15_min_interval_stocks/Technology/AISPW.csv,15_min_interval_stocks,Technology,AISPW,167624,0.00015611201524734497
5549,15_min_interval_stocks/Technology/AIXI.csv,15_min_interval_stocks,Technology,AIXI,713821,0.0006647976115345955
5550,15_min_interval_stocks/Technology/ALAB.csv,15_min_interval_stocks,Technology,ALAB,513737,0.0004784548655152321
5551,15_min_interval_stocks/Technology/ALAR.csv,15_min_interval_stocks,Technology,ALAR,2148887,0.0020013069733977318
5552,15_min_interval_stocks/Technology/ALGM.csv,15_min_interval_stocks,Technology,ALGM,1705399,0.0015882765874266624
5553,15_min_interval_stocks/Technology/ALKT.csv,15_min_interval_stocks,Technology,ALKT,1300852,0.0012115128338336945
5554,15_min_interval_stocks/Technology/ALOT.csv,15_min_interval_stocks,Technology,ALOT,2447909,0.0022797929123044014
5555,15_min_interval_stocks/Technology/ALRM.csv,15_min_interval_stocks,Technology,ALRM,3306634,0.003079542890191078
5556,15_min_interval_stocks/Technology/ALTR.csv,15_min_interval_stocks,Technology,ALTR,2455553,0.002286911942064762
5557,15_min_interval_stocks/Technology/AMAT.csv,15_min_interval_stocks,Technology,AMAT,14555989,0.013556321151554585
5558,15_min_interval_stocks/Technology/AMBA.csv,15_min_interval_stocks,Technology,AMBA,4905818,0.004568899050354958
5559,15_min_interval_stocks/Technology/AMD.csv,15_min_interval_stocks,Technology,AMD,14563252,0.013563085347414017
5560,15_min_interval_stocks/Technology/AMKR.csv,15_min_interval_stocks,Technology,AMKR,10456085,0.009737988002598286
5561,15_min_interval_stocks/Technology/AMPL.csv,15_min_interval_stocks,Technology,AMPL,1180729,0.0010996395722031593
5562,15_min_interval_stocks/Technology/AMST.csv,15_min_interval_stocks,Technology,AMST,1219318,0.001135578379034996
5563,15_min_interval_stocks/Technology/ANSS.csv,15_min_interval_stocks,Technology,ANSS,9006988,0.00838841125369072
5564,15_min_interval_stocks/Technology/AOSL.csv,15_min_interval_stocks,Technology,AOSL,4781234,0.004452871158719063
5565,15_min_interval_stocks/Technology/APCX.csv,15_min_interval_stocks,Technology,APCX,976824,0.0009097382426261902
5566,15_min_interval_stocks/Technology/APCXW.csv,15_min_interval_stocks,Technology,APCXW,131785,0.00012273434549570084
5567,15_min_interval_stocks/Technology/APH.csv,15_min_interval_stocks,Technology,APH,9992246,0.009306004270911217
5568,15_min_interval_stocks/Technology/API.csv,15_min_interval_stocks,Technology,API,1772635,0.0016508949920535088
5569,15_min_interval_stocks/Technology/APP.csv,15_min_interval_stocks,Technology,APP,1837768,0.0017115548253059387
5570,15_min_interval_stocks/Technology/APPF.csv,15_min_interval_stocks,Technology,APPF,3233630,0.00301155261695385
5571,15_min_interval_stocks/Technology/APPN.csv,15_min_interval_stocks,Technology,APPN,2975859,0.0027714846655726433
5572,15_min_interval_stocks/Technology/ARBB.csv,15_min_interval_stocks,Technology,ARBB,575254,0.0005357470363378525
5573,15_min_interval_stocks/Technology/ARBE.csv,15_min_interval_stocks,Technology,ARBE,883765,0.0008230702951550484
5574,15_min_interval_stocks/Technology/ARBEW.csv,15_min_interval_stocks,Technology,ARBEW,215923,0.00020109396427869797
5575,15_min_interval_stocks/Technology/AREN.csv,15_min_interval_stocks,Technology,AREN,682953,0.0006360495463013649
5576,15_min_interval_stocks/Technology/ARM.csv,15_min_interval_stocks,Technology,ARM,1031117,0.0009603025391697884
5577,15_min_interval_stocks/Technology/ARQQ.csv,15_min_interval_stocks,Technology,ARQQ,1747704,0.0016276761889457703
5578,15_min_interval_stocks/Technology/ARQQW.csv,15_min_interval_stocks,Technology,ARQQW,384451,0.00035804789513349533
5579,15_min_interval_stocks/Technology/ARW.csv,15_min_interval_stocks,Technology,ARW,8835459,0.008228662423789501
5580,15_min_interval_stocks/Technology/ASAN.csv,15_min_interval_stocks,Technology,ASAN,2241692,0.0020877383649349213
5581,15_min_interval_stocks/Technology/ASML.csv,15_min_interval_stocks,Technology,ASML,13187572,0.012281883507966995
5582,15_min_interval_stocks/Technology/ASST.csv,15_min_interval_stocks,Technology,ASST,767990,0.0007152464240789413
5583,15_min_interval_stocks/Technology/ASTI.csv,15_min_interval_stocks,Technology,ASTI,8056576,0.0075032711029052734
5584,15_min_interval_stocks/Technology/ASUR.csv,15_min_interval_stocks,Technology,ASUR,3517450,0.003275880590081215
5585,15_min_interval_stocks/Technology/ASX.csv,15_min_interval_stocks,Technology,ASX,8669951,0.008074521087110043
5586,15_min_interval_stocks/Technology/ASYS.csv,15_min_interval_stocks,Technology,ASYS,5702643,0.005311000160872936
5587,15_min_interval_stocks/Technology/ATGL.csv,15_min_interval_stocks,Technology,ATGL,309724,0.00028845295310020447
5588,15_min_interval_stocks/Technology/ATHM.csv,15_min_interval_stocks,Technology,ATHM,4545792,0.004233598709106445
5589,15_min_interval_stocks/Technology/ATOM.csv,15_min_interval_stocks,Technology,ATOM,2431349,0.002264370210468769
5590,15_min_interval_stocks/Technology/AUID.csv,15_min_interval_stocks,Technology,AUID,996521,0.0009280825033783913
5591,15_min_interval_stocks/Technology/AUR.csv,15_min_interval_stocks,Technology,AUR,1830594,0.0017048735171556473
5592,15_min_interval_stocks/Technology/AUROW.csv,15_min_interval_stocks,Technology,AUROW,507492,0.0004726387560367584
5593,15_min_interval_stocks/Technology/AUUD.csv,15_min_interval_stocks,Technology,AUUD,1288337,0.0011998573318123817
5594,15_min_interval_stocks/Technology/AUUDW.csv,15_min_interval_stocks,Technology,AUUDW,184386,0.00017172284424304962
5595,15_min_interval_stocks/Technology/AVDX.csv,15_min_interval_stocks,Technology,AVDX,1183387,0.0011021150276064873
5596,15_min_interval_stocks/Technology/AVGO.csv,15_min_interval_stocks,Technology,AVGO,7868577,0.007328183390200138
5597,15_min_interval_stocks/Technology/AVNW.csv,15_min_interval_stocks,Technology,AVNW,4130748,0.0038470588624477386
5598,15_min_interval_stocks/Technology/AVPT.csv,15_min_interval_stocks,Technology,AVPT,1926506,0.001794198527932167
5599,15_min_interval_stocks/Technology/AVPTW.csv,15_min_interval_stocks,Technology,AVPTW,703747,0.0006554154679179192
5600,15_min_interval_stocks/Technology/AVT.csv,15_min_interval_stocks,Technology,AVT,10030217,0.009341367520391941
5601,15_min_interval_stocks/Technology/AWRE.csv,15_min_interval_stocks,Technology,AWRE,5307463,0.0049429601058363914
5602,15_min_interval_stocks/Technology/AXTI.csv,15_min_interval_stocks,Technology,AXTI,7469542,0.006956553086638451
5603,15_min_interval_stocks/Technology/AZPN.csv,15_min_interval_stocks,Technology,AZPN,6689572,0.006230149418115616
5604,15_min_interval_stocks/Technology/AZTA.csv,15_min_interval_stocks,Technology,AZTA,6732541,0.006270167417824268
5605,15_min_interval_stocks/Technology/BAND.csv,15_min_interval_stocks,Technology,BAND,2587600,0.002409890294075012
5606,15_min_interval_stocks/Technology/BASE.csv,15_min_interval_stocks,Technology,BASE,1244409,0.001158946193754673
5607,15_min_interval_stocks/Technology/BB.csv,15_min_interval_stocks,Technology,BB,9481619,0.008830445818603039
5608,15_min_interval_stocks/Technology/BBAI.csv,15_min_interval_stocks,Technology,BBAI,1764645,0.001643453724682331
5609,15_min_interval_stocks/Technology/BCAN.csv,15_min_interval_stocks,Technology,BCAN,924769,0.0008612582460045815
5610,15_min_interval_stocks/Technology/BCOV.csv,15_min_interval_stocks,Technology,BCOV,4131708,0.0038479529321193695
5611,15_min_interval_stocks/Technology/BEEM.csv,15_min_interval_stocks,Technology,BEEM,2051709,0.0019108029082417488
5612,15_min_interval_stocks/Technology/BHE.csv,15_min_interval_stocks,Technology,BHE,9780943,0.009109213016927242
5613,15_min_interval_stocks/Technology/BIDU.csv,15_min_interval_stocks,Technology,BIDU,11610356,0.010812986642122269
5614,15_min_interval_stocks/Technology/BIGC.csv,15_min_interval_stocks,Technology,BIGC,1881434,0.0017522219568490982
5615,15_min_interval_stocks/Technology/BILI.csv,15_min_interval_stocks,Technology,BILI,4583261,0.004268494434654713
5616,15_min_interval_stocks/Technology/BILL.csv,15_min_interval_stocks,Technology,BILL,2321569,0.002162129618227482
5617,15_min_interval_stocks/Technology/BKSY.csv,15_min_interval_stocks,Technology,BKSY,2001059,0.0018636314198374748
5618,15_min_interval_stocks/Technology/BKTI.csv,15_min_interval_stocks,Technology,BKTI,3080945,0.0028693536296486855
5619,15_min_interval_stocks/Technology/BKYI.csv,15_min_interval_stocks,Technology,BKYI,2815314,0.0026219654828310013
5620,15_min_interval_stocks/Technology/BL.csv,15_min_interval_stocks,Technology,BL,2899727,0.0027005812153220177
5621,15_min_interval_stocks/Technology/BLBX.csv,15_min_interval_stocks,Technology,BLBX,646420,0.0006020255386829376
5622,15_min_interval_stocks/Technology/BLIN.csv,15_min_interval_stocks,Technology,BLIN,3010297,0.002803557552397251
5623,15_min_interval_stocks/Technology/BLKB.csv,15_min_interval_stocks,Technology,BLKB,7833688,0.007295690476894379
5624,15_min_interval_stocks/Technology/BLND.csv,15_min_interval_stocks,Technology,BLND,1324420,0.001233462244272232
5625,15_min_interval_stocks/Technology/BLZE.csv,15_min_interval_stocks,Technology,BLZE,1153118,0.0010739248245954514
5626,15_min_interval_stocks/Technology/BMBL.csv,15_min_interval_stocks,Technology,BMBL,1774515,0.0016526458784937859
5627,15_min_interval_stocks/Technology/BMR.csv,15_min_interval_stocks,Technology,BMR,746470,0.0006952043622732162
5628,15_min_interval_stocks/Technology/BNAI.csv,15_min_interval_stocks,Technology,BNAI,315951,0.00029425229877233505
5629,15_min_interval_stocks/Technology/BNZI.csv,15_min_interval_stocks,Technology,BNZI,552945,0.0005149701610207558
5630,15_min_interval_stocks/Technology/BNZIW.csv,15_min_interval_stocks,Technology,BNZIW,44740,4.166737198829651e-05
5631,15_min_interval_stocks/Technology/BOX.csv,15_min_interval_stocks,Technology,BOX,4251958,0.003959944471716881
5632,15_min_interval_stocks/Technology/BRAG.csv,15_min_interval_stocks,Technology,BRAG,604512,0.0005629956722259521
5633,15_min_interval_stocks/Technology/BRZE.csv,15_min_interval_stocks,Technology,BRZE,1262200,0.001175515353679657
5634,15_min_interval_stocks/Technology/BSY.csv,15_min_interval_stocks,Technology,BSY,1736268,0.0016170255839824677
5635,15_min_interval_stocks/Technology/BTCM.csv,15_min_interval_stocks,Technology,BTCM,3840774,0.00357699953019619
5636,15_min_interval_stocks/Technology/BZ.csv,15_min_interval_stocks,Technology,BZ,1640974,0.0015282761305570602
5637,15_min_interval_stocks/Technology/CACI.csv,15_min_interval_stocks,Technology,CACI,5571621,0.005188976414501667
5638,15_min_interval_stocks/Technology/CAMT.csv,15_min_interval_stocks,Technology,CAMT,6463958,0.006020030006766319
5639,15_min_interval_stocks/Technology/CAN.csv,15_min_interval_stocks,Technology,CAN,3029066,0.002821037545800209
5640,15_min_interval_stocks/Technology/CANG.csv,15_min_interval_stocks,Technology,CANG,1738475,0.001619081012904644
5641,15_min_interval_stocks/Technology/CARG.csv,15_min_interval_stocks,Technology,CARG,2627057,0.002446637488901615
5642,15_min_interval_stocks/Technology/CARS.csv,15_min_interval_stocks,Technology,CARS,2728351,0.0025409748777747154
5643,15_min_interval_stocks/Technology/CCCS.csv,15_min_interval_stocks,Technology,CCCS,1204426,0.0011217091232538223
5644,15_min_interval_stocks/Technology/CCLD.csv,15_min_interval_stocks,Technology,CCLD,2497317,0.002325807698071003
5645,15_min_interval_stocks/Technology/CCLDO.csv,15_min_interval_stocks,Technology,CCLDO,264011,0.0002458794042468071
5646,15_min_interval_stocks/Technology/CCLDP.csv,15_min_interval_stocks,Technology,CCLDP,1395419,0.0012995852157473564
5647,15_min_interval_stocks/Technology/CCRD.csv,15_min_interval_stocks,Technology,CCRD,2177058,0.0020275432616472244
5648,15_min_interval_stocks/Technology/CCSI.csv,15_min_interval_stocks,Technology,CCSI,1069795,0.0009963242337107658
5649,15_min_interval_stocks/Technology/CDLX.csv,15_min_interval_stocks,Technology,CDLX,2514076,0.0023414157330989838
5650,15_min_interval_stocks/Technology/CDNS.csv,15_min_interval_stocks,Technology,CDNS,7573879,0.007053724490106106
5651,15_min_interval_stocks/Technology/CERS.csv,15_min_interval_stocks,Technology,CERS,8158990,0.007598651573061943
5652,15_min_interval_stocks/Technology/CERT.csv,15_min_interval_stocks,Technology,CERT,1458340,0.001358184963464737
5653,15_min_interval_stocks/Technology/CETX.csv,15_min_interval_stocks,Technology,CETX,3635252,0.0033855922520160675
5654,15_min_interval_stocks/Technology/CEVA.csv,15_min_interval_stocks,Technology,CEVA,6705986,0.006245436146855354
5655,15_min_interval_stocks/Technology/CFLT.csv,15_min_interval_stocks,Technology,CFLT,1734092,0.0016149990260601044
5656,15_min_interval_stocks/Technology/CGNT.csv,15_min_interval_stocks,Technology,CGNT,1325071,0.0012340685352683067
5657,15_min_interval_stocks/Technology/CHKP.csv,15_min_interval_stocks,Technology,CHKP,9846612,0.009170372039079666
5658,15_min_interval_stocks/Technology/CHR.csv,15_min_interval_stocks,Technology,CHR,163081,0.00015188101679086685
5659,15_min_interval_stocks/Technology/CINT.csv,15_min_interval_stocks,Technology,CINT,889681,0.0008285799995064735
5660,15_min_interval_stocks/Technology/CLBT.csv,15_min_interval_stocks,Technology,CLBT,1150520,0.0010715052485466003
5661,15_min_interval_stocks/Technology/CLMB.csv,15_min_interval_stocks,Technology,CLMB,2582123,0.0024047894403338432
5662,15_min_interval_stocks/Technology/CLPS.csv,15_min_interval_stocks,Technology,CLPS,1514113,0.001410127617418766
5663,15_min_interval_stocks/Technology/CLS.csv,15_min_interval_stocks,Technology,CLS,8706369,0.008108437992632389
5664,15_min_interval_stocks/Technology/CLVT.csv,15_min_interval_stocks,Technology,CLVT,2148537,0.0020009810104966164
5665,15_min_interval_stocks/Technology/CMBM.csv,15_min_interval_stocks,Technology,CMBM,1708244,0.0015909262001514435
5666,15_min_interval_stocks/Technology/CMCM.csv,15_min_interval_stocks,Technology,CMCM,3695468,0.003441672772169113
5667,15_min_interval_stocks/Technology/CMTL.csv,15_min_interval_stocks,Technology,CMTL,9270511,0.008633836172521114
5668,15_min_interval_stocks/Technology/CNET.csv,15_min_interval_stocks,Technology,CNET,3170879,0.002953111194074154
5669,15_min_interval_stocks/Technology/CNXC.csv,15_min_interval_stocks,Technology,CNXC,1703789,0.0015867771580815315
5670,15_min_interval_stocks/Technology/COHR.csv,15_min_interval_stocks,Technology,COHR,9351870,0.008709607645869255
5671,15_min_interval_stocks/Technology/COMM.csv,15_min_interval_stocks,Technology,COMM,4132954,0.0038491133600473404
5672,15_min_interval_stocks/Technology/COMP.csv,15_min_interval_stocks,Technology,COMP,1533519,0.001428200863301754
5673,15_min_interval_stocks/Technology/COUR.csv,15_min_interval_stocks,Technology,COUR,1551165,0.0014446349814534187
5674,15_min_interval_stocks/Technology/CRCT.csv,15_min_interval_stocks,Technology,CRCT,1490782,0.0013883989304304123
5675,15_min_interval_stocks/Technology/CRDO.csv,15_min_interval_stocks,Technology,CRDO,1231237,0.001146678812801838
5676,15_min_interval_stocks/Technology/CREX.csv,15_min_interval_stocks,Technology,CREX,1593094,0.0014836844056844711
5677,15_min_interval_stocks/Technology/CRKN.csv,15_min_interval_stocks,Technology,CRKN,1924827,0.0017926348373293877
5678,15_min_interval_stocks/Technology/CRM.csv,15_min_interval_stocks,Technology,CRM,11434242,0.010648967698216438
5679,15_min_interval_stocks/Technology/CRNC.csv,15_min_interval_stocks,Technology,CRNC,2052450,0.0019114930182695389
5680,15_min_interval_stocks/Technology/CRNT.csv,15_min_interval_stocks,Technology,CRNT,7368708,0.0068626441061496735
5681,15_min_interval_stocks/Technology/CRSR.csv,15_min_interval_stocks,Technology,CRSR,2056833,0.0019155750051140785
5682,15_min_interval_stocks/Technology/CRUS.csv,15_min_interval_stocks,Technology,CRUS,9406125,0.008760136552155018
5683,15_min_interval_stocks/Technology/CRWD.csv,15_min_interval_stocks,Technology,CRWD,3684449,0.003431410528719425
5684,15_min_interval_stocks/Technology/CSGS.csv,15_min_interval_stocks,Technology,CSGS,10032656,0.009343639016151428
5685,15_min_interval_stocks/Technology/CSIQ.csv,15_min_interval_stocks,Technology,CSIQ,7739904,0.007208347320556641
5686,15_min_interval_stocks/Technology/CSLR.csv,15_min_interval_stocks,Technology,CSLR,506926,0.00047211162745952606
5687,15_min_interval_stocks/Technology/CSLRW.csv,15_min_interval_stocks,Technology,CSLRW,81145,7.5572170317173e-05
5688,15_min_interval_stocks/Technology/CSPI.csv,15_min_interval_stocks,Technology,CSPI,2152260,0.00200444832444191
5689,15_min_interval_stocks/Technology/CTS.csv,15_min_interval_stocks,Technology,CTS,9404929,0.008759022690355778
5690,15_min_interval_stocks/Technology/CTSH.csv,15_min_interval_stocks,Technology,CTSH,10859784,0.01011396199464798
5691,15_min_interval_stocks/Technology/CTV.csv,15_min_interval_stocks,Technology,CTV,1218834,0.0011351276189088821
5692,15_min_interval_stocks/Technology/CVLT.csv,15_min_interval_stocks,Technology,CVLT,6440121,0.00599783007055521
5693,15_min_interval_stocks/Technology/CVV.csv,15_min_interval_stocks,Technology,CVV,3166847,0.0029493561014533043
5694,15_min_interval_stocks/Technology/CW.csv,15_min_interval_stocks,Technology,CW,9427781,0.00878030527383089
5695,15_min_interval_stocks/Technology/CWAN.csv,15_min_interval_stocks,Technology,CWAN,1190792,0.001109011471271515
5696,15_min_interval_stocks/Technology/CXAI.csv,15_min_interval_stocks,Technology,CXAI,1266993,0.001179979182779789
5697,15_min_interval_stocks/Technology/CXAIW.csv,15_min_interval_stocks,Technology,CXAIW,500658,0.00046627409756183624
5698,15_min_interval_stocks/Technology/CXM.csv,15_min_interval_stocks,Technology,CXM,1383333,0.0012883292511105537
5699,15_min_interval_stocks/Technology/CYBR.csv,15_min_interval_stocks,Technology,CYBR,4206690,0.003917785361409187
5700,15_min_interval_stocks/Technology/CYN.csv,15_min_interval_stocks,Technology,CYN,1647289,0.001534157432615757
5701,15_min_interval_stocks/Technology/DADA.csv,15_min_interval_stocks,Technology,DADA,2121050,0.0019753817468881607
5702,15_min_interval_stocks/Technology/DAVA.csv,15_min_interval_stocks,Technology,DAVA,2192393,0.002041825093328953
5703,15_min_interval_stocks/Technology/DAY.csv,15_min_interval_stocks,Technology,DAY,364376,0.0003393515944480896
5704,15_min_interval_stocks/Technology/DBX.csv,15_min_interval_stocks,Technology,DBX,3208205,0.0029878737404942513
5705,15_min_interval_stocks/Technology/DCBO.csv,15_min_interval_stocks,Technology,DCBO,1308053,0.0012182192876935005
5706,15_min_interval_stocks/Technology/DDD.csv,15_min_interval_stocks,Technology,DDD,8631490,0.008038701489567757
5707,15_min_interval_stocks/Technology/DDI.csv,15_min_interval_stocks,Technology,DDI,479163,0.00044625531882047653
5708,15_min_interval_stocks/Technology/DDOG.csv,15_min_interval_stocks,Technology,DDOG,3106525,0.0028931768611073494
5709,15_min_interval_stocks/Technology/DELL.csv,15_min_interval_stocks,Technology,DELL,3368238,0.00313691608607769
5710,15_min_interval_stocks/Technology/DGLY.csv,15_min_interval_stocks,Technology,DGLY,4619773,0.004302498884499073
5711,15_min_interval_stocks/Technology/DH.csv,15_min_interval_stocks,Technology,DH,1108228,0.0010321177542209625
5712,15_min_interval_stocks/Technology/DIOD.csv,15_min_interval_stocks,Technology,DIOD,8234903,0.007669351063668728
5713,15_min_interval_stocks/Technology/DJT.csv,15_min_interval_stocks,Technology,DJT,567082,0.0005281362682580948
5714,15_min_interval_stocks/Technology/DJTWW.csv,15_min_interval_stocks,Technology,DJTWW,334627,0.00031164567917585373
5715,15_min_interval_stocks/Technology/DM.csv,15_min_interval_stocks,Technology,DM,2775579,0.0025849593803286552
5716,15_min_interval_stocks/Technology/DMRC.csv,15_min_interval_stocks,Technology,DMRC,6005802,0.00559333898127079
5717,15_min_interval_stocks/Technology/DOCN.csv,15_min_interval_stocks,Technology,DOCN,1778468,0.0016563273966312408
5718,15_min_interval_stocks/Technology/DOCS.csv,15_min_interval_stocks,Technology,DOCS,1574740,0.0014665909111499786
5719,15_min_interval_stocks/Technology/DOCU.csv,15_min_interval_stocks,Technology,DOCU,3626869,0.003377784974873066
5720,15_min_interval_stocks/Technology/DOMO.csv,15_min_interval_stocks,Technology,DOMO,2342715,0.0021818233653903008
5721,15_min_interval_stocks/Technology/DOX.csv,15_min_interval_stocks,Technology,DOX,9942500,0.009259674698114395
5722,15_min_interval_stocks/Technology/DOYU.csv,15_min_interval_stocks,Technology,DOYU,2694177,0.002509147860109806
5723,15_min_interval_stocks/Technology/DQ.csv,15_min_interval_stocks,Technology,DQ,5286809,0.004923724569380283
5724,15_min_interval_stocks/Technology/DSGX.csv,15_min_interval_stocks,Technology,DSGX,5742938,0.005348527804017067
5725,15_min_interval_stocks/Technology/DSP.csv,15_min_interval_stocks,Technology,DSP,1183789,0.0011024894192814827
5726,15_min_interval_stocks/Technology/DT.csv,15_min_interval_stocks,Technology,DT,2262254,0.0021068882197141647
5727,15_min_interval_stocks/Technology/DTSS.csv,15_min_interval_stocks,Technology,DTSS,1629275,0.0015173805877566338
5728,15_min_interval_stocks/Technology/DTST.csv,15_min_interval_stocks,Technology,DTST,1056035,0.0009835092350840569
5729,15_min_interval_stocks/Technology/DTSTW.csv,15_min_interval_stocks,Technology,DTSTW,134175,0.00012496020644903183
5730,15_min_interval_stocks/Technology/DUOL.csv,15_min_interval_stocks,Technology,DUOL,1609381,0.0014988528564572334
5731,15_min_interval_stocks/Technology/DUOT.csv,15_min_interval_stocks,Technology,DUOT,995559,0.0009271865710616112
5732,15_min_interval_stocks/Technology/DV.csv,15_min_interval_stocks,Technology,DV,1420764,0.0013231895864009857
5733,15_min_interval_stocks/Technology/DXC.csv,15_min_interval_stocks,Technology,DXC,3174333,0.0029563279822468758
5734,15_min_interval_stocks/Technology/EA.csv,15_min_interval_stocks,Technology,EA,12112089,0.011280261911451817
5735,15_min_interval_stocks/Technology/EB.csv,15_min_interval_stocks,Technology,EB,2257509,0.0021024690940976143
5736,15_min_interval_stocks/Technology/EBON.csv,15_min_interval_stocks,Technology,EBON,1865756,0.0017376206815242767
5737,15_min_interval_stocks/Technology/ECX.csv,15_min_interval_stocks,Technology,ECX,511603,0.00047646742314100266
5738,15_min_interval_stocks/Technology/ECXWW.csv,15_min_interval_stocks,Technology,ECXWW,76208,7.097423076629639e-05
5739,15_min_interval_stocks/Technology/EGAN.csv,15_min_interval_stocks,Technology,EGAN,3601945,0.0033545726910233498
5740,15_min_interval_stocks/Technology/ELTK.csv,15_min_interval_stocks,Technology,ELTK,3216585,0.002995678223669529
5741,15_min_interval_stocks/Technology/ELWS.csv,15_min_interval_stocks,Technology,ELWS,500610,0.0004662293940782547
5742,15_min_interval_stocks/Technology/EMKR.csv,15_min_interval_stocks,Technology,EMKR,9235291,0.008601034991443157
5743,15_min_interval_stocks/Technology/EMR.csv,15_min_interval_stocks,Technology,EMR,10840908,0.010096382349729538
5744,15_min_interval_stocks/Technology/ENFN.csv,15_min_interval_stocks,Technology,ENFN,1066617,0.0009933644905686378
5745,15_min_interval_stocks/Technology/ENPH.csv,15_min_interval_stocks,Technology,ENPH,5968675,0.005558761768043041
5746,15_min_interval_stocks/Technology/ENS.csv,15_min_interval_stocks,Technology,ENS,8037006,0.0074850451201200485
5747,15_min_interval_stocks/Technology/EPAC.csv,15_min_interval_stocks,Technology,EPAC,6970876,0.006492134183645248
5748,15_min_interval_stocks/Technology/EPAM.csv,15_min_interval_stocks,Technology,EPAM,4922984,0.004584886133670807
5749,15_min_interval_stocks/Technology/ERIC.csv,15_min_interval_stocks,Technology,ERIC,8997450,0.008379528298974037
5750,15_min_interval_stocks/Technology/ERII.csv,15_min_interval_stocks,Technology,ERII,5433174,0.005060037598013878
5751,15_min_interval_stocks/Technology/ESP.csv,15_min_interval_stocks,Technology,ESP,1799803,0.001676197163760662
5752,15_min_interval_stocks/Technology/ESTC.csv,15_min_interval_stocks,Technology,ESTC,2567582,0.0023912470787763596
5753,15_min_interval_stocks/Technology/ETN.csv,15_min_interval_stocks,Technology,ETN,10911738,0.010162347927689552
5754,15_min_interval_stocks/Technology/ETWO.csv,15_min_interval_stocks,Technology,ETWO,1592674,0.0014832932502031326
5755,15_min_interval_stocks/Technology/EVCM.csv,15_min_interval_stocks,Technology,EVCM,1123566,0.0010464023798704147
5756,15_min_interval_stocks/Technology/EVER.csv,15_min_interval_stocks,Technology,EVER,2742242,0.002553911879658699
5757,15_min_interval_stocks/Technology/EVGO.csv,15_min_interval_stocks,Technology,EVGO,2391538,0.0022272933274507523
5758,15_min_interval_stocks/Technology/EVGOW.csv,15_min_interval_stocks,Technology,EVGOW,857556,0.0007986612617969513
5759,15_min_interval_stocks/Technology/EVLV.csv,15_min_interval_stocks,Technology,EVLV,1540083,0.00143431406468153
5760,15_min_interval_stocks/Technology/EVLVW.csv,15_min_interval_stocks,Technology,EVLVW,500980,0.0004665739834308624
5761,15_min_interval_stocks/Technology/EVTC.csv,15_min_interval_stocks,Technology,EVTC,4594129,0.004278616048395634
5762,15_min_interval_stocks/Technology/EXFY.csv,15_min_interval_stocks,Technology,EXFY,1174362,0.0010937098413705826
5763,15_min_interval_stocks/Technology/FAAS.csv,15_min_interval_stocks,Technology,FAAS,215165,0.00020038802176713943
5764,15_min_interval_stocks/Technology/FDS.csv,15_min_interval_stocks,Technology,FDS,10149288,0.00945226103067398
5765,15_min_interval_stocks/Technology/FIVN.csv,15_min_interval_stocks,Technology,FIVN,3876048,0.0036098510026931763
5766,15_min_interval_stocks/Technology/FLEX.csv,15_min_interval_stocks,Technology,FLEX,10727367,0.009990639053285122
5767,15_min_interval_stocks/Technology/FLUT.csv,15_min_interval_stocks,Technology,FLUT,529041,0.0004927078261971474
5768,15_min_interval_stocks/Technology/FNGR.csv,15_min_interval_stocks,Technology,FNGR,1600838,0.0014908965677022934
5769,15_min_interval_stocks/Technology/FORA.csv,15_min_interval_stocks,Technology,FORA,702885,0.0006546126678586006
5770,15_min_interval_stocks/Technology/FORM.csv,15_min_interval_stocks,Technology,FORM,7510843,0.0069950176402926445
5771,15_min_interval_stocks/Technology/FORTY.csv,15_min_interval_stocks,Technology,FORTY,925638,0.0008620675653219223
5772,15_min_interval_stocks/Technology/FROG.csv,15_min_interval_stocks,Technology,FROG,1773090,0.0016513187438249588
5773,15_min_interval_stocks/Technology/FRSH.csv,15_min_interval_stocks,Technology,FRSH,1334503,0.00124285276979208
5774,15_min_interval_stocks/Technology/FRSX.csv,15_min_interval_stocks,Technology,FRSX,2531552,0.002357691526412964
5775,15_min_interval_stocks/Technology/FSLR.csv,15_min_interval_stocks,Technology,FSLR,9130406,0.008503353223204613
5776,15_min_interval_stocks/Technology/FSLY.csv,15_min_interval_stocks,Technology,FSLY,3125955,0.002911272458732128
5777,15_min_interval_stocks/Technology/FTCI.csv,15_min_interval_stocks,Technology,FTCI,1574328,0.001466207206249237
5778,15_min_interval_stocks/Technology/FTNT.csv,15_min_interval_stocks,Technology,FTNT,6315094,0.005881389603018761
5779,15_min_interval_stocks/Technology/GAN.csv,15_min_interval_stocks,Technology,GAN,1758743,0.0016379570588469505
5780,15_min_interval_stocks/Technology/GB.csv,15_min_interval_stocks,Technology,GB,1033352,0.000962384045124054
5781,15_min_interval_stocks/Technology/GCTS.csv,15_min_interval_stocks,Technology,GCTS,386979,0.00036040227860212326
5782,15_min_interval_stocks/Technology/GDDY.csv,15_min_interval_stocks,Technology,GDDY,3663536,0.0034119337797164917
5783,15_min_interval_stocks/Technology/GDEV.csv,15_min_interval_stocks,Technology,GDEV,257047,0.0002393936738371849
5784,15_min_interval_stocks/Technology/GDEVW.csv,15_min_interval_stocks,Technology,GDEVW,82961,7.726345211267471e-05
5785,15_min_interval_stocks/Technology/GDRX.csv,15_min_interval_stocks,Technology,GDRX,1866029,0.0017378749325871468
5786,15_min_interval_stocks/Technology/GDS.csv,15_min_interval_stocks,Technology,GDS,3103726,0.0028905700892210007
5787,15_min_interval_stocks/Technology/GDYN.csv,15_min_interval_stocks,Technology,GDYN,1709901,0.0015924694016575813
5788,15_min_interval_stocks/Technology/GE.csv,15_min_interval_stocks,Technology,GE,16886978,0.015727223828434944
5789,15_min_interval_stocks/Technology/GEG.csv,15_min_interval_stocks,Technology,GEG,3797988,0.003537151962518692
5790,15_min_interval_stocks/Technology/GEN.csv,15_min_interval_stocks,Technology,GEN,9422169,0.008775078691542149
5791,15_min_interval_stocks/Technology/GFS.csv,15_min_interval_stocks,Technology,GFS,1566732,0.0014591328799724579
5792,15_min_interval_stocks/Technology/GIGGU.csv,15_min_interval_stocks,Technology,GIGGU,12480,1.1622905731201172e-05
5793,15_min_interval_stocks/Technology/GIGM.csv,15_min_interval_stocks,Technology,GIGM,5557367,0.005175701342523098
5794,15_min_interval_stocks/Technology/GILT.csv,15_min_interval_stocks,Technology,GILT,5240904,0.00488097220659256
5795,15_min_interval_stocks/Technology/GLBE.csv,15_min_interval_stocks,Technology,GLBE,1583781,0.0014750109985470772
5796,15_min_interval_stocks/Technology/GLE.csv,15_min_interval_stocks,Technology,GLE,51677,4.812795668840408e-05
5797,15_min_interval_stocks/Technology/GLOB.csv,15_min_interval_stocks,Technology,GLOB,3755855,0.003497912548482418
5798,15_min_interval_stocks/Technology/GMGI.csv,15_min_interval_stocks,Technology,GMGI,2333472,0.00217321515083313
5799,15_min_interval_stocks/Technology/GMM.csv,15_min_interval_stocks,Technology,GMM,544705,0.0005072960630059242
5800,15_min_interval_stocks/Technology/GOOG.csv,15_min_interval_stocks,Technology,GOOG,6848890,0.006378525868058205
5801,15_min_interval_stocks/Technology/GOOGL.csv,15_min_interval_stocks,Technology,GOOGL,13018805,0.012124706991016865
5802,15_min_interval_stocks/Technology/GPUS.csv,15_min_interval_stocks,Technology,GPUS,178077,0.00016584713011980057
5803,15_min_interval_stocks/Technology/GRND.csv,15_min_interval_stocks,Technology,GRND,1051476,0.0009792633354663849
5804,15_min_interval_stocks/Technology/GRNQ.csv,15_min_interval_stocks,Technology,GRNQ,1641158,0.0015284474939107895
5805,15_min_interval_stocks/Technology/GRRR.csv,15_min_interval_stocks,Technology,GRRR,1108449,0.0010323235765099525
5806,15_min_interval_stocks/Technology/GRRRW.csv,15_min_interval_stocks,Technology,GRRRW,268874,0.00025040842592716217
5807,15_min_interval_stocks/Technology/GRYP.csv,15_min_interval_stocks,Technology,GRYP,433268,0.00040351226925849915
5808,15_min_interval_stocks/Technology/GSIT.csv,15_min_interval_stocks,Technology,GSIT,4506118,0.004196649417281151
5809,15_min_interval_stocks/Technology/GTLB.csv,15_min_interval_stocks,Technology,GTLB,1612456,0.001501716673374176
5810,15_min_interval_stocks/Technology/GWRE.csv,15_min_interval_stocks,Technology,GWRE,4636128,0.004317730665206909
5811,15_min_interval_stocks/Technology/GXAI.csv,15_min_interval_stocks,Technology,GXAI,371555,0.0003460375592112541
5812,15_min_interval_stocks/Technology/HCAT.csv,15_min_interval_stocks,Technology,HCAT,1879671,0.0017505800351500511
5813,15_min_interval_stocks/Technology/HCP.csv,15_min_interval_stocks,Technology,HCP,1252617,0.0011665904894471169
5814,15_min_interval_stocks/Technology/HCTI.csv,15_min_interval_stocks,Technology,HCTI,947199,0.0008821478113532066
5815,15_min_interval_stocks/Technology/HIMX.csv,15_min_interval_stocks,Technology,HIMX,7910778,0.007367486134171486
5816,15_min_interval_stocks/Technology/HKIT.csv,15_min_interval_stocks,Technology,HKIT,686340,0.0006392039358615875
5817,15_min_interval_stocks/Technology/HLIT.csv,15_min_interval_stocks,Technology,HLIT,8638536,0.008045263588428497
5818,15_min_interval_stocks/Technology/HOLO.csv,15_min_interval_stocks,Technology,HOLO,1398597,0.0013025449588894844
5819,15_min_interval_stocks/Technology/HOLOW.csv,15_min_interval_stocks,Technology,HOLOW,295937,0.00027561280876398087
5820,15_min_interval_stocks/Technology/HPAI.csv,15_min_interval_stocks,Technology,HPAI,73344,6.830692291259766e-05
5821,15_min_interval_stocks/Technology/HPAIW.csv,15_min_interval_stocks,Technology,HPAIW,17562,1.6355887055397034e-05
5822,15_min_interval_stocks/Technology/HPE.csv,15_min_interval_stocks,Technology,HPE,4670106,0.004349375143647194
5823,15_min_interval_stocks/Technology/HPQ.csv,15_min_interval_stocks,Technology,HPQ,12827356,0.011946406215429306
5824,15_min_interval_stocks/Technology/HRYU.csv,15_min_interval_stocks,Technology,HRYU,665103,0.0006194254383444786
5825,15_min_interval_stocks/Technology/HSTM.csv,15_min_interval_stocks,Technology,HSTM,6743855,0.006280704401433468
5826,15_min_interval_stocks/Technology/HTCR.csv,15_min_interval_stocks,Technology,HTCR,776531,0.0007232008501887321
5827,15_min_interval_stocks/Technology/HUBB.csv,15_min_interval_stocks,Technology,HUBB,6807819,0.006340275518596172
5828,15_min_interval_stocks/Technology/HUBS.csv,15_min_interval_stocks,Technology,HUBS,4050865,0.0037726620212197304
5829,15_min_interval_stocks/Technology/HUYA.csv,15_min_interval_stocks,Technology,HUYA,3786396,0.0035263560712337494
5830,15_min_interval_stocks/Technology/IAC.csv,15_min_interval_stocks,Technology,IAC,8742499,0.008142086677253246
5831,15_min_interval_stocks/Technology/IAS.csv,15_min_interval_stocks,Technology,IAS,1261575,0.0011749332770705223
5832,15_min_interval_stocks/Technology/IBEX.csv,15_min_interval_stocks,Technology,IBEX,1083118,0.0010087322443723679
5833,15_min_interval_stocks/Technology/IBM.csv,15_min_interval_stocks,Technology,IBM,14237799,0.013259983621537685
5834,15_min_interval_stocks/Technology/ICCT.csv,15_min_interval_stocks,Technology,ICCT,546816,0.0005092620849609375
5835,15_min_interval_stocks/Technology/ICG.csv,15_min_interval_stocks,Technology,ICG,219366,0.00020430050790309906
5836,15_min_interval_stocks/Technology/ICHR.csv,15_min_interval_stocks,Technology,ICHR,2851282,0.002655463293194771
5837,15_min_interval_stocks/Technology/ICLK.csv,15_min_interval_stocks,Technology,ICLK,1838650,0.0017123762518167496
5838,15_min_interval_stocks/Technology/IDAI.csv,15_min_interval_stocks,Technology,IDAI,1003884,0.000934939831495285
5839,15_min_interval_stocks/Technology/IDN.csv,15_min_interval_stocks,Technology,IDN,4814007,0.004483393393456936
5840,15_min_interval_stocks/Technology/IFBD.csv,15_min_interval_stocks,Technology,IFBD,1519693,0.0014153243973851204
5841,15_min_interval_stocks/Technology/IMMR.csv,15_min_interval_stocks,Technology,IMMR,9084209,0.008460328914225101
5842,15_min_interval_stocks/Technology/IMOS.csv,15_min_interval_stocks,Technology,IMOS,6939050,0.006462493911385536
5843,15_min_interval_stocks/Technology/INDI.csv,15_min_interval_stocks,Technology,INDI,1624695,0.0015131151303648949
5844,15_min_interval_stocks/Technology/INFA.csv,15_min_interval_stocks,Technology,INFA,1196878,0.0011146795004606247
5845,15_min_interval_stocks/Technology/INFY.csv,15_min_interval_stocks,Technology,INFY,10797863,0.010056293569505215
5846,15_min_interval_stocks/Technology/INGM.csv,15_min_interval_stocks,Technology,INGM,51707,4.815589636564255e-05
5847,15_min_interval_stocks/Technology/INLX.csv,15_min_interval_stocks,Technology,INLX,406158,0.0003782641142606735
5848,15_min_interval_stocks/Technology/INOD.csv,15_min_interval_stocks,Technology,INOD,5330100,0.004964042454957962
5849,15_min_interval_stocks/Technology/INSE.csv,15_min_interval_stocks,Technology,INSE,1953546,0.0018193814903497696
5850,15_min_interval_stocks/Technology/INTA.csv,15_min_interval_stocks,Technology,INTA,1224361,0.0011402750387787819
5851,15_min_interval_stocks/Technology/INTC.csv,15_min_interval_stocks,Technology,INTC,17499683,0.01629784982651472
5852,15_min_interval_stocks/Technology/INTU.csv,15_min_interval_stocks,Technology,INTU,11786410,0.010976949706673622
5853,15_min_interval_stocks/Technology/INVE.csv,15_min_interval_stocks,Technology,INVE,3752768,0.00349503755569458
5854,15_min_interval_stocks/Technology/IONQ.csv,15_min_interval_stocks,Technology,IONQ,2725743,0.0025385459885001183
5855,15_min_interval_stocks/Technology/IOT.csv,15_min_interval_stocks,Technology,IOT,1515439,0.0014113625511527061
5856,15_min_interval_stocks/Technology/IPDN.csv,15_min_interval_stocks,Technology,IPDN,1120963,0.0010439781472086906
5857,15_min_interval_stocks/Technology/IPGP.csv,15_min_interval_stocks,Technology,IPGP,6752740,0.006288979202508926
5858,15_min_interval_stocks/Technology/IPWR.csv,15_min_interval_stocks,Technology,IPWR,2440748,0.00227312371134758
5859,15_min_interval_stocks/Technology/IREN.csv,15_min_interval_stocks,Technology,IREN,1620462,0.0015091728419065475
5860,15_min_interval_stocks/Technology/ISSC.csv,15_min_interval_stocks,Technology,ISSC,5325059,0.004959347657859325
5861,15_min_interval_stocks/Technology/ITRN.csv,15_min_interval_stocks,Technology,ITRN,5309706,0.004945049062371254
5862,15_min_interval_stocks/Technology/IVAC.csv,15_min_interval_stocks,Technology,IVAC,6430334,0.005988715216517448
5863,15_min_interval_stocks/Technology/IVDA.csv,15_min_interval_stocks,Technology,IVDA,1217596,0.0011339746415615082
5864,15_min_interval_stocks/Technology/JAMF.csv,15_min_interval_stocks,Technology,JAMF,1573467,0.0014654053375124931
5865,15_min_interval_stocks/Technology/JBL.csv,15_min_interval_stocks,Technology,JBL,10704671,0.009969501756131649
5866,15_min_interval_stocks/Technology/JG.csv,15_min_interval_stocks,Technology,JG,1849114,0.001722121611237526
5867,15_min_interval_stocks/Technology/JKHY.csv,15_min_interval_stocks,Technology,JKHY,10383297,0.009670198895037174
5868,15_min_interval_stocks/Technology/JKS.csv,15_min_interval_stocks,Technology,JKS,7352307,0.006847369484603405
5869,15_min_interval_stocks/Technology/KARO.csv,15_min_interval_stocks,Technology,KARO,542618,0.0005053523927927017
5870,15_min_interval_stocks/Technology/KC.csv,15_min_interval_stocks,Technology,KC,2162231,0.0020137345418334007
5871,15_min_interval_stocks/Technology/KD.csv,15_min_interval_stocks,Technology,KD,1343002,0.0012507680803537369
5872,15_min_interval_stocks/Technology/KE.csv,15_min_interval_stocks,Technology,KE,3154612,0.002937961369752884
5873,15_min_interval_stocks/Technology/KIND.csv,15_min_interval_stocks,Technology,KIND,1454507,0.0013546152040362358
5874,15_min_interval_stocks/Technology/KLAC.csv,15_min_interval_stocks,Technology,KLAC,12309811,0.011464404873549938
5875,15_min_interval_stocks/Technology/KLIC.csv,15_min_interval_stocks,Technology,KLIC,10088479,0.009395628236234188
5876,15_min_interval_stocks/Technology/KLTR.csv,15_min_interval_stocks,Technology,KLTR,1029285,0.0009585963562130928
5877,15_min_interval_stocks/Technology/KOPN.csv,15_min_interval_stocks,Technology,KOPN,9113832,0.008487917482852936
5878,15_min_interval_stocks/Technology/KTCC.csv,15_min_interval_stocks,Technology,KTCC,4011835,0.0037363125011324883
5879,15_min_interval_stocks/Technology/KULR.csv,15_min_interval_stocks,Technology,KULR,2121717,0.0019760029390454292
5880,15_min_interval_stocks/Technology/KVHI.csv,15_min_interval_stocks,Technology,KVHI,6448300,0.00600544735789299
5881,15_min_interval_stocks/Technology/KVYO.csv,15_min_interval_stocks,Technology,KVYO,563388,0.0005246959626674652
5882,15_min_interval_stocks/Technology/KWE.csv,15_min_interval_stocks,Technology,KWE,620327,0.0005777245387434959
5883,15_min_interval_stocks/Technology/KWESW.csv,15_min_interval_stocks,Technology,KWESW,49765,4.634726792573929e-05
5884,15_min_interval_stocks/Technology/LAES.csv,15_min_interval_stocks,Technology,LAES,761771,0.0007094545289874077
5885,15_min_interval_stocks/Technology/LASR.csv,15_min_interval_stocks,Technology,LASR,2269980,0.002114083617925644
5886,15_min_interval_stocks/Technology/LAW.csv,15_min_interval_stocks,Technology,LAW,1173535,0.0010929396376013756
5887,15_min_interval_stocks/Technology/LCFY.csv,15_min_interval_stocks,Technology,LCFY,394164,0.0003670938313007355
5888,15_min_interval_stocks/Technology/LCFYW.csv,15_min_interval_stocks,Technology,LCFYW,44166,4.1132792830467224e-05
5889,15_min_interval_stocks/Technology/LDOS.csv,15_min_interval_stocks,Technology,LDOS,7375307,0.006868789903819561
5890,15_min_interval_stocks/Technology/LDTC.csv,15_min_interval_stocks,Technology,LDTC,230885,0.00021502841264009476
5891,15_min_interval_stocks/Technology/LDTCW.csv,15_min_interval_stocks,Technology,LDTCW,75196,7.003173232078552e-05
5892,15_min_interval_stocks/Technology/LEDS.csv,15_min_interval_stocks,Technology,LEDS,3206557,0.002986338920891285
5893,15_min_interval_stocks/Technology/LFLY.csv,15_min_interval_stocks,Technology,LFLY,1243215,0.0011578341946005821
5894,15_min_interval_stocks/Technology/LFLYW.csv,15_min_interval_stocks,Technology,LFLYW,426962,0.00039763934910297394
5895,15_min_interval_stocks/Technology/LGCL.csv,15_min_interval_stocks,Technology,LGCL,282531,0.00026312749832868576
5896,15_min_interval_stocks/Technology/LGL.csv,15_min_interval_stocks,Technology,LGL,1541926,0.0014360304921865463
5897,15_min_interval_stocks/Technology/LGTY.csv,15_min_interval_stocks,Technology,LGTY,70285,6.545800715684891e-05
5898,15_min_interval_stocks/Technology/LINK.csv,15_min_interval_stocks,Technology,LINK,707444,0.0006588585674762726
5899,15_min_interval_stocks/Technology/LIQT.csv,15_min_interval_stocks,Technology,LIQT,2823920,0.002629980444908142
5900,15_min_interval_stocks/Technology/LKCO.csv,15_min_interval_stocks,Technology,LKCO,2883672,0.002685628831386566
5901,15_min_interval_stocks/Technology/LNW.csv,15_min_interval_stocks,Technology,LNW,6260618,0.005830654874444008
5902,15_min_interval_stocks/Technology/LOGI.csv,15_min_interval_stocks,Technology,LOGI,9806905,0.00913339201360941
5903,15_min_interval_stocks/Technology/LPL.csv,15_min_interval_stocks,Technology,LPL,8075536,0.007520928978919983
5904,15_min_interval_stocks/Technology/LPSN.csv,15_min_interval_stocks,Technology,LPSN,8184459,0.007622371427714825
5905,15_min_interval_stocks/Technology/LPTH.csv,15_min_interval_stocks,Technology,LPTH,4873742,0.0045390259474515915
5906,15_min_interval_stocks/Technology/LRCX.csv,15_min_interval_stocks,Technology,LRCX,11832131,0.011019530706107616
5907,15_min_interval_stocks/Technology/LSCC.csv,15_min_interval_stocks,Technology,LSCC,8940339,0.008326339535415173
5908,15_min_interval_stocks/Technology/LSPD.csv,15_min_interval_stocks,Technology,LSPD,1673467,0.001558537594974041
5909,15_min_interval_stocks/Technology/LTRY.csv,15_min_interval_stocks,Technology,LTRY,1521772,0.001417260617017746
5910,15_min_interval_stocks/Technology/LTRYW.csv,15_min_interval_stocks,Technology,LTRYW,931040,0.0008670985698699951
5911,15_min_interval_stocks/Technology/LYT.csv,15_min_interval_stocks,Technology,LYT,956304,0.0008906275033950806
5912,15_min_interval_stocks/Technology/LZ.csv,15_min_interval_stocks,Technology,LZ,1267924,0.001180846244096756
5913,15_min_interval_stocks/Technology/MANH.csv,15_min_interval_stocks,Technology,MANH,9098709,0.008473833091557026
5914,15_min_interval_stocks/Technology/MAPS.csv,15_min_interval_stocks,Technology,MAPS,1780779,0.0016584796831011772
5915,15_min_interval_stocks/Technology/MAPSW.csv,15_min_interval_stocks,Technology,MAPSW,520392,0.0004846528172492981
5916,15_min_interval_stocks/Technology/MARA.csv,15_min_interval_stocks,Technology,MARA,5584286,0.005200771614909172
5917,15_min_interval_stocks/Technology/MAXN.csv,15_min_interval_stocks,Technology,MAXN,2032706,0.0018931049853563309
5918,15_min_interval_stocks/Technology/MBLY.csv,15_min_interval_stocks,Technology,MBLY,1307312,0.0012175291776657104
5919,15_min_interval_stocks/Technology/MCHP.csv,15_min_interval_stocks,Technology,MCHP,11324603,0.010546858422458172
5920,15_min_interval_stocks/Technology/MDB.csv,15_min_interval_stocks,Technology,MDB,3537094,0.0032941754907369614
5921,15_min_interval_stocks/Technology/MEI.csv,15_min_interval_stocks,Technology,MEI,6644229,0.006187920458614826
5922,15_min_interval_stocks/Technology/META.csv,15_min_interval_stocks,Technology,META,11314364,0.010537322610616684
5923,15_min_interval_stocks/Technology/MFI.csv,15_min_interval_stocks,Technology,MFI,316542,0.0002948027104139328
5924,15_min_interval_stocks/Technology/MGIC.csv,15_min_interval_stocks,Technology,MGIC,6009644,0.005596917122602463
5925,15_min_interval_stocks/Technology/MGNI.csv,15_min_interval_stocks,Technology,MGNI,4190963,0.0039031384512782097
5926,15_min_interval_stocks/Technology/MITK.csv,15_min_interval_stocks,Technology,MITK,4943670,0.004604151472449303
5927,15_min_interval_stocks/Technology/MKDW.csv,15_min_interval_stocks,Technology,MKDW,158197,0.00014733243733644485
5928,15_min_interval_stocks/Technology/MKDWW.csv,15_min_interval_stocks,Technology,MKDWW,9322,8.68178904056549e-06
5929,15_min_interval_stocks/Technology/MKFG.csv,15_min_interval_stocks,Technology,MKFG,1643896,0.0015309974551200867
5930,15_min_interval_stocks/Technology/MKTW.csv,15_min_interval_stocks,Technology,MKTW,1427213,0.001329195685684681
5931,15_min_interval_stocks/Technology/MLGO.csv,15_min_interval_stocks,Technology,MLGO,1093848,0.001018725335597992
5932,15_min_interval_stocks/Technology/MLNK.csv,15_min_interval_stocks,Technology,MLNK,1145336,0.0010666772723197937
5933,15_min_interval_stocks/Technology/MMV.csv,15_min_interval_stocks,Technology,MMV,727554,0.0006775874644517899
5934,15_min_interval_stocks/Technology/MMVWW.csv,15_min_interval_stocks,Technology,MMVWW,186897,0.0001740613952279091
5935,15_min_interval_stocks/Technology/MNDO.csv,15_min_interval_stocks,Technology,MNDO,5299171,0.00493523757904768
5936,15_min_interval_stocks/Technology/MNDR.csv,15_min_interval_stocks,Technology,MNDR,416145,0.0003875652328133583
5937,15_min_interval_stocks/Technology/MNDY.csv,15_min_interval_stocks,Technology,MNDY,1668918,0.0015543010085821152
5938,15_min_interval_stocks/Technology/MNTX.csv,15_min_interval_stocks,Technology,MNTX,3788314,0.003528142347931862
5939,15_min_interval_stocks/Technology/MOBX.csv,15_min_interval_stocks,Technology,MOBX,332796,0.0003099404275417328
5940,15_min_interval_stocks/Technology/MOBXW.csv,15_min_interval_stocks,Technology,MOBXW,49924,4.649534821510315e-05
5941,15_min_interval_stocks/Technology/MOMO.csv,15_min_interval_stocks,Technology,MOMO,5303240,0.00493902713060379
5942,15_min_interval_stocks/Technology/MPTI.csv,15_min_interval_stocks,Technology,MPTI,517408,0.0004818737506866455
5943,15_min_interval_stocks/Technology/MPWR.csv,15_min_interval_stocks,Technology,MPWR,7967125,0.007419963367283344
5944,15_min_interval_stocks/Technology/MQ.csv,15_min_interval_stocks,Technology,MQ,1645431,0.0015324270352721214
5945,15_min_interval_stocks/Technology/MRAM.csv,15_min_interval_stocks,Technology,MRAM,2483581,0.0023130150511860847
5946,15_min_interval_stocks/Technology/MRCY.csv,15_min_interval_stocks,Technology,MRCY,8579651,0.007990422658622265
5947,15_min_interval_stocks/Technology/MRIN.csv,15_min_interval_stocks,Technology,MRIN,3790386,0.003530072048306465
5948,15_min_interval_stocks/Technology/MRVL.csv,15_min_interval_stocks,Technology,MRVL,12790617,0.011912190355360508
5949,15_min_interval_stocks/Technology/MSAI.csv,15_min_interval_stocks,Technology,MSAI,249809,0.00023265276104211807
5950,15_min_interval_stocks/Technology/MSAIW.csv,15_min_interval_stocks,Technology,MSAIW,65134,6.066076457500458e-05
5951,15_min_interval_stocks/Technology/MSFT.csv,15_min_interval_stocks,Technology,MSFT,18184157,0.016935315914452076
5952,15_min_interval_stocks/Technology/MSGM.csv,15_min_interval_stocks,Technology,MSGM,962966,0.0008968319743871689
5953,15_min_interval_stocks/Technology/MSI.csv,15_min_interval_stocks,Technology,MSI,11722146,0.010917099192738533
5954,15_min_interval_stocks/Technology/MSTR.csv,15_min_interval_stocks,Technology,MSTR,9152326,0.008523767814040184
5955,15_min_interval_stocks/Technology/MTC.csv,15_min_interval_stocks,Technology,MTC,2066363,0.001924450509250164
5956,15_min_interval_stocks/Technology/MTCH.csv,15_min_interval_stocks,Technology,MTCH,4038497,0.003761143423616886
5957,15_min_interval_stocks/Technology/MTLS.csv,15_min_interval_stocks,Technology,MTLS,3187288,0.0029683932662010193
5958,15_min_interval_stocks/Technology/MTSI.csv,15_min_interval_stocks,Technology,MTSI,4359722,0.004060307517647743
5959,15_min_interval_stocks/Technology/MTTR.csv,15_min_interval_stocks,Technology,MTTR,2190926,0.002040458843111992
5960,15_min_interval_stocks/Technology/MU.csv,15_min_interval_stocks,Technology,MU,15777957,0.014694367535412312
5961,15_min_interval_stocks/Technology/MULN.csv,15_min_interval_stocks,Technology,MULN,6220310,0.005793115124106407
5962,15_min_interval_stocks/Technology/MVIS.csv,15_min_interval_stocks,Technology,MVIS,9554592,0.008898407220840454
5963,15_min_interval_stocks/Technology/MX.csv,15_min_interval_stocks,Technology,MX,4598966,0.004283120855689049
5964,15_min_interval_stocks/Technology/MXL.csv,15_min_interval_stocks,Technology,MXL,5011336,0.004667170345783234
5965,15_min_interval_stocks/Technology/MYPS.csv,15_min_interval_stocks,Technology,MYPS,1310849,0.0012208232656121254
5966,15_min_interval_stocks/Technology/MYPSW.csv,15_min_interval_stocks,Technology,MYPSW,7657,7.131136953830719e-06
5967,15_min_interval_stocks/Technology/MYSZ.csv,15_min_interval_stocks,Technology,MYSZ,2735177,0.0025473320856690407
5968,15_min_interval_stocks/Technology/NABL.csv,15_min_interval_stocks,Technology,NABL,1224606,0.0011405032128095627
5969,15_min_interval_stocks/Technology/NBIS.csv,15_min_interval_stocks,Technology,NBIS,89916,8.374080061912537e-05
5970,15_min_interval_stocks/Technology/NCNO.csv,15_min_interval_stocks,Technology,NCNO,1632754,0.001520620658993721
5971,15_min_interval_stocks/Technology/NEE.csv,15_min_interval_stocks,Technology,NEE,11188145,0.010419772006571293
5972,15_min_interval_stocks/Technology/NEON.csv,15_min_interval_stocks,Technology,NEON,4027861,0.003751237876713276
5973,15_min_interval_stocks/Technology/NET.csv,15_min_interval_stocks,Technology,NET,3225781,0.003004242666065693
5974,15_min_interval_stocks/Technology/NEXN.csv,15_min_interval_stocks,Technology,NEXN,259787,0.00024194549769163132
5975,15_min_interval_stocks/Technology/NICE.csv,15_min_interval_stocks,Technology,NICE,9394276,0.008749101310968399
5976,15_min_interval_stocks/Technology/NIXX.csv,15_min_interval_stocks,Technology,NIXX,91678,8.538179099559784e-05
5977,15_min_interval_stocks/Technology/NIXXW.csv,15_min_interval_stocks,Technology,NIXXW,7197,6.702728569507599e-06
5978,15_min_interval_stocks/Technology/NNDM.csv,15_min_interval_stocks,Technology,NNDM,3623387,0.003374542109668255
5979,15_min_interval_stocks/Technology/NOK.csv,15_min_interval_stocks,Technology,NOK,15061817,0.014027410186827183
5980,15_min_interval_stocks/Technology/NOW.csv,15_min_interval_stocks,Technology,NOW,5488854,0.005111893638968468
5981,15_min_interval_stocks/Technology/NRDS.csv,15_min_interval_stocks,Technology,NRDS,1250271,0.001164405606687069
5982,15_min_interval_stocks/Technology/NSYS.csv,15_min_interval_stocks,Technology,NSYS,1499432,0.0013964548707008362
5983,15_min_interval_stocks/Technology/NTAP.csv,15_min_interval_stocks,Technology,NTAP,11873618,0.011058168485760689
5984,15_min_interval_stocks/Technology/NTCT.csv,15_min_interval_stocks,Technology,NTCT,7967363,0.007420185022056103
5985,15_min_interval_stocks/Technology/NTES.csv,15_min_interval_stocks,Technology,NTES,10173253,0.00947458017617464
5986,15_min_interval_stocks/Technology/NTNX.csv,15_min_interval_stocks,Technology,NTNX,3696853,0.0034429626539349556
5987,15_min_interval_stocks/Technology/NTWK.csv,15_min_interval_stocks,Technology,NTWK,5064447,0.004716633819043636
5988,15_min_interval_stocks/Technology/NVDA.csv,15_min_interval_stocks,Technology,NVDA,15836200,0.014748610556125641
5989,15_min_interval_stocks/Technology/NVEC.csv,15_min_interval_stocks,Technology,NVEC,6447696,0.006004884839057922
5990,15_min_interval_stocks/Technology/NVMI.csv,15_min_interval_stocks,Technology,NVMI,5522247,0.005142993293702602
5991,15_min_interval_stocks/Technology/NVNI.csv,15_min_interval_stocks,Technology,NVNI,150882,0.00014051981270313263
5992,15_min_interval_stocks/Technology/NVNIW.csv,15_min_interval_stocks,Technology,NVNIW,36590,3.407709300518036e-05
5993,15_min_interval_stocks/Technology/NVTS.csv,15_min_interval_stocks,Technology,NVTS,1556629,0.0014497237280011177
5994,15_min_interval_stocks/Technology/NXPI.csv,15_min_interval_stocks,Technology,NXPI,7165973,0.006673832423985004
5995,15_min_interval_stocks/Technology/NXTT.csv,15_min_interval_stocks,Technology,NXTT,174741,0.00016274023801088333
5996,15_min_interval_stocks/Technology/NYAX.csv,15_min_interval_stocks,Technology,NYAX,147892,0.00013773515820503235
5997,15_min_interval_stocks/Technology/OB.csv,15_min_interval_stocks,Technology,OB,1116812,0.0010401122272014618
5998,15_min_interval_stocks/Technology/OBLG.csv,15_min_interval_stocks,Technology,OBLG,3394699,0.0031615598127245903
5999,15_min_interval_stocks/Technology/OCFT.csv,15_min_interval_stocks,Technology,OCFT,1562089,0.0014548087492585182
6000,15_min_interval_stocks/Technology/OKTA.csv,15_min_interval_stocks,Technology,OKTA,3796683,0.003535936586558819
6001,15_min_interval_stocks/Technology/OLED.csv,15_min_interval_stocks,Technology,OLED,10364990,0.009653149172663689
6002,15_min_interval_stocks/Technology/OLO.csv,15_min_interval_stocks,Technology,OLO,1390445,0.001294952817261219
6003,15_min_interval_stocks/Technology/OMCL.csv,15_min_interval_stocks,Technology,OMCL,7823064,0.007285796105861664
6004,15_min_interval_stocks/Technology/ON.csv,15_min_interval_stocks,Technology,ON,9875987,0.009197729639708996
6005,15_min_interval_stocks/Technology/ONDS.csv,15_min_interval_stocks,Technology,ONDS,1527701,0.0014227824285626411
6006,15_min_interval_stocks/Technology/ONFO.csv,15_min_interval_stocks,Technology,ONFO,509078,0.00047411583364009857
6007,15_min_interval_stocks/Technology/ONTF.csv,15_min_interval_stocks,Technology,ONTF,1416144,0.0013188868761062622
6008,15_min_interval_stocks/Technology/OOMA.csv,15_min_interval_stocks,Technology,OOMA,2910725,0.0027108239009976387
6009,15_min_interval_stocks/Technology/OPRA.csv,15_min_interval_stocks,Technology,OPRA,2677521,0.0024936357513070107
6010,15_min_interval_stocks/Technology/OPTX.csv,15_min_interval_stocks,Technology,OPTX,262677,0.00024463701993227005
6011,15_min_interval_stocks/Technology/OPTXW.csv,15_min_interval_stocks,Technology,OPTXW,71268,6.637349724769592e-05
6012,15_min_interval_stocks/Technology/OPXS.csv,15_min_interval_stocks,Technology,OPXS,1027241,0.0009566927328705788
6013,15_min_interval_stocks/Technology/ORCL.csv,15_min_interval_stocks,Technology,ORCL,14220140,0.01324353739619255
6014,15_min_interval_stocks/Technology/ORKT.csv,15_min_interval_stocks,Technology,ORKT,138884,0.00012934580445289612
6015,15_min_interval_stocks/Technology/OS.csv,15_min_interval_stocks,Technology,OS,158010,0.00014715828001499176
6016,15_min_interval_stocks/Technology/OSIS.csv,15_min_interval_stocks,Technology,OSIS,8341073,0.007768229581415653
6017,15_min_interval_stocks/Technology/OSPN.csv,15_min_interval_stocks,Technology,OSPN,6011018,0.0055981967598199844
6018,15_min_interval_stocks/Technology/OSS.csv,15_min_interval_stocks,Technology,OSS,1695692,0.00157923623919487
6019,15_min_interval_stocks/Technology/OST.csv,15_min_interval_stocks,Technology,OST,634550,0.0005909707397222519
6020,15_min_interval_stocks/Technology/OTEX.csv,15_min_interval_stocks,Technology,OTEX,9569589,0.008912374265491962
6021,15_min_interval_stocks/Technology/OTIS.csv,15_min_interval_stocks,Technology,OTIS,2091388,0.0019477568566799164
6022,15_min_interval_stocks/Technology/PAGS.csv,15_min_interval_stocks,Technology,PAGS,2785361,0.002594069577753544
6023,15_min_interval_stocks/Technology/PANW.csv,15_min_interval_stocks,Technology,PANW,6113732,0.005693856626749039
6024,15_min_interval_stocks/Technology/PATH.csv,15_min_interval_stocks,Technology,PATH,2364388,0.002202007919549942
6025,15_min_interval_stocks/Technology/PAYC.csv,15_min_interval_stocks,Technology,PAYC,4848734,0.004515735432505608
6026,15_min_interval_stocks/Technology/PCOR.csv,15_min_interval_stocks,Technology,PCOR,1362267,0.001268710009753704
6027,15_min_interval_stocks/Technology/PCTY.csv,15_min_interval_stocks,Technology,PCTY,3878608,0.003612235188484192
6028,15_min_interval_stocks/Technology/PD.csv,15_min_interval_stocks,Technology,PD,2291634,0.0021342504769563675
6029,15_min_interval_stocks/Technology/PDFS.csv,15_min_interval_stocks,Technology,PDFS,7188960,0.00669524073600769
6030,15_min_interval_stocks/Technology/PDYN.csv,15_min_interval_stocks,Technology,PDYN,293957,0.0002737687900662422
6031,15_min_interval_stocks/Technology/PDYNW.csv,15_min_interval_stocks,Technology,PDYNW,62426,5.813874304294586e-05
6032,15_min_interval_stocks/Technology/PEGA.csv,15_min_interval_stocks,Technology,PEGA,9156043,0.00852722954005003
6033,15_min_interval_stocks/Technology/PENG.csv,15_min_interval_stocks,Technology,PENG,75541,7.035303860902786e-05
6034,15_min_interval_stocks/Technology/PERF.csv,15_min_interval_stocks,Technology,PERF,411186,0.00038294680416584015
6035,15_min_interval_stocks/Technology/PERI.csv,15_min_interval_stocks,Technology,PERI,5665990,0.005276864394545555
6036,15_min_interval_stocks/Technology/PGRU.csv,15_min_interval_stocks,Technology,PGRU,499605,0.00046529341489076614
6037,15_min_interval_stocks/Technology/PHUN.csv,15_min_interval_stocks,Technology,PHUN,3477355,0.0032385392114520073
6038,15_min_interval_stocks/Technology/PI.csv,15_min_interval_stocks,Technology,PI,3167313,0.002949790097773075
6039,15_min_interval_stocks/Technology/PINS.csv,15_min_interval_stocks,Technology,PINS,3687817,0.00343454722315073
6040,15_min_interval_stocks/Technology/PL.csv,15_min_interval_stocks,Technology,PL,1644190,0.0015312712639570236
6041,15_min_interval_stocks/Technology/PLAB.csv,15_min_interval_stocks,Technology,PLAB,8726556,0.008127238601446152
6042,15_min_interval_stocks/Technology/PLTK.csv,15_min_interval_stocks,Technology,PLTK,1603455,0.001493333838880062
6043,15_min_interval_stocks/Technology/PLTR.csv,15_min_interval_stocks,Technology,PLTR,3349989,0.0031199203804135323
6044,15_min_interval_stocks/Technology/PLUS.csv,15_min_interval_stocks,Technology,PLUS,6325271,0.005890867672860622
6045,15_min_interval_stocks/Technology/PLXS.csv,15_min_interval_stocks,Technology,PLXS,8802982,0.008198415860533714
6046,15_min_interval_stocks/Technology/PODC.csv,15_min_interval_stocks,Technology,PODC,289427,0.0002695498988032341
6047,15_min_interval_stocks/Technology/POET.csv,15_min_interval_stocks,Technology,POET,805776,0.0007504373788833618
6048,15_min_interval_stocks/Technology/POWI.csv,15_min_interval_stocks,Technology,POWI,7100096,0.0066124796867370605
6049,15_min_interval_stocks/Technology/PRCH.csv,15_min_interval_stocks,Technology,PRCH,1760801,0.0016398737207055092
6050,15_min_interval_stocks/Technology/PRGS.csv,15_min_interval_stocks,Technology,PRGS,9919981,0.00923870224505663
6051,15_min_interval_stocks/Technology/PRO.csv,15_min_interval_stocks,Technology,PRO,5804609,0.005405963398516178
6052,15_min_interval_stocks/Technology/PRSO.csv,15_min_interval_stocks,Technology,PRSO,5806698,0.00540790893137455
6053,15_min_interval_stocks/Technology/PSN.csv,15_min_interval_stocks,Technology,PSN,2061929,0.001920321024954319
6054,15_min_interval_stocks/Technology/PSTG.csv,15_min_interval_stocks,Technology,PSTG,3923282,0.0036538410931825638
6055,15_min_interval_stocks/Technology/PT.csv,15_min_interval_stocks,Technology,PT,1509442,0.0014057774096727371
6056,15_min_interval_stocks/Technology/PTC.csv,15_min_interval_stocks,Technology,PTC,6887610,0.006414586678147316
6057,15_min_interval_stocks/Technology/PUBM.csv,15_min_interval_stocks,Technology,PUBM,1783978,0.0016614589840173721
6058,15_min_interval_stocks/Technology/PXLW.csv,15_min_interval_stocks,Technology,PXLW,7688176,0.007160171866416931
6059,15_min_interval_stocks/Technology/PYCR.csv,15_min_interval_stocks,Technology,PYCR,1196911,0.001114710234105587
6060,15_min_interval_stocks/Technology/QBTS.csv,15_min_interval_stocks,Technology,QBTS,1513898,0.0014099273830652237
6061,15_min_interval_stocks/Technology/QCOM.csv,15_min_interval_stocks,Technology,QCOM,15347734,0.014293691143393517
6062,15_min_interval_stocks/Technology/QLYS.csv,15_min_interval_stocks,Technology,QLYS,4390204,0.004088696092367172
6063,15_min_interval_stocks/Technology/QMCO.csv,15_min_interval_stocks,Technology,QMCO,1979845,0.001843874342739582
6064,15_min_interval_stocks/Technology/QRVO.csv,15_min_interval_stocks,Technology,QRVO,4144253,0.0038596363738179207
6065,15_min_interval_stocks/Technology/QTWO.csv,15_min_interval_stocks,Technology,QTWO,3719464,0.003464020788669586
6066,15_min_interval_stocks/Technology/QUBT.csv,15_min_interval_stocks,Technology,QUBT,2298513,0.0021406570449471474
6067,15_min_interval_stocks/Technology/QUIK.csv,15_min_interval_stocks,Technology,QUIK,7307446,0.00680558942258358
6068,15_min_interval_stocks/Technology/QXO.csv,15_min_interval_stocks,Technology,QXO,260357,0.00024247635155916214
6069,15_min_interval_stocks/Technology/RAMP.csv,15_min_interval_stocks,Technology,RAMP,6253620,0.005824137479066849
6070,15_min_interval_stocks/Technology/RBBN.csv,15_min_interval_stocks,Technology,RBBN,5883482,0.005479419603943825
6071,15_min_interval_stocks/Technology/RBLX.csv,15_min_interval_stocks,Technology,RBLX,2848402,0.0026527810841798782
6072,15_min_interval_stocks/Technology/RBRK.csv,15_min_interval_stocks,Technology,RBRK,352426,0.00032822228968143463
6073,15_min_interval_stocks/Technology/RCAT.csv,15_min_interval_stocks,Technology,RCAT,1972402,0.001836942508816719
6074,15_min_interval_stocks/Technology/RDCM.csv,15_min_interval_stocks,Technology,RDCM,3725810,0.003469930961728096
6075,15_min_interval_stocks/Technology/RDDT.csv,15_min_interval_stocks,Technology,RDDT,551525,0.0005136476829648018
6076,15_min_interval_stocks/Technology/RDVT.csv,15_min_interval_stocks,Technology,RDVT,1576790,0.0014685001224279404
6077,15_min_interval_stocks/Technology/RELL.csv,15_min_interval_stocks,Technology,RELL,6728525,0.006266427226364613
6078,15_min_interval_stocks/Technology/RFIL.csv,15_min_interval_stocks,Technology,RFIL,3366262,0.00313507579267025
6079,15_min_interval_stocks/Technology/RGTI.csv,15_min_interval_stocks,Technology,RGTI,1665902,0.0015514921396970749
6080,15_min_interval_stocks/Technology/RGTIW.csv,15_min_interval_stocks,Technology,RGTIW,381500,0.00035529956221580505
6081,15_min_interval_stocks/Technology/RMBL.csv,15_min_interval_stocks,Technology,RMBL,2181820,0.0020319782197475433
6082,15_min_interval_stocks/Technology/RMBS.csv,15_min_interval_stocks,Technology,RMBS,9955114,0.009271422401070595
6083,15_min_interval_stocks/Technology/RNG.csv,15_min_interval_stocks,Technology,RNG,4288522,0.003993997350335121
6084,15_min_interval_stocks/Technology/RPD.csv,15_min_interval_stocks,Technology,RPD,3330957,0.0031021954491734505
6085,15_min_interval_stocks/Technology/RTC.csv,15_min_interval_stocks,Technology,RTC,2390097,0.0022259512916207314
6086,15_min_interval_stocks/Technology/RUM.csv,15_min_interval_stocks,Technology,RUM,1800110,0.001676483079791069
6087,15_min_interval_stocks/Technology/RUMBW.csv,15_min_interval_stocks,Technology,RUMBW,620288,0.0005776882171630859
6088,15_min_interval_stocks/Technology/RXT.csv,15_min_interval_stocks,Technology,RXT,1804350,0.0016804318875074387
6089,15_min_interval_stocks/Technology/RZLV.csv,15_min_interval_stocks,Technology,RZLV,157830,0.00014699064195156097
6090,15_min_interval_stocks/Technology/RZLVW.csv,15_min_interval_stocks,Technology,RZLVW,26535,2.4712644517421722e-05
6091,15_min_interval_stocks/Technology/S.csv,15_min_interval_stocks,Technology,S,2160682,0.0020122919231653214
6092,15_min_interval_stocks/Technology/SABR.csv,15_min_interval_stocks,Technology,SABR,4585515,0.004270593635737896
6093,15_min_interval_stocks/Technology/SAIC.csv,15_min_interval_stocks,Technology,SAIC,4508417,0.004198790527880192
6094,15_min_interval_stocks/Technology/SAIH.csv,15_min_interval_stocks,Technology,SAIH,94465,8.797738701105118e-05
6095,15_min_interval_stocks/Technology/SAIHW.csv,15_min_interval_stocks,Technology,SAIHW,5082,4.732981324195862e-06
6096,15_min_interval_stocks/Technology/SANG.csv,15_min_interval_stocks,Technology,SANG,183828,0.00017120316624641418
6097,15_min_interval_stocks/Technology/SANM.csv,15_min_interval_stocks,Technology,SANM,9309827,0.008670452050864697
6098,15_min_interval_stocks/Technology/SAP.csv,15_min_interval_stocks,Technology,SAP,12068259,0.01123944204300642
6099,15_min_interval_stocks/Technology/SATL.csv,15_min_interval_stocks,Technology,SATL,654414,0.0006094705313444138
6100,15_min_interval_stocks/Technology/SATX.csv,15_min_interval_stocks,Technology,SATX,823123,0.0007665930315852165
6101,15_min_interval_stocks/Technology/SBET.csv,15_min_interval_stocks,Technology,SBET,2414856,0.002249009907245636
6102,15_min_interval_stocks/Technology/SCKT.csv,15_min_interval_stocks,Technology,SCKT,3597278,0.0033502262085676193
6103,15_min_interval_stocks/Technology/SCSC.csv,15_min_interval_stocks,Technology,SCSC,8346423,0.007773212157189846
6104,15_min_interval_stocks/Technology/SCWX.csv,15_min_interval_stocks,Technology,SCWX,2594208,0.0024160444736480713
6105,15_min_interval_stocks/Technology/SDIG.csv,15_min_interval_stocks,Technology,SDIG,1629799,0.0015178686007857323
6106,15_min_interval_stocks/Technology/SEDG.csv,15_min_interval_stocks,Technology,SEDG,4412532,0.004109490662813187
6107,15_min_interval_stocks/Technology/SELX.csv,15_min_interval_stocks,Technology,SELX,189306,0.00017630495131015778
6108,15_min_interval_stocks/Technology/SEMR.csv,15_min_interval_stocks,Technology,SEMR,1328867,0.001237603835761547
6109,15_min_interval_stocks/Technology/SGMA.csv,15_min_interval_stocks,Technology,SGMA,3184876,0.0029661469161510468
6110,15_min_interval_stocks/Technology/SGN.csv,15_min_interval_stocks,Technology,SGN,491578,0.0004578176885843277
6111,15_min_interval_stocks/Technology/SHLS.csv,15_min_interval_stocks,Technology,SHLS,1654936,0.0015412792563438416
6112,15_min_interval_stocks/Technology/SHMD.csv,15_min_interval_stocks,Technology,SHMD,119335,0.00011113937944173813
6113,15_min_interval_stocks/Technology/SHMDW.csv,15_min_interval_stocks,Technology,SHMDW,52516,4.890933632850647e-05
6114,15_min_interval_stocks/Technology/SHOP.csv,15_min_interval_stocks,Technology,SHOP,5424761,0.005052202381193638
6115,15_min_interval_stocks/Technology/SIFY.csv,15_min_interval_stocks,Technology,SIFY,7761548,0.007228504866361618
6116,15_min_interval_stocks/Technology/SIMO.csv,15_min_interval_stocks,Technology,SIMO,7619033,0.007095777429640293
6117,15_min_interval_stocks/Technology/SITM.csv,15_min_interval_stocks,Technology,SITM,1848565,0.001721610315144062
6118,15_min_interval_stocks/Technology/SJ.csv,15_min_interval_stocks,Technology,SJ,919307,0.0008561713621020317
6119,15_min_interval_stocks/Technology/SKIL.csv,15_min_interval_stocks,Technology,SKIL,1529125,0.0014241086319088936
6120,15_min_interval_stocks/Technology/SKLZ.csv,15_min_interval_stocks,Technology,SKLZ,2719560,0.0025327876210212708
6121,15_min_interval_stocks/Technology/SKYT.csv,15_min_interval_stocks,Technology,SKYT,1430983,0.0013327067717909813
6122,15_min_interval_stocks/Technology/SLAB.csv,15_min_interval_stocks,Technology,SLAB,8906306,0.008294643834233284
6123,15_min_interval_stocks/Technology/SLNH.csv,15_min_interval_stocks,Technology,SLNH,2344014,0.0021830331534147263
6124,15_min_interval_stocks/Technology/SLNHP.csv,15_min_interval_stocks,Technology,SLNHP,381137,0.00035496149212121964
6125,15_min_interval_stocks/Technology/SLP.csv,15_min_interval_stocks,Technology,SLP,5312925,0.004948046989738941
6126,15_min_interval_stocks/Technology/SMAR.csv,15_min_interval_stocks,Technology,SMAR,2577648,0.002400621771812439
6127,15_min_interval_stocks/Technology/SMCI.csv,15_min_interval_stocks,Technology,SMCI,6933168,0.006457015872001648
6128,15_min_interval_stocks/Technology/SMSI.csv,15_min_interval_stocks,Technology,SMSI,7550472,0.007031925022602081
6129,15_min_interval_stocks/Technology/SMTC.csv,15_min_interval_stocks,Technology,SMTC,9252437,0.008617003448307514
6130,15_min_interval_stocks/Technology/SMWB.csv,15_min_interval_stocks,Technology,SMWB,1139399,0.0010611480101943016
6131,15_min_interval_stocks/Technology/SMX.csv,15_min_interval_stocks,Technology,SMX,1091260,0.001016315072774887
6132,15_min_interval_stocks/Technology/SMXWW.csv,15_min_interval_stocks,Technology,SMXWW,116374,0.0001083817332983017
6133,15_min_interval_stocks/Technology/SNAL.csv,15_min_interval_stocks,Technology,SNAL,365771,0.0003406507894396782
6134,15_min_interval_stocks/Technology/SNAP.csv,15_min_interval_stocks,Technology,SNAP,5525832,0.005146332085132599
6135,15_min_interval_stocks/Technology/SNCR.csv,15_min_interval_stocks,Technology,SNCR,6692859,0.006233210675418377
6136,15_min_interval_stocks/Technology/SNOW.csv,15_min_interval_stocks,Technology,SNOW,3064312,0.002853862941265106
6137,15_min_interval_stocks/Technology/SNPS.csv,15_min_interval_stocks,Technology,SNPS,9925819,0.009244139306247234
6138,15_min_interval_stocks/Technology/SNX.csv,15_min_interval_stocks,Technology,SNX,8270472,0.007702477276325226
6139,15_min_interval_stocks/Technology/SOGP.csv,15_min_interval_stocks,Technology,SOGP,159580,0.00014862045645713806
6140,15_min_interval_stocks/Technology/SOHU.csv,15_min_interval_stocks,Technology,SOHU,8552604,0.00796523317694664
6141,15_min_interval_stocks/Technology/SOL.csv,15_min_interval_stocks,Technology,SOL,6145239,0.005723199807107449
6142,15_min_interval_stocks/Technology/SOTK.csv,15_min_interval_stocks,Technology,SOTK,844964,0.0007869340479373932
6143,15_min_interval_stocks/Technology/SOUN.csv,15_min_interval_stocks,Technology,SOUN,1701614,0.0015847515314817429
6144,15_min_interval_stocks/Technology/SOUNW.csv,15_min_interval_stocks,Technology,SOUNW,495670,0.00046162866055965424
6145,15_min_interval_stocks/Technology/SPCB.csv,15_min_interval_stocks,Technology,SPCB,3899826,0.003631995990872383
6146,15_min_interval_stocks/Technology/SPI.csv,15_min_interval_stocks,Technology,SPI,2973963,0.0027697188779711723
6147,15_min_interval_stocks/Technology/SPNS.csv,15_min_interval_stocks,Technology,SPNS,5536640,0.005156397819519043
6148,15_min_interval_stocks/Technology/SPSC.csv,15_min_interval_stocks,Technology,SPSC,4976531,0.004634755663573742
6149,15_min_interval_stocks/Technology/SPT.csv,15_min_interval_stocks,Technology,SPT,1821181,0.0016961069777607918
6150,15_min_interval_stocks/Technology/SQ.csv,15_min_interval_stocks,Technology,SQ,6026322,0.0056124497205019
6151,15_min_interval_stocks/Technology/SQNS.csv,15_min_interval_stocks,Technology,SQNS,3795713,0.003535033203661442
6152,15_min_interval_stocks/Technology/SRAD.csv,15_min_interval_stocks,Technology,SRAD,1148330,0.0010694656521081924
6153,15_min_interval_stocks/Technology/SSNC.csv,15_min_interval_stocks,Technology,SSNC,5900442,0.005495214834809303
6154,15_min_interval_stocks/Technology/SST.csv,15_min_interval_stocks,Technology,SST,1308996,0.001219097524881363
6155,15_min_interval_stocks/Technology/SSTI.csv,15_min_interval_stocks,Technology,SSTI,2229837,0.0020766975358128548
6156,15_min_interval_stocks/Technology/SSTK.csv,15_min_interval_stocks,Technology,SSTK,4847399,0.004514492116868496
6157,15_min_interval_stocks/Technology/SSYS.csv,15_min_interval_stocks,Technology,SSYS,8651413,0.00805725622922182
6158,15_min_interval_stocks/Technology/STM.csv,15_min_interval_stocks,Technology,STM,12114447,0.01128245797008276
6159,15_min_interval_stocks/Technology/STNE.csv,15_min_interval_stocks,Technology,STNE,3104832,0.0028916001319885254
6160,15_min_interval_stocks/Technology/STRM.csv,15_min_interval_stocks,Technology,STRM,3249207,0.003026059828698635
6161,15_min_interval_stocks/Technology/STX.csv,15_min_interval_stocks,Technology,STX,10260798,0.009556112810969353
6162,15_min_interval_stocks/Technology/SVCO.csv,15_min_interval_stocks,Technology,SVCO,218059,0.00020308326929807663
6163,15_min_interval_stocks/Technology/SVRE.csv,15_min_interval_stocks,Technology,SVRE,799065,0.0007441872730851173
6164,15_min_interval_stocks/Technology/SVREW.csv,15_min_interval_stocks,Technology,SVREW,43254,4.028342664241791e-05
6165,15_min_interval_stocks/Technology/SWI.csv,15_min_interval_stocks,Technology,SWI,2574849,0.0023980149999260902
6166,15_min_interval_stocks/Technology/SWKS.csv,15_min_interval_stocks,Technology,SWKS,11091650,0.010329904034733772
6167,15_min_interval_stocks/Technology/SY.csv,15_min_interval_stocks,Technology,SY,2167531,0.0020186705514788628
6168,15_min_interval_stocks/Technology/SYNA.csv,15_min_interval_stocks,Technology,SYNA,8546047,0.007959126494824886
6169,15_min_interval_stocks/Technology/TACT.csv,15_min_interval_stocks,Technology,TACT,4834592,0.0045025646686553955
6170,15_min_interval_stocks/Technology/TAIT.csv,15_min_interval_stocks,Technology,TAIT,1673935,0.001558973453938961
6171,15_min_interval_stocks/Technology/TAOP.csv,15_min_interval_stocks,Technology,TAOP,4599402,0.004283526912331581
6172,15_min_interval_stocks/Technology/TASK.csv,15_min_interval_stocks,Technology,TASK,1304046,0.0012144874781370163
6173,15_min_interval_stocks/Technology/TBLA.csv,15_min_interval_stocks,Technology,TBLA,1312712,0.001222558319568634
6174,15_min_interval_stocks/Technology/TBLAW.csv,15_min_interval_stocks,Technology,TBLAW,167633,0.0001561203971505165
6175,15_min_interval_stocks/Technology/TBRG.csv,15_min_interval_stocks,Technology,TBRG,236320,0.00022009015083312988
6176,15_min_interval_stocks/Technology/TCX.csv,15_min_interval_stocks,Technology,TCX,4652543,0.004333018325269222
6177,15_min_interval_stocks/Technology/TDC.csv,15_min_interval_stocks,Technology,TDC,6628567,0.006173334084451199
6178,15_min_interval_stocks/Technology/TEAM.csv,15_min_interval_stocks,Technology,TEAM,3969079,0.003696492873132229
6179,15_min_interval_stocks/Technology/TEL.csv,15_min_interval_stocks,Technology,TEL,7356130,0.00685092993080616
6180,15_min_interval_stocks/Technology/TEM.csv,15_min_interval_stocks,Technology,TEM,343880,0.00032026320695877075
6181,15_min_interval_stocks/Technology/TENB.csv,15_min_interval_stocks,Technology,TENB,2305763,0.0021474091336131096
6182,15_min_interval_stocks/Technology/TIXT.csv,15_min_interval_stocks,Technology,TIXT,1400017,0.0013038674369454384
6183,15_min_interval_stocks/Technology/TLS.csv,15_min_interval_stocks,Technology,TLS,1482760,0.001380927860736847
6184,15_min_interval_stocks/Technology/TOST.csv,15_min_interval_stocks,Technology,TOST,1731558,0.0016126390546560287
6185,15_min_interval_stocks/Technology/TRAK.csv,15_min_interval_stocks,Technology,TRAK,359609,0.0003349119797348976
6186,15_min_interval_stocks/Technology/TRIP.csv,15_min_interval_stocks,Technology,TRIP,5795782,0.005397742614150047
6187,15_min_interval_stocks/Technology/TRNR.csv,15_min_interval_stocks,Technology,TRNR,653112,0.0006082579493522644
6188,15_min_interval_stocks/Technology/TROO.csv,15_min_interval_stocks,Technology,TROO,2018709,0.001880069263279438
6189,15_min_interval_stocks/Technology/TRT.csv,15_min_interval_stocks,Technology,TRT,2167572,0.002018708735704422
6190,15_min_interval_stocks/Technology/TRUE.csv,15_min_interval_stocks,Technology,TRUE,3989069,0.0037151100113987923
6191,15_min_interval_stocks/Technology/TRVG.csv,15_min_interval_stocks,Technology,TRVG,3267214,0.003042830154299736
6192,15_min_interval_stocks/Technology/TSEM.csv,15_min_interval_stocks,Technology,TSEM,7493980,0.006979312747716904
6193,15_min_interval_stocks/Technology/TSM.csv,15_min_interval_stocks,Technology,TSM,12758840,0.011882595717906952
6194,15_min_interval_stocks/Technology/TTD.csv,15_min_interval_stocks,Technology,TTD,4396777,0.00409481767565012
6195,15_min_interval_stocks/Technology/TTMI.csv,15_min_interval_stocks,Technology,TTMI,8111997,0.007554885931313038
6196,15_min_interval_stocks/Technology/TTWO.csv,15_min_interval_stocks,Technology,TTWO,9679322,0.009014571085572243
6197,15_min_interval_stocks/Technology/TUYA.csv,15_min_interval_stocks,Technology,TUYA,1691911,0.0015757149085402489
6198,15_min_interval_stocks/Technology/TWLO.csv,15_min_interval_stocks,Technology,TWLO,4713435,0.004389728419482708
6199,15_min_interval_stocks/Technology/TXN.csv,15_min_interval_stocks,Technology,TXN,12758431,0.011882214806973934
6200,15_min_interval_stocks/Technology/TYGO.csv,15_min_interval_stocks,Technology,TYGO,436408,0.00040643662214279175
6201,15_min_interval_stocks/Technology/TYL.csv,15_min_interval_stocks,Technology,TYL,8290780,0.007721390575170517
6202,15_min_interval_stocks/Technology/U.csv,15_min_interval_stocks,Technology,U,3063913,0.0028534913435578346
6203,15_min_interval_stocks/Technology/UBXG.csv,15_min_interval_stocks,Technology,UBXG,321811,0.00029970984905958176
6204,15_min_interval_stocks/Technology/UCTT.csv,15_min_interval_stocks,Technology,UCTT,6619846,0.006165212020277977
6205,15_min_interval_stocks/Technology/UI.csv,15_min_interval_stocks,Technology,UI,5421697,0.005049348808825016
6206,15_min_interval_stocks/Technology/UIS.csv,15_min_interval_stocks,Technology,UIS,8584436,0.0079948790371418
6207,15_min_interval_stocks/Technology/ULY.csv,15_min_interval_stocks,Technology,ULY,302067,0.00028132181614637375
6208,15_min_interval_stocks/Technology/UMAC.csv,15_min_interval_stocks,Technology,UMAC,284736,0.0002651810646057129
6209,15_min_interval_stocks/Technology/UMC.csv,15_min_interval_stocks,Technology,UMC,10001892,0.009314987808465958
6210,15_min_interval_stocks/Technology/UPLD.csv,15_min_interval_stocks,Technology,UPLD,3042323,0.0028333840891718864
6211,15_min_interval_stocks/Technology/UPWK.csv,15_min_interval_stocks,Technology,UPWK,2710157,0.0025240303948521614
6212,15_min_interval_stocks/Technology/UUU.csv,15_min_interval_stocks,Technology,UUU,2570134,0.0023936238139867783
6213,15_min_interval_stocks/Technology/VECO.csv,15_min_interval_stocks,Technology,VECO,8937963,0.008324126712977886
6214,15_min_interval_stocks/Technology/VEEV.csv,15_min_interval_stocks,Technology,VEEV,4555556,0.004242692142724991
6215,15_min_interval_stocks/Technology/VERI.csv,15_min_interval_stocks,Technology,VERI,2953919,0.0027510514482855797
6216,15_min_interval_stocks/Technology/VERX.csv,15_min_interval_stocks,Technology,VERX,1560438,0.001453271135687828
6217,15_min_interval_stocks/Technology/VIAV.csv,15_min_interval_stocks,Technology,VIAV,10294537,0.009587534703314304
6218,15_min_interval_stocks/Technology/VICR.csv,15_min_interval_stocks,Technology,VICR,8564588,0.007976394146680832
6219,15_min_interval_stocks/Technology/VLN.csv,15_min_interval_stocks,Technology,VLN,1069666,0.0009962040930986404
6220,15_min_interval_stocks/Technology/VMEO.csv,15_min_interval_stocks,Technology,VMEO,1343949,0.0012516500428318977
6221,15_min_interval_stocks/Technology/VNET.csv,15_min_interval_stocks,Technology,VNET,4814532,0.004483882337808609
6222,15_min_interval_stocks/Technology/VOXX.csv,15_min_interval_stocks,Technology,VOXX,7865161,0.007325001992285252
6223,15_min_interval_stocks/Technology/VPG.csv,15_min_interval_stocks,Technology,VPG,4117546,0.003834763541817665
6224,15_min_interval_stocks/Technology/VRAR.csv,15_min_interval_stocks,Technology,VRAR,1023613,0.0009533138945698738
6225,15_min_interval_stocks/Technology/VREX.csv,15_min_interval_stocks,Technology,VREX,2708739,0.0025227097794413567
6226,15_min_interval_stocks/Technology/VRME.csv,15_min_interval_stocks,Technology,VRME,1308237,0.0012183906510472298
6227,15_min_interval_stocks/Technology/VRNS.csv,15_min_interval_stocks,Technology,VRNS,3991398,0.0037172790616750717
6228,15_min_interval_stocks/Technology/VRNT.csv,15_min_interval_stocks,Technology,VRNT,8146939,0.007587428204715252
6229,15_min_interval_stocks/Technology/VRSK.csv,15_min_interval_stocks,Technology,VRSK,6456840,0.006013400852680206
6230,15_min_interval_stocks/Technology/VRSN.csv,15_min_interval_stocks,Technology,VRSN,10654701,0.009922963567078114
6231,15_min_interval_stocks/Technology/VRT.csv,15_min_interval_stocks,Technology,VRT,2802714,0.0026102308183908463
6232,15_min_interval_stocks/Technology/VS.csv,15_min_interval_stocks,Technology,VS,1677042,0.0015618670731782913
6233,15_min_interval_stocks/Technology/VSAT.csv,15_min_interval_stocks,Technology,VSAT,8857142,0.008248856291174889
6234,15_min_interval_stocks/Technology/VSH.csv,15_min_interval_stocks,Technology,VSH,10009639,0.009322202764451504
6235,15_min_interval_stocks/Technology/VSSYW.csv,15_min_interval_stocks,Technology,VSSYW,180053,0.00016768742352724075
6236,15_min_interval_stocks/Technology/VTEX.csv,15_min_interval_stocks,Technology,VTEX,1160194,0.0010805148631334305
6237,15_min_interval_stocks/Technology/VUZI.csv,15_min_interval_stocks,Technology,VUZI,4450219,0.00414458941668272
6238,15_min_interval_stocks/Technology/WATT.csv,15_min_interval_stocks,Technology,WATT,4042114,0.0037645120173692703
6239,15_min_interval_stocks/Technology/WAVS.csv,15_min_interval_stocks,Technology,WAVS,86987,8.101295679807663e-05
6240,15_min_interval_stocks/Technology/WAY.csv,15_min_interval_stocks,Technology,WAY,203845,0.00018984545022249222
6241,15_min_interval_stocks/Technology/WB.csv,15_min_interval_stocks,Technology,WB,5274607,0.004912360571324825
6242,15_min_interval_stocks/Technology/WCT.csv,15_min_interval_stocks,Technology,WCT,99636,9.279325604438782e-05
6243,15_min_interval_stocks/Technology/WDAY.csv,15_min_interval_stocks,Technology,WDAY,5224043,0.004865269176661968
6244,15_min_interval_stocks/Technology/WDC.csv,15_min_interval_stocks,Technology,WDC,11537213,0.010744866915047169
6245,15_min_interval_stocks/Technology/WEAV.csv,15_min_interval_stocks,Technology,WEAV,1082258,0.0010079313069581985
6246,15_min_interval_stocks/Technology/WFCF.csv,15_min_interval_stocks,Technology,WFCF,318896,0.00029699504375457764
6247,15_min_interval_stocks/Technology/WGS.csv,15_min_interval_stocks,Technology,WGS,1761442,0.0016404706984758377
6248,15_min_interval_stocks/Technology/WGSWW.csv,15_min_interval_stocks,Technology,WGSWW,536602,0.000499749556183815
6249,15_min_interval_stocks/Technology/WIMI.csv,15_min_interval_stocks,Technology,WIMI,2415140,0.0022492744028568268
6250,15_min_interval_stocks/Technology/WISA.csv,15_min_interval_stocks,Technology,WISA,2741959,0.002553648315370083
6251,15_min_interval_stocks/Technology/WIT.csv,15_min_interval_stocks,Technology,WIT,8936007,0.008322305046021938
6252,15_min_interval_stocks/Technology/WIX.csv,15_min_interval_stocks,Technology,WIX,4220729,0.003930860199034214
6253,15_min_interval_stocks/Technology/WK.csv,15_min_interval_stocks,Technology,WK,3449936,0.0032130032777786255
6254,15_min_interval_stocks/Technology/WKEY.csv,15_min_interval_stocks,Technology,WKEY,1497249,0.0013944217935204506
6255,15_min_interval_stocks/Technology/WOLF.csv,15_min_interval_stocks,Technology,WOLF,7636562,0.007112102583050728
6256,15_min_interval_stocks/Technology/WRD.csv,15_min_interval_stocks,Technology,WRD,62123,5.785655230283737e-05
6257,15_min_interval_stocks/Technology/WTO.csv,15_min_interval_stocks,Technology,WTO,570366,0.000531194731593132
6258,15_min_interval_stocks/Technology/WULF.csv,15_min_interval_stocks,Technology,WULF,2363240,0.0022009387612342834
6259,15_min_interval_stocks/Technology/WYY.csv,15_min_interval_stocks,Technology,WYY,4051586,0.003773333504796028
6260,15_min_interval_stocks/Technology/XNET.csv,15_min_interval_stocks,Technology,XNET,3605630,0.003358004614710808
6261,15_min_interval_stocks/Technology/XPER.csv,15_min_interval_stocks,Technology,XPER,6255630,0.005826009437441826
6262,15_min_interval_stocks/Technology/XRX.csv,15_min_interval_stocks,Technology,XRX,10840051,0.010095584206283092
6263,15_min_interval_stocks/Technology/XTIA.csv,15_min_interval_stocks,Technology,XTIA,526517,0.0004903571680188179
6264,15_min_interval_stocks/Technology/XTKG.csv,15_min_interval_stocks,Technology,XTKG,447405,0.00041667837649583817
6265,15_min_interval_stocks/Technology/YALA.csv,15_min_interval_stocks,Technology,YALA,1746600,0.0016266480088233948
6266,15_min_interval_stocks/Technology/YEXT.csv,15_min_interval_stocks,Technology,YEXT,2841042,0.0026459265500307083
6267,15_min_interval_stocks/Technology/YMM.csv,15_min_interval_stocks,Technology,YMM,1664229,0.0015499340370297432
6268,15_min_interval_stocks/Technology/YOU.csv,15_min_interval_stocks,Technology,YOU,1707649,0.0015903720632195473
6269,15_min_interval_stocks/Technology/YXT.csv,15_min_interval_stocks,Technology,YXT,66597,6.202328950166702e-05
6270,15_min_interval_stocks/Technology/YY.csv,15_min_interval_stocks,Technology,YY,5552196,0.005170885473489761
6271,15_min_interval_stocks/Technology/ZDGE.csv,15_min_interval_stocks,Technology,ZDGE,1782878,0.001660434529185295
6272,15_min_interval_stocks/Technology/ZENA.csv,15_min_interval_stocks,Technology,ZENA,120100,0.00011185184121131897
6273,15_min_interval_stocks/Technology/ZENV.csv,15_min_interval_stocks,Technology,ZENV,805979,0.0007506264373660088
6274,15_min_interval_stocks/Technology/ZEPP.csv,15_min_interval_stocks,Technology,ZEPP,2415230,0.002249358221888542
6275,15_min_interval_stocks/Technology/ZETA.csv,15_min_interval_stocks,Technology,ZETA,1447720,0.0013482943177223206
6276,15_min_interval_stocks/Technology/ZI.csv,15_min_interval_stocks,Technology,ZI,2116915,0.0019715307280421257
6277,15_min_interval_stocks/Technology/ZIP.csv,15_min_interval_stocks,Technology,ZIP,1324659,0.0012336848303675652
6278,15_min_interval_stocks/Technology/ZM.csv,15_min_interval_stocks,Technology,ZM,3632603,0.003383125178515911
6279,15_min_interval_stocks/Technology/ZOOZ.csv,15_min_interval_stocks,Technology,ZOOZ,125448,0.00011683255434036255
6280,15_min_interval_stocks/Technology/ZOOZW.csv,15_min_interval_stocks,Technology,ZOOZW,57496,5.354732275009155e-05
6281,15_min_interval_stocks/Technology/ZS.csv,15_min_interval_stocks,Technology,ZS,3663958,0.0034123267978429794
6282,15_min_interval_stocks/Technology/ZUO.csv,15_min_interval_stocks,Technology,ZUO,2606334,0.0024273376911878586
6283,15_min_interval_stocks/Telecommunications/AIOT.csv,15_min_interval_stocks,Telecommunications,AIOT,172751,0.00016088690608739853
6284,15_min_interval_stocks/Telecommunications/ALLT.csv,15_min_interval_stocks,Telecommunications,ALLT,5055305,0.004708119668066502
6285,15_min_interval_stocks/Telecommunications/AMCX.csv,15_min_interval_stocks,Telecommunications,AMCX,4780325,0.004452024586498737
6286,15_min_interval_stocks/Telecommunications/AMPG.csv,15_min_interval_stocks,Telecommunications,AMPG,994183,0.0009259050711989403
6287,15_min_interval_stocks/Telecommunications/AMX.csv,15_min_interval_stocks,Telecommunications,AMX,9639594,0.008977571502327919
6288,15_min_interval_stocks/Telecommunications/ANET.csv,15_min_interval_stocks,Telecommunications,ANET,4890046,0.004554210230708122
6289,15_min_interval_stocks/Telecommunications/ASNS.csv,15_min_interval_stocks,Telecommunications,ASNS,752218,0.000700557604432106
6290,15_min_interval_stocks/Telecommunications/ATEN.csv,15_min_interval_stocks,Telecommunications,ATEN,4180167,0.003893083892762661
6291,15_min_interval_stocks/Telecommunications/ATEX.csv,15_min_interval_stocks,Telecommunications,ATEX,2913746,0.002713637426495552
6292,15_min_interval_stocks/Telecommunications/ATNI.csv,15_min_interval_stocks,Telecommunications,ATNI,6487747,0.006042185239493847
6293,15_min_interval_stocks/Telecommunications/ATUS.csv,15_min_interval_stocks,Telecommunications,ATUS,2942660,0.002740565687417984
6294,15_min_interval_stocks/Telecommunications/BCE.csv,15_min_interval_stocks,Telecommunications,BCE,9872932,0.009194884449243546
6295,15_min_interval_stocks/Telecommunications/BOSC.csv,15_min_interval_stocks,Telecommunications,BOSC,2553947,0.0023785484954714775
6296,15_min_interval_stocks/Telecommunications/BWEN.csv,15_min_interval_stocks,Telecommunications,BWEN,4956807,0.004616386257112026
6297,15_min_interval_stocks/Telecommunications/CABO.csv,15_min_interval_stocks,Telecommunications,CABO,3182561,0.002963990904390812
6298,15_min_interval_stocks/Telecommunications/CCZ.csv,15_min_interval_stocks,Telecommunications,CCZ,427805,0.0003984244540333748
6299,15_min_interval_stocks/Telecommunications/CHT.csv,15_min_interval_stocks,Telecommunications,CHT,8091381,0.007535685785114765
6300,15_min_interval_stocks/Telecommunications/CHTR.csv,15_min_interval_stocks,Telecommunications,CHTR,5636540,0.005249436944723129
6301,15_min_interval_stocks/Telecommunications/CMCSA.csv,15_min_interval_stocks,Telecommunications,CMCSA,11993714,0.01117001660168171
6302,15_min_interval_stocks/Telecommunications/CNSL.csv,15_min_interval_stocks,Telecommunications,CNSL,7109375,0.006621121428906918
6303,15_min_interval_stocks/Telecommunications/CSCO.csv,15_min_interval_stocks,Telecommunications,CSCO,16471330,0.01534012146294117
6304,15_min_interval_stocks/Telecommunications/CTBB.csv,15_min_interval_stocks,Telecommunications,CTBB,2925979,0.002725030295550823
6305,15_min_interval_stocks/Telecommunications/CTDD.csv,15_min_interval_stocks,Telecommunications,CTDD,2389615,0.0022255023941397667
6306,15_min_interval_stocks/Telecommunications/CXDO.csv,15_min_interval_stocks,Telecommunications,CXDO,1200656,0.001118198037147522
6307,15_min_interval_stocks/Telecommunications/DATS.csv,15_min_interval_stocks,Telecommunications,DATS,1302088,0.0012126639485359192
6308,15_min_interval_stocks/Telecommunications/DATSW.csv,15_min_interval_stocks,Telecommunications,DATSW,150033,0.0001397291198372841
6309,15_min_interval_stocks/Telecommunications/DGII.csv,15_min_interval_stocks,Telecommunications,DGII,7819996,0.0072829388082027435
6310,15_min_interval_stocks/Telecommunications/ESE.csv,15_min_interval_stocks,Telecommunications,ESE,9222681,0.008589291013777256
6311,15_min_interval_stocks/Telecommunications/EXTR.csv,15_min_interval_stocks,Telecommunications,EXTR,9036618,0.008416006341576576
6312,15_min_interval_stocks/Telecommunications/FFIV.csv,15_min_interval_stocks,Telecommunications,FFIV,9972074,0.009287217631936073
6313,15_min_interval_stocks/Telecommunications/FOXX.csv,15_min_interval_stocks,Telecommunications,FOXX,32488,3.0256807804107666e-05
6314,15_min_interval_stocks/Telecommunications/FOXXW.csv,15_min_interval_stocks,Telecommunications,FOXXW,5937,5.529262125492096e-06
6315,15_min_interval_stocks/Telecommunications/FYBR.csv,15_min_interval_stocks,Telecommunications,FYBR,1364808,0.001271076500415802
6316,15_min_interval_stocks/Telecommunications/HEAR.csv,15_min_interval_stocks,Telecommunications,HEAR,4381206,0.004080316051840782
6317,15_min_interval_stocks/Telecommunications/HUBC.csv,15_min_interval_stocks,Telecommunications,HUBC,1088927,0.0010141422972083092
6318,15_min_interval_stocks/Telecommunications/HUBCW.csv,15_min_interval_stocks,Telecommunications,HUBCW,220231,0.00020510610193014145
6319,15_min_interval_stocks/Telecommunications/HUBCZ.csv,15_min_interval_stocks,Telecommunications,HUBCZ,56632,5.274266004562378e-05
6320,15_min_interval_stocks/Telecommunications/HUHU.csv,15_min_interval_stocks,Telecommunications,HUHU,35676,3.322586417198181e-05
6321,15_min_interval_stocks/Telecommunications/IDT.csv,15_min_interval_stocks,Telecommunications,IDT,8745317,0.008144711144268513
6322,15_min_interval_stocks/Telecommunications/IHS.csv,15_min_interval_stocks,Telecommunications,IHS,1109806,0.0010335873812437057
6323,15_min_interval_stocks/Telecommunications/INSG.csv,15_min_interval_stocks,Telecommunications,INSG,6330937,0.005896144546568394
6324,15_min_interval_stocks/Telecommunications/INTZ.csv,15_min_interval_stocks,Telecommunications,INTZ,1812249,0.0016877884045243263
6325,15_min_interval_stocks/Telecommunications/IRDM.csv,15_min_interval_stocks,Telecommunications,IRDM,6214416,0.0057876259088516235
6326,15_min_interval_stocks/Telecommunications/JNPR.csv,15_min_interval_stocks,Telecommunications,JNPR,12235162,0.011394882574677467
6327,15_min_interval_stocks/Telecommunications/KORE.csv,15_min_interval_stocks,Telecommunications,KORE,859307,0.000800292007625103
6328,15_min_interval_stocks/Telecommunications/KSCP.csv,15_min_interval_stocks,Telecommunications,KSCP,1511657,0.0014078402891755104
6329,15_min_interval_stocks/Telecommunications/KT.csv,15_min_interval_stocks,Telecommunications,KT,6034479,0.005620046518743038
6330,15_min_interval_stocks/Telecommunications/LBRDA.csv,15_min_interval_stocks,Telecommunications,LBRDA,3428239,0.0031927963718771935
6331,15_min_interval_stocks/Telecommunications/LBRDK.csv,15_min_interval_stocks,Telecommunications,LBRDK,3580655,0.0033347448334097862
6332,15_min_interval_stocks/Telecommunications/LBRDP.csv,15_min_interval_stocks,Telecommunications,LBRDP,431316,0.00040169432759284973
6333,15_min_interval_stocks/Telecommunications/LBTYA.csv,15_min_interval_stocks,Telecommunications,LBTYA,7972128,0.0074246227741241455
6334,15_min_interval_stocks/Telecommunications/LBTYB.csv,15_min_interval_stocks,Telecommunications,LBTYB,110460,0.00010287389159202576
6335,15_min_interval_stocks/Telecommunications/LBTYK.csv,15_min_interval_stocks,Telecommunications,LBTYK,7267408,0.0067683011293411255
6336,15_min_interval_stocks/Telecommunications/LILA.csv,15_min_interval_stocks,Telecommunications,LILA,3406150,0.003172224387526512
6337,15_min_interval_stocks/Telecommunications/LILAK.csv,15_min_interval_stocks,Telecommunications,LILAK,3467324,0.0032291971147060394
6338,15_min_interval_stocks/Telecommunications/LITE.csv,15_min_interval_stocks,Telecommunications,LITE,3644869,0.0033945487812161446
6339,15_min_interval_stocks/Telecommunications/LTRX.csv,15_min_interval_stocks,Telecommunications,LTRX,4723514,0.004399115219712257
6340,15_min_interval_stocks/Telecommunications/LUMN.csv,15_min_interval_stocks,Telecommunications,LUMN,2799212,0.002606969326734543
6341,15_min_interval_stocks/Telecommunications/MATW.csv,15_min_interval_stocks,Telecommunications,MATW,9251120,0.008615776896476746
6342,15_min_interval_stocks/Telecommunications/MTEK.csv,15_min_interval_stocks,Telecommunications,MTEK,696805,0.0006489502266049385
6343,15_min_interval_stocks/Telecommunications/MTEKW.csv,15_min_interval_stocks,Telecommunications,MTEKW,84823,7.899757474660873e-05
6344,15_min_interval_stocks/Telecommunications/NSSC.csv,15_min_interval_stocks,Telecommunications,NSSC,5556325,0.005174730904400349
6345,15_min_interval_stocks/Telecommunications/NXPL.csv,15_min_interval_stocks,Telecommunications,NXPL,745423,0.0006942292675375938
6346,15_min_interval_stocks/Telecommunications/NXPLW.csv,15_min_interval_stocks,Telecommunications,NXPLW,115458,0.00010752864181995392
6347,15_min_interval_stocks/Telecommunications/PHI.csv,15_min_interval_stocks,Telecommunications,PHI,8884164,0.008274022489786148
6348,15_min_interval_stocks/Telecommunications/RCI.csv,15_min_interval_stocks,Telecommunications,RCI,9606187,0.00894645880907774
6349,15_min_interval_stocks/Telecommunications/REKR.csv,15_min_interval_stocks,Telecommunications,REKR,2287158,0.0021300818771123886
6350,15_min_interval_stocks/Telecommunications/ROKU.csv,15_min_interval_stocks,Telecommunications,ROKU,4944535,0.004604957066476345
6351,15_min_interval_stocks/Telecommunications/SHEN.csv,15_min_interval_stocks,Telecommunications,SHEN,7157325,0.00666577834635973
6352,15_min_interval_stocks/Telecommunications/SIDU.csv,15_min_interval_stocks,Telecommunications,SIDU,1592573,0.0014831991866230965
6353,15_min_interval_stocks/Telecommunications/SILC.csv,15_min_interval_stocks,Telecommunications,SILC,4838271,0.004505991004407406
6354,15_min_interval_stocks/Telecommunications/SKM.csv,15_min_interval_stocks,Telecommunications,SKM,9992468,0.009306211024522781
6355,15_min_interval_stocks/Telecommunications/SNRE.csv,15_min_interval_stocks,Telecommunications,SNRE,29687,2.764817327260971e-05
6356,15_min_interval_stocks/Telecommunications/SNT.csv,15_min_interval_stocks,Telecommunications,SNT,3431184,0.003195539116859436
6357,15_min_interval_stocks/Telecommunications/SPOK.csv,15_min_interval_stocks,Telecommunications,SPOK,6448528,0.0060056596994400024
6358,15_min_interval_stocks/Telecommunications/SYTA.csv,15_min_interval_stocks,Telecommunications,SYTA,2127310,0.0019812118262052536
6359,15_min_interval_stocks/Telecommunications/SYTAW.csv,15_min_interval_stocks,Telecommunications,SYTAW,300102,0.00027949176728725433
6360,15_min_interval_stocks/Telecommunications/T.csv,15_min_interval_stocks,Telecommunications,T,14979781,0.013951008208096027
6361,15_min_interval_stocks/Telecommunications/TBB.csv,15_min_interval_stocks,Telecommunications,TBB,2573242,0.002396518364548683
6362,15_min_interval_stocks/Telecommunications/TBC.csv,15_min_interval_stocks,Telecommunications,TBC,2174814,0.0020254533737897873
6363,15_min_interval_stocks/Telecommunications/TDS.csv,15_min_interval_stocks,Telecommunications,TDS,10031028,0.009342122822999954
6364,15_min_interval_stocks/Telecommunications/TEF.csv,15_min_interval_stocks,Telecommunications,TEF,10224135,0.009521967731416225
6365,15_min_interval_stocks/Telecommunications/TEO.csv,15_min_interval_stocks,Telecommunications,TEO,8938567,0.008324689231812954
6366,15_min_interval_stocks/Telecommunications/TIGO.csv,15_min_interval_stocks,Telecommunications,TIGO,1909635,0.0017784861847758293
6367,15_min_interval_stocks/Telecommunications/TIMB.csv,15_min_interval_stocks,Telecommunications,TIMB,6581959,0.00612992700189352
6368,15_min_interval_stocks/Telecommunications/TKC.csv,15_min_interval_stocks,Telecommunications,TKC,8778684,0.008175786584615707
6369,15_min_interval_stocks/Telecommunications/TLK.csv,15_min_interval_stocks,Telecommunications,TLK,9349924,0.008707795292139053
6370,15_min_interval_stocks/Telecommunications/TMUS.csv,15_min_interval_stocks,Telecommunications,TMUS,8500386,0.007916601374745369
6371,15_min_interval_stocks/Telecommunications/TTGT.csv,15_min_interval_stocks,Telecommunications,TTGT,5238645,0.0048788683488965034
6372,15_min_interval_stocks/Telecommunications/TU.csv,15_min_interval_stocks,Telecommunications,TU,2980983,0.002776256762444973
6373,15_min_interval_stocks/Telecommunications/USM.csv,15_min_interval_stocks,Telecommunications,USM,9011325,0.008392450399696827
6374,15_min_interval_stocks/Telecommunications/UTSI.csv,15_min_interval_stocks,Telecommunications,UTSI,6854534,0.006383782252669334
6375,15_min_interval_stocks/Telecommunications/UZD.csv,15_min_interval_stocks,Telecommunications,UZD,1310708,0.0012206919491291046
6376,15_min_interval_stocks/Telecommunications/UZE.csv,15_min_interval_stocks,Telecommunications,UZE,1218944,0.0011352300643920898
6377,15_min_interval_stocks/Telecommunications/UZF.csv,15_min_interval_stocks,Telecommunications,UZF,1023634,0.0009533334523439407
6378,15_min_interval_stocks/Telecommunications/VEON.csv,15_min_interval_stocks,Telecommunications,VEON,5960790,0.005551418289542198
6379,15_min_interval_stocks/Telecommunications/VISL.csv,15_min_interval_stocks,Telecommunications,VISL,4320838,0.004024093970656395
6380,15_min_interval_stocks/Telecommunications/VIV.csv,15_min_interval_stocks,Telecommunications,VIV,7537244,0.007019605487585068
6381,15_min_interval_stocks/Telecommunications/VOD.csv,15_min_interval_stocks,Telecommunications,VOD,12501833,0.011643239296972752
6382,15_min_interval_stocks/Telecommunications/VZ.csv,15_min_interval_stocks,Telecommunications,VZ,13968173,0.013008874841034412
6383,15_min_interval_stocks/Telecommunications/WBD.csv,15_min_interval_stocks,Telecommunications,WBD,1813760,0.0016891956329345703
6384,15_min_interval_stocks/Telecommunications/WLDS.csv,15_min_interval_stocks,Telecommunications,WLDS,984647,0.0009170239791274071
6385,15_min_interval_stocks/Telecommunications/WLDSW.csv,15_min_interval_stocks,Telecommunications,WLDSW,103332,9.623542428016663e-05
6386,15_min_interval_stocks/Telecommunications/WOW.csv,15_min_interval_stocks,Telecommunications,WOW,2512124,0.0023395977914333344
6387,15_min_interval_stocks/Telecommunications/ZD.csv,15_min_interval_stocks,Telecommunications,ZD,6922844,0.006447400897741318
6388,15_min_interval_stocks/Utilities/ADTN.csv,15_min_interval_stocks,Utilities,ADTN,10164736,0.00946664810180664
6389,15_min_interval_stocks/Utilities/AEE.csv,15_min_interval_stocks,Utilities,AEE,10206247,0.009505308233201504
6390,15_min_interval_stocks/Utilities/AEP.csv,15_min_interval_stocks,Utilities,AEP,10775274,0.010035255923867226
6391,15_min_interval_stocks/Utilities/AES.csv,15_min_interval_stocks,Utilities,AES,10448723,0.009731131605803967
6392,15_min_interval_stocks/Utilities/AGR.csv,15_min_interval_stocks,Utilities,AGR,3571212,0.0033259503543376923
6393,15_min_interval_stocks/Utilities/AKTS.csv,15_min_interval_stocks,Utilities,AKTS,2998252,0.0027923397719860077
6394,15_min_interval_stocks/Utilities/ALCE.csv,15_min_interval_stocks,Utilities,ALCE,408344,0.00038029998540878296
6395,15_min_interval_stocks/Utilities/ALE.csv,15_min_interval_stocks,Utilities,ALE,9517228,0.008863609284162521
6396,15_min_interval_stocks/Utilities/AM.csv,15_min_interval_stocks,Utilities,AM,4485764,0.004177693277597427
6397,15_min_interval_stocks/Utilities/AMPS.csv,15_min_interval_stocks,Utilities,AMPS,1279446,0.0011915769428014755
6398,15_min_interval_stocks/Utilities/AQN.csv,15_min_interval_stocks,Utilities,AQN,3316195,0.0030884472653269768
6399,15_min_interval_stocks/Utilities/AQNB.csv,15_min_interval_stocks,Utilities,AQNB,1322465,0.0012316415086388588
6400,15_min_interval_stocks/Utilities/AROC.csv,15_min_interval_stocks,Utilities,AROC,6420994,0.00598001666367054
6401,15_min_interval_stocks/Utilities/ARTNA.csv,15_min_interval_stocks,Utilities,ARTNA,4867823,0.0045335134491324425
6402,15_min_interval_stocks/Utilities/ATO.csv,15_min_interval_stocks,Utilities,ATO,9925804,0.009244125336408615
6403,15_min_interval_stocks/Utilities/AUDC.csv,15_min_interval_stocks,Utilities,AUDC,8884277,0.00827412772923708
6404,15_min_interval_stocks/Utilities/AVA.csv,15_min_interval_stocks,Utilities,AVA,9707221,0.00904055405408144
6405,15_min_interval_stocks/Utilities/AWK.csv,15_min_interval_stocks,Utilities,AWK,7109297,0.0066210487857460976
6406,15_min_interval_stocks/Utilities/AWR.csv,15_min_interval_stocks,Utilities,AWR,9280648,0.008643276989459991
6407,15_min_interval_stocks/Utilities/AWX.csv,15_min_interval_stocks,Utilities,AWX,1764425,0.0016432488337159157
6408,15_min_interval_stocks/Utilities/AY.csv,15_min_interval_stocks,Utilities,AY,4264222,0.003971366211771965
6409,15_min_interval_stocks/Utilities/BEP.csv,15_min_interval_stocks,Utilities,BEP,4454335,0.0041484227403998375
6410,15_min_interval_stocks/Utilities/BEPC.csv,15_min_interval_stocks,Utilities,BEPC,1996449,0.0018593380227684975
6411,15_min_interval_stocks/Utilities/BEPH.csv,15_min_interval_stocks,Utilities,BEPH,939252,0.0008747465908527374
6412,15_min_interval_stocks/Utilities/BEPI.csv,15_min_interval_stocks,Utilities,BEPI,577141,0.0005375044420361519
6413,15_min_interval_stocks/Utilities/BEPJ.csv,15_min_interval_stocks,Utilities,BEPJ,149097,0.000138857401907444
6414,15_min_interval_stocks/Utilities/BIPH.csv,15_min_interval_stocks,Utilities,BIPH,679552,0.0006328821182250977
6415,15_min_interval_stocks/Utilities/BIPJ.csv,15_min_interval_stocks,Utilities,BIPJ,112392,0.00010467320680618286
6416,15_min_interval_stocks/Utilities/BKH.csv,15_min_interval_stocks,Utilities,BKH,9834119,0.009158737026154995
6417,15_min_interval_stocks/Utilities/CDZI.csv,15_min_interval_stocks,Utilities,CDZI,5275987,0.004913645796477795
6418,15_min_interval_stocks/Utilities/CDZIP.csv,15_min_interval_stocks,Utilities,CDZIP,266602,0.0002482924610376358
6419,15_min_interval_stocks/Utilities/CEG.csv,15_min_interval_stocks,Utilities,CEG,1676108,0.0015609972178936005
6420,15_min_interval_stocks/Utilities/CEPU.csv,15_min_interval_stocks,Utilities,CEPU,2482231,0.002311757765710354
6421,15_min_interval_stocks/Utilities/CGBS.csv,15_min_interval_stocks,Utilities,CGBS,288804,0.00026896968483924866
6422,15_min_interval_stocks/Utilities/CGBSW.csv,15_min_interval_stocks,Utilities,CGBSW,59410,5.532987415790558e-05
6423,15_min_interval_stocks/Utilities/CIEN.csv,15_min_interval_stocks,Utilities,CIEN,10629676,0.009899657219648361
6424,15_min_interval_stocks/Utilities/CIG.csv,15_min_interval_stocks,Utilities,CIG,9091772,0.008467372506856918
6425,15_min_interval_stocks/Utilities/CLFD.csv,15_min_interval_stocks,Utilities,CLFD,4394887,0.0040930574759840965
6426,15_min_interval_stocks/Utilities/CLNE.csv,15_min_interval_stocks,Utilities,CLNE,7214433,0.0067189643159508705
6427,15_min_interval_stocks/Utilities/CLRO.csv,15_min_interval_stocks,Utilities,CLRO,3062768,0.0028524249792099
6428,15_min_interval_stocks/Utilities/CMS.csv,15_min_interval_stocks,Utilities,CMS,10004974,0.009317858144640923
6429,15_min_interval_stocks/Utilities/CMSA.csv,15_min_interval_stocks,Utilities,CMSA,1228150,0.001143803820014
6430,15_min_interval_stocks/Utilities/CMSC.csv,15_min_interval_stocks,Utilities,CMSC,1242090,0.0011567864567041397
6431,15_min_interval_stocks/Utilities/CMSD.csv,15_min_interval_stocks,Utilities,CMSD,1865999,0.0017378469929099083
6432,15_min_interval_stocks/Utilities/CNP.csv,15_min_interval_stocks,Utilities,CNP,9091850,0.008467445150017738
6433,15_min_interval_stocks/Utilities/CPK.csv,15_min_interval_stocks,Utilities,CPK,7419125,0.006909598596394062
6434,15_min_interval_stocks/Utilities/CQP.csv,15_min_interval_stocks,Utilities,CQP,6743764,0.006280619651079178
6435,15_min_interval_stocks/Utilities/CTRI.csv,15_min_interval_stocks,Utilities,CTRI,244582,0.00022778473794460297
6436,15_min_interval_stocks/Utilities/CWCO.csv,15_min_interval_stocks,Utilities,CWCO,7827898,0.007290298119187355
6437,15_min_interval_stocks/Utilities/CWEN.csv,15_min_interval_stocks,Utilities,CWEN,2670254,0.00248686783015728
6438,15_min_interval_stocks/Utilities/CWST.csv,15_min_interval_stocks,Utilities,CWST,7928253,0.007383760996162891
6439,15_min_interval_stocks/Utilities/CWT.csv,15_min_interval_stocks,Utilities,CWT,9230731,0.00859678816050291
6440,15_min_interval_stocks/Utilities/D.csv,15_min_interval_stocks,Utilities,D,10955103,0.010202734731137753
6441,15_min_interval_stocks/Utilities/DTB.csv,15_min_interval_stocks,Utilities,DTB,928424,0.000864662230014801
6442,15_min_interval_stocks/Utilities/DTE.csv,15_min_interval_stocks,Utilities,DTE,10322424,0.009613506495952606
6443,15_min_interval_stocks/Utilities/DTG.csv,15_min_interval_stocks,Utilities,DTG,787315,0.0007332442328333855
6444,15_min_interval_stocks/Utilities/DTM.csv,15_min_interval_stocks,Utilities,DTM,1436443,0.0013377917930483818
6445,15_min_interval_stocks/Utilities/DTW.csv,15_min_interval_stocks,Utilities,DTW,1862954,0.0017350111156702042
6446,15_min_interval_stocks/Utilities/DUK.csv,15_min_interval_stocks,Utilities,DUK,11229446,0.010458236560225487
6447,15_min_interval_stocks/Utilities/DUKB.csv,15_min_interval_stocks,Utilities,DUKB,1857595,0.0017300201579928398
6448,15_min_interval_stocks/Utilities/EAI.csv,15_min_interval_stocks,Utilities,EAI,2118226,0.0019727516919374466
6449,15_min_interval_stocks/Utilities/EBR.csv,15_min_interval_stocks,Utilities,EBR,3426640,0.0031913071870803833
6450,15_min_interval_stocks/Utilities/ED.csv,15_min_interval_stocks,Utilities,ED,10602615,0.009874454699456692
6451,15_min_interval_stocks/Utilities/EDN.csv,15_min_interval_stocks,Utilities,EDN,3898978,0.003631206229329109
6452,15_min_interval_stocks/Utilities/EE.csv,15_min_interval_stocks,Utilities,EE,1154818,0.0010755080729722977
6453,15_min_interval_stocks/Utilities/EIX.csv,15_min_interval_stocks,Utilities,EIX,10273156,0.00956762209534645
6454,15_min_interval_stocks/Utilities/ELC.csv,15_min_interval_stocks,Utilities,ELC,1935150,0.0018022488802671432
6455,15_min_interval_stocks/Utilities/ELLO.csv,15_min_interval_stocks,Utilities,ELLO,492402,0.00045858509838581085
6456,15_min_interval_stocks/Utilities/ELP.csv,15_min_interval_stocks,Utilities,ELP,9069394,0.008446531370282173
6457,15_min_interval_stocks/Utilities/ELPC.csv,15_min_interval_stocks,Utilities,ELPC,196827,0.0001833094283938408
6458,15_min_interval_stocks/Utilities/EMP.csv,15_min_interval_stocks,Utilities,EMP,1743796,0.001624036580324173
6459,15_min_interval_stocks/Utilities/ENIC.csv,15_min_interval_stocks,Utilities,ENIC,3334948,0.003105912357568741
6460,15_min_interval_stocks/Utilities/ENJ.csv,15_min_interval_stocks,Utilities,ENJ,628691,0.0005855141207575798
6461,15_min_interval_stocks/Utilities/ENLC.csv,15_min_interval_stocks,Utilities,ENLC,4291658,0.003996917977929115
6462,15_min_interval_stocks/Utilities/ENLT.csv,15_min_interval_stocks,Utilities,ENLT,454354,0.0004231501370668411
6463,15_min_interval_stocks/Utilities/ENO.csv,15_min_interval_stocks,Utilities,ENO,1088598,0.0010138358920812607
6464,15_min_interval_stocks/Utilities/EPD.csv,15_min_interval_stocks,Utilities,EPD,10845340,0.010100509971380234
6465,15_min_interval_stocks/Utilities/ES.csv,15_min_interval_stocks,Utilities,ES,6906836,0.006432492285966873
6466,15_min_interval_stocks/Utilities/ESGL.csv,15_min_interval_stocks,Utilities,ESGL,337907,0.0003147004172205925
6467,15_min_interval_stocks/Utilities/ESGLW.csv,15_min_interval_stocks,Utilities,ESGLW,68912,6.417930126190186e-05
6468,15_min_interval_stocks/Utilities/ET.csv,15_min_interval_stocks,Utilities,ET,6628315,0.0061730993911623955
6469,15_min_interval_stocks/Utilities/ETR.csv,15_min_interval_stocks,Utilities,ETR,10352000,0.009641051292419434
6470,15_min_interval_stocks/Utilities/EVRG.csv,15_min_interval_stocks,Utilities,EVRG,2737961,0.00254992488771677
6471,15_min_interval_stocks/Utilities/EXC.csv,15_min_interval_stocks,Utilities,EXC,10669303,0.009936562739312649
6472,15_min_interval_stocks/Utilities/FE.csv,15_min_interval_stocks,Utilities,FE,10524029,0.00980126578360796
6473,15_min_interval_stocks/Utilities/FKWL.csv,15_min_interval_stocks,Utilities,FKWL,1007229,0.0009380551055073738
6474,15_min_interval_stocks/Utilities/FN.csv,15_min_interval_stocks,Utilities,FN,5135856,0.004783138632774353
6475,15_min_interval_stocks/Utilities/FTS.csv,15_min_interval_stocks,Utilities,FTS,3267230,0.00304284505546093
6476,15_min_interval_stocks/Utilities/GFL.csv,15_min_interval_stocks,Utilities,GFL,2009183,0.001871197484433651
6477,15_min_interval_stocks/Utilities/GNE.csv,15_min_interval_stocks,Utilities,GNE,4423377,0.0041195908561348915
6478,15_min_interval_stocks/Utilities/GPJA.csv,15_min_interval_stocks,Utilities,GPJA,1268098,0.001181008294224739
6479,15_min_interval_stocks/Utilities/GWRS.csv,15_min_interval_stocks,Utilities,GWRS,2112673,0.001967580057680607
6480,15_min_interval_stocks/Utilities/HE.csv,15_min_interval_stocks,Utilities,HE,10116770,0.009421976283192635
6481,15_min_interval_stocks/Utilities/IDA.csv,15_min_interval_stocks,Utilities,IDA,9903465,0.00922332052141428
6482,15_min_interval_stocks/Utilities/INFN.csv,15_min_interval_stocks,Utilities,INFN,6212532,0.005785871297121048
6483,15_min_interval_stocks/Utilities/KEN.csv,15_min_interval_stocks,Utilities,KEN,1193902,0.001111907884478569
6484,15_min_interval_stocks/Utilities/KEP.csv,15_min_interval_stocks,Utilities,KEP,9274677,0.008637716062366962
6485,15_min_interval_stocks/Utilities/KGS.csv,15_min_interval_stocks,Utilities,KGS,662315,0.0006168289110064507
6486,15_min_interval_stocks/Utilities/KMI.csv,15_min_interval_stocks,Utilities,KMI,7519798,0.007003357633948326
6487,15_min_interval_stocks/Utilities/KNTK.csv,15_min_interval_stocks,Utilities,KNTK,2405616,0.002240404486656189
6488,15_min_interval_stocks/Utilities/LNG.csv,15_min_interval_stocks,Utilities,LNG,9688566,0.009023180231451988
6489,15_min_interval_stocks/Utilities/LNT.csv,15_min_interval_stocks,Utilities,LNT,9838177,0.009162516333162785
6490,15_min_interval_stocks/Utilities/MNTK.csv,15_min_interval_stocks,Utilities,MNTK,1231643,0.0011470569297671318
6491,15_min_interval_stocks/Utilities/MSEX.csv,15_min_interval_stocks,Utilities,MSEX,7689776,0.007161661982536316
6492,15_min_interval_stocks/Utilities/NEP.csv,15_min_interval_stocks,Utilities,NEP,4539003,0.004227275960147381
6493,15_min_interval_stocks/Utilities/NEXT.csv,15_min_interval_stocks,Utilities,NEXT,2356603,0.0021947575733065605
6494,15_min_interval_stocks/Utilities/NFE.csv,15_min_interval_stocks,Utilities,NFE,2569203,0.0023927567526698112
6495,15_min_interval_stocks/Utilities/NFG.csv,15_min_interval_stocks,Utilities,NFG,9923276,0.009241770952939987
6496,15_min_interval_stocks/Utilities/NGG.csv,15_min_interval_stocks,Utilities,NGG,8523185,0.007937834598124027
6497,15_min_interval_stocks/Utilities/NGL.csv,15_min_interval_stocks,Utilities,NGL,4998289,0.0046550193801522255
6498,15_min_interval_stocks/Utilities/NI.csv,15_min_interval_stocks,Utilities,NI,9920201,0.009238907136023045
6499,15_min_interval_stocks/Utilities/NJR.csv,15_min_interval_stocks,Utilities,NJR,9441116,0.008792724460363388
6500,15_min_interval_stocks/Utilities/NNE.csv,15_min_interval_stocks,Utilities,NNE,436606,0.0004066210240125656
6501,15_min_interval_stocks/Utilities/NOVA.csv,15_min_interval_stocks,Utilities,NOVA,2509388,0.0023370496928691864
6502,15_min_interval_stocks/Utilities/NRG.csv,15_min_interval_stocks,Utilities,NRG,8941175,0.008327118121087551
6503,15_min_interval_stocks/Utilities/NTGR.csv,15_min_interval_stocks,Utilities,NTGR,8363643,0.007789249531924725
6504,15_min_interval_stocks/Utilities/NWE.csv,15_min_interval_stocks,Utilities,NWE,6523831,0.006075791083276272
6505,15_min_interval_stocks/Utilities/NWN.csv,15_min_interval_stocks,Utilities,NWN,9499172,0.008846793323755264
6506,15_min_interval_stocks/Utilities/OGE.csv,15_min_interval_stocks,Utilities,OGE,9770356,0.009099353104829788
6507,15_min_interval_stocks/Utilities/OGS.csv,15_min_interval_stocks,Utilities,OGS,4284249,0.003990017808973789
6508,15_min_interval_stocks/Utilities/OKE.csv,15_min_interval_stocks,Utilities,OKE,10514597,0.009792481549084187
6509,15_min_interval_stocks/Utilities/OKLO.csv,15_min_interval_stocks,Utilities,OKLO,429519,0.0004000207409262657
6510,15_min_interval_stocks/Utilities/OPAL.csv,15_min_interval_stocks,Utilities,OPAL,784762,0.0007308665663003922
6511,15_min_interval_stocks/Utilities/OPTT.csv,15_min_interval_stocks,Utilities,OPTT,6322088,0.005887903273105621
6512,15_min_interval_stocks/Utilities/ORA.csv,15_min_interval_stocks,Utilities,ORA,8144538,0.0075851920992136
6513,15_min_interval_stocks/Utilities/OTTR.csv,15_min_interval_stocks,Utilities,OTTR,9236288,0.008601963520050049
6514,15_min_interval_stocks/Utilities/PAM.csv,15_min_interval_stocks,Utilities,PAM,4743726,0.0044179391115903854
6515,15_min_interval_stocks/Utilities/PCG.csv,15_min_interval_stocks,Utilities,PCG,11272073,0.01049793604761362
6516,15_min_interval_stocks/Utilities/PCYO.csv,15_min_interval_stocks,Utilities,PCYO,3663560,0.0034119561314582825
6517,15_min_interval_stocks/Utilities/PEG.csv,15_min_interval_stocks,Utilities,PEG,10249350,0.009545451030135155
6518,15_min_interval_stocks/Utilities/PNW.csv,15_min_interval_stocks,Utilities,PNW,10091863,0.009398779831826687
6519,15_min_interval_stocks/Utilities/POR.csv,15_min_interval_stocks,Utilities,POR,7477326,0.0069638025015592575
6520,15_min_interval_stocks/Utilities/PPL.csv,15_min_interval_stocks,Utilities,PPL,10609215,0.009880601428449154
6521,15_min_interval_stocks/Utilities/QRHC.csv,15_min_interval_stocks,Utilities,QRHC,2130755,0.001984420232474804
6522,15_min_interval_stocks/Utilities/RGCO.csv,15_min_interval_stocks,Utilities,RGCO,1824446,0.0016991477459669113
6523,15_min_interval_stocks/Utilities/RNW.csv,15_min_interval_stocks,Utilities,RNW,1171121,0.0010906914249062538
6524,15_min_interval_stocks/Utilities/RNWWW.csv,15_min_interval_stocks,Utilities,RNWWW,257798,0.00024009309709072113
6525,15_min_interval_stocks/Utilities/RSG.csv,15_min_interval_stocks,Utilities,RSG,10254928,0.00955064594745636
6526,15_min_interval_stocks/Utilities/SBS.csv,15_min_interval_stocks,Utilities,SBS,8455906,0.007875176146626472
6527,15_min_interval_stocks/Utilities/SJW.csv,15_min_interval_stocks,Utilities,SJW,6915606,0.006440659984946251
6528,15_min_interval_stocks/Utilities/SLNG.csv,15_min_interval_stocks,Utilities,SLNG,1784555,0.0016619963571429253
6529,15_min_interval_stocks/Utilities/SMC.csv,15_min_interval_stocks,Utilities,SMC,105426,9.818561375141144e-05
6530,15_min_interval_stocks/Utilities/SO.csv,15_min_interval_stocks,Utilities,SO,11005296,0.010249480605125427
6531,15_min_interval_stocks/Utilities/SOJC.csv,15_min_interval_stocks,Utilities,SOJC,1999495,0.0018621748313307762
6532,15_min_interval_stocks/Utilities/SOJD.csv,15_min_interval_stocks,Utilities,SOJD,1810853,0.0016864882782101631
6533,15_min_interval_stocks/Utilities/SONM.csv,15_min_interval_stocks,Utilities,SONM,2144851,0.0019975481554865837
6534,15_min_interval_stocks/Utilities/SR.csv,15_min_interval_stocks,Utilities,SR,8544587,0.007957766763865948
6535,15_min_interval_stocks/Utilities/SRE.csv,15_min_interval_stocks,Utilities,SRE,10228671,0.009526192210614681
6536,15_min_interval_stocks/Utilities/SREA.csv,15_min_interval_stocks,Utilities,SREA,1786410,0.001663723960518837
6537,15_min_interval_stocks/Utilities/SUUN.csv,15_min_interval_stocks,Utilities,SUUN,192516,0.00017929449677467346
6538,15_min_interval_stocks/Utilities/SWX.csv,15_min_interval_stocks,Utilities,SWX,9709649,0.009042815305292606
6539,15_min_interval_stocks/Utilities/TAC.csv,15_min_interval_stocks,Utilities,TAC,7334051,0.006830367259681225
6540,15_min_interval_stocks/Utilities/TGS.csv,15_min_interval_stocks,Utilities,TGS,6189613,0.005764526315033436
6541,15_min_interval_stocks/Utilities/TLN.csv,15_min_interval_stocks,Utilities,TLN,237015,0.00022073742002248764
6542,15_min_interval_stocks/Utilities/TRGP.csv,15_min_interval_stocks,Utilities,TRGP,5880759,0.005476883612573147
6543,15_min_interval_stocks/Utilities/TRP.csv,15_min_interval_stocks,Utilities,TRP,9732807,0.009064382873475552
6544,15_min_interval_stocks/Utilities/TVC.csv,15_min_interval_stocks,Utilities,TVC,5040882,0.004694687202572823
6545,15_min_interval_stocks/Utilities/TVE.csv,15_min_interval_stocks,Utilities,TVE,4664926,0.004344550892710686
6546,15_min_interval_stocks/Utilities/TXNM.csv,15_min_interval_stocks,Utilities,TXNM,146125,0.0001360895112156868
6547,15_min_interval_stocks/Utilities/UGI.csv,15_min_interval_stocks,Utilities,UGI,9927302,0.009245520457625389
6548,15_min_interval_stocks/Utilities/UGP.csv,15_min_interval_stocks,Utilities,UGP,8037720,0.007485710084438324
6549,15_min_interval_stocks/Utilities/USAC.csv,15_min_interval_stocks,Utilities,USAC,4360207,0.004060759209096432
6550,15_min_interval_stocks/Utilities/UTL.csv,15_min_interval_stocks,Utilities,UTL,6480965,0.006035869009792805
6551,15_min_interval_stocks/Utilities/VIASP.csv,15_min_interval_stocks,Utilities,VIASP,1172910,0.001092357560992241
6552,15_min_interval_stocks/Utilities/VIVK.csv,15_min_interval_stocks,Utilities,VIVK,1202034,0.001119481399655342
6553,15_min_interval_stocks/Utilities/VST.csv,15_min_interval_stocks,Utilities,VST,3597370,0.003350311890244484
6554,15_min_interval_stocks/Utilities/VVPR.csv,15_min_interval_stocks,Utilities,VVPR,2130262,0.0019839610904455185
6555,15_min_interval_stocks/Utilities/WAVE.csv,15_min_interval_stocks,Utilities,WAVE,642122,0.0005980227142572403
6556,15_min_interval_stocks/Utilities/WCN.csv,15_min_interval_stocks,Utilities,WCN,8939864,0.00832589715719223
6557,15_min_interval_stocks/Utilities/WEC.csv,15_min_interval_stocks,Utilities,WEC,10067525,0.009376113303005695
6558,15_min_interval_stocks/Utilities/WES.csv,15_min_interval_stocks,Utilities,WES,6515323,0.006067867390811443
6559,15_min_interval_stocks/Utilities/WM.csv,15_min_interval_stocks,Utilities,WM,11071043,0.010310712270438671
6560,15_min_interval_stocks/Utilities/WMB.csv,15_min_interval_stocks,Utilities,WMB,10947616,0.010195761919021606
6561,15_min_interval_stocks/Utilities/WTRG.csv,15_min_interval_stocks,Utilities,WTRG,7154126,0.006662799045443535
6562,15_min_interval_stocks/Utilities/XEL.csv,15_min_interval_stocks,Utilities,XEL,10111269,0.009416853077709675
6563,15_min_interval_stocks/Utilities/YORW.csv,15_min_interval_stocks,Utilities,YORW,5805066,0.005406389012932777
