,path,interval_folder,sector,ticker,size_bytes,size_gb
0,15_min_interval_stocks/Financials/SAN.csv,15_min_interval_stocks,Financials,SAN,10978331,0.010224367491900921
1,15_min_interval_stocks/Financials/FNWB.csv,15_min_interval_stocks,Financials,FNWB,1985939,0.0018495498225092888
2,15_min_interval_stocks/Financials/RDN.csv,15_min_interval_stocks,Financials,RDN,10363238,0.009651517495512962
3,15_min_interval_stocks/Financials/EOS.csv,15_min_interval_stocks,Financials,EOS,7139514,0.0066491905599832535
4,15_min_interval_stocks/Financials/DB.csv,15_min_interval_stocks,Financials,DB,12181371,0.011344785802066326
5,15_min_interval_stocks/Financials/CELZ.csv,15_min_interval_stocks,Financials,CELZ,889651,0.0008285520598292351
6,15_min_interval_stocks/Financials/OIA.csv,15_min_interval_stocks,Financials,OIA,5628001,0.005241484381258488
7,15_min_interval_stocks/Financials/VTN.csv,15_min_interval_stocks,Financials,VTN,4900598,0.004564037546515465
8,15_min_interval_stocks/Financials/VEEA.csv,15_min_interval_stocks,Financials,VEEA,94132,8.766725659370422e-05
9,15_min_interval_stocks/Financials/PRK.csv,15_min_interval_stocks,Financials,PRK,7428530,0.006918357685208321
10,15_min_interval_stocks/Financials/OFG.csv,15_min_interval_stocks,Financials,OFG,8793365,0.008189459331333637
11,15_min_interval_stocks/Financials/NEWTZ.csv,15_min_interval_stocks,Financials,NEWTZ,207214,0.00019298307597637177
12,15_min_interval_stocks/Financials/EIG.csv,15_min_interval_stocks,Financials,EIG,6870215,0.00639838632196188
13,15_min_interval_stocks/Financials/MATH.csv,15_min_interval_stocks,Financials,MATH,1277573,0.0011898325756192207
14,15_min_interval_stocks/Financials/GRF.csv,15_min_interval_stocks,Financials,GRF,892088,0.000830821692943573
15,15_min_interval_stocks/Financials/PNI.csv,15_min_interval_stocks,Financials,PNI,3940734,0.003670094534754753
16,15_min_interval_stocks/Financials/WHF.csv,15_min_interval_stocks,Financials,WHF,3766662,0.0035079773515462875
17,15_min_interval_stocks/Financials/EFX.csv,15_min_interval_stocks,Financials,EFX,10358632,0.009647227823734283
18,15_min_interval_stocks/Financials/MHLA.csv,15_min_interval_stocks,Financials,MHLA,1062434,0.0009894687682390213
19,15_min_interval_stocks/Financials/RYAN.csv,15_min_interval_stocks,Financials,RYAN,1404551,0.001308090053498745
20,15_min_interval_stocks/Financials/TRU.csv,15_min_interval_stocks,Financials,TRU,3889224,0.00362212210893631
21,15_min_interval_stocks/Financials/CWBC.csv,15_min_interval_stocks,Financials,CWBC,1143477,0.0010649459436535835
22,15_min_interval_stocks/Financials/ALTI.csv,15_min_interval_stocks,Financials,ALTI,625711,0.0005827387794852257
23,15_min_interval_stocks/Financials/OXSQZ.csv,15_min_interval_stocks,Financials,OXSQZ,231359,0.0002154698595404625
24,15_min_interval_stocks/Financials/RILYN.csv,15_min_interval_stocks,Financials,RILYN,1052412,0.000980135053396225
25,15_min_interval_stocks/Financials/CEP.csv,15_min_interval_stocks,Financials,CEP,21456,1.9982457160949707e-05
26,15_min_interval_stocks/Financials/EIC.csv,15_min_interval_stocks,Financials,EIC,1281965,0.001193922944366932
27,15_min_interval_stocks/Financials/CRVL.csv,15_min_interval_stocks,Financials,CRVL,6738149,0.006275390274822712
28,15_min_interval_stocks/Financials/BYNO.csv,15_min_interval_stocks,Financials,BYNO,78348,7.296726107597351e-05
29,15_min_interval_stocks/Financials/APOS.csv,15_min_interval_stocks,Financials,APOS,423061,0.00039400625973939896
30,15_min_interval_stocks/Financials/VEL.csv,15_min_interval_stocks,Financials,VEL,911706,0.0008490923792123795
31,15_min_interval_stocks/Financials/TETEW.csv,15_min_interval_stocks,Financials,TETEW,38017,3.540609031915665e-05
32,15_min_interval_stocks/Financials/GABC.csv,15_min_interval_stocks,Financials,GABC,5643217,0.005255655385553837
33,15_min_interval_stocks/Financials/BPYPM.csv,15_min_interval_stocks,Financials,BPYPM,848214,0.0007899608463048935
34,15_min_interval_stocks/Financials/FRHC.csv,15_min_interval_stocks,Financials,FRHC,2191568,0.002041056752204895
35,15_min_interval_stocks/Financials/PGC.csv,15_min_interval_stocks,Financials,PGC,5632318,0.005245504900813103
36,15_min_interval_stocks/Financials/DECA.csv,15_min_interval_stocks,Financials,DECA,171366,0.0001595970243215561
37,15_min_interval_stocks/Financials/NECB.csv,15_min_interval_stocks,Financials,NECB,1808828,0.0016846023499965668
38,15_min_interval_stocks/Financials/BBN.csv,15_min_interval_stocks,Financials,BBN,5421195,0.005048881284892559
39,15_min_interval_stocks/Financials/ALRS.csv,15_min_interval_stocks,Financials,ALRS,1420460,0.0013229064643383026
40,15_min_interval_stocks/Financials/OXLCN.csv,15_min_interval_stocks,Financials,OXLCN,197339,0.00018378626555204391
41,15_min_interval_stocks/Financials/DCOMG.csv,15_min_interval_stocks,Financials,DCOMG,49631,4.6222470700740814e-05
42,15_min_interval_stocks/Financials/FNF.csv,15_min_interval_stocks,Financials,FNF,7731134,0.007200179621577263
43,15_min_interval_stocks/Financials/MMC.csv,15_min_interval_stocks,Financials,MMC,10500912,0.009779736399650574
44,15_min_interval_stocks/Financials/NEWTI.csv,15_min_interval_stocks,Financials,NEWTI,113827,0.00010600965470075607
45,15_min_interval_stocks/Financials/FXNC.csv,15_min_interval_stocks,Financials,FXNC,545839,0.0005083521828055382
46,15_min_interval_stocks/Financials/PFL.csv,15_min_interval_stocks,Financials,PFL,6786843,0.006320740096271038
47,15_min_interval_stocks/Financials/MHI.csv,15_min_interval_stocks,Financials,MHI,6047472,0.005632147192955017
48,15_min_interval_stocks/Financials/AROW.csv,15_min_interval_stocks,Financials,AROW,6055440,0.005639567971229553
49,15_min_interval_stocks/Financials/DMA.csv,15_min_interval_stocks,Financials,DMA,442247,0.0004118746146559715
50,15_min_interval_stocks/Financials/MMT.csv,15_min_interval_stocks,Financials,MMT,8087518,0.007532088086009026
51,15_min_interval_stocks/Financials/CIVB.csv,15_min_interval_stocks,Financials,CIVB,3008105,0.002801516093313694
52,15_min_interval_stocks/Financials/TRINI.csv,15_min_interval_stocks,Financials,TRINI,77964,7.260963320732117e-05
53,15_min_interval_stocks/Financials/GBBKW.csv,15_min_interval_stocks,Financials,GBBKW,45623,4.2489729821681976e-05
54,15_min_interval_stocks/Financials/GBLI.csv,15_min_interval_stocks,Financials,GBLI,3035309,0.0028268517926335335
55,15_min_interval_stocks/Financials/ILLR.csv,15_min_interval_stocks,Financials,ILLR,90285,8.408445864915848e-05
56,15_min_interval_stocks/Financials/JOF.csv,15_min_interval_stocks,Financials,JOF,6258323,0.005828517489135265
57,15_min_interval_stocks/Financials/BCML.csv,15_min_interval_stocks,Financials,BCML,1702604,0.0015856735408306122
58,15_min_interval_stocks/Financials/RMT.csv,15_min_interval_stocks,Financials,RMT,6597468,0.006144370883703232
59,15_min_interval_stocks/Financials/MQY.csv,15_min_interval_stocks,Financials,MQY,6977485,0.006498289294540882
60,15_min_interval_stocks/Financials/DGICB.csv,15_min_interval_stocks,Financials,DGICB,447671,0.0004169261083006859
61,15_min_interval_stocks/Financials/BFZ.csv,15_min_interval_stocks,Financials,BFZ,6019723,0.005606303922832012
62,15_min_interval_stocks/Financials/MUFG.csv,15_min_interval_stocks,Financials,MUFG,2839853,0.0026448192074894905
63,15_min_interval_stocks/Financials/MARX.csv,15_min_interval_stocks,Financials,MARX,61613,5.738157778978348e-05
64,15_min_interval_stocks/Financials/NBH.csv,15_min_interval_stocks,Financials,NBH,5607125,0.005222042091190815
65,15_min_interval_stocks/Financials/BYM.csv,15_min_interval_stocks,Financials,BYM,6134957,0.005713623948395252
66,15_min_interval_stocks/Financials/BOE.csv,15_min_interval_stocks,Financials,BOE,6750679,0.006287059746682644
67,15_min_interval_stocks/Financials/IHT.csv,15_min_interval_stocks,Financials,IHT,1257859,0.0011714724823832512
68,15_min_interval_stocks/Financials/SIGIP.csv,15_min_interval_stocks,Financials,SIGIP,460409,0.00042878929525613785
69,15_min_interval_stocks/Financials/PGR.csv,15_min_interval_stocks,Financials,PGR,10612642,0.009883793070912361
70,15_min_interval_stocks/Financials/ENX.csv,15_min_interval_stocks,Financials,ENX,4812696,0.004482172429561615
71,15_min_interval_stocks/Financials/PFO.csv,15_min_interval_stocks,Financials,PFO,4764950,0.004437705501914024
72,15_min_interval_stocks/Financials/OPOF.csv,15_min_interval_stocks,Financials,OPOF,1172022,0.0010915305465459824
73,15_min_interval_stocks/Financials/AFGE.csv,15_min_interval_stocks,Financials,AFGE,503290,0.0004687253385782242
74,15_min_interval_stocks/Financials/PGP.csv,15_min_interval_stocks,Financials,PGP,5476513,0.005100400187075138
75,15_min_interval_stocks/Financials/CFBK.csv,15_min_interval_stocks,Financials,CFBK,1254751,0.0011685779318213463
76,15_min_interval_stocks/Financials/PHT.csv,15_min_interval_stocks,Financials,PHT,6449629,0.006006685085594654
77,15_min_interval_stocks/Financials/APLD.csv,15_min_interval_stocks,Financials,APLD,1709625,0.0015922123566269875
78,15_min_interval_stocks/Financials/VCSA.csv,15_min_interval_stocks,Financials,VCSA,1061428,0.0009885318577289581
79,15_min_interval_stocks/Financials/LUXH.csv,15_min_interval_stocks,Financials,LUXH,877724,0.0008174441754817963
80,15_min_interval_stocks/Financials/BLE.csv,15_min_interval_stocks,Financials,BLE,6286448,0.005854710936546326
81,15_min_interval_stocks/Financials/GAM.csv,15_min_interval_stocks,Financials,GAM,6920334,0.006445063278079033
82,15_min_interval_stocks/Financials/HOMB.csv,15_min_interval_stocks,Financials,HOMB,7056079,0.006571485660970211
83,15_min_interval_stocks/Financials/PTA.csv,15_min_interval_stocks,Financials,PTA,1547475,0.0014411984011530876
84,15_min_interval_stocks/Financials/FCNCO.csv,15_min_interval_stocks,Financials,FCNCO,595994,0.0005550626665353775
85,15_min_interval_stocks/Financials/SFBS.csv,15_min_interval_stocks,Financials,SFBS,4000860,0.0037260912358760834
86,15_min_interval_stocks/Financials/FBK.csv,15_min_interval_stocks,Financials,FBK,3091162,0.002878868952393532
87,15_min_interval_stocks/Financials/IBTX.csv,15_min_interval_stocks,Financials,IBTX,4285474,0.003991158679127693
88,15_min_interval_stocks/Financials/NAC.csv,15_min_interval_stocks,Financials,NAC,6710462,0.006249604746699333
89,15_min_interval_stocks/Financials/MSBI.csv,15_min_interval_stocks,Financials,MSBI,2955700,0.00275271013379097
90,15_min_interval_stocks/Financials/GROW.csv,15_min_interval_stocks,Financials,GROW,5787641,0.005390160717070103
91,15_min_interval_stocks/Financials/ALCY.csv,15_min_interval_stocks,Financials,ALCY,65245,6.0764141380786896e-05
92,15_min_interval_stocks/Financials/ANY.csv,15_min_interval_stocks,Financials,ANY,4480254,0.004172561690211296
93,15_min_interval_stocks/Financials/AFBI.csv,15_min_interval_stocks,Financials,AFBI,559969,0.0005215117707848549
94,15_min_interval_stocks/Financials/RZC.csv,15_min_interval_stocks,Financials,RZC,687448,0.0006402358412742615
95,15_min_interval_stocks/Financials/RMMZ.csv,15_min_interval_stocks,Financials,RMMZ,599787,0.000558595173060894
96,15_min_interval_stocks/Financials/IGTA.csv,15_min_interval_stocks,Financials,IGTA,118716,0.00011056289076805115
97,15_min_interval_stocks/Financials/SWKH.csv,15_min_interval_stocks,Financials,SWKH,948289,0.0008831629529595375
98,15_min_interval_stocks/Financials/TCBX.csv,15_min_interval_stocks,Financials,TCBX,707356,0.0006587766110897064
99,15_min_interval_stocks/Financials/JFIN.csv,15_min_interval_stocks,Financials,JFIN,1753458,0.0016330350190401077
100,15_min_interval_stocks/Financials/PTMN.csv,15_min_interval_stocks,Financials,PTMN,6121347,0.0057009486481547356
101,15_min_interval_stocks/Financials/TRINZ.csv,15_min_interval_stocks,Financials,TRINZ,132395,0.00012330245226621628
102,15_min_interval_stocks/Financials/GCMGW.csv,15_min_interval_stocks,Financials,GCMGW,506687,0.00047188904136419296
103,15_min_interval_stocks/Financials/GLU.csv,15_min_interval_stocks,Financials,GLU,3262272,0.0030382275581359863
104,15_min_interval_stocks/Financials/HONE.csv,15_min_interval_stocks,Financials,HONE,2892668,0.002694007009267807
105,15_min_interval_stocks/Financials/KACLW.csv,15_min_interval_stocks,Financials,KACLW,46968,4.3742358684539795e-05
106,15_min_interval_stocks/Financials/OPHC.csv,15_min_interval_stocks,Financials,OPHC,1215097,0.001131647266447544
107,15_min_interval_stocks/Financials/INBK.csv,15_min_interval_stocks,Financials,INBK,3156112,0.002939358353614807
108,15_min_interval_stocks/Financials/RFM.csv,15_min_interval_stocks,Financials,RFM,884901,0.0008241282775998116
109,15_min_interval_stocks/Financials/SII.csv,15_min_interval_stocks,Financials,SII,1721840,0.0016035884618759155
110,15_min_interval_stocks/Financials/NUV.csv,15_min_interval_stocks,Financials,NUV,8619577,0.008027606643736362
111,15_min_interval_stocks/Financials/ASBA.csv,15_min_interval_stocks,Financials,ASBA,521590,0.00048576854169368744
112,15_min_interval_stocks/Financials/FTII.csv,15_min_interval_stocks,Financials,FTII,70431,6.559398025274277e-05
113,15_min_interval_stocks/Financials/UMBF.csv,15_min_interval_stocks,Financials,UMBF,9318851,0.008678856305778027
114,15_min_interval_stocks/Financials/GECCO.csv,15_min_interval_stocks,Financials,GECCO,140878,0.00013120286166667938
115,15_min_interval_stocks/Financials/OMH.csv,15_min_interval_stocks,Financials,OMH,762986,0.0007105860859155655
116,15_min_interval_stocks/Financials/GREE.csv,15_min_interval_stocks,Financials,GREE,1541844,0.0014359541237354279
117,15_min_interval_stocks/Financials/EOT.csv,15_min_interval_stocks,Financials,EOT,4359324,0.004059936851263046
118,15_min_interval_stocks/Financials/CNOB.csv,15_min_interval_stocks,Financials,CNOB,4158759,0.003873146139085293
119,15_min_interval_stocks/Financials/ARBK.csv,15_min_interval_stocks,Financials,ARBK,1570800,0.0014629215002059937
120,15_min_interval_stocks/Financials/ACP.csv,15_min_interval_stocks,Financials,ACP,4591637,0.004276295192539692
121,15_min_interval_stocks/Financials/EVR.csv,15_min_interval_stocks,Financials,EVR,7318918,0.006816273555159569
122,15_min_interval_stocks/Financials/HTH.csv,15_min_interval_stocks,Financials,HTH,6740767,0.006277828477323055
123,15_min_interval_stocks/Financials/GECCZ.csv,15_min_interval_stocks,Financials,GECCZ,96357,8.973944932222366e-05
124,15_min_interval_stocks/Financials/CCBG.csv,15_min_interval_stocks,Financials,CCBG,5997648,0.0055857449769973755
125,15_min_interval_stocks/Financials/EFSCP.csv,15_min_interval_stocks,Financials,EFSCP,250231,0.0002330457791686058
126,15_min_interval_stocks/Financials/JFR.csv,15_min_interval_stocks,Financials,JFR,7216591,0.006720974110066891
127,15_min_interval_stocks/Financials/EOD.csv,15_min_interval_stocks,Financials,EOD,6091546,0.00567319430410862
128,15_min_interval_stocks/Financials/CHMG.csv,15_min_interval_stocks,Financials,CHMG,1515001,0.0014109546318650246
129,15_min_interval_stocks/Financials/FSBC.csv,15_min_interval_stocks,Financials,FSBC,836751,0.0007792850956320763
130,15_min_interval_stocks/Financials/GBDC.csv,15_min_interval_stocks,Financials,GBDC,5596344,0.0052120015025138855
131,15_min_interval_stocks/Financials/CSQ.csv,15_min_interval_stocks,Financials,CSQ,7569922,0.007050039246678352
132,15_min_interval_stocks/Financials/MNSB.csv,15_min_interval_stocks,Financials,MNSB,1071245,0.0009976746514439583
133,15_min_interval_stocks/Financials/BTO.csv,15_min_interval_stocks,Financials,BTO,8522942,0.007937608286738396
134,15_min_interval_stocks/Financials/VKQ.csv,15_min_interval_stocks,Financials,VKQ,7462881,0.006950349546968937
135,15_min_interval_stocks/Financials/ISPOW.csv,15_min_interval_stocks,Financials,ISPOW,346667,0.0003228588029742241
136,15_min_interval_stocks/Financials/OFSSH.csv,15_min_interval_stocks,Financials,OFSSH,62849,5.853269249200821e-05
137,15_min_interval_stocks/Financials/NMRK.csv,15_min_interval_stocks,Financials,NMRK,2717697,0.002531052567064762
138,15_min_interval_stocks/Financials/INTR.csv,15_min_interval_stocks,Financials,INTR,958884,0.0008930303156375885
139,15_min_interval_stocks/Financials/TWN.csv,15_min_interval_stocks,Financials,TWN,4431865,0.004127495922148228
140,15_min_interval_stocks/Financials/FPH.csv,15_min_interval_stocks,Financials,FPH,2256064,0.002101123332977295
141,15_min_interval_stocks/Financials/CARV.csv,15_min_interval_stocks,Financials,CARV,1877254,0.0017483290284872055
142,15_min_interval_stocks/Financials/MTB.csv,15_min_interval_stocks,Financials,MTB,10397969,0.009683863259851933
143,15_min_interval_stocks/Financials/RBCAA.csv,15_min_interval_stocks,Financials,RBCAA,6074951,0.005657739005982876
144,15_min_interval_stocks/Financials/OPP.csv,15_min_interval_stocks,Financials,OPP,2608124,0.0024290047585964203
145,15_min_interval_stocks/Financials/AJG.csv,15_min_interval_stocks,Financials,AJG,10213051,0.009511644951999187
146,15_min_interval_stocks/Financials/GSHD.csv,15_min_interval_stocks,Financials,GSHD,2456865,0.0022881338372826576
147,15_min_interval_stocks/Financials/SIGI.csv,15_min_interval_stocks,Financials,SIGI,9582929,0.008924798108637333
148,15_min_interval_stocks/Financials/BRW.csv,15_min_interval_stocks,Financials,BRW,5641890,0.005254419520497322
149,15_min_interval_stocks/Financials/BMN.csv,15_min_interval_stocks,Financials,BMN,405116,0.0003772936761379242
150,15_min_interval_stocks/Financials/AXS.csv,15_min_interval_stocks,Financials,AXS,8483816,0.00790116935968399
151,15_min_interval_stocks/Financials/BANFP.csv,15_min_interval_stocks,Financials,BANFP,349140,0.00032516196370124817
152,15_min_interval_stocks/Financials/NDP.csv,15_min_interval_stocks,Financials,NDP,3339129,0.003109806217253208
153,15_min_interval_stocks/Financials/OMCC.csv,15_min_interval_stocks,Financials,OMCC,15056,1.4021992683410645e-05
154,15_min_interval_stocks/Financials/MDBH.csv,15_min_interval_stocks,Financials,MDBH,145430,0.00013544224202632904
155,15_min_interval_stocks/Financials/JRI.csv,15_min_interval_stocks,Financials,JRI,3973867,0.0037009520456194878
156,15_min_interval_stocks/Financials/MIO.csv,15_min_interval_stocks,Financials,MIO,874387,0.0008143363520503044
157,15_min_interval_stocks/Financials/PBHC.csv,15_min_interval_stocks,Financials,PBHC,551006,0.0005131643265485764
158,15_min_interval_stocks/Financials/HONDU.csv,15_min_interval_stocks,Financials,HONDU,13884,1.2930482625961304e-05
159,15_min_interval_stocks/Financials/BCX.csv,15_min_interval_stocks,Financials,BCX,4962082,0.004621298983693123
160,15_min_interval_stocks/Financials/BTM.csv,15_min_interval_stocks,Financials,BTM,716547,0.0006673363968729973
161,15_min_interval_stocks/Financials/RFMZ.csv,15_min_interval_stocks,Financials,RFMZ,1151052,0.0010720007121562958
162,15_min_interval_stocks/Financials/HGTY.csv,15_min_interval_stocks,Financials,HGTY,1001872,0.0009330660104751587
163,15_min_interval_stocks/Financials/MBINN.csv,15_min_interval_stocks,Financials,MBINN,553904,0.000515863299369812
164,15_min_interval_stocks/Financials/GIG.csv,15_min_interval_stocks,Financials,GIG,10420,9.704381227493286e-06
165,15_min_interval_stocks/Financials/CCAP.csv,15_min_interval_stocks,Financials,CCAP,1586847,0.0014778664335608482
166,15_min_interval_stocks/Financials/CRESW.csv,15_min_interval_stocks,Financials,CRESW,213275,0.00019862782210111618
167,15_min_interval_stocks/Financials/RWAY.csv,15_min_interval_stocks,Financials,RWAY,1203723,0.0011210544034838676
168,15_min_interval_stocks/Financials/AGD.csv,15_min_interval_stocks,Financials,AGD,5738310,0.0053442176431417465
169,15_min_interval_stocks/Financials/TOP.csv,15_min_interval_stocks,Financials,TOP,1216042,0.0011325273662805557
170,15_min_interval_stocks/Financials/ENVA.csv,15_min_interval_stocks,Financials,ENVA,3435607,0.0031996583566069603
171,15_min_interval_stocks/Financials/DAVE.csv,15_min_interval_stocks,Financials,DAVE,1140872,0.0010625198483467102
172,15_min_interval_stocks/Financials/ECPG.csv,15_min_interval_stocks,Financials,ECPG,7107950,0.0066197942942380905
173,15_min_interval_stocks/Financials/MS.csv,15_min_interval_stocks,Financials,MS,10991031,0.010236195288598537
174,15_min_interval_stocks/Financials/CION.csv,15_min_interval_stocks,Financials,CION,1231350,0.0011467840522527695
175,15_min_interval_stocks/Financials/NPCT.csv,15_min_interval_stocks,Financials,NPCT,1171381,0.0010909335687756538
176,15_min_interval_stocks/Financials/VVR.csv,15_min_interval_stocks,Financials,VVR,8978786,0.008362146094441414
177,15_min_interval_stocks/Financials/FFBC.csv,15_min_interval_stocks,Financials,FFBC,9027456,0.00840747356414795
178,15_min_interval_stocks/Financials/LEO.csv,15_min_interval_stocks,Financials,LEO,7484549,0.006970529444515705
179,15_min_interval_stocks/Financials/BKKT.csv,15_min_interval_stocks,Financials,BKKT,1937994,0.0018048975616693497
180,15_min_interval_stocks/Financials/YRD.csv,15_min_interval_stocks,Financials,YRD,3264047,0.003039880655705929
181,15_min_interval_stocks/Financials/CADE.csv,15_min_interval_stocks,Financials,CADE,3086755,0.0028747646138072014
182,15_min_interval_stocks/Financials/GJS.csv,15_min_interval_stocks,Financials,GJS,583935,0.0005438318476080894
183,15_min_interval_stocks/Financials/GDL.csv,15_min_interval_stocks,Financials,GDL,4011864,0.003736339509487152
184,15_min_interval_stocks/Financials/PFLT.csv,15_min_interval_stocks,Financials,PFLT,5049104,0.004702344536781311
185,15_min_interval_stocks/Financials/NEA.csv,15_min_interval_stocks,Financials,NEA,6397543,0.005958176217973232
186,15_min_interval_stocks/Financials/FCT.csv,15_min_interval_stocks,Financials,FCT,6613657,0.006159448064863682
187,15_min_interval_stocks/Financials/CFB.csv,15_min_interval_stocks,Financials,CFB,1667022,0.0015525352209806442
188,15_min_interval_stocks/Financials/RA.csv,15_min_interval_stocks,Financials,RA,3456597,0.003219206817448139
189,15_min_interval_stocks/Financials/FITBO.csv,15_min_interval_stocks,Financials,FITBO,1318319,0.001227780245244503
190,15_min_interval_stocks/Financials/PNFPP.csv,15_min_interval_stocks,Financials,PNFPP,780051,0.0007264791056513786
191,15_min_interval_stocks/Financials/CIFR.csv,15_min_interval_stocks,Financials,CIFR,1919928,0.0017880722880363464
192,15_min_interval_stocks/Financials/SRG.csv,15_min_interval_stocks,Financials,SRG,3519147,0.0032774610444903374
193,15_min_interval_stocks/Financials/AON.csv,15_min_interval_stocks,Financials,AON,10491982,0.009771419689059258
194,15_min_interval_stocks/Financials/HIO.csv,15_min_interval_stocks,Financials,HIO,8512511,0.007927893660962582
195,15_min_interval_stocks/Financials/NMS.csv,15_min_interval_stocks,Financials,NMS,1078518,0.0010044481605291367
196,15_min_interval_stocks/Financials/MCVT.csv,15_min_interval_stocks,Financials,MCVT,251041,0.00023380015045404434
197,15_min_interval_stocks/Financials/FORL.csv,15_min_interval_stocks,Financials,FORL,50853,4.736054688692093e-05
198,15_min_interval_stocks/Financials/QCRH.csv,15_min_interval_stocks,Financials,QCRH,3696786,0.0034429002553224564
199,15_min_interval_stocks/Financials/ERIE.csv,15_min_interval_stocks,Financials,ERIE,8502224,0.007918313145637512
200,15_min_interval_stocks/Financials/USIO.csv,15_min_interval_stocks,Financials,USIO,1881288,0.0017520859837532043
201,15_min_interval_stocks/Financials/BRDG.csv,15_min_interval_stocks,Financials,BRDG,1298967,0.0012097572907805443
202,15_min_interval_stocks/Financials/OCFCP.csv,15_min_interval_stocks,Financials,OCFCP,297384,0.00027696043252944946
203,15_min_interval_stocks/Financials/OBT.csv,15_min_interval_stocks,Financials,OBT,325817,0.00030344072729349136
204,15_min_interval_stocks/Financials/BWFG.csv,15_min_interval_stocks,Financials,BWFG,1803422,0.0016795676201581955
205,15_min_interval_stocks/Financials/IVCP.csv,15_min_interval_stocks,Financials,IVCP,69415,6.464775651693344e-05
206,15_min_interval_stocks/Financials/FIBK.csv,15_min_interval_stocks,Financials,FIBK,5604784,0.00521986186504364
207,15_min_interval_stocks/Financials/AFL.csv,15_min_interval_stocks,Financials,AFL,10672311,0.009939364157617092
208,15_min_interval_stocks/Financials/AMSF.csv,15_min_interval_stocks,Financials,AMSF,6834821,0.0063654230907559395
209,15_min_interval_stocks/Financials/RILY.csv,15_min_interval_stocks,Financials,RILY,3467496,0.0032293573021888733
210,15_min_interval_stocks/Financials/EVV.csv,15_min_interval_stocks,Financials,EVV,7790016,0.0072550177574157715
211,15_min_interval_stocks/Financials/ECAT.csv,15_min_interval_stocks,Financials,ECAT,1301447,0.0012120669707655907
212,15_min_interval_stocks/Financials/DFS.csv,15_min_interval_stocks,Financials,DFS,7907488,0.007364422082901001
213,15_min_interval_stocks/Financials/CNS.csv,15_min_interval_stocks,Financials,CNS,7737110,0.007205745205283165
214,15_min_interval_stocks/Financials/NFJ.csv,15_min_interval_stocks,Financials,NFJ,7184047,0.006690665148198605
215,15_min_interval_stocks/Financials/LC.csv,15_min_interval_stocks,Financials,LC,3971172,0.003698442131280899
216,15_min_interval_stocks/Financials/OBK.csv,15_min_interval_stocks,Financials,OBK,593088,0.0005523562431335449
217,15_min_interval_stocks/Financials/PDI.csv,15_min_interval_stocks,Financials,PDI,5434826,0.005061576142907143
218,15_min_interval_stocks/Financials/MEGL.csv,15_min_interval_stocks,Financials,MEGL,1167525,0.0010873423889279366
219,15_min_interval_stocks/Financials/VMO.csv,15_min_interval_stocks,Financials,VMO,6882851,0.006410154514014721
220,15_min_interval_stocks/Financials/LDI.csv,15_min_interval_stocks,Financials,LDI,1576754,0.0014684665948152542
221,15_min_interval_stocks/Financials/KTF.csv,15_min_interval_stocks,Financials,KTF,6852982,0.006382336840033531
222,15_min_interval_stocks/Financials/AX.csv,15_min_interval_stocks,Financials,AX,5369108,0.005000371485948563
223,15_min_interval_stocks/Financials/FCNCP.csv,15_min_interval_stocks,Financials,FCNCP,956897,0.0008911797776818275
224,15_min_interval_stocks/Financials/CFFN.csv,15_min_interval_stocks,Financials,CFFN,8912930,0.008300812914967537
225,15_min_interval_stocks/Financials/SYF.csv,15_min_interval_stocks,Financials,SYF,4711819,0.004388223402202129
226,15_min_interval_stocks/Financials/GHLD.csv,15_min_interval_stocks,Financials,GHLD,714315,0.0006652576848864555
227,15_min_interval_stocks/Financials/MITA.csv,15_min_interval_stocks,Financials,MITA,89970,8.37910920381546e-05
228,15_min_interval_stocks/Financials/ETW.csv,15_min_interval_stocks,Financials,ETW,6877795,0.006405445747077465
229,15_min_interval_stocks/Financials/PB.csv,15_min_interval_stocks,Financials,PB,9042104,0.008421115577220917
230,15_min_interval_stocks/Financials/EMD.csv,15_min_interval_stocks,Financials,EMD,6167805,0.0057442160323262215
231,15_min_interval_stocks/Financials/NEWTH.csv,15_min_interval_stocks,Financials,NEWTH,44273,4.123244434595108e-05
232,15_min_interval_stocks/Financials/QQQX.csv,15_min_interval_stocks,Financials,QQQX,6201656,0.00577574223279953
233,15_min_interval_stocks/Financials/EAD.csv,15_min_interval_stocks,Financials,EAD,7692405,0.00716411042958498
234,15_min_interval_stocks/Financials/MYI.csv,15_min_interval_stocks,Financials,MYI,8065194,0.00751129724085331
235,15_min_interval_stocks/Financials/OSBC.csv,15_min_interval_stocks,Financials,OSBC,6779622,0.00631401501595974
236,15_min_interval_stocks/Financials/PLMR.csv,15_min_interval_stocks,Financials,PLMR,1923521,0.0017914185300469398
237,15_min_interval_stocks/Financials/MUI.csv,15_min_interval_stocks,Financials,MUI,6693476,0.006233785301446915
238,15_min_interval_stocks/Financials/WINV.csv,15_min_interval_stocks,Financials,WINV,53678,4.9991533160209656e-05
239,15_min_interval_stocks/Financials/OWL.csv,15_min_interval_stocks,Financials,OWL,1836816,0.0017106682062149048
240,15_min_interval_stocks/Financials/ICMB.csv,15_min_interval_stocks,Financials,ICMB,2564194,0.0023880917578935623
241,15_min_interval_stocks/Financials/CWD.csv,15_min_interval_stocks,Financials,CWD,295262,0.0002749841660261154
242,15_min_interval_stocks/Financials/BXSL.csv,15_min_interval_stocks,Financials,BXSL,1455849,0.0013558650389313698
243,15_min_interval_stocks/Financials/CMTG.csv,15_min_interval_stocks,Financials,CMTG,1181523,0.001100379042327404
244,15_min_interval_stocks/Financials/IFS.csv,15_min_interval_stocks,Financials,IFS,1594587,0.001485074870288372
245,15_min_interval_stocks/Financials/PX.csv,15_min_interval_stocks,Financials,PX,1240406,0.0011552181094884872
246,15_min_interval_stocks/Financials/GAINL.csv,15_min_interval_stocks,Financials,GAINL,256064,0.0002384781837463379
247,15_min_interval_stocks/Financials/CZFS.csv,15_min_interval_stocks,Financials,CZFS,545370,0.0005079153925180435
248,15_min_interval_stocks/Financials/OPINL.csv,15_min_interval_stocks,Financials,OPINL,866270,0.0008067768067121506
249,15_min_interval_stocks/Financials/GDO.csv,15_min_interval_stocks,Financials,GDO,4308774,0.004012858495116234
250,15_min_interval_stocks/Financials/BSIIW.csv,15_min_interval_stocks,Financials,BSIIW,3872,3.606081008911133e-06
251,15_min_interval_stocks/Financials/CORZW.csv,15_min_interval_stocks,Financials,CORZW,281649,0.0002623060718178749
252,15_min_interval_stocks/Financials/EIM.csv,15_min_interval_stocks,Financials,EIM,7403826,0.00689535029232502
253,15_min_interval_stocks/Financials/XFLT.csv,15_min_interval_stocks,Financials,XFLT,2301809,0.00214372668415308
254,15_min_interval_stocks/Financials/BY.csv,15_min_interval_stocks,Financials,BY,2703428,0.002517763525247574
255,15_min_interval_stocks/Financials/AMTD.csv,15_min_interval_stocks,Financials,AMTD,9211892,0.00857924297451973
256,15_min_interval_stocks/Financials/HLNE.csv,15_min_interval_stocks,Financials,HLNE,3028246,0.0028202738612890244
257,15_min_interval_stocks/Financials/STEW.csv,15_min_interval_stocks,Financials,STEW,991812,0.000923696905374527
258,15_min_interval_stocks/Financials/RITR.csv,15_min_interval_stocks,Financials,RITR,96676,9.0036541223526e-05
259,15_min_interval_stocks/Financials/HUT.csv,15_min_interval_stocks,Financials,HUT,2376495,0.0022132834419608116
260,15_min_interval_stocks/Financials/PAXS.csv,15_min_interval_stocks,Financials,PAXS,1114547,0.0010380027815699577
261,15_min_interval_stocks/Financials/RGT.csv,15_min_interval_stocks,Financials,RGT,2069815,0.0019276654347777367
262,15_min_interval_stocks/Financials/QFIN.csv,15_min_interval_stocks,Financials,QFIN,2813074,0.0026198793202638626
263,15_min_interval_stocks/Financials/SWZ.csv,15_min_interval_stocks,Financials,SWZ,5138170,0.004785293713212013
264,15_min_interval_stocks/Financials/NBN.csv,15_min_interval_stocks,Financials,NBN,2532913,0.0023589590564370155
265,15_min_interval_stocks/Financials/SRL.csv,15_min_interval_stocks,Financials,SRL,656563,0.0006114719435572624
266,15_min_interval_stocks/Financials/PSF.csv,15_min_interval_stocks,Financials,PSF,3968103,0.003695583902299404
267,15_min_interval_stocks/Financials/HOPE.csv,15_min_interval_stocks,Financials,HOPE,6804436,0.006337124854326248
268,15_min_interval_stocks/Financials/BWIN.csv,15_min_interval_stocks,Financials,BWIN,204889,0.00019081775099039078
269,15_min_interval_stocks/Financials/EMF.csv,15_min_interval_stocks,Financials,EMF,6966111,0.006487696431577206
270,15_min_interval_stocks/Financials/BRAC.csv,15_min_interval_stocks,Financials,BRAC,44098,4.106946289539337e-05
271,15_min_interval_stocks/Financials/SBCF.csv,15_min_interval_stocks,Financials,SBCF,8045718,0.007493158802390099
272,15_min_interval_stocks/Financials/ASPCU.csv,15_min_interval_stocks,Financials,ASPCU,5856,5.453824996948242e-06
273,15_min_interval_stocks/Financials/UNMA.csv,15_min_interval_stocks,Financials,UNMA,1540819,0.001434999518096447
274,15_min_interval_stocks/Financials/PRA.csv,15_min_interval_stocks,Financials,PRA,8885656,0.008275412023067474
275,15_min_interval_stocks/Financials/BBAR.csv,15_min_interval_stocks,Financials,BBAR,6348710,0.005912696942687035
276,15_min_interval_stocks/Financials/SSSS.csv,15_min_interval_stocks,Financials,SSSS,4919172,0.004581335932016373
277,15_min_interval_stocks/Financials/ISD.csv,15_min_interval_stocks,Financials,ISD,4450446,0.004144800826907158
278,15_min_interval_stocks/Financials/NBB.csv,15_min_interval_stocks,Financials,NBB,4964724,0.004623759537935257
279,15_min_interval_stocks/Financials/CUBWU.csv,15_min_interval_stocks,Financials,CUBWU,19966,1.8594786524772644e-05
280,15_min_interval_stocks/Financials/SCHW.csv,15_min_interval_stocks,Financials,SCHW,11579408,0.010784164071083069
281,15_min_interval_stocks/Financials/SUPV.csv,15_min_interval_stocks,Financials,SUPV,3279620,0.0030543841421604156
282,15_min_interval_stocks/Financials/PML.csv,15_min_interval_stocks,Financials,PML,7310748,0.00680866464972496
283,15_min_interval_stocks/Financials/OXLC.csv,15_min_interval_stocks,Financials,OXLC,5232717,0.004873347468674183
284,15_min_interval_stocks/Financials/FMBH.csv,15_min_interval_stocks,Financials,FMBH,2304811,0.0021465225145220757
285,15_min_interval_stocks/Financials/ZBAO.csv,15_min_interval_stocks,Financials,ZBAO,83103,7.739569991827011e-05
286,15_min_interval_stocks/Financials/OPBK.csv,15_min_interval_stocks,Financials,OPBK,1675108,0.001560065895318985
287,15_min_interval_stocks/Financials/WTW.csv,15_min_interval_stocks,Financials,WTW,8855280,0.008247122168540955
288,15_min_interval_stocks/Financials/NSTS.csv,15_min_interval_stocks,Financials,NSTS,189075,0.0001760898157954216
289,15_min_interval_stocks/Financials/CLST.csv,15_min_interval_stocks,Financials,CLST,203177,0.00018922332674264908
290,15_min_interval_stocks/Financials/MYD.csv,15_min_interval_stocks,Financials,MYD,7472393,0.006959208287298679
291,15_min_interval_stocks/Financials/LMND.csv,15_min_interval_stocks,Financials,LMND,2487533,0.002316695638000965
292,15_min_interval_stocks/Financials/JFU.csv,15_min_interval_stocks,Financials,JFU,1310698,0.0012206826359033585
293,15_min_interval_stocks/Financials/FDBC.csv,15_min_interval_stocks,Financials,FDBC,745279,0.0006940951570868492
294,15_min_interval_stocks/Financials/GSBC.csv,15_min_interval_stocks,Financials,GSBC,6298479,0.0058659156784415245
295,15_min_interval_stocks/Financials/MLECW.csv,15_min_interval_stocks,Financials,MLECW,78036,7.267668843269348e-05
296,15_min_interval_stocks/Financials/HGLB.csv,15_min_interval_stocks,Financials,HGLB,1835404,0.0017093531787395477
297,15_min_interval_stocks/Financials/MUJ.csv,15_min_interval_stocks,Financials,MUJ,6207792,0.005781456828117371
298,15_min_interval_stocks/Financials/CBNK.csv,15_min_interval_stocks,Financials,CBNK,1237079,0.0011521195992827415
299,15_min_interval_stocks/Financials/PJT.csv,15_min_interval_stocks,Financials,PJT,3598417,0.0033512869849801064
300,15_min_interval_stocks/Financials/LANV.csv,15_min_interval_stocks,Financials,LANV,397055,0.0003697862848639488
301,15_min_interval_stocks/Financials/KW.csv,15_min_interval_stocks,Financials,KW,5648477,0.005260554142296314
302,15_min_interval_stocks/Financials/PRLH.csv,15_min_interval_stocks,Financials,PRLH,92818,8.644349873065948e-05
303,15_min_interval_stocks/Financials/CLSK.csv,15_min_interval_stocks,Financials,CLSK,3343039,0.0031134476885199547
304,15_min_interval_stocks/Financials/ATLCP.csv,15_min_interval_stocks,Financials,ATLCP,500170,0.0004658196121454239
305,15_min_interval_stocks/Financials/VBFC.csv,15_min_interval_stocks,Financials,VBFC,196017,0.00018255505710840225
306,15_min_interval_stocks/Financials/CCIF.csv,15_min_interval_stocks,Financials,CCIF,456583,0.000425226055085659
307,15_min_interval_stocks/Financials/ROOT.csv,15_min_interval_stocks,Financials,ROOT,2014514,0.001876162365078926
308,15_min_interval_stocks/Financials/WTFC.csv,15_min_interval_stocks,Financials,WTFC,9481727,0.008830546401441097
309,15_min_interval_stocks/Financials/UBSI.csv,15_min_interval_stocks,Financials,UBSI,9652946,0.008990006521344185
310,15_min_interval_stocks/Financials/PHD.csv,15_min_interval_stocks,Financials,PHD,6370523,0.005933011882007122
311,15_min_interval_stocks/Financials/NMR.csv,15_min_interval_stocks,Financials,NMR,8392719,0.007816328667104244
312,15_min_interval_stocks/Financials/HYT.csv,15_min_interval_stocks,Financials,HYT,7755762,0.007223116233944893
313,15_min_interval_stocks/Financials/BTOG.csv,15_min_interval_stocks,Financials,BTOG,1688484,0.0015725232660770416
314,15_min_interval_stocks/Financials/BBDC.csv,15_min_interval_stocks,Financials,BBDC,2448808,0.0022806301712989807
315,15_min_interval_stocks/Financials/FSV.csv,15_min_interval_stocks,Financials,FSV,3407718,0.003173684701323509
316,15_min_interval_stocks/Financials/LOB.csv,15_min_interval_stocks,Financials,LOB,3632673,0.003383190371096134
317,15_min_interval_stocks/Financials/BMEZ.csv,15_min_interval_stocks,Financials,BMEZ,1958554,0.001824045553803444
318,15_min_interval_stocks/Financials/WSBF.csv,15_min_interval_stocks,Financials,WSBF,4893125,0.004557077772915363
319,15_min_interval_stocks/Financials/HONDW.csv,15_min_interval_stocks,Financials,HONDW,7345,6.84056431055069e-06
320,15_min_interval_stocks/Financials/RLI.csv,15_min_interval_stocks,Financials,RLI,9187609,0.008556627668440342
321,15_min_interval_stocks/Financials/PGYWW.csv,15_min_interval_stocks,Financials,PGYWW,257540,0.00023985281586647034
322,15_min_interval_stocks/Financials/NBTB.csv,15_min_interval_stocks,Financials,NBTB,9049585,0.008428082801401615
323,15_min_interval_stocks/Financials/CGO.csv,15_min_interval_stocks,Financials,CGO,4617231,0.0043001314625144005
324,15_min_interval_stocks/Financials/SNEX.csv,15_min_interval_stocks,Financials,SNEX,5940531,0.005532550625503063
325,15_min_interval_stocks/Financials/FNB.csv,15_min_interval_stocks,Financials,FNB,8055223,0.007502011023461819
326,15_min_interval_stocks/Financials/RDZN.csv,15_min_interval_stocks,Financials,RDZN,344283,0.0003206385299563408
327,15_min_interval_stocks/Financials/AFRM.csv,15_min_interval_stocks,Financials,AFRM,2824059,0.0026301098987460136
328,15_min_interval_stocks/Financials/FORLW.csv,15_min_interval_stocks,Financials,FORLW,29367,2.7350150048732758e-05
329,15_min_interval_stocks/Financials/BSRR.csv,15_min_interval_stocks,Financials,BSRR,5421262,0.005048943683505058
330,15_min_interval_stocks/Financials/MYFW.csv,15_min_interval_stocks,Financials,MYFW,872170,0.0008122716099023819
331,15_min_interval_stocks/Financials/WMPN.csv,15_min_interval_stocks,Financials,WMPN,689516,0.0006421618163585663
332,15_min_interval_stocks/Financials/JMSB.csv,15_min_interval_stocks,Financials,JMSB,675184,0.0006288141012191772
333,15_min_interval_stocks/Financials/VOYA.csv,15_min_interval_stocks,Financials,VOYA,2895012,0.0026961900293827057
334,15_min_interval_stocks/Financials/ML.csv,15_min_interval_stocks,Financials,ML,1705974,0.0015888120979070663
335,15_min_interval_stocks/Financials/CURB.csv,15_min_interval_stocks,Financials,CURB,71702,6.677769124507904e-05
336,15_min_interval_stocks/Financials/BOW.csv,15_min_interval_stocks,Financials,BOW,198057,0.00018445495516061783
337,15_min_interval_stocks/Financials/INDB.csv,15_min_interval_stocks,Financials,INDB,8795411,0.0081913648173213
338,15_min_interval_stocks/Financials/ISRL.csv,15_min_interval_stocks,Financials,ISRL,98715,9.193550795316696e-05
339,15_min_interval_stocks/Financials/EMO.csv,15_min_interval_stocks,Financials,EMO,4697371,0.004374767653644085
340,15_min_interval_stocks/Financials/RVT.csv,15_min_interval_stocks,Financials,RVT,8752610,0.008151503279805183
341,15_min_interval_stocks/Financials/ATCH.csv,15_min_interval_stocks,Financials,ATCH,346087,0.0003223186358809471
342,15_min_interval_stocks/Financials/HCI.csv,15_min_interval_stocks,Financials,HCI,5108108,0.004757296293973923
343,15_min_interval_stocks/Financials/ALLY.csv,15_min_interval_stocks,Financials,ALLY,5024239,0.004679187200963497
344,15_min_interval_stocks/Financials/BHFAP.csv,15_min_interval_stocks,Financials,BHFAP,1481666,0.0013799089938402176
345,15_min_interval_stocks/Financials/MMD.csv,15_min_interval_stocks,Financials,MMD,3995625,0.0037212157621979713
346,15_min_interval_stocks/Financials/WTFCP.csv,15_min_interval_stocks,Financials,WTFCP,1031847,0.0009609824046492577
347,15_min_interval_stocks/Financials/GF.csv,15_min_interval_stocks,Financials,GF,4977928,0.00463605672121048
348,15_min_interval_stocks/Financials/ONBPP.csv,15_min_interval_stocks,Financials,ONBPP,350107,0.00032606255263090134
349,15_min_interval_stocks/Financials/JLS.csv,15_min_interval_stocks,Financials,JLS,3846046,0.0035819094628095627
350,15_min_interval_stocks/Financials/RMBI.csv,15_min_interval_stocks,Financials,RMBI,936718,0.0008723866194486618
351,15_min_interval_stocks/Financials/WSFS.csv,15_min_interval_stocks,Financials,WSFS,8094025,0.0075381482020020485
352,15_min_interval_stocks/Financials/SFNC.csv,15_min_interval_stocks,Financials,SFNC,7376342,0.006869753822684288
353,15_min_interval_stocks/Financials/BNIX.csv,15_min_interval_stocks,Financials,BNIX,55881,5.2043236792087555e-05
354,15_min_interval_stocks/Financials/TPG.csv,15_min_interval_stocks,Financials,TPG,1184629,0.0011032717302441597
355,15_min_interval_stocks/Financials/RY.csv,15_min_interval_stocks,Financials,RY,9748928,0.009079396724700928
356,15_min_interval_stocks/Financials/DMF.csv,15_min_interval_stocks,Financials,DMF,5581747,0.005198406986892223
357,15_min_interval_stocks/Financials/SKWD.csv,15_min_interval_stocks,Financials,SKWD,705404,0.000656958669424057
358,15_min_interval_stocks/Financials/WIW.csv,15_min_interval_stocks,Financials,WIW,6962805,0.006484617479145527
359,15_min_interval_stocks/Financials/PWUPW.csv,15_min_interval_stocks,Financials,PWUPW,93040,8.665025234222412e-05
360,15_min_interval_stocks/Financials/REAX.csv,15_min_interval_stocks,Financials,REAX,1077817,0.0010037953034043312
361,15_min_interval_stocks/Financials/CTBI.csv,15_min_interval_stocks,Financials,CTBI,7510473,0.006994673050940037
362,15_min_interval_stocks/Financials/IIPR.csv,15_min_interval_stocks,Financials,IIPR,3580598,0.003334691748023033
363,15_min_interval_stocks/Financials/IQI.csv,15_min_interval_stocks,Financials,IQI,6743956,0.006280798465013504
364,15_min_interval_stocks/Financials/FVCB.csv,15_min_interval_stocks,Financials,FVCB,1150981,0.001071934588253498
365,15_min_interval_stocks/Financials/FSEA.csv,15_min_interval_stocks,Financials,FSEA,324305,0.00030203256756067276
366,15_min_interval_stocks/Financials/WDI.csv,15_min_interval_stocks,Financials,WDI,1334286,0.0012426506727933884
367,15_min_interval_stocks/Financials/CACC.csv,15_min_interval_stocks,Financials,CACC,6047768,0.005632422864437103
368,15_min_interval_stocks/Financials/FUND.csv,15_min_interval_stocks,Financials,FUND,4900936,0.004564352333545685
369,15_min_interval_stocks/Financials/PLAO.csv,15_min_interval_stocks,Financials,PLAO,87556,8.154287934303284e-05
370,15_min_interval_stocks/Financials/WSBCP.csv,15_min_interval_stocks,Financials,WSBCP,538191,0.000501229427754879
371,15_min_interval_stocks/Financials/MBWM.csv,15_min_interval_stocks,Financials,MBWM,6363756,0.005926709622144699
372,15_min_interval_stocks/Financials/DMB.csv,15_min_interval_stocks,Financials,DMB,3468587,0.0032303733751177788
373,15_min_interval_stocks/Financials/VBF.csv,15_min_interval_stocks,Financials,VBF,6290397,0.005858388729393482
374,15_min_interval_stocks/Financials/PFXNZ.csv,15_min_interval_stocks,Financials,PFXNZ,88289,8.222553879022598e-05
375,15_min_interval_stocks/Financials/FGB.csv,15_min_interval_stocks,Financials,FGB,4066263,0.0037870025262236595
376,15_min_interval_stocks/Financials/MBAVU.csv,15_min_interval_stocks,Financials,MBAVU,14582,1.3580545783042908e-05
377,15_min_interval_stocks/Financials/DFP.csv,15_min_interval_stocks,Financials,DFP,4000080,0.0037253648042678833
378,15_min_interval_stocks/Financials/AMG.csv,15_min_interval_stocks,Financials,AMG,10190666,0.00949079729616642
379,15_min_interval_stocks/Financials/KTN.csv,15_min_interval_stocks,Financials,KTN,895091,0.0008336184546351433
380,15_min_interval_stocks/Financials/FSFG.csv,15_min_interval_stocks,Financials,FSFG,895090,0.0008336175233125687
381,15_min_interval_stocks/Financials/CMA.csv,15_min_interval_stocks,Financials,CMA,10476304,0.009756818413734436
382,15_min_interval_stocks/Financials/MHLD.csv,15_min_interval_stocks,Financials,MHLD,5697114,0.005305850878357887
383,15_min_interval_stocks/Financials/BANX.csv,15_min_interval_stocks,Financials,BANX,2067376,0.0019253939390182495
384,15_min_interval_stocks/Financials/OCCIO.csv,15_min_interval_stocks,Financials,OCCIO,179961,0.00016760174185037613
385,15_min_interval_stocks/Financials/AXP.csv,15_min_interval_stocks,Financials,AXP,12617491,0.011750954203307629
386,15_min_interval_stocks/Financials/EG.csv,15_min_interval_stocks,Financials,EG,731602,0.0006813574582338333
387,15_min_interval_stocks/Financials/STEP.csv,15_min_interval_stocks,Financials,STEP,1674944,0.001559913158416748
388,15_min_interval_stocks/Financials/CCIRU.csv,15_min_interval_stocks,Financials,CCIRU,12199,1.1361204087734222e-05
389,15_min_interval_stocks/Financials/MUE.csv,15_min_interval_stocks,Financials,MUE,6335896,0.005900762975215912
390,15_min_interval_stocks/Financials/CIF.csv,15_min_interval_stocks,Financials,CIF,5641242,0.005253816023468971
391,15_min_interval_stocks/Financials/FITBI.csv,15_min_interval_stocks,Financials,FITBI,3099800,0.0028869137167930603
392,15_min_interval_stocks/Financials/OXSQ.csv,15_min_interval_stocks,Financials,OXSQ,6399363,0.0059598712250590324
393,15_min_interval_stocks/Financials/ITIC.csv,15_min_interval_stocks,Financials,ITIC,1690270,0.0015741866081953049
394,15_min_interval_stocks/Financials/MQT.csv,15_min_interval_stocks,Financials,MQT,6072995,0.005655917339026928
395,15_min_interval_stocks/Financials/DHY.csv,15_min_interval_stocks,Financials,DHY,6690020,0.006230566650629044
396,15_min_interval_stocks/Financials/CHCI.csv,15_min_interval_stocks,Financials,CHCI,3758782,0.0035006385296583176
397,15_min_interval_stocks/Financials/VIRT.csv,15_min_interval_stocks,Financials,VIRT,4003162,0.003728235140442848
398,15_min_interval_stocks/Financials/HWC.csv,15_min_interval_stocks,Financials,HWC,7094417,0.006607190705835819
399,15_min_interval_stocks/Financials/BCSF.csv,15_min_interval_stocks,Financials,BCSF,2371121,0.002208278514444828
400,15_min_interval_stocks/Financials/COHN.csv,15_min_interval_stocks,Financials,COHN,1120069,0.0010431455448269844
401,15_min_interval_stocks/Financials/CHY.csv,15_min_interval_stocks,Financials,CHY,7679130,0.0071517471224069595
402,15_min_interval_stocks/Financials/FOF.csv,15_min_interval_stocks,Financials,FOF,5670676,0.005281228572130203
403,15_min_interval_stocks/Financials/HUIZ.csv,15_min_interval_stocks,Financials,HUIZ,1007384,0.0009381994605064392
404,15_min_interval_stocks/Financials/RIV.csv,15_min_interval_stocks,Financials,RIV,2699570,0.0025141704827547073
405,15_min_interval_stocks/Financials/CWK.csv,15_min_interval_stocks,Financials,CWK,2260512,0.0021052658557891846
406,15_min_interval_stocks/Financials/BLK.csv,15_min_interval_stocks,Financials,BLK,10822748,0.010079469531774521
407,15_min_interval_stocks/Financials/KYN.csv,15_min_interval_stocks,Financials,KYN,7412634,0.006903553381562233
408,15_min_interval_stocks/Financials/EFR.csv,15_min_interval_stocks,Financials,EFR,7135888,0.006645813584327698
409,15_min_interval_stocks/Financials/FCF.csv,15_min_interval_stocks,Financials,FCF,8920556,0.008307915180921555
410,15_min_interval_stocks/Financials/BSL.csv,15_min_interval_stocks,Financials,BSL,4551742,0.004239140078425407
411,15_min_interval_stocks/Financials/TMP.csv,15_min_interval_stocks,Financials,TMP,6578178,0.006126405671238899
412,15_min_interval_stocks/Financials/BFST.csv,15_min_interval_stocks,Financials,BFST,1751331,0.0016310540959239006
413,15_min_interval_stocks/Financials/OXLCZ.csv,15_min_interval_stocks,Financials,OXLCZ,213132,0.00019849464297294617
414,15_min_interval_stocks/Financials/VGM.csv,15_min_interval_stocks,Financials,VGM,7234612,0.006737757474184036
415,15_min_interval_stocks/Financials/GREEL.csv,15_min_interval_stocks,Financials,GREEL,409292,0.00038118287920951843
416,15_min_interval_stocks/Financials/RAND.csv,15_min_interval_stocks,Financials,RAND,1097847,0.0010224496945738792
417,15_min_interval_stocks/Financials/HIPO.csv,15_min_interval_stocks,Financials,HIPO,1458879,0.0013586869463324547
418,15_min_interval_stocks/Financials/EVBN.csv,15_min_interval_stocks,Financials,EVBN,1730249,0.001611419953405857
419,15_min_interval_stocks/Financials/MCR.csv,15_min_interval_stocks,Financials,MCR,7874451,0.007333653979003429
420,15_min_interval_stocks/Financials/BRKH.csv,15_min_interval_stocks,Financials,BRKH,101330,9.437091648578644e-05
421,15_min_interval_stocks/Financials/INSI.csv,15_min_interval_stocks,Financials,INSI,4131098,0.003847384825348854
422,15_min_interval_stocks/Financials/SDHY.csv,15_min_interval_stocks,Financials,SDHY,1361674,0.001268157735466957
423,15_min_interval_stocks/Financials/PWM.csv,15_min_interval_stocks,Financials,PWM,577802,0.0005381200462579727
424,15_min_interval_stocks/Financials/RIOT.csv,15_min_interval_stocks,Financials,RIOT,4835265,0.004503191448748112
425,15_min_interval_stocks/Financials/XP.csv,15_min_interval_stocks,Financials,XP,2252709,0.00209799874573946
426,15_min_interval_stocks/Financials/ACGL.csv,15_min_interval_stocks,Financials,ACGL,9093094,0.00846860371530056
427,15_min_interval_stocks/Financials/BGX.csv,15_min_interval_stocks,Financials,BGX,4219247,0.003929479978978634
428,15_min_interval_stocks/Financials/NMCO.csv,15_min_interval_stocks,Financials,NMCO,1824245,0.0016989605501294136
429,15_min_interval_stocks/Financials/CG.csv,15_min_interval_stocks,Financials,CG,3049226,0.002839813008904457
430,15_min_interval_stocks/Financials/CIFRW.csv,15_min_interval_stocks,Financials,CIFRW,596284,0.000555332750082016
431,15_min_interval_stocks/Financials/GEGGL.csv,15_min_interval_stocks,Financials,GEGGL,125619,0.0001169918105006218
432,15_min_interval_stocks/Financials/CHW.csv,15_min_interval_stocks,Financials,CHW,6048330,0.005632946267724037
433,15_min_interval_stocks/Financials/WFC.csv,15_min_interval_stocks,Financials,WFC,14531233,0.013533265329897404
434,15_min_interval_stocks/Financials/GJO.csv,15_min_interval_stocks,Financials,GJO,462583,0.0004308139905333519
435,15_min_interval_stocks/Financials/OCCIN.csv,15_min_interval_stocks,Financials,OCCIN,130521,0.00012155715376138687
436,15_min_interval_stocks/Financials/GL.csv,15_min_interval_stocks,Financials,GL,7212655,0.006717308424413204
437,15_min_interval_stocks/Financials/GGN.csv,15_min_interval_stocks,Financials,GGN,7394491,0.006886656396090984
438,15_min_interval_stocks/Financials/BDJ.csv,15_min_interval_stocks,Financials,BDJ,7013013,0.006531377322971821
439,15_min_interval_stocks/Financials/FTIIW.csv,15_min_interval_stocks,Financials,FTIIW,9056,8.434057235717773e-06
440,15_min_interval_stocks/Financials/CORZ.csv,15_min_interval_stocks,Financials,CORZ,597193,0.0005561793223023415
441,15_min_interval_stocks/Financials/CNOBP.csv,15_min_interval_stocks,Financials,CNOBP,306180,0.0002851523458957672
442,15_min_interval_stocks/Financials/MFH.csv,15_min_interval_stocks,Financials,MFH,2105166,0.0019605886191129684
443,15_min_interval_stocks/Financials/IBCP.csv,15_min_interval_stocks,Financials,IBCP,4986472,0.004644013941287994
444,15_min_interval_stocks/Financials/FRME.csv,15_min_interval_stocks,Financials,FRME,8539465,0.007952996529638767
445,15_min_interval_stocks/Financials/BETR.csv,15_min_interval_stocks,Financials,BETR,656075,0.0006110174581408501
446,15_min_interval_stocks/Financials/GLO.csv,15_min_interval_stocks,Financials,GLO,6427378,0.005985962226986885
447,15_min_interval_stocks/Financials/OPI.csv,15_min_interval_stocks,Financials,OPI,6352219,0.00591596495360136
448,15_min_interval_stocks/Financials/VCICW.csv,15_min_interval_stocks,Financials,VCICW,4431,4.126690328121185e-06
449,15_min_interval_stocks/Financials/EQH.csv,15_min_interval_stocks,Financials,EQH,2747519,0.002558826468884945
450,15_min_interval_stocks/Financials/MHN.csv,15_min_interval_stocks,Financials,MHN,6470670,0.006026281043887138
451,15_min_interval_stocks/Financials/PFIS.csv,15_min_interval_stocks,Financials,PFIS,1564012,0.0014565996825695038
452,15_min_interval_stocks/Financials/HMST.csv,15_min_interval_stocks,Financials,HMST,4736891,0.004411573521792889
453,15_min_interval_stocks/Financials/HKD.csv,15_min_interval_stocks,Financials,HKD,1514938,0.0014108959585428238
454,15_min_interval_stocks/Financials/BHRB.csv,15_min_interval_stocks,Financials,BHRB,364574,0.00033953599631786346
455,15_min_interval_stocks/Financials/NMFC.csv,15_min_interval_stocks,Financials,NMFC,5005325,0.00466157216578722
456,15_min_interval_stocks/Financials/SLMBP.csv,15_min_interval_stocks,Financials,SLMBP,1161469,0.0010817022994160652
457,15_min_interval_stocks/Financials/KF.csv,15_min_interval_stocks,Financials,KF,5524993,0.0051455507054924965
458,15_min_interval_stocks/Financials/GODN.csv,15_min_interval_stocks,Financials,GODN,46620,4.341825842857361e-05
459,15_min_interval_stocks/Financials/HTGC.csv,15_min_interval_stocks,Financials,HTGC,7539303,0.007021523080766201
460,15_min_interval_stocks/Financials/UVE.csv,15_min_interval_stocks,Financials,UVE,6597293,0.006144207902252674
461,15_min_interval_stocks/Financials/TCBS.csv,15_min_interval_stocks,Financials,TCBS,181086,0.00016864947974681854
462,15_min_interval_stocks/Financials/NRUC.csv,15_min_interval_stocks,Financials,NRUC,1296926,0.001207856461405754
463,15_min_interval_stocks/Financials/HCVI.csv,15_min_interval_stocks,Financials,HCVI,133315,0.00012415926903486252
464,15_min_interval_stocks/Financials/GLQ.csv,15_min_interval_stocks,Financials,GLQ,5808231,0.005409336648881435
465,15_min_interval_stocks/Financials/BPYPP.csv,15_min_interval_stocks,Financials,BPYPP,1158456,0.0010788962244987488
466,15_min_interval_stocks/Financials/RSF.csv,15_min_interval_stocks,Financials,RSF,908576,0.000846177339553833
467,15_min_interval_stocks/Financials/FCBC.csv,15_min_interval_stocks,Financials,FCBC,6513800,0.006066448986530304
468,15_min_interval_stocks/Financials/ERH.csv,15_min_interval_stocks,Financials,ERH,5009336,0.004665307700634003
469,15_min_interval_stocks/Financials/IVCPW.csv,15_min_interval_stocks,Financials,IVCPW,51144,4.763156175613403e-05
470,15_min_interval_stocks/Financials/AVK.csv,15_min_interval_stocks,Financials,AVK,7353505,0.006848485209047794
471,15_min_interval_stocks/Financials/FUNC.csv,15_min_interval_stocks,Financials,FUNC,2760012,0.002570461481809616
472,15_min_interval_stocks/Financials/RILYM.csv,15_min_interval_stocks,Financials,RILYM,896507,0.0008349372074007988
473,15_min_interval_stocks/Financials/FCCO.csv,15_min_interval_stocks,Financials,FCCO,1721940,0.001603681594133377
474,15_min_interval_stocks/Financials/TSI.csv,15_min_interval_stocks,Financials,TSI,5515281,0.005136505700647831
475,15_min_interval_stocks/Financials/EFC.csv,15_min_interval_stocks,Financials,EFC,5478824,0.0051025524735450745
476,15_min_interval_stocks/Financials/GLRE.csv,15_min_interval_stocks,Financials,GLRE,5707910,0.005315905436873436
477,15_min_interval_stocks/Financials/GCV.csv,15_min_interval_stocks,Financials,GCV,4417871,0.004114462994039059
478,15_min_interval_stocks/Financials/BHK.csv,15_min_interval_stocks,Financials,BHK,7689648,0.007161542773246765
479,15_min_interval_stocks/Financials/GGT.csv,15_min_interval_stocks,Financials,GGT,6278649,0.0058474475517869
480,15_min_interval_stocks/Financials/OBDC.csv,15_min_interval_stocks,Financials,OBDC,871707,0.0008118404075503349
481,15_min_interval_stocks/Financials/ETG.csv,15_min_interval_stocks,Financials,ETG,7599225,0.00707732979208231
482,15_min_interval_stocks/Financials/MSD.csv,15_min_interval_stocks,Financials,MSD,7033381,0.006550346501171589
483,15_min_interval_stocks/Financials/SF.csv,15_min_interval_stocks,Financials,SF,8231044,0.007665757089853287
484,15_min_interval_stocks/Financials/VGI.csv,15_min_interval_stocks,Financials,VGI,3592298,0.0033455882221460342
485,15_min_interval_stocks/Financials/DSM.csv,15_min_interval_stocks,Financials,DSM,7211106,0.006715865805745125
486,15_min_interval_stocks/Financials/SIMAW.csv,15_min_interval_stocks,Financials,SIMAW,8787,8.18353146314621e-06
487,15_min_interval_stocks/Financials/NCV.csv,15_min_interval_stocks,Financials,NCV,7752121,0.007219725288450718
488,15_min_interval_stocks/Financials/SKYH.csv,15_min_interval_stocks,Financials,SKYH,693301,0.0006456868723034859
489,15_min_interval_stocks/Financials/MSSAR.csv,15_min_interval_stocks,Financials,MSSAR,28078,2.6149675250053406e-05
490,15_min_interval_stocks/Financials/GLV.csv,15_min_interval_stocks,Financials,GLV,4821938,0.004490779712796211
491,15_min_interval_stocks/Financials/HWBK.csv,15_min_interval_stocks,Financials,HWBK,1229817,0.001145356334745884
492,15_min_interval_stocks/Financials/FFIN.csv,15_min_interval_stocks,Financials,FFIN,8371646,0.007796702906489372
493,15_min_interval_stocks/Financials/PNNT.csv,15_min_interval_stocks,Financials,PNNT,6699533,0.006239426322281361
494,15_min_interval_stocks/Financials/CLM.csv,15_min_interval_stocks,Financials,CLM,7996763,0.007447565905749798
495,15_min_interval_stocks/Financials/EVN.csv,15_min_interval_stocks,Financials,EVN,6400907,0.005961309187114239
496,15_min_interval_stocks/Financials/HTBI.csv,15_min_interval_stocks,Financials,HTBI,3881675,0.0036150915548205376
497,15_min_interval_stocks/Financials/FFNW.csv,15_min_interval_stocks,Financials,FFNW,3849294,0.0035849343985319138
498,15_min_interval_stocks/Financials/TBBK.csv,15_min_interval_stocks,Financials,TBBK,6363228,0.005926217883825302
499,15_min_interval_stocks/Financials/GJT.csv,15_min_interval_stocks,Financials,GJT,415567,0.00038702692836523056
500,15_min_interval_stocks/Financials/RNST.csv,15_min_interval_stocks,Financials,RNST,7253685,0.006755520589649677
501,15_min_interval_stocks/Financials/HYI.csv,15_min_interval_stocks,Financials,HYI,4576918,0.004262587055563927
502,15_min_interval_stocks/Financials/PNBK.csv,15_min_interval_stocks,Financials,PNBK,988330,0.0009204540401697159
503,15_min_interval_stocks/Financials/VLYPO.csv,15_min_interval_stocks,Financials,VLYPO,944366,0.000879509374499321
504,15_min_interval_stocks/Financials/OVLY.csv,15_min_interval_stocks,Financials,OVLY,1154297,0.001075022853910923
505,15_min_interval_stocks/Financials/CVBF.csv,15_min_interval_stocks,Financials,CVBF,8825972,0.008219826966524124
506,15_min_interval_stocks/Financials/ICE.csv,15_min_interval_stocks,Financials,ICE,8441076,0.007861364632844925
507,15_min_interval_stocks/Financials/BCOW.csv,15_min_interval_stocks,Financials,BCOW,324443,0.0003021610900759697
508,15_min_interval_stocks/Financials/BMTX.csv,15_min_interval_stocks,Financials,BMTX,1181363,0.0011002300307154655
509,15_min_interval_stocks/Financials/CHCO.csv,15_min_interval_stocks,Financials,CHCO,8450049,0.00786972139030695
510,15_min_interval_stocks/Financials/VMCA.csv,15_min_interval_stocks,Financials,VMCA,62793,5.848053842782974e-05
511,15_min_interval_stocks/Financials/RVSB.csv,15_min_interval_stocks,Financials,RVSB,3732531,0.0034761903807520866
512,15_min_interval_stocks/Financials/CIB.csv,15_min_interval_stocks,Financials,CIB,8379112,0.007803656160831451
513,15_min_interval_stocks/Financials/FNLC.csv,15_min_interval_stocks,Financials,FNLC,3412254,0.003177909180521965
514,15_min_interval_stocks/Financials/LSAK.csv,15_min_interval_stocks,Financials,LSAK,5281364,0.004918653517961502
515,15_min_interval_stocks/Financials/ATLO.csv,15_min_interval_stocks,Financials,ATLO,3146217,0.002930142916738987
516,15_min_interval_stocks/Financials/MYN.csv,15_min_interval_stocks,Financials,MYN,6731560,0.0062692537903785706
517,15_min_interval_stocks/Financials/WF.csv,15_min_interval_stocks,Financials,WF,4161890,0.003876062110066414
518,15_min_interval_stocks/Financials/FTHM.csv,15_min_interval_stocks,Financials,FTHM,1071572,0.0009979791939258575
519,15_min_interval_stocks/Financials/HBAN.csv,15_min_interval_stocks,Financials,HBAN,11449655,0.010663322173058987
520,15_min_interval_stocks/Financials/UBS.csv,15_min_interval_stocks,Financials,UBS,10782006,0.010041525587439537
521,15_min_interval_stocks/Financials/HNNAZ.csv,15_min_interval_stocks,Financials,HNNAZ,76584,7.13244080543518e-05
522,15_min_interval_stocks/Financials/MOFG.csv,15_min_interval_stocks,Financials,MOFG,3347870,0.003117946907877922
523,15_min_interval_stocks/Financials/CHN.csv,15_min_interval_stocks,Financials,CHN,6252459,0.00582305621355772
524,15_min_interval_stocks/Financials/VAC.csv,15_min_interval_stocks,Financials,VAC,3014273,0.0028072604909539223
525,15_min_interval_stocks/Financials/GAINN.csv,15_min_interval_stocks,Financials,GAINN,300903,0.00028023775666952133
526,15_min_interval_stocks/Financials/CUBB.csv,15_min_interval_stocks,Financials,CUBB,378251,0.00035227369517087936
527,15_min_interval_stocks/Financials/PFBC.csv,15_min_interval_stocks,Financials,PFBC,6061446,0.005645161494612694
528,15_min_interval_stocks/Financials/UTF.csv,15_min_interval_stocks,Financials,UTF,7684136,0.007156409323215485
529,15_min_interval_stocks/Financials/HLI.csv,15_min_interval_stocks,Financials,HLI,3699878,0.0034457799047231674
530,15_min_interval_stocks/Financials/PCF.csv,15_min_interval_stocks,Financials,PCF,6031735,0.005617490969598293
531,15_min_interval_stocks/Financials/EVGRU.csv,15_min_interval_stocks,Financials,EVGRU,10247,9.543262422084808e-06
532,15_min_interval_stocks/Financials/OACCU.csv,15_min_interval_stocks,Financials,OACCU,14021,1.3058073818683624e-05
533,15_min_interval_stocks/Financials/CORZZ.csv,15_min_interval_stocks,Financials,CORZZ,286797,0.0002671005204319954
534,15_min_interval_stocks/Financials/KFS.csv,15_min_interval_stocks,Financials,KFS,3973128,0.003700263798236847
535,15_min_interval_stocks/Financials/STEL.csv,15_min_interval_stocks,Financials,STEL,2428631,0.002261838875710964
536,15_min_interval_stocks/Financials/JHG.csv,15_min_interval_stocks,Financials,JHG,3070660,0.0028597749769687653
537,15_min_interval_stocks/Financials/VLY.csv,15_min_interval_stocks,Financials,VLY,9279205,0.008641933090984821
538,15_min_interval_stocks/Financials/COIN.csv,15_min_interval_stocks,Financials,COIN,2931183,0.002729876898229122
539,15_min_interval_stocks/Financials/CNA.csv,15_min_interval_stocks,Financials,CNA,9598964,0.008939731866121292
540,15_min_interval_stocks/Financials/RQI.csv,15_min_interval_stocks,Financials,RQI,8224568,0.007659725844860077
541,15_min_interval_stocks/Financials/MRBK.csv,15_min_interval_stocks,Financials,MRBK,937743,0.0008733412250876427
542,15_min_interval_stocks/Financials/ACGLO.csv,15_min_interval_stocks,Financials,ACGLO,1854166,0.0017268266528844833
543,15_min_interval_stocks/Financials/BLX.csv,15_min_interval_stocks,Financials,BLX,8527693,0.007942033000290394
544,15_min_interval_stocks/Financials/CCB.csv,15_min_interval_stocks,Financials,CCB,1446928,0.001347556710243225
545,15_min_interval_stocks/Financials/JRS.csv,15_min_interval_stocks,Financials,JRS,7300907,0.006799499504268169
546,15_min_interval_stocks/Financials/RILYP.csv,15_min_interval_stocks,Financials,RILYP,723778,0.0006740707904100418
547,15_min_interval_stocks/Financials/ZIONP.csv,15_min_interval_stocks,Financials,ZIONP,357868,0.00033329054713249207
548,15_min_interval_stocks/Financials/BFIN.csv,15_min_interval_stocks,Financials,BFIN,5301561,0.004937463440001011
549,15_min_interval_stocks/Financials/FSBW.csv,15_min_interval_stocks,Financials,FSBW,1717890,0.0015999097377061844
550,15_min_interval_stocks/Financials/KACL.csv,15_min_interval_stocks,Financials,KACL,46984,4.375725984573364e-05
551,15_min_interval_stocks/Financials/LARK.csv,15_min_interval_stocks,Financials,LARK,1052915,0.0009806035086512566
552,15_min_interval_stocks/Financials/NMZ.csv,15_min_interval_stocks,Financials,NMZ,6518680,0.0060709938406944275
553,15_min_interval_stocks/Financials/BFK.csv,15_min_interval_stocks,Financials,BFK,7187684,0.006694052368402481
554,15_min_interval_stocks/Financials/SPXX.csv,15_min_interval_stocks,Financials,SPXX,5337720,0.004971139132976532
555,15_min_interval_stocks/Financials/VTMX.csv,15_min_interval_stocks,Financials,VTMX,574048,0.0005346238613128662
556,15_min_interval_stocks/Financials/BUI.csv,15_min_interval_stocks,Financials,BUI,4276271,0.003982587717473507
557,15_min_interval_stocks/Financials/NAVI.csv,15_min_interval_stocks,Financials,NAVI,4333627,0.004036004655063152
558,15_min_interval_stocks/Financials/EEFT.csv,15_min_interval_stocks,Financials,EEFT,8331610,0.007759416475892067
559,15_min_interval_stocks/Financials/COF.csv,15_min_interval_stocks,Financials,COF,11438656,0.010653078556060791
560,15_min_interval_stocks/Financials/CIGI.csv,15_min_interval_stocks,Financials,CIGI,5787526,0.005390053614974022
561,15_min_interval_stocks/Financials/MBI.csv,15_min_interval_stocks,Financials,MBI,10000079,0.00931329932063818
562,15_min_interval_stocks/Financials/IBKR.csv,15_min_interval_stocks,Financials,IBKR,7584079,0.007063223980367184
563,15_min_interval_stocks/Financials/HBT.csv,15_min_interval_stocks,Financials,HBT,1253276,0.0011672042310237885
564,15_min_interval_stocks/Financials/TWFG.csv,15_min_interval_stocks,Financials,TWFG,131741,0.00012269336730241776
565,15_min_interval_stocks/Financials/WRLD.csv,15_min_interval_stocks,Financials,WRLD,7521687,0.007005116902291775
566,15_min_interval_stocks/Financials/LSBK.csv,15_min_interval_stocks,Financials,LSBK,485123,0.0004518060013651848
567,15_min_interval_stocks/Financials/FHB.csv,15_min_interval_stocks,Financials,FHB,3312976,0.0030854493379592896
568,15_min_interval_stocks/Financials/MC.csv,15_min_interval_stocks,Financials,MC,4227646,0.003937302157282829
569,15_min_interval_stocks/Financials/ABCB.csv,15_min_interval_stocks,Financials,ABCB,7803300,0.0072673894464969635
570,15_min_interval_stocks/Financials/RMAX.csv,15_min_interval_stocks,Financials,RMAX,4234552,0.003943733870983124
571,15_min_interval_stocks/Financials/EXPI.csv,15_min_interval_stocks,Financials,EXPI,3321702,0.003093576058745384
572,15_min_interval_stocks/Financials/CNO.csv,15_min_interval_stocks,Financials,CNO,8503653,0.007919644005596638
573,15_min_interval_stocks/Financials/ABLLL.csv,15_min_interval_stocks,Financials,ABLLL,79503,7.404293864965439e-05
574,15_min_interval_stocks/Financials/MXF.csv,15_min_interval_stocks,Financials,MXF,6448907,0.006006012670695782
575,15_min_interval_stocks/Financials/NTRS.csv,15_min_interval_stocks,Financials,NTRS,10655792,0.009923979640007019
576,15_min_interval_stocks/Financials/TPZ.csv,15_min_interval_stocks,Financials,TPZ,3681398,0.0034285690635442734
577,15_min_interval_stocks/Financials/AIO.csv,15_min_interval_stocks,Financials,AIO,1975971,0.0018402663990855217
578,15_min_interval_stocks/Financials/FRGE.csv,15_min_interval_stocks,Financials,FRGE,1314381,0.0012241126969456673
579,15_min_interval_stocks/Financials/CAC.csv,15_min_interval_stocks,Financials,CAC,5757876,0.005362439900636673
580,15_min_interval_stocks/Financials/BFAC.csv,15_min_interval_stocks,Financials,BFAC,149331,0.00013907533138990402
581,15_min_interval_stocks/Financials/GBCI.csv,15_min_interval_stocks,Financials,GBCI,9200332,0.008568476885557175
582,15_min_interval_stocks/Financials/WHG.csv,15_min_interval_stocks,Financials,WHG,4602611,0.004286515526473522
583,15_min_interval_stocks/Financials/HCXY.csv,15_min_interval_stocks,Financials,HCXY,411871,0.00038358476012945175
584,15_min_interval_stocks/Financials/ORI.csv,15_min_interval_stocks,Financials,ORI,9688949,0.009023536927998066
585,15_min_interval_stocks/Financials/TIPT.csv,15_min_interval_stocks,Financials,TIPT,2947968,0.002745509147644043
586,15_min_interval_stocks/Financials/GBBK.csv,15_min_interval_stocks,Financials,GBBK,78237,7.286388427019119e-05
587,15_min_interval_stocks/Financials/ORRF.csv,15_min_interval_stocks,Financials,ORRF,3184228,0.002965543419122696
588,15_min_interval_stocks/Financials/IVCB.csv,15_min_interval_stocks,Financials,IVCB,113775,0.00010596122592687607
589,15_min_interval_stocks/Financials/TURN.csv,15_min_interval_stocks,Financials,TURN,4119786,0.0038368497043848038
590,15_min_interval_stocks/Financials/DHIL.csv,15_min_interval_stocks,Financials,DHIL,3294695,0.003068423829972744
591,15_min_interval_stocks/Financials/CMPO.csv,15_min_interval_stocks,Financials,CMPO,1258843,0.0011723889037966728
592,15_min_interval_stocks/Financials/ESGRP.csv,15_min_interval_stocks,Financials,ESGRP,1547675,0.0014413846656680107
593,15_min_interval_stocks/Financials/CNF.csv,15_min_interval_stocks,Financials,CNF,899801,0.0008380049839615822
594,15_min_interval_stocks/Financials/JLL.csv,15_min_interval_stocks,Financials,JLL,9512971,0.008859644643962383
595,15_min_interval_stocks/Financials/SLQT.csv,15_min_interval_stocks,Financials,SLQT,1896734,0.001766471192240715
596,15_min_interval_stocks/Financials/EMCG.csv,15_min_interval_stocks,Financials,EMCG,71372,6.647035479545593e-05
597,15_min_interval_stocks/Financials/FSK.csv,15_min_interval_stocks,Financials,FSK,4615329,0.004298360086977482
598,15_min_interval_stocks/Financials/GECC.csv,15_min_interval_stocks,Financials,GECC,2116803,0.0019714264199137688
599,15_min_interval_stocks/Financials/MCBS.csv,15_min_interval_stocks,Financials,MCBS,1250517,0.0011646347120404243
600,15_min_interval_stocks/Financials/ING.csv,15_min_interval_stocks,Financials,ING,11380509,0.010598924942314625
601,15_min_interval_stocks/Financials/RILYT.csv,15_min_interval_stocks,Financials,RILYT,832427,0.0007752580568194389
602,15_min_interval_stocks/Financials/OCSL.csv,15_min_interval_stocks,Financials,OCSL,6460076,0.006016414612531662
603,15_min_interval_stocks/Financials/BUSE.csv,15_min_interval_stocks,Financials,BUSE,7884950,0.007343431934714317
604,15_min_interval_stocks/Financials/HRTG.csv,15_min_interval_stocks,Financials,HRTG,3912954,0.003644222393631935
605,15_min_interval_stocks/Financials/JNVR.csv,15_min_interval_stocks,Financials,JNVR,303220,0.0002823956310749054
606,15_min_interval_stocks/Financials/NAD.csv,15_min_interval_stocks,Financials,NAD,7707490,0.0071781594306230545
607,15_min_interval_stocks/Financials/LDP.csv,15_min_interval_stocks,Financials,LDP,4377462,0.004076829180121422
608,15_min_interval_stocks/Financials/APO.csv,15_min_interval_stocks,Financials,APO,5770810,0.00537448562681675
609,15_min_interval_stocks/Financials/PEBK.csv,15_min_interval_stocks,Financials,PEBK,1438938,0.0013401154428720474
610,15_min_interval_stocks/Financials/GATE.csv,15_min_interval_stocks,Financials,GATE,66701,6.212014704942703e-05
611,15_min_interval_stocks/Financials/RILYZ.csv,15_min_interval_stocks,Financials,RILYZ,1582510,0.001473827287554741
612,15_min_interval_stocks/Financials/BST.csv,15_min_interval_stocks,Financials,BST,4037249,0.003759981133043766
613,15_min_interval_stocks/Financials/PHK.csv,15_min_interval_stocks,Financials,PHK,8143332,0.007584068924188614
614,15_min_interval_stocks/Financials/ISPO.csv,15_min_interval_stocks,Financials,ISPO,916181,0.0008532600477337837
615,15_min_interval_stocks/Financials/FOXO.csv,15_min_interval_stocks,Financials,FOXO,1236849,0.00115190539509058
616,15_min_interval_stocks/Financials/HSBC.csv,15_min_interval_stocks,Financials,HSBC,12686526,0.011815248057246208
617,15_min_interval_stocks/Financials/SOS.csv,15_min_interval_stocks,Financials,SOS,3462676,0.0032248683273792267
618,15_min_interval_stocks/Financials/ATLCL.csv,15_min_interval_stocks,Financials,ATLCL,329049,0.0003064507618546486
619,15_min_interval_stocks/Financials/TDF.csv,15_min_interval_stocks,Financials,TDF,7841282,0.007302762940526009
620,15_min_interval_stocks/Financials/NMT.csv,15_min_interval_stocks,Financials,NMT,2420934,0.002254670485854149
621,15_min_interval_stocks/Financials/MGRD.csv,15_min_interval_stocks,Financials,MGRD,616868,0.000574503093957901
622,15_min_interval_stocks/Financials/RJF.csv,15_min_interval_stocks,Financials,RJF,9938477,0.009255927987396717
623,15_min_interval_stocks/Financials/TEAF.csv,15_min_interval_stocks,Financials,TEAF,1642893,0.0015300633385777473
624,15_min_interval_stocks/Financials/UFCS.csv,15_min_interval_stocks,Financials,UFCS,8267944,0.007700122892856598
625,15_min_interval_stocks/Financials/UE.csv,15_min_interval_stocks,Financials,UE,3906699,0.0036383969709277153
626,15_min_interval_stocks/Financials/UBFO.csv,15_min_interval_stocks,Financials,UBFO,2986607,0.0027814945206046104
627,15_min_interval_stocks/Financials/CEV.csv,15_min_interval_stocks,Financials,CEV,4019140,0.0037431158125400543
628,15_min_interval_stocks/Financials/QETA.csv,15_min_interval_stocks,Financials,QETA,33140,3.086403012275696e-05
629,15_min_interval_stocks/Financials/DAVEW.csv,15_min_interval_stocks,Financials,DAVEW,328452,0.00030589476227760315
630,15_min_interval_stocks/Financials/GNT.csv,15_min_interval_stocks,Financials,GNT,4220331,0.003930489532649517
631,15_min_interval_stocks/Financials/AB.csv,15_min_interval_stocks,Financials,AB,7528743,0.0070116883143782616
632,15_min_interval_stocks/Financials/ABLLW.csv,15_min_interval_stocks,Financials,ABLLW,199337,0.00018564704805612564
633,15_min_interval_stocks/Financials/CM.csv,15_min_interval_stocks,Financials,CM,7375602,0.006869064643979073
634,15_min_interval_stocks/Financials/SPGI.csv,15_min_interval_stocks,Financials,SPGI,7832017,0.007294134236872196
635,15_min_interval_stocks/Financials/MMI.csv,15_min_interval_stocks,Financials,MMI,4209128,0.0039200559258461
636,15_min_interval_stocks/Financials/WSBC.csv,15_min_interval_stocks,Financials,WSBC,8814652,0.008209284394979477
637,15_min_interval_stocks/Financials/BTBT.csv,15_min_interval_stocks,Financials,BTBT,2855779,0.0026596514508128166
638,15_min_interval_stocks/Financials/ONIT.csv,15_min_interval_stocks,Financials,ONIT,105480,9.823590517044067e-05
639,15_min_interval_stocks/Financials/AFGC.csv,15_min_interval_stocks,Financials,AFGC,816701,0.0007606120780110359
640,15_min_interval_stocks/Financials/OXLCP.csv,15_min_interval_stocks,Financials,OXLCP,535232,0.0004984736442565918
641,15_min_interval_stocks/Financials/LPLA.csv,15_min_interval_stocks,Financials,LPLA,5783219,0.005386042408645153
642,15_min_interval_stocks/Financials/PRE.csv,15_min_interval_stocks,Financials,PRE,566585,0.0005276734009385109
643,15_min_interval_stocks/Financials/GTY.csv,15_min_interval_stocks,Financials,GTY,8911000,0.008299015462398529
644,15_min_interval_stocks/Financials/IGI.csv,15_min_interval_stocks,Financials,IGI,4371279,0.004071070812642574
645,15_min_interval_stocks/Financials/MPV.csv,15_min_interval_stocks,Financials,MPV,3254752,0.003031224012374878
646,15_min_interval_stocks/Financials/GNW.csv,15_min_interval_stocks,Financials,GNW,8296796,0.007726993411779404
647,15_min_interval_stocks/Financials/LCNB.csv,15_min_interval_stocks,Financials,LCNB,2512880,0.0023403018712997437
648,15_min_interval_stocks/Financials/CBRE.csv,15_min_interval_stocks,Financials,CBRE,2514802,0.0023420918732881546
649,15_min_interval_stocks/Financials/AFG.csv,15_min_interval_stocks,Financials,AFG,9747479,0.00907804723829031
650,15_min_interval_stocks/Financials/CPSS.csv,15_min_interval_stocks,Financials,CPSS,4488547,0.004180285148322582
651,15_min_interval_stocks/Financials/GAB.csv,15_min_interval_stocks,Financials,GAB,8972803,0.00835657399147749
652,15_min_interval_stocks/Financials/ALL.csv,15_min_interval_stocks,Financials,ALL,10725909,0.009989281184971333
653,15_min_interval_stocks/Financials/BANF.csv,15_min_interval_stocks,Financials,BANF,6758224,0.006294086575508118
654,15_min_interval_stocks/Financials/CUBI.csv,15_min_interval_stocks,Financials,CUBI,4045795,0.00376794021576643
655,15_min_interval_stocks/Financials/AMP.csv,15_min_interval_stocks,Financials,AMP,8141636,0.007582489401102066
656,15_min_interval_stocks/Financials/VALU.csv,15_min_interval_stocks,Financials,VALU,2360239,0.0021981438621878624
657,15_min_interval_stocks/Financials/BSVN.csv,15_min_interval_stocks,Financials,BSVN,934968,0.0008707568049430847
658,15_min_interval_stocks/Financials/BCG.csv,15_min_interval_stocks,Financials,BCG,136488,0.00012711435556411743
659,15_min_interval_stocks/Financials/PKBK.csv,15_min_interval_stocks,Financials,PKBK,2281900,0.0021251849830150604
660,15_min_interval_stocks/Financials/IAE.csv,15_min_interval_stocks,Financials,IAE,5007746,0.004663826897740364
661,15_min_interval_stocks/Financials/ARCC.csv,15_min_interval_stocks,Financials,ARCC,8740855,0.008140555582940578
662,15_min_interval_stocks/Financials/RNP.csv,15_min_interval_stocks,Financials,RNP,7788986,0.0072540584951639175
663,15_min_interval_stocks/Financials/L.csv,15_min_interval_stocks,Financials,L,6768056,0.006303243339061737
664,15_min_interval_stocks/Financials/ALDFU.csv,15_min_interval_stocks,Financials,ALDFU,10375,9.66247171163559e-06
665,15_min_interval_stocks/Financials/SBT.csv,15_min_interval_stocks,Financials,SBT,1702892,0.0015859417617321014
666,15_min_interval_stocks/Financials/FMN.csv,15_min_interval_stocks,Financials,FMN,4098919,0.0038174157962203026
667,15_min_interval_stocks/Financials/LRFC.csv,15_min_interval_stocks,Financials,LRFC,2961306,0.0027579311281442642
668,15_min_interval_stocks/Financials/MAIN.csv,15_min_interval_stocks,Financials,MAIN,6918573,0.006443423219025135
669,15_min_interval_stocks/Financials/WAFD.csv,15_min_interval_stocks,Financials,WAFD,9910862,0.00923020951449871
670,15_min_interval_stocks/Financials/IX.csv,15_min_interval_stocks,Financials,IX,6348799,0.005912779830396175
671,15_min_interval_stocks/Financials/FOR.csv,15_min_interval_stocks,Financials,FOR,5633453,0.005246561951935291
672,15_min_interval_stocks/Financials/GGZ.csv,15_min_interval_stocks,Financials,GGZ,2103342,0.00195888988673687
673,15_min_interval_stocks/Financials/EWBC.csv,15_min_interval_stocks,Financials,EWBC,9973046,0.0092881228774786
674,15_min_interval_stocks/Financials/JPM.csv,15_min_interval_stocks,Financials,JPM,15515789,0.01445020455867052
675,15_min_interval_stocks/Financials/STC.csv,15_min_interval_stocks,Financials,STC,9193076,0.008561719208955765
676,15_min_interval_stocks/Financials/TRNO.csv,15_min_interval_stocks,Financials,TRNO,5407232,0.005035877227783203
677,15_min_interval_stocks/Financials/PNFP.csv,15_min_interval_stocks,Financials,PNFP,7941180,0.007395800203084946
678,15_min_interval_stocks/Financials/AOD.csv,15_min_interval_stocks,Financials,AOD,6490256,0.006044521927833557
679,15_min_interval_stocks/Financials/ZTR.csv,15_min_interval_stocks,Financials,ZTR,8344005,0.007770960219204426
680,15_min_interval_stocks/Financials/ATMVR.csv,15_min_interval_stocks,Financials,ATMVR,38356,3.5721808671951294e-05
681,15_min_interval_stocks/Financials/HIVE.csv,15_min_interval_stocks,Financials,HIVE,1977254,0.0018414612859487534
682,15_min_interval_stocks/Financials/STBA.csv,15_min_interval_stocks,Financials,STBA,8814242,0.008208902552723885
683,15_min_interval_stocks/Financials/BPYPO.csv,15_min_interval_stocks,Financials,BPYPO,1040823,0.0009693419560790062
684,15_min_interval_stocks/Financials/CFR.csv,15_min_interval_stocks,Financials,CFR,9981562,0.009296054020524025
685,15_min_interval_stocks/Financials/CZNC.csv,15_min_interval_stocks,Financials,CZNC,4225667,0.003935459069907665
686,15_min_interval_stocks/Financials/FLG.csv,15_min_interval_stocks,Financials,FLG,68931,6.419699639081955e-05
687,15_min_interval_stocks/Financials/PFS.csv,15_min_interval_stocks,Financials,PFS,8360690,0.007786499336361885
688,15_min_interval_stocks/Financials/TFC.csv,15_min_interval_stocks,Financials,TFC,7150521,0.006659441627562046
689,15_min_interval_stocks/Financials/BNY.csv,15_min_interval_stocks,Financials,BNY,4732226,0.0044072289019823074
690,15_min_interval_stocks/Financials/NRO.csv,15_min_interval_stocks,Financials,NRO,7104617,0.006616690196096897
691,15_min_interval_stocks/Financials/BAP.csv,15_min_interval_stocks,Financials,BAP,8644078,0.008050424978137016
692,15_min_interval_stocks/Financials/AIZN.csv,15_min_interval_stocks,Financials,AIZN,854534,0.0007958468049764633
693,15_min_interval_stocks/Financials/MGRB.csv,15_min_interval_stocks,Financials,MGRB,1000823,0.0009320890530943871
694,15_min_interval_stocks/Financials/BSAC.csv,15_min_interval_stocks,Financials,BSAC,6873474,0.006401421502232552
695,15_min_interval_stocks/Financials/PCB.csv,15_min_interval_stocks,Financials,PCB,1552736,0.0014460980892181396
696,15_min_interval_stocks/Financials/AMAL.csv,15_min_interval_stocks,Financials,AMAL,2174481,0.0020251432433724403
697,15_min_interval_stocks/Financials/FRMEP.csv,15_min_interval_stocks,Financials,FRMEP,94249,8.777622133493423e-05
698,15_min_interval_stocks/Financials/PAX.csv,15_min_interval_stocks,Financials,PAX,1537534,0.0014319401234388351
699,15_min_interval_stocks/Financials/MCI.csv,15_min_interval_stocks,Financials,MCI,3989138,0.0037151742726564407
700,15_min_interval_stocks/Financials/LKFN.csv,15_min_interval_stocks,Financials,LKFN,7247221,0.006749500520527363
701,15_min_interval_stocks/Financials/SNTG.csv,15_min_interval_stocks,Financials,SNTG,841524,0.0007837302982807159
702,15_min_interval_stocks/Financials/BOC.csv,15_min_interval_stocks,Financials,BOC,2473788,0.0023038946092128754
703,15_min_interval_stocks/Financials/BFC.csv,15_min_interval_stocks,Financials,BFC,1085612,0.0010110549628734589
704,15_min_interval_stocks/Financials/MVT.csv,15_min_interval_stocks,Financials,MVT,5868166,0.005465155467391014
705,15_min_interval_stocks/Financials/ASGI.csv,15_min_interval_stocks,Financials,ASGI,1294116,0.0012052394449710846
706,15_min_interval_stocks/Financials/RILYK.csv,15_min_interval_stocks,Financials,RILYK,656928,0.0006118118762969971
707,15_min_interval_stocks/Financials/BANC.csv,15_min_interval_stocks,Financials,BANC,5568193,0.005185783840715885
708,15_min_interval_stocks/Financials/FRBA.csv,15_min_interval_stocks,Financials,FRBA,2267485,0.0021117599681019783
709,15_min_interval_stocks/Financials/TD.csv,15_min_interval_stocks,Financials,TD,9967672,0.009283117949962616
710,15_min_interval_stocks/Financials/FCNCA.csv,15_min_interval_stocks,Financials,FCNCA,6647231,0.006190716288983822
711,15_min_interval_stocks/Financials/BKT.csv,15_min_interval_stocks,Financials,BKT,8111314,0.0075542498379945755
712,15_min_interval_stocks/Financials/CASH.csv,15_min_interval_stocks,Financials,CASH,4590352,0.004275098443031311
713,15_min_interval_stocks/Financials/CLBK.csv,15_min_interval_stocks,Financials,CLBK,2155623,0.0020075803622603416
714,15_min_interval_stocks/Financials/ETB.csv,15_min_interval_stocks,Financials,ETB,6314250,0.005880603566765785
715,15_min_interval_stocks/Financials/IDE.csv,15_min_interval_stocks,Financials,IDE,4751598,0.0044252704828977585
716,15_min_interval_stocks/Financials/CPBI.csv,15_min_interval_stocks,Financials,CPBI,105023,9.78102907538414e-05
717,15_min_interval_stocks/Financials/AWF.csv,15_min_interval_stocks,Financials,AWF,8855181,0.008247029967606068
718,15_min_interval_stocks/Financials/NEWT.csv,15_min_interval_stocks,Financials,NEWT,4986386,0.0046439338475465775
719,15_min_interval_stocks/Financials/TRIN.csv,15_min_interval_stocks,Financials,TRIN,1603802,0.0014936570078134537
720,15_min_interval_stocks/Financials/MNSBP.csv,15_min_interval_stocks,Financials,MNSBP,176474,0.00016435422003269196
721,15_min_interval_stocks/Financials/BAC.csv,15_min_interval_stocks,Financials,BAC,17371330,0.0161783117800951
722,15_min_interval_stocks/Financials/EQBK.csv,15_min_interval_stocks,Financials,EQBK,2742074,0.0025537554174661636
723,15_min_interval_stocks/Financials/WTBA.csv,15_min_interval_stocks,Financials,WTBA,5215608,0.004857413470745087
724,15_min_interval_stocks/Financials/TBMC.csv,15_min_interval_stocks,Financials,TBMC,54179,5.045812577009201e-05
725,15_min_interval_stocks/Financials/LYG.csv,15_min_interval_stocks,Financials,LYG,10182401,0.009483099915087223
726,15_min_interval_stocks/Financials/TGAA.csv,15_min_interval_stocks,Financials,TGAA,74417,6.930623203516006e-05
727,15_min_interval_stocks/Financials/CINF.csv,15_min_interval_stocks,Financials,CINF,10473116,0.009753849357366562
728,15_min_interval_stocks/Financials/SBSI.csv,15_min_interval_stocks,Financials,SBSI,7500949,0.006985803134739399
729,15_min_interval_stocks/Financials/RKT.csv,15_min_interval_stocks,Financials,RKT,2620224,0.0024402737617492676
730,15_min_interval_stocks/Financials/DPG.csv,15_min_interval_stocks,Financials,DPG,4710414,0.004386914893984795
731,15_min_interval_stocks/Financials/BXMX.csv,15_min_interval_stocks,Financials,BXMX,6246253,0.0058172764256596565
732,15_min_interval_stocks/Financials/RWAYZ.csv,15_min_interval_stocks,Financials,RWAYZ,236774,0.0002205129712820053
733,15_min_interval_stocks/Financials/CCNE.csv,15_min_interval_stocks,Financials,CCNE,4320974,0.004024220630526543
734,15_min_interval_stocks/Financials/CITEW.csv,15_min_interval_stocks,Financials,CITEW,49880,4.645437002182007e-05
735,15_min_interval_stocks/Financials/BCAL.csv,15_min_interval_stocks,Financials,BCAL,306110,0.00028508715331554413
736,15_min_interval_stocks/Financials/RILYG.csv,15_min_interval_stocks,Financials,RILYG,1045481,0.0009736800566315651
737,15_min_interval_stocks/Financials/HNNA.csv,15_min_interval_stocks,Financials,HNNA,1489876,0.0013875551521778107
738,15_min_interval_stocks/Financials/CATY.csv,15_min_interval_stocks,Financials,CATY,9210911,0.008578329347074032
739,15_min_interval_stocks/Financials/PGZ.csv,15_min_interval_stocks,Financials,PGZ,2745879,0.0025572990998625755
740,15_min_interval_stocks/Financials/PROV.csv,15_min_interval_stocks,Financials,PROV,4107968,0.003825843334197998
741,15_min_interval_stocks/Financials/ARBKL.csv,15_min_interval_stocks,Financials,ARBKL,408301,0.0003802599385380745
742,15_min_interval_stocks/Financials/AUBN.csv,15_min_interval_stocks,Financials,AUBN,1004544,0.0009355545043945312
743,15_min_interval_stocks/Financials/SAR.csv,15_min_interval_stocks,Financials,SAR,3602443,0.0033550364896655083
744,15_min_interval_stocks/Financials/AGM.csv,15_min_interval_stocks,Financials,AGM,8322715,0.007751132361590862
745,15_min_interval_stocks/Financials/PCQ.csv,15_min_interval_stocks,Financials,PCQ,5290817,0.004927457310259342
746,15_min_interval_stocks/Consumer_Discretionary/BBU.csv,15_min_interval_stocks,Consumer_Discretionary,BBU,2125649,0.0019796648994088173
747,15_min_interval_stocks/Consumer_Discretionary/PAL.csv,15_min_interval_stocks,Consumer_Discretionary,PAL,202728,0.00018880516290664673
748,15_min_interval_stocks/Consumer_Discretionary/ATIF.csv,15_min_interval_stocks,Consumer_Discretionary,ATIF,1073278,0.0009995680302381516
749,15_min_interval_stocks/Consumer_Discretionary/PET.csv,15_min_interval_stocks,Consumer_Discretionary,PET,648047,0.000603540800511837
750,15_min_interval_stocks/Consumer_Discretionary/MCRI.csv,15_min_interval_stocks,Consumer_Discretionary,MCRI,7322833,0.006819919683039188
751,15_min_interval_stocks/Consumer_Discretionary/MSCI.csv,15_min_interval_stocks,Consumer_Discretionary,MSCI,7207849,0.006712832488119602
752,15_min_interval_stocks/Consumer_Discretionary/MRT.csv,15_min_interval_stocks,Consumer_Discretionary,MRT,698341,0.0006503807380795479
753,15_min_interval_stocks/Consumer_Discretionary/LION.csv,15_min_interval_stocks,Consumer_Discretionary,LION,174145,0.0001621851697564125
754,15_min_interval_stocks/Consumer_Discretionary/AMZN.csv,15_min_interval_stocks,Consumer_Discretionary,AMZN,15696902,0.014618879184126854
755,15_min_interval_stocks/Consumer_Discretionary/HSII.csv,15_min_interval_stocks,Consumer_Discretionary,HSII,9489438,0.008837727829813957
756,15_min_interval_stocks/Consumer_Discretionary/ISDR.csv,15_min_interval_stocks,Consumer_Discretionary,ISDR,1265354,0.0011784527450799942
757,15_min_interval_stocks/Consumer_Discretionary/CVGW.csv,15_min_interval_stocks,Consumer_Discretionary,CVGW,6970193,0.006491498090326786
758,15_min_interval_stocks/Consumer_Discretionary/WKSP.csv,15_min_interval_stocks,Consumer_Discretionary,WKSP,1859609,0.0017318958416581154
759,15_min_interval_stocks/Consumer_Discretionary/KVUE.csv,15_min_interval_stocks,Consumer_Discretionary,KVUE,1039239,0.0009678667411208153
760,15_min_interval_stocks/Consumer_Discretionary/AOS.csv,15_min_interval_stocks,Consumer_Discretionary,AOS,9488025,0.008836411871016026
761,15_min_interval_stocks/Consumer_Discretionary/CREVW.csv,15_min_interval_stocks,Consumer_Discretionary,CREVW,68812,6.408616900444031e-05
762,15_min_interval_stocks/Consumer_Discretionary/IMXI.csv,15_min_interval_stocks,Consumer_Discretionary,IMXI,2124627,0.0019787130877375603
763,15_min_interval_stocks/Consumer_Discretionary/SEZL.csv,15_min_interval_stocks,Consumer_Discretionary,SEZL,477458,0.00044466741383075714
764,15_min_interval_stocks/Consumer_Discretionary/BJ.csv,15_min_interval_stocks,Consumer_Discretionary,BJ,2568045,0.0023916782811284065
765,15_min_interval_stocks/Consumer_Discretionary/NVR.csv,15_min_interval_stocks,Consumer_Discretionary,NVR,8860101,0.008251612074673176
766,15_min_interval_stocks/Consumer_Discretionary/ANGI.csv,15_min_interval_stocks,Consumer_Discretionary,ANGI,4657764,0.00433788076043129
767,15_min_interval_stocks/Consumer_Discretionary/DECK.csv,15_min_interval_stocks,Consumer_Discretionary,DECK,9175418,0.008545273914933205
768,15_min_interval_stocks/Consumer_Discretionary/F.csv,15_min_interval_stocks,Consumer_Discretionary,F,12556452,0.011694107204675674
769,15_min_interval_stocks/Consumer_Discretionary/WNS.csv,15_min_interval_stocks,Consumer_Discretionary,WNS,5466402,0.005090983584523201
770,15_min_interval_stocks/Consumer_Discretionary/AEVA.csv,15_min_interval_stocks,Consumer_Discretionary,AEVA,1883549,0.00175419170409441
771,15_min_interval_stocks/Consumer_Discretionary/FELE.csv,15_min_interval_stocks,Consumer_Discretionary,FELE,8833461,0.00822680164128542
772,15_min_interval_stocks/Consumer_Discretionary/CPHC.csv,15_min_interval_stocks,Consumer_Discretionary,CPHC,879413,0.0008190171793103218
773,15_min_interval_stocks/Consumer_Discretionary/FWRD.csv,15_min_interval_stocks,Consumer_Discretionary,FWRD,9813753,0.009139769710600376
774,15_min_interval_stocks/Consumer_Discretionary/DLTH.csv,15_min_interval_stocks,Consumer_Discretionary,DLTH,2964568,0.00276096910238266
775,15_min_interval_stocks/Consumer_Discretionary/GIFT.csv,15_min_interval_stocks,Consumer_Discretionary,GIFT,55076,5.1293522119522095e-05
776,15_min_interval_stocks/Consumer_Discretionary/BARK.csv,15_min_interval_stocks,Consumer_Discretionary,BARK,1862974,0.0017350297421216965
777,15_min_interval_stocks/Consumer_Discretionary/STLA.csv,15_min_interval_stocks,Consumer_Discretionary,STLA,7048511,0.006564437411725521
778,15_min_interval_stocks/Consumer_Discretionary/SHOO.csv,15_min_interval_stocks,Consumer_Discretionary,SHOO,9541691,0.00888639222830534
779,15_min_interval_stocks/Consumer_Discretionary/APDN.csv,15_min_interval_stocks,Consumer_Discretionary,APDN,4840682,0.004508236423134804
780,15_min_interval_stocks/Consumer_Discretionary/INUV.csv,15_min_interval_stocks,Consumer_Discretionary,INUV,4650098,0.004330741241574287
781,15_min_interval_stocks/Consumer_Discretionary/RSVR.csv,15_min_interval_stocks,Consumer_Discretionary,RSVR,980428,0.0009130947291851044
782,15_min_interval_stocks/Consumer_Discretionary/QVCD.csv,15_min_interval_stocks,Consumer_Discretionary,QVCD,1432192,0.0013338327407836914
783,15_min_interval_stocks/Consumer_Discretionary/IMPPP.csv,15_min_interval_stocks,Consumer_Discretionary,IMPPP,165653,0.00015427637845277786
784,15_min_interval_stocks/Consumer_Discretionary/CHPT.csv,15_min_interval_stocks,Consumer_Discretionary,CHPT,3142634,0.0029268059879541397
785,15_min_interval_stocks/Consumer_Discretionary/PVH.csv,15_min_interval_stocks,Consumer_Discretionary,PVH,10251868,0.009547796100378036
786,15_min_interval_stocks/Consumer_Discretionary/NUKKW.csv,15_min_interval_stocks,Consumer_Discretionary,NUKKW,47845,4.455912858247757e-05
787,15_min_interval_stocks/Consumer_Discretionary/IRBT.csv,15_min_interval_stocks,Consumer_Discretionary,IRBT,7283859,0.006783622317016125
788,15_min_interval_stocks/Consumer_Discretionary/DOGZ.csv,15_min_interval_stocks,Consumer_Discretionary,DOGZ,1565868,0.0014583282172679901
789,15_min_interval_stocks/Consumer_Discretionary/SG.csv,15_min_interval_stocks,Consumer_Discretionary,SG,1679178,0.00156385637819767
790,15_min_interval_stocks/Consumer_Discretionary/PNST.csv,15_min_interval_stocks,Consumer_Discretionary,PNST,277038,0.00025801174342632294
791,15_min_interval_stocks/Consumer_Discretionary/EHGO.csv,15_min_interval_stocks,Consumer_Discretionary,EHGO,80623,7.508601993322372e-05
792,15_min_interval_stocks/Consumer_Discretionary/SWVL.csv,15_min_interval_stocks,Consumer_Discretionary,SWVL,889406,0.0008283238857984543
793,15_min_interval_stocks/Consumer_Discretionary/NVFY.csv,15_min_interval_stocks,Consumer_Discretionary,NVFY,2519209,0.002346196211874485
794,15_min_interval_stocks/Consumer_Discretionary/WMG.csv,15_min_interval_stocks,Consumer_Discretionary,WMG,1896487,0.001766241155564785
795,15_min_interval_stocks/Consumer_Discretionary/GRPN.csv,15_min_interval_stocks,Consumer_Discretionary,GRPN,743330,0.0006922800093889236
796,15_min_interval_stocks/Consumer_Discretionary/SIG.csv,15_min_interval_stocks,Consumer_Discretionary,SIG,7871784,0.00733117014169693
797,15_min_interval_stocks/Consumer_Discretionary/BBW.csv,15_min_interval_stocks,Consumer_Discretionary,BBW,7482032,0.006968185305595398
798,15_min_interval_stocks/Consumer_Discretionary/ECL.csv,15_min_interval_stocks,Consumer_Discretionary,ECL,10590951,0.009863591752946377
799,15_min_interval_stocks/Consumer_Discretionary/ASH.csv,15_min_interval_stocks,Consumer_Discretionary,ASH,9968143,0.00928355660289526
800,15_min_interval_stocks/Consumer_Discretionary/TSCO.csv,15_min_interval_stocks,Consumer_Discretionary,TSCO,10102134,0.009408345445990562
801,15_min_interval_stocks/Consumer_Discretionary/VRA.csv,15_min_interval_stocks,Consumer_Discretionary,VRA,4823076,0.004491839557886124
802,15_min_interval_stocks/Consumer_Discretionary/STN.csv,15_min_interval_stocks,Consumer_Discretionary,STN,5008887,0.004664889536798
803,15_min_interval_stocks/Consumer_Discretionary/SRFM.csv,15_min_interval_stocks,Consumer_Discretionary,SRFM,694183,0.0006465082988142967
804,15_min_interval_stocks/Consumer_Discretionary/YYAI.csv,15_min_interval_stocks,Consumer_Discretionary,YYAI,295065,0.00027480069547891617
805,15_min_interval_stocks/Consumer_Discretionary/LIND.csv,15_min_interval_stocks,Consumer_Discretionary,LIND,3090900,0.0028786249458789825
806,15_min_interval_stocks/Consumer_Discretionary/OP.csv,15_min_interval_stocks,Consumer_Discretionary,OP,1327672,0.0012364909052848816
807,15_min_interval_stocks/Consumer_Discretionary/WYNN.csv,15_min_interval_stocks,Consumer_Discretionary,WYNN,11748901,0.01094201672822237
808,15_min_interval_stocks/Consumer_Discretionary/EEX.csv,15_min_interval_stocks,Consumer_Discretionary,EEX,2647868,0.002466019243001938
809,15_min_interval_stocks/Consumer_Discretionary/WMS.csv,15_min_interval_stocks,Consumer_Discretionary,WMS,4248020,0.003956276923418045
810,15_min_interval_stocks/Consumer_Discretionary/LI.csv,15_min_interval_stocks,Consumer_Discretionary,LI,3347518,0.0031176190823316574
811,15_min_interval_stocks/Consumer_Discretionary/R.csv,15_min_interval_stocks,Consumer_Discretionary,R,10036176,0.009346917271614075
812,15_min_interval_stocks/Consumer_Discretionary/KAR.csv,15_min_interval_stocks,Consumer_Discretionary,KAR,5653008,0.005264773964881897
813,15_min_interval_stocks/Consumer_Discretionary/HWKN.csv,15_min_interval_stocks,Consumer_Discretionary,HWKN,5602571,0.005217800848186016
814,15_min_interval_stocks/Consumer_Discretionary/SFIX.csv,15_min_interval_stocks,Consumer_Discretionary,SFIX,3179634,0.0029612649232149124
815,15_min_interval_stocks/Consumer_Discretionary/FTFT.csv,15_min_interval_stocks,Consumer_Discretionary,FTFT,4182489,0.003895246423780918
816,15_min_interval_stocks/Consumer_Discretionary/HBB.csv,15_min_interval_stocks,Consumer_Discretionary,HBB,1997427,0.0018602488562464714
817,15_min_interval_stocks/Consumer_Discretionary/MELI.csv,15_min_interval_stocks,Consumer_Discretionary,MELI,7824639,0.007287262938916683
818,15_min_interval_stocks/Consumer_Discretionary/SOBR.csv,15_min_interval_stocks,Consumer_Discretionary,SOBR,1097397,0.0010220305994153023
819,15_min_interval_stocks/Consumer_Discretionary/AXIL.csv,15_min_interval_stocks,Consumer_Discretionary,AXIL,93929,8.747819811105728e-05
820,15_min_interval_stocks/Consumer_Discretionary/WING.csv,15_min_interval_stocks,Consumer_Discretionary,WING,4182618,0.0038953665643930435
821,15_min_interval_stocks/Consumer_Discretionary/LOCO.csv,15_min_interval_stocks,Consumer_Discretionary,LOCO,4059920,0.0037810951471328735
822,15_min_interval_stocks/Consumer_Discretionary/DLX.csv,15_min_interval_stocks,Consumer_Discretionary,DLX,9803260,0.009129997342824936
823,15_min_interval_stocks/Consumer_Discretionary/GDHG.csv,15_min_interval_stocks,Consumer_Discretionary,GDHG,809169,0.0007535973563790321
824,15_min_interval_stocks/Consumer_Discretionary/REE.csv,15_min_interval_stocks,Consumer_Discretionary,REE,1267451,0.0011804057285189629
825,15_min_interval_stocks/Consumer_Discretionary/SCWO.csv,15_min_interval_stocks,Consumer_Discretionary,SCWO,984375,0.0009167706593871117
826,15_min_interval_stocks/Consumer_Discretionary/BWMX.csv,15_min_interval_stocks,Consumer_Discretionary,BWMX,1398364,0.001302327960729599
827,15_min_interval_stocks/Consumer_Discretionary/FICO.csv,15_min_interval_stocks,Consumer_Discretionary,FICO,6048937,0.005633511580526829
828,15_min_interval_stocks/Consumer_Discretionary/EXLS.csv,15_min_interval_stocks,Consumer_Discretionary,EXLS,6303554,0.005870642140507698
829,15_min_interval_stocks/Consumer_Discretionary/EVTV.csv,15_min_interval_stocks,Consumer_Discretionary,EVTV,438934,0.00040878914296627045
830,15_min_interval_stocks/Consumer_Discretionary/CAKE.csv,15_min_interval_stocks,Consumer_Discretionary,CAKE,10732818,0.009995715692639351
831,15_min_interval_stocks/Consumer_Discretionary/DIN.csv,15_min_interval_stocks,Consumer_Discretionary,DIN,6642432,0.006186246871948242
832,15_min_interval_stocks/Consumer_Discretionary/CRGO.csv,15_min_interval_stocks,Consumer_Discretionary,CRGO,347202,0.00032335706055164337
833,15_min_interval_stocks/Consumer_Discretionary/KELYA.csv,15_min_interval_stocks,Consumer_Discretionary,KELYA,9600185,0.008940869010984898
834,15_min_interval_stocks/Consumer_Discretionary/MGA.csv,15_min_interval_stocks,Consumer_Discretionary,MGA,10063613,0.0093724699690938
835,15_min_interval_stocks/Consumer_Discretionary/TPVG.csv,15_min_interval_stocks,Consumer_Discretionary,TPVG,3931872,0.0036618411540985107
836,15_min_interval_stocks/Consumer_Discretionary/EZPW.csv,15_min_interval_stocks,Consumer_Discretionary,EZPW,7548693,0.00703026819974184
837,15_min_interval_stocks/Consumer_Discretionary/NWSA.csv,15_min_interval_stocks,Consumer_Discretionary,NWSA,4789262,0.004460347816348076
838,15_min_interval_stocks/Consumer_Discretionary/VTSI.csv,15_min_interval_stocks,Consumer_Discretionary,VTSI,1510506,0.001406768336892128
839,15_min_interval_stocks/Consumer_Discretionary/SHOT.csv,15_min_interval_stocks,Consumer_Discretionary,SHOT,760406,0.0007081832736730576
840,15_min_interval_stocks/Consumer_Discretionary/NSIT.csv,15_min_interval_stocks,Consumer_Discretionary,NSIT,8739794,0.008139567449688911
841,15_min_interval_stocks/Consumer_Discretionary/CRAI.csv,15_min_interval_stocks,Consumer_Discretionary,CRAI,7850003,0.00731088500469923
842,15_min_interval_stocks/Consumer_Discretionary/HGBL.csv,15_min_interval_stocks,Consumer_Discretionary,HGBL,1392812,0.0012971572577953339
843,15_min_interval_stocks/Consumer_Discretionary/CTRN.csv,15_min_interval_stocks,Consumer_Discretionary,CTRN,7305329,0.006803617812693119
844,15_min_interval_stocks/Consumer_Discretionary/SHCO.csv,15_min_interval_stocks,Consumer_Discretionary,SHCO,1121634,0.0010446030646562576
845,15_min_interval_stocks/Consumer_Discretionary/TEN.csv,15_min_interval_stocks,Consumer_Discretionary,TEN,178296,0.00016605108976364136
846,15_min_interval_stocks/Consumer_Discretionary/XIN.csv,15_min_interval_stocks,Consumer_Discretionary,XIN,5659881,0.005271174944937229
847,15_min_interval_stocks/Consumer_Discretionary/AMCR.csv,15_min_interval_stocks,Consumer_Discretionary,AMCR,6711394,0.006250472739338875
848,15_min_interval_stocks/Consumer_Discretionary/PMAX.csv,15_min_interval_stocks,Consumer_Discretionary,PMAX,51494,4.795752465724945e-05
849,15_min_interval_stocks/Consumer_Discretionary/KMB.csv,15_min_interval_stocks,Consumer_Discretionary,KMB,10900055,0.01015146728605032
850,15_min_interval_stocks/Consumer_Discretionary/RCKY.csv,15_min_interval_stocks,Consumer_Discretionary,RCKY,6218613,0.005791534669697285
851,15_min_interval_stocks/Consumer_Discretionary/BCO.csv,15_min_interval_stocks,Consumer_Discretionary,BCO,8600304,0.008009657263755798
852,15_min_interval_stocks/Consumer_Discretionary/RDIB.csv,15_min_interval_stocks,Consumer_Discretionary,RDIB,249192,0.00023207813501358032
853,15_min_interval_stocks/Consumer_Discretionary/EDUC.csv,15_min_interval_stocks,Consumer_Discretionary,EDUC,2471077,0.002301369793713093
854,15_min_interval_stocks/Consumer_Discretionary/KTB.csv,15_min_interval_stocks,Consumer_Discretionary,KTB,2273785,0.002117627300322056
855,15_min_interval_stocks/Consumer_Discretionary/SIRI.csv,15_min_interval_stocks,Consumer_Discretionary,SIRI,14918183,0.013893640600144863
856,15_min_interval_stocks/Consumer_Discretionary/EXTO.csv,15_min_interval_stocks,Consumer_Discretionary,EXTO,389684,0.00036292150616645813
857,15_min_interval_stocks/Consumer_Discretionary/ANF.csv,15_min_interval_stocks,Consumer_Discretionary,ANF,10863626,0.010117540135979652
858,15_min_interval_stocks/Consumer_Discretionary/ZCAR.csv,15_min_interval_stocks,Consumer_Discretionary,ZCAR,538098,0.0005011428147554398
859,15_min_interval_stocks/Consumer_Discretionary/DFH.csv,15_min_interval_stocks,Consumer_Discretionary,DFH,1471307,0.0013702614232897758
860,15_min_interval_stocks/Consumer_Discretionary/MRM.csv,15_min_interval_stocks,Consumer_Discretionary,MRM,387907,0.0003612665459513664
861,15_min_interval_stocks/Consumer_Discretionary/DAKT.csv,15_min_interval_stocks,Consumer_Discretionary,DAKT,8805894,0.008201127871870995
862,15_min_interval_stocks/Consumer_Discretionary/HI.csv,15_min_interval_stocks,Consumer_Discretionary,HI,6628103,0.006172901950776577
863,15_min_interval_stocks/Consumer_Discretionary/FLXS.csv,15_min_interval_stocks,Consumer_Discretionary,FLXS,4368660,0.004068631678819656
864,15_min_interval_stocks/Consumer_Discretionary/SILO.csv,15_min_interval_stocks,Consumer_Discretionary,SILO,625696,0.0005827248096466064
865,15_min_interval_stocks/Consumer_Discretionary/CPOP.csv,15_min_interval_stocks,Consumer_Discretionary,CPOP,1009030,0.0009397324174642563
866,15_min_interval_stocks/Consumer_Discretionary/TTEK.csv,15_min_interval_stocks,Consumer_Discretionary,TTEK,9363117,0.008720082230865955
867,15_min_interval_stocks/Consumer_Discretionary/RPM.csv,15_min_interval_stocks,Consumer_Discretionary,RPM,9926587,0.009244854561984539
868,15_min_interval_stocks/Consumer_Discretionary/BZFDW.csv,15_min_interval_stocks,Consumer_Discretionary,BZFDW,345048,0.00032135099172592163
869,15_min_interval_stocks/Consumer_Discretionary/CLX.csv,15_min_interval_stocks,Consumer_Discretionary,CLX,10892657,0.010144577361643314
870,15_min_interval_stocks/Consumer_Discretionary/GENK.csv,15_min_interval_stocks,Consumer_Discretionary,GENK,408390,0.00038034282624721527
871,15_min_interval_stocks/Consumer_Discretionary/DJCO.csv,15_min_interval_stocks,Consumer_Discretionary,DJCO,753022,0.0007013063877820969
872,15_min_interval_stocks/Consumer_Discretionary/DFIN.csv,15_min_interval_stocks,Consumer_Discretionary,DFIN,2790494,0.002598850056529045
873,15_min_interval_stocks/Consumer_Discretionary/CNM.csv,15_min_interval_stocks,Consumer_Discretionary,CNM,1298473,0.0012092972174286842
874,15_min_interval_stocks/Consumer_Discretionary/REYN.csv,15_min_interval_stocks,Consumer_Discretionary,REYN,1933115,0.0018003536388278008
875,15_min_interval_stocks/Consumer_Discretionary/GRBK.csv,15_min_interval_stocks,Consumer_Discretionary,GRBK,5342779,0.004975850693881512
876,15_min_interval_stocks/Consumer_Discretionary/CENTA.csv,15_min_interval_stocks,Consumer_Discretionary,CENTA,6261655,0.005831620655953884
877,15_min_interval_stocks/Consumer_Discretionary/SATS.csv,15_min_interval_stocks,Consumer_Discretionary,SATS,6454029,0.006010782904922962
878,15_min_interval_stocks/Consumer_Discretionary/WALD.csv,15_min_interval_stocks,Consumer_Discretionary,WALD,545017,0.0005075866356492043
879,15_min_interval_stocks/Consumer_Discretionary/G.csv,15_min_interval_stocks,Consumer_Discretionary,G,6898558,0.006424782797694206
880,15_min_interval_stocks/Consumer_Discretionary/BWA.csv,15_min_interval_stocks,Consumer_Discretionary,BWA,10209314,0.00950816459953785
881,15_min_interval_stocks/Consumer_Discretionary/SBLK.csv,15_min_interval_stocks,Consumer_Discretionary,SBLK,7262186,0.0067634377628564835
882,15_min_interval_stocks/Consumer_Discretionary/NWTN.csv,15_min_interval_stocks,Consumer_Discretionary,NWTN,493590,0.00045969150960445404
883,15_min_interval_stocks/Consumer_Discretionary/IQ.csv,15_min_interval_stocks,Consumer_Discretionary,IQ,4199082,0.003910699859261513
884,15_min_interval_stocks/Consumer_Discretionary/CLIK.csv,15_min_interval_stocks,Consumer_Discretionary,CLIK,62491,5.819927901029587e-05
885,15_min_interval_stocks/Consumer_Discretionary/BLW.csv,15_min_interval_stocks,Consumer_Discretionary,BLW,7354823,0.0068497126922011375
886,15_min_interval_stocks/Consumer_Discretionary/CASY.csv,15_min_interval_stocks,Consumer_Discretionary,CASY,10241269,0.009537925012409687
887,15_min_interval_stocks/Consumer_Discretionary/SBUX.csv,15_min_interval_stocks,Consumer_Discretionary,SBUX,13920156,0.012964155524969101
888,15_min_interval_stocks/Consumer_Discretionary/FC.csv,15_min_interval_stocks,Consumer_Discretionary,FC,5793810,0.005395906046032906
889,15_min_interval_stocks/Consumer_Discretionary/CHRW.csv,15_min_interval_stocks,Consumer_Discretionary,CHRW,10497027,0.009776118211448193
890,15_min_interval_stocks/Consumer_Discretionary/RCL.csv,15_min_interval_stocks,Consumer_Discretionary,RCL,12729104,0.011854901909828186
891,15_min_interval_stocks/Consumer_Discretionary/BAERW.csv,15_min_interval_stocks,Consumer_Discretionary,BAERW,114308,0.00010645762085914612
892,15_min_interval_stocks/Consumer_Discretionary/PGHL.csv,15_min_interval_stocks,Consumer_Discretionary,PGHL,162156,0.00015101954340934753
893,15_min_interval_stocks/Consumer_Discretionary/AIRTP.csv,15_min_interval_stocks,Consumer_Discretionary,AIRTP,240606,0.00022408179938793182
894,15_min_interval_stocks/Consumer_Discretionary/NFLX.csv,15_min_interval_stocks,Consumer_Discretionary,NFLX,13373624,0.012455157935619354
895,15_min_interval_stocks/Consumer_Discretionary/PTON.csv,15_min_interval_stocks,Consumer_Discretionary,PTON,3427454,0.0031920652836561203
896,15_min_interval_stocks/Consumer_Discretionary/ECG.csv,15_min_interval_stocks,Consumer_Discretionary,ECG,39754,3.702379763126373e-05
897,15_min_interval_stocks/Consumer_Discretionary/CALX.csv,15_min_interval_stocks,Consumer_Discretionary,CALX,4961649,0.004620895721018314
898,15_min_interval_stocks/Consumer_Discretionary/MCW.csv,15_min_interval_stocks,Consumer_Discretionary,MCW,1256118,0.0011698510497808456
899,15_min_interval_stocks/Consumer_Discretionary/JCSE.csv,15_min_interval_stocks,Consumer_Discretionary,JCSE,574730,0.000535259023308754
900,15_min_interval_stocks/Consumer_Discretionary/BWLP.csv,15_min_interval_stocks,Consumer_Discretionary,BWLP,365103,0.00034002866595983505
901,15_min_interval_stocks/Consumer_Discretionary/YELP.csv,15_min_interval_stocks,Consumer_Discretionary,YELP,5083009,0.004733921028673649
902,15_min_interval_stocks/Consumer_Discretionary/AXTA.csv,15_min_interval_stocks,Consumer_Discretionary,AXTA,3655423,0.0034043779596686363
903,15_min_interval_stocks/Consumer_Discretionary/KFY.csv,15_min_interval_stocks,Consumer_Discretionary,KFY,9714389,0.009047229774296284
904,15_min_interval_stocks/Consumer_Discretionary/TOYO.csv,15_min_interval_stocks,Consumer_Discretionary,TOYO,175850,0.0001637730747461319
905,15_min_interval_stocks/Consumer_Discretionary/TISI.csv,15_min_interval_stocks,Consumer_Discretionary,TISI,5786689,0.005389274097979069
906,15_min_interval_stocks/Consumer_Discretionary/PSO.csv,15_min_interval_stocks,Consumer_Discretionary,PSO,9038972,0.008418198674917221
907,15_min_interval_stocks/Consumer_Discretionary/THRM.csv,15_min_interval_stocks,Consumer_Discretionary,THRM,6847407,0.00637714471668005
908,15_min_interval_stocks/Consumer_Discretionary/RXO.csv,15_min_interval_stocks,Consumer_Discretionary,RXO,822563,0.0007660714909434319
909,15_min_interval_stocks/Consumer_Discretionary/CLWT.csv,15_min_interval_stocks,Consumer_Discretionary,CLWT,3361110,0.003130277618765831
910,15_min_interval_stocks/Consumer_Discretionary/JFBRW.csv,15_min_interval_stocks,Consumer_Discretionary,JFBRW,56634,5.274452269077301e-05
911,15_min_interval_stocks/Consumer_Discretionary/MANU.csv,15_min_interval_stocks,Consumer_Discretionary,MANU,4596109,0.004280460067093372
912,15_min_interval_stocks/Consumer_Discretionary/ONEW.csv,15_min_interval_stocks,Consumer_Discretionary,ONEW,1598217,0.0014884555712342262
913,15_min_interval_stocks/Consumer_Discretionary/KRKR.csv,15_min_interval_stocks,Consumer_Discretionary,KRKR,1071552,0.0009979605674743652
914,15_min_interval_stocks/Consumer_Discretionary/STCN.csv,15_min_interval_stocks,Consumer_Discretionary,STCN,4397430,0.004095425829291344
915,15_min_interval_stocks/Consumer_Discretionary/ACU.csv,15_min_interval_stocks,Consumer_Discretionary,ACU,2491463,0.002320355735719204
916,15_min_interval_stocks/Consumer_Discretionary/GOEVW.csv,15_min_interval_stocks,Consumer_Discretionary,GOEVW,1265358,0.0011784564703702927
917,15_min_interval_stocks/Consumer_Discretionary/YYGH.csv,15_min_interval_stocks,Consumer_Discretionary,YYGH,153210,0.00014268793165683746
918,15_min_interval_stocks/Consumer_Discretionary/SE.csv,15_min_interval_stocks,Consumer_Discretionary,SE,4557093,0.004244123585522175
919,15_min_interval_stocks/Consumer_Discretionary/APG.csv,15_min_interval_stocks,Consumer_Discretionary,APG,1791192,0.0016681775450706482
920,15_min_interval_stocks/Consumer_Discretionary/TXRH.csv,15_min_interval_stocks,Consumer_Discretionary,TXRH,7640802,0.0071160513907670975
921,15_min_interval_stocks/Consumer_Discretionary/NUTX.csv,15_min_interval_stocks,Consumer_Discretionary,NUTX,1330482,0.001239107921719551
922,15_min_interval_stocks/Consumer_Discretionary/SPGC.csv,15_min_interval_stocks,Consumer_Discretionary,SPGC,365507,0.0003404049202799797
923,15_min_interval_stocks/Consumer_Discretionary/PKG.csv,15_min_interval_stocks,Consumer_Discretionary,PKG,10000272,0.00931347906589508
924,15_min_interval_stocks/Consumer_Discretionary/MGRC.csv,15_min_interval_stocks,Consumer_Discretionary,MGRC,8508237,0.007923913188278675
925,15_min_interval_stocks/Consumer_Discretionary/PYPL.csv,15_min_interval_stocks,Consumer_Discretionary,PYPL,5975668,0.005565274506807327
926,15_min_interval_stocks/Consumer_Discretionary/GNRC.csv,15_min_interval_stocks,Consumer_Discretionary,GNRC,5919523,0.005512985400855541
927,15_min_interval_stocks/Consumer_Discretionary/TH.csv,15_min_interval_stocks,Consumer_Discretionary,TH,1999474,0.0018621552735567093
928,15_min_interval_stocks/Consumer_Discretionary/SPCE.csv,15_min_interval_stocks,Consumer_Discretionary,SPCE,4101893,0.003820185549557209
929,15_min_interval_stocks/Consumer_Discretionary/JACK.csv,15_min_interval_stocks,Consumer_Discretionary,JACK,6597285,0.006144200451672077
930,15_min_interval_stocks/Consumer_Discretionary/DTC.csv,15_min_interval_stocks,Consumer_Discretionary,DTC,1204219,0.001121516339480877
931,15_min_interval_stocks/Consumer_Discretionary/REAL.csv,15_min_interval_stocks,Consumer_Discretionary,REAL,2507356,0.0023351572453975677
932,15_min_interval_stocks/Consumer_Discretionary/CURR.csv,15_min_interval_stocks,Consumer_Discretionary,CURR,44522,4.1464343667030334e-05
933,15_min_interval_stocks/Consumer_Discretionary/FNKO.csv,15_min_interval_stocks,Consumer_Discretionary,FNKO,2728692,0.0025412924587726593
934,15_min_interval_stocks/Consumer_Discretionary/RICK.csv,15_min_interval_stocks,Consumer_Discretionary,RICK,6749874,0.006286310032010078
935,15_min_interval_stocks/Consumer_Discretionary/SVV.csv,15_min_interval_stocks,Consumer_Discretionary,SVV,573243,0.0005338741466403008
936,15_min_interval_stocks/Consumer_Discretionary/HBI.csv,15_min_interval_stocks,Consumer_Discretionary,HBI,7688933,0.007160876877605915
937,15_min_interval_stocks/Consumer_Discretionary/LEV.csv,15_min_interval_stocks,Consumer_Discretionary,LEV,1544566,0.0014384891837835312
938,15_min_interval_stocks/Consumer_Discretionary/CNTM.csv,15_min_interval_stocks,Consumer_Discretionary,CNTM,198359,0.0001847362145781517
939,15_min_interval_stocks/Consumer_Discretionary/MSGS.csv,15_min_interval_stocks,Consumer_Discretionary,MSGS,3680504,0.003427736461162567
940,15_min_interval_stocks/Consumer_Discretionary/VC.csv,15_min_interval_stocks,Consumer_Discretionary,VC,5162122,0.004807600751519203
941,15_min_interval_stocks/Consumer_Discretionary/TDW.csv,15_min_interval_stocks,Consumer_Discretionary,TDW,10559195,0.009834016673266888
942,15_min_interval_stocks/Consumer_Discretionary/RH.csv,15_min_interval_stocks,Consumer_Discretionary,RH,5064883,0.004717039875686169
943,15_min_interval_stocks/Consumer_Discretionary/GOGO.csv,15_min_interval_stocks,Consumer_Discretionary,GOGO,4333943,0.004036298952996731
944,15_min_interval_stocks/Consumer_Discretionary/SN.csv,15_min_interval_stocks,Consumer_Discretionary,SN,715894,0.0006667282432317734
945,15_min_interval_stocks/Consumer_Discretionary/HLN.csv,15_min_interval_stocks,Consumer_Discretionary,HLN,1272731,0.0011853231117129326
946,15_min_interval_stocks/Consumer_Discretionary/ODD.csv,15_min_interval_stocks,Consumer_Discretionary,ODD,597553,0.000556514598429203
947,15_min_interval_stocks/Consumer_Discretionary/ATSG.csv,15_min_interval_stocks,Consumer_Discretionary,ATSG,5540785,0.005160258151590824
948,15_min_interval_stocks/Consumer_Discretionary/WLGS.csv,15_min_interval_stocks,Consumer_Discretionary,WLGS,566391,0.0005274927243590355
949,15_min_interval_stocks/Consumer_Discretionary/LCID.csv,15_min_interval_stocks,Consumer_Discretionary,LCID,3179716,0.002961341291666031
950,15_min_interval_stocks/Consumer_Discretionary/WBUY.csv,15_min_interval_stocks,Consumer_Discretionary,WBUY,630608,0.0005872994661331177
951,15_min_interval_stocks/Consumer_Discretionary/BJRI.csv,15_min_interval_stocks,Consumer_Discretionary,BJRI,7868484,0.007328096777200699
952,15_min_interval_stocks/Consumer_Discretionary/RGS.csv,15_min_interval_stocks,Consumer_Discretionary,RGS,8188038,0.0076257046312093735
953,15_min_interval_stocks/Consumer_Discretionary/PLYA.csv,15_min_interval_stocks,Consumer_Discretionary,PLYA,2571607,0.002394995652139187
954,15_min_interval_stocks/Consumer_Discretionary/FIGS.csv,15_min_interval_stocks,Consumer_Discretionary,FIGS,1575903,0.0014676740393042564
955,15_min_interval_stocks/Consumer_Discretionary/FA.csv,15_min_interval_stocks,Consumer_Discretionary,FA,1195054,0.001112980768084526
956,15_min_interval_stocks/Consumer_Discretionary/HSON.csv,15_min_interval_stocks,Consumer_Discretionary,HSON,5567022,0.0051846932619810104
957,15_min_interval_stocks/Consumer_Discretionary/LZB.csv,15_min_interval_stocks,Consumer_Discretionary,LZB,9721380,0.00905374065041542
958,15_min_interval_stocks/Consumer_Discretionary/NAAS.csv,15_min_interval_stocks,Consumer_Discretionary,NAAS,2266053,0.002110426314175129
959,15_min_interval_stocks/Consumer_Discretionary/RAY.csv,15_min_interval_stocks,Consumer_Discretionary,RAY,135457,0.00012615416198968887
960,15_min_interval_stocks/Consumer_Discretionary/HITI.csv,15_min_interval_stocks,Consumer_Discretionary,HITI,1412840,0.0013158097863197327
961,15_min_interval_stocks/Consumer_Discretionary/ASTH.csv,15_min_interval_stocks,Consumer_Discretionary,ASTH,282234,0.00026285089552402496
962,15_min_interval_stocks/Consumer_Discretionary/MUSA.csv,15_min_interval_stocks,Consumer_Discretionary,MUSA,4614273,0.004297376610338688
963,15_min_interval_stocks/Consumer_Discretionary/BLMZ.csv,15_min_interval_stocks,Consumer_Discretionary,BLMZ,199239,0.00018555577844381332
964,15_min_interval_stocks/Consumer_Discretionary/DIT.csv,15_min_interval_stocks,Consumer_Discretionary,DIT,1285676,0.00119737908244133
965,15_min_interval_stocks/Consumer_Discretionary/MA.csv,15_min_interval_stocks,Consumer_Discretionary,MA,9996847,0.009310289286077023
966,15_min_interval_stocks/Consumer_Discretionary/RUSHA.csv,15_min_interval_stocks,Consumer_Discretionary,RUSHA,7787953,0.00725309643894434
967,15_min_interval_stocks/Consumer_Discretionary/ARHS.csv,15_min_interval_stocks,Consumer_Discretionary,ARHS,1263006,0.001176265999674797
968,15_min_interval_stocks/Consumer_Discretionary/BNED.csv,15_min_interval_stocks,Consumer_Discretionary,BNED,3448861,0.003212002106010914
969,15_min_interval_stocks/Consumer_Discretionary/HZO.csv,15_min_interval_stocks,Consumer_Discretionary,HZO,7558513,0.007039413787424564
970,15_min_interval_stocks/Consumer_Discretionary/H.csv,15_min_interval_stocks,Consumer_Discretionary,H,6260575,0.005830614827573299
971,15_min_interval_stocks/Consumer_Discretionary/EPOW.csv,15_min_interval_stocks,Consumer_Discretionary,EPOW,711529,0.0006626630201935768
972,15_min_interval_stocks/Consumer_Discretionary/BLNK.csv,15_min_interval_stocks,Consumer_Discretionary,BLNK,3543666,0.0033002961426973343
973,15_min_interval_stocks/Consumer_Discretionary/GCO.csv,15_min_interval_stocks,Consumer_Discretionary,GCO,8861536,0.008252948522567749
974,15_min_interval_stocks/Consumer_Discretionary/PSQH.csv,15_min_interval_stocks,Consumer_Discretionary,PSQH,619037,0.000576523132622242
975,15_min_interval_stocks/Consumer_Discretionary/CODI.csv,15_min_interval_stocks,Consumer_Discretionary,CODI,7011048,0.006529547274112701
976,15_min_interval_stocks/Consumer_Discretionary/DHX.csv,15_min_interval_stocks,Consumer_Discretionary,DHX,5409552,0.005038037896156311
977,15_min_interval_stocks/Consumer_Discretionary/LVO.csv,15_min_interval_stocks,Consumer_Discretionary,LVO,2368303,0.0022056540474295616
978,15_min_interval_stocks/Consumer_Discretionary/DHI.csv,15_min_interval_stocks,Consumer_Discretionary,DHI,11202650,0.01043328084051609
979,15_min_interval_stocks/Consumer_Discretionary/ZCARW.csv,15_min_interval_stocks,Consumer_Discretionary,ZCARW,89316,8.318200707435608e-05
980,15_min_interval_stocks/Consumer_Discretionary/DSY.csv,15_min_interval_stocks,Consumer_Discretionary,DSY,196231,0.00018275436013936996
981,15_min_interval_stocks/Consumer_Discretionary/UAL.csv,15_min_interval_stocks,Consumer_Discretionary,UAL,7490698,0.006976256147027016
982,15_min_interval_stocks/Consumer_Discretionary/MYTE.csv,15_min_interval_stocks,Consumer_Discretionary,MYTE,1176170,0.0010953936725854874
983,15_min_interval_stocks/Consumer_Discretionary/AMC.csv,15_min_interval_stocks,Consumer_Discretionary,AMC,6670142,0.006212053820490837
984,15_min_interval_stocks/Consumer_Discretionary/GPN.csv,15_min_interval_stocks,Consumer_Discretionary,GPN,9926016,0.009244322776794434
985,15_min_interval_stocks/Consumer_Discretionary/III.csv,15_min_interval_stocks,Consumer_Discretionary,III,5469064,0.005093462765216827
986,15_min_interval_stocks/Consumer_Discretionary/FI.csv,15_min_interval_stocks,Consumer_Discretionary,FI,1027459,0.0009568957611918449
987,15_min_interval_stocks/Consumer_Discretionary/BLDEW.csv,15_min_interval_stocks,Consumer_Discretionary,BLDEW,463934,0.0004320722073316574
988,15_min_interval_stocks/Consumer_Discretionary/SDHC.csv,15_min_interval_stocks,Consumer_Discretionary,SDHC,315779,0.0002940921112895012
989,15_min_interval_stocks/Consumer_Discretionary/GGROW.csv,15_min_interval_stocks,Consumer_Discretionary,GGROW,256117,0.0002385275438427925
990,15_min_interval_stocks/Consumer_Discretionary/KXIN.csv,15_min_interval_stocks,Consumer_Discretionary,KXIN,2452341,0.002283920533955097
991,15_min_interval_stocks/Consumer_Discretionary/CCS.csv,15_min_interval_stocks,Consumer_Discretionary,CCS,4112786,0.0038303304463624954
992,15_min_interval_stocks/Consumer_Discretionary/UCL.csv,15_min_interval_stocks,Consumer_Discretionary,UCL,787184,0.0007331222295761108
993,15_min_interval_stocks/Consumer_Discretionary/CBZ.csv,15_min_interval_stocks,Consumer_Discretionary,CBZ,5963534,0.005553973838686943
994,15_min_interval_stocks/Consumer_Discretionary/LDWY.csv,15_min_interval_stocks,Consumer_Discretionary,LDWY,123922,0.00011541135609149933
995,15_min_interval_stocks/Consumer_Discretionary/CROX.csv,15_min_interval_stocks,Consumer_Discretionary,CROX,8022460,0.007471498101949692
996,15_min_interval_stocks/Consumer_Discretionary/SCVL.csv,15_min_interval_stocks,Consumer_Discretionary,SCVL,8737902,0.008137805387377739
997,15_min_interval_stocks/Consumer_Discretionary/EDRY.csv,15_min_interval_stocks,Consumer_Discretionary,EDRY,1084641,0.0010101506486535072
998,15_min_interval_stocks/Consumer_Discretionary/GPC.csv,15_min_interval_stocks,Consumer_Discretionary,GPC,10265641,0.009560623206198215
999,15_min_interval_stocks/Consumer_Discretionary/IZM.csv,15_min_interval_stocks,Consumer_Discretionary,IZM,596391,0.0005554324015974998
1000,15_min_interval_stocks/Consumer_Discretionary/ATAT.csv,15_min_interval_stocks,Consumer_Discretionary,ATAT,939780,0.0008752383291721344
1001,15_min_interval_stocks/Consumer_Discretionary/WEX.csv,15_min_interval_stocks,Consumer_Discretionary,WEX,7106232,0.006618194282054901
1002,15_min_interval_stocks/Consumer_Discretionary/GENI.csv,15_min_interval_stocks,Consumer_Discretionary,GENI,1770387,0.0016488013789057732
1003,15_min_interval_stocks/Consumer_Discretionary/JRSH.csv,15_min_interval_stocks,Consumer_Discretionary,JRSH,915753,0.0008528614416718483
1004,15_min_interval_stocks/Consumer_Discretionary/DALN.csv,15_min_interval_stocks,Consumer_Discretionary,DALN,4628146,0.004310296848416328
1005,15_min_interval_stocks/Consumer_Discretionary/LGCB.csv,15_min_interval_stocks,Consumer_Discretionary,LGCB,274023,0.00025520380586385727
1006,15_min_interval_stocks/Consumer_Discretionary/PRG.csv,15_min_interval_stocks,Consumer_Discretionary,PRG,7059951,0.006575091741979122
1007,15_min_interval_stocks/Consumer_Discretionary/DAC.csv,15_min_interval_stocks,Consumer_Discretionary,DAC,5807300,0.005408469587564468
1008,15_min_interval_stocks/Consumer_Discretionary/ALLE.csv,15_min_interval_stocks,Consumer_Discretionary,ALLE,4560845,0.004247617907822132
1009,15_min_interval_stocks/Consumer_Discretionary/AIRT.csv,15_min_interval_stocks,Consumer_Discretionary,AIRT,2730419,0.0025429008528590202
1010,15_min_interval_stocks/Consumer_Discretionary/CREV.csv,15_min_interval_stocks,Consumer_Discretionary,CREV,257100,0.00023944303393363953
1011,15_min_interval_stocks/Consumer_Discretionary/GFAIW.csv,15_min_interval_stocks,Consumer_Discretionary,GFAIW,159969,0.00014898274093866348
1012,15_min_interval_stocks/Consumer_Discretionary/BLDR.csv,15_min_interval_stocks,Consumer_Discretionary,BLDR,7046423,0.006562492810189724
1013,15_min_interval_stocks/Consumer_Discretionary/SHYF.csv,15_min_interval_stocks,Consumer_Discretionary,SHYF,6562934,0.006112208589911461
1014,15_min_interval_stocks/Consumer_Discretionary/MODV.csv,15_min_interval_stocks,Consumer_Discretionary,MODV,5744457,0.005349942483007908
1015,15_min_interval_stocks/Consumer_Discretionary/ABLV.csv,15_min_interval_stocks,Consumer_Discretionary,ABLV,198821,0.00018516648560762405
1016,15_min_interval_stocks/Consumer_Discretionary/GHG.csv,15_min_interval_stocks,Consumer_Discretionary,GHG,1743816,0.0016240552067756653
1017,15_min_interval_stocks/Consumer_Discretionary/KFRC.csv,15_min_interval_stocks,Consumer_Discretionary,KFRC,9012881,0.008393899537622929
1018,15_min_interval_stocks/Consumer_Discretionary/TDUP.csv,15_min_interval_stocks,Consumer_Discretionary,TDUP,1435239,0.0013366704806685448
1019,15_min_interval_stocks/Consumer_Discretionary/WWW.csv,15_min_interval_stocks,Consumer_Discretionary,WWW,9740294,0.009071355685591698
1020,15_min_interval_stocks/Consumer_Discretionary/GETY.csv,15_min_interval_stocks,Consumer_Discretionary,GETY,985469,0.000917789526283741
1021,15_min_interval_stocks/Consumer_Discretionary/TNL.csv,15_min_interval_stocks,Consumer_Discretionary,TNL,2675649,0.0024918923154473305
1022,15_min_interval_stocks/Consumer_Discretionary/MNYWW.csv,15_min_interval_stocks,Consumer_Discretionary,MNYWW,92520,8.616596460342407e-05
1023,15_min_interval_stocks/Consumer_Discretionary/MDIA.csv,15_min_interval_stocks,Consumer_Discretionary,MDIA,1033320,0.0009623542428016663
1024,15_min_interval_stocks/Consumer_Discretionary/BAOS.csv,15_min_interval_stocks,Consumer_Discretionary,BAOS,948504,0.0008833631873130798
1025,15_min_interval_stocks/Consumer_Discretionary/LICN.csv,15_min_interval_stocks,Consumer_Discretionary,LICN,521614,0.0004857908934354782
1026,15_min_interval_stocks/Consumer_Discretionary/SCHL.csv,15_min_interval_stocks,Consumer_Discretionary,SCHL,9928456,0.009246595203876495
1027,15_min_interval_stocks/Consumer_Discretionary/GLBS.csv,15_min_interval_stocks,Consumer_Discretionary,GLBS,3593124,0.0033463574945926666
1028,15_min_interval_stocks/Consumer_Discretionary/PAYX.csv,15_min_interval_stocks,Consumer_Discretionary,PAYX,11230105,0.010458850301802158
1029,15_min_interval_stocks/Consumer_Discretionary/IMG.csv,15_min_interval_stocks,Consumer_Discretionary,IMG,63744,5.936622619628906e-05
1030,15_min_interval_stocks/Consumer_Discretionary/TSQ.csv,15_min_interval_stocks,Consumer_Discretionary,TSQ,3039813,0.0028310464695096016
1031,15_min_interval_stocks/Consumer_Discretionary/PFGC.csv,15_min_interval_stocks,Consumer_Discretionary,PFGC,3262079,0.0030380478128790855
1032,15_min_interval_stocks/Consumer_Discretionary/COST.csv,15_min_interval_stocks,Consumer_Discretionary,COST,13095753,0.012196370400488377
1033,15_min_interval_stocks/Consumer_Discretionary/QNST.csv,15_min_interval_stocks,Consumer_Discretionary,QNST,4893322,0.0045572612434625626
1034,15_min_interval_stocks/Consumer_Discretionary/LQDT.csv,15_min_interval_stocks,Consumer_Discretionary,LQDT,6188632,0.005763612687587738
1035,15_min_interval_stocks/Consumer_Discretionary/TPH.csv,15_min_interval_stocks,Consumer_Discretionary,TPH,4219267,0.003929498605430126
1036,15_min_interval_stocks/Consumer_Discretionary/EXPD.csv,15_min_interval_stocks,Consumer_Discretionary,EXPD,10630496,0.009900420904159546
1037,15_min_interval_stocks/Consumer_Discretionary/ARRY.csv,15_min_interval_stocks,Consumer_Discretionary,ARRY,2095373,0.001951468177139759
1038,15_min_interval_stocks/Consumer_Discretionary/AS.csv,15_min_interval_stocks,Consumer_Discretionary,AS,415367,0.00038684066385030746
1039,15_min_interval_stocks/Consumer_Discretionary/SPHL.csv,15_min_interval_stocks,Consumer_Discretionary,SPHL,32436,3.020837903022766e-05
1040,15_min_interval_stocks/Consumer_Discretionary/CMBT.csv,15_min_interval_stocks,Consumer_Discretionary,CMBT,209808,0.00019539892673492432
1041,15_min_interval_stocks/Consumer_Discretionary/ADD.csv,15_min_interval_stocks,Consumer_Discretionary,ADD,4162220,0.003876369446516037
1042,15_min_interval_stocks/Consumer_Discretionary/LMB.csv,15_min_interval_stocks,Consumer_Discretionary,LMB,2019328,0.001880645751953125
1043,15_min_interval_stocks/Consumer_Discretionary/SHO.csv,15_min_interval_stocks,Consumer_Discretionary,SHO,7884680,0.007343180477619171
1044,15_min_interval_stocks/Consumer_Discretionary/SFHG.csv,15_min_interval_stocks,Consumer_Discretionary,SFHG,61312,5.710124969482422e-05
1045,15_min_interval_stocks/Consumer_Discretionary/NOTE.csv,15_min_interval_stocks,Consumer_Discretionary,NOTE,1000450,0.0009317416697740555
1046,15_min_interval_stocks/Consumer_Discretionary/TTSH.csv,15_min_interval_stocks,Consumer_Discretionary,TTSH,1385689,0.0012905234470963478
1047,15_min_interval_stocks/Consumer_Discretionary/TRMD.csv,15_min_interval_stocks,Consumer_Discretionary,TRMD,2251297,0.002096683718264103
1048,15_min_interval_stocks/Consumer_Discretionary/ZH.csv,15_min_interval_stocks,Consumer_Discretionary,ZH,1806331,0.001682276837527752
1049,15_min_interval_stocks/Consumer_Discretionary/GSL.csv,15_min_interval_stocks,Consumer_Discretionary,GSL,5519089,0.005140052177011967
1050,15_min_interval_stocks/Consumer_Discretionary/TGL.csv,15_min_interval_stocks,Consumer_Discretionary,TGL,909435,0.0008469773456454277
1051,15_min_interval_stocks/Consumer_Discretionary/SGA.csv,15_min_interval_stocks,Consumer_Discretionary,SGA,3622253,0.003373485989868641
1052,15_min_interval_stocks/Consumer_Discretionary/GDEN.csv,15_min_interval_stocks,Consumer_Discretionary,GDEN,5153371,0.004799450747668743
1053,15_min_interval_stocks/Consumer_Discretionary/VSCO.csv,15_min_interval_stocks,Consumer_Discretionary,VSCO,1514465,0.0014104554429650307
1054,15_min_interval_stocks/Consumer_Discretionary/IPAR.csv,15_min_interval_stocks,Consumer_Discretionary,IPAR,8277198,0.0077087413519620895
1055,15_min_interval_stocks/Consumer_Discretionary/VIPS.csv,15_min_interval_stocks,Consumer_Discretionary,VIPS,6370150,0.0059326644986867905
1056,15_min_interval_stocks/Consumer_Discretionary/CZR.csv,15_min_interval_stocks,Consumer_Discretionary,CZR,5271491,0.0049094585701823235
1057,15_min_interval_stocks/Consumer_Discretionary/KPLT.csv,15_min_interval_stocks,Consumer_Discretionary,KPLT,1440804,0.00134185329079628
1058,15_min_interval_stocks/Consumer_Discretionary/CPSH.csv,15_min_interval_stocks,Consumer_Discretionary,CPSH,1906776,0.0017758235335350037
1059,15_min_interval_stocks/Consumer_Discretionary/HDSN.csv,15_min_interval_stocks,Consumer_Discretionary,HDSN,5116279,0.004764906130731106
1060,15_min_interval_stocks/Consumer_Discretionary/ABG.csv,15_min_interval_stocks,Consumer_Discretionary,ABG,7977713,0.007429824210703373
1061,15_min_interval_stocks/Consumer_Discretionary/ACCO.csv,15_min_interval_stocks,Consumer_Discretionary,ACCO,7249005,0.006751162000000477
1062,15_min_interval_stocks/Consumer_Discretionary/DORM.csv,15_min_interval_stocks,Consumer_Discretionary,DORM,5851676,0.005449797958135605
1063,15_min_interval_stocks/Consumer_Discretionary/SWK.csv,15_min_interval_stocks,Consumer_Discretionary,SWK,10639797,0.009909083135426044
1064,15_min_interval_stocks/Consumer_Discretionary/EAT.csv,15_min_interval_stocks,Consumer_Discretionary,EAT,10038334,0.009348927065730095
1065,15_min_interval_stocks/Consumer_Discretionary/SEAT.csv,15_min_interval_stocks,Consumer_Discretionary,SEAT,1095371,0.0010201437398791313
1066,15_min_interval_stocks/Consumer_Discretionary/CMRE.csv,15_min_interval_stocks,Consumer_Discretionary,CMRE,5376586,0.005007335916161537
1067,15_min_interval_stocks/Consumer_Discretionary/HAO.csv,15_min_interval_stocks,Consumer_Discretionary,HAO,362333,0.0003374489024281502
1068,15_min_interval_stocks/Consumer_Discretionary/AHG.csv,15_min_interval_stocks,Consumer_Discretionary,AHG,1849246,0.0017222445458173752
1069,15_min_interval_stocks/Consumer_Discretionary/WPP.csv,15_min_interval_stocks,Consumer_Discretionary,WPP,3089164,0.00287700816988945
1070,15_min_interval_stocks/Consumer_Discretionary/EML.csv,15_min_interval_stocks,Consumer_Discretionary,EML,2979158,0.0027745570987462997
1071,15_min_interval_stocks/Consumer_Discretionary/GES.csv,15_min_interval_stocks,Consumer_Discretionary,GES,9560521,0.00890392903238535
1072,15_min_interval_stocks/Consumer_Discretionary/OLB.csv,15_min_interval_stocks,Consumer_Discretionary,OLB,1198492,0.001116182655096054
1073,15_min_interval_stocks/Consumer_Discretionary/NCMI.csv,15_min_interval_stocks,Consumer_Discretionary,NCMI,7182738,0.006689446046948433
1074,15_min_interval_stocks/Consumer_Discretionary/GFAI.csv,15_min_interval_stocks,Consumer_Discretionary,GFAI,1793932,0.0016707293689250946
1075,15_min_interval_stocks/Consumer_Discretionary/MTRX.csv,15_min_interval_stocks,Consumer_Discretionary,MTRX,7604228,0.007081989198923111
1076,15_min_interval_stocks/Consumer_Discretionary/MGM.csv,15_min_interval_stocks,Consumer_Discretionary,MGM,12461784,0.011605940759181976
1077,15_min_interval_stocks/Consumer_Discretionary/TNK.csv,15_min_interval_stocks,Consumer_Discretionary,TNK,6961319,0.006483233533799648
1078,15_min_interval_stocks/Consumer_Discretionary/FFIE.csv,15_min_interval_stocks,Consumer_Discretionary,FFIE,3031419,0.0028232289478182793
1079,15_min_interval_stocks/Consumer_Discretionary/CTM.csv,15_min_interval_stocks,Consumer_Discretionary,CTM,848629,0.0007903473451733589
1080,15_min_interval_stocks/Consumer_Discretionary/DG.csv,15_min_interval_stocks,Consumer_Discretionary,DG,7113212,0.006624694913625717
1081,15_min_interval_stocks/Consumer_Discretionary/AGS.csv,15_min_interval_stocks,Consumer_Discretionary,AGS,2330838,0.0021707620471715927
1082,15_min_interval_stocks/Consumer_Discretionary/FATBP.csv,15_min_interval_stocks,Consumer_Discretionary,FATBP,741267,0.0006903586909174919
1083,15_min_interval_stocks/Consumer_Discretionary/AMSC.csv,15_min_interval_stocks,Consumer_Discretionary,AMSC,8715046,0.008116519078612328
1084,15_min_interval_stocks/Consumer_Discretionary/DSX.csv,15_min_interval_stocks,Consumer_Discretionary,DSX,7977319,0.0074294572696089745
1085,15_min_interval_stocks/Consumer_Discretionary/BBSI.csv,15_min_interval_stocks,Consumer_Discretionary,BBSI,6504748,0.006058018654584885
1086,15_min_interval_stocks/Consumer_Discretionary/ANTE.csv,15_min_interval_stocks,Consumer_Discretionary,ANTE,4289309,0.0039947303012013435
1087,15_min_interval_stocks/Consumer_Discretionary/UK.csv,15_min_interval_stocks,Consumer_Discretionary,UK,1190946,0.0011091548949480057
1088,15_min_interval_stocks/Consumer_Discretionary/CMLS.csv,15_min_interval_stocks,Consumer_Discretionary,CMLS,2313122,0.002154262736439705
1089,15_min_interval_stocks/Consumer_Discretionary/BGSF.csv,15_min_interval_stocks,Consumer_Discretionary,BGSF,2436731,0.0022693825885653496
1090,15_min_interval_stocks/Consumer_Discretionary/MODG.csv,15_min_interval_stocks,Consumer_Discretionary,MODG,6994287,0.006513937376439571
1091,15_min_interval_stocks/Consumer_Discretionary/OSW.csv,15_min_interval_stocks,Consumer_Discretionary,OSW,2302287,0.002144171856343746
1092,15_min_interval_stocks/Consumer_Discretionary/MHH.csv,15_min_interval_stocks,Consumer_Discretionary,MHH,1932609,0.0017998823896050453
1093,15_min_interval_stocks/Consumer_Discretionary/ASO.csv,15_min_interval_stocks,Consumer_Discretionary,ASO,2118209,0.001972735859453678
1094,15_min_interval_stocks/Consumer_Discretionary/STAF.csv,15_min_interval_stocks,Consumer_Discretionary,STAF,2861460,0.002664942294359207
1095,15_min_interval_stocks/Consumer_Discretionary/NEGG.csv,15_min_interval_stocks,Consumer_Discretionary,NEGG,3475623,0.0032369261607527733
1096,15_min_interval_stocks/Consumer_Discretionary/ZG.csv,15_min_interval_stocks,Consumer_Discretionary,ZG,5386891,0.00501693319529295
1097,15_min_interval_stocks/Consumer_Discretionary/MAX.csv,15_min_interval_stocks,Consumer_Discretionary,MAX,1457785,0.0013576680794358253
1098,15_min_interval_stocks/Consumer_Discretionary/RERE.csv,15_min_interval_stocks,Consumer_Discretionary,RERE,1179582,0.0010985713452100754
1099,15_min_interval_stocks/Consumer_Discretionary/OMC.csv,15_min_interval_stocks,Consumer_Discretionary,OMC,10367598,0.009655578061938286
1100,15_min_interval_stocks/Consumer_Discretionary/IHRT.csv,15_min_interval_stocks,Consumer_Discretionary,IHRT,2084534,0.001941373571753502
1101,15_min_interval_stocks/Consumer_Discretionary/INSW.csv,15_min_interval_stocks,Consumer_Discretionary,INSW,3376868,0.0031449533998966217
1102,15_min_interval_stocks/Consumer_Discretionary/SUP.csv,15_min_interval_stocks,Consumer_Discretionary,SUP,9127701,0.008500833995640278
1103,15_min_interval_stocks/Consumer_Discretionary/SWAG.csv,15_min_interval_stocks,Consumer_Discretionary,SWAG,440046,0.00040982477366924286
1104,15_min_interval_stocks/Consumer_Discretionary/SWAGW.csv,15_min_interval_stocks,Consumer_Discretionary,SWAGW,87032,8.105486631393433e-05
1105,15_min_interval_stocks/Consumer_Discretionary/RVYL.csv,15_min_interval_stocks,Consumer_Discretionary,RVYL,1367072,0.0012731850147247314
1106,15_min_interval_stocks/Consumer_Discretionary/DSGR.csv,15_min_interval_stocks,Consumer_Discretionary,DSGR,3699221,0.003445168025791645
1107,15_min_interval_stocks/Consumer_Discretionary/NMM.csv,15_min_interval_stocks,Consumer_Discretionary,NMM,6739282,0.006276445463299751
1108,15_min_interval_stocks/Consumer_Discretionary/PLAY.csv,15_min_interval_stocks,Consumer_Discretionary,PLAY,4413849,0.004110717214643955
1109,15_min_interval_stocks/Consumer_Discretionary/KMX.csv,15_min_interval_stocks,Consumer_Discretionary,KMX,9126247,0.008499479852616787
1110,15_min_interval_stocks/Consumer_Discretionary/XBPEW.csv,15_min_interval_stocks,Consumer_Discretionary,XBPEW,45127,4.20277938246727e-05
1111,15_min_interval_stocks/Consumer_Discretionary/HDL.csv,15_min_interval_stocks,Consumer_Discretionary,HDL,115109,0.00010720361024141312
1112,15_min_interval_stocks/Consumer_Discretionary/IBTA.csv,15_min_interval_stocks,Consumer_Discretionary,IBTA,270773,0.00025217700749635696
1113,15_min_interval_stocks/Consumer_Discretionary/APOG.csv,15_min_interval_stocks,Consumer_Discretionary,APOG,9562998,0.008906235918402672
1114,15_min_interval_stocks/Consumer_Discretionary/MPU.csv,15_min_interval_stocks,Consumer_Discretionary,MPU,2307752,0.0021492615342140198
1115,15_min_interval_stocks/Consumer_Discretionary/AZO.csv,15_min_interval_stocks,Consumer_Discretionary,AZO,9533289,0.00887856725603342
1116,15_min_interval_stocks/Consumer_Discretionary/PXSAW.csv,15_min_interval_stocks,Consumer_Discretionary,PXSAW,172006,0.00016019307076931
1117,15_min_interval_stocks/Consumer_Discretionary/PC.csv,15_min_interval_stocks,Consumer_Discretionary,PC,72521,6.754044443368912e-05
1118,15_min_interval_stocks/Consumer_Discretionary/EVRI.csv,15_min_interval_stocks,Consumer_Discretionary,EVRI,6019162,0.005605781450867653
1119,15_min_interval_stocks/Consumer_Discretionary/SBH.csv,15_min_interval_stocks,Consumer_Discretionary,SBH,6314542,0.005880875512957573
1120,15_min_interval_stocks/Consumer_Discretionary/DBGI.csv,15_min_interval_stocks,Consumer_Discretionary,DBGI,1793162,0.0016700122505426407
1121,15_min_interval_stocks/Consumer_Discretionary/FOUR.csv,15_min_interval_stocks,Consumer_Discretionary,FOUR,1935783,0.0018028384074568748
1122,15_min_interval_stocks/Consumer_Discretionary/EZFL.csv,15_min_interval_stocks,Consumer_Discretionary,EZFL,738130,0.0006874371320009232
1123,15_min_interval_stocks/Consumer_Discretionary/ICFI.csv,15_min_interval_stocks,Consumer_Discretionary,ICFI,6896223,0.006422608159482479
1124,15_min_interval_stocks/Consumer_Discretionary/HOUR.csv,15_min_interval_stocks,Consumer_Discretionary,HOUR,596069,0.0005551325157284737
1125,15_min_interval_stocks/Consumer_Discretionary/UNF.csv,15_min_interval_stocks,Consumer_Discretionary,UNF,8706815,0.008108853362500668
1126,15_min_interval_stocks/Consumer_Discretionary/OMAB.csv,15_min_interval_stocks,Consumer_Discretionary,OMAB,5650901,0.005262811668217182
1127,15_min_interval_stocks/Consumer_Discretionary/CCOI.csv,15_min_interval_stocks,Consumer_Discretionary,CCOI,7415327,0.0069060614332556725
1128,15_min_interval_stocks/Consumer_Discretionary/ULTA.csv,15_min_interval_stocks,Consumer_Discretionary,ULTA,7306451,0.006804662756621838
1129,15_min_interval_stocks/Consumer_Discretionary/FWRG.csv,15_min_interval_stocks,Consumer_Discretionary,FWRG,1140791,0.0010624444112181664
1130,15_min_interval_stocks/Consumer_Discretionary/BBWI.csv,15_min_interval_stocks,Consumer_Discretionary,BBWI,7879460,0.007338318973779678
1131,15_min_interval_stocks/Consumer_Discretionary/FBYDW.csv,15_min_interval_stocks,Consumer_Discretionary,FBYDW,58357,5.434919148683548e-05
1132,15_min_interval_stocks/Consumer_Discretionary/CPTNW.csv,15_min_interval_stocks,Consumer_Discretionary,CPTNW,300170,0.0002795550972223282
1133,15_min_interval_stocks/Consumer_Discretionary/XMTR.csv,15_min_interval_stocks,Consumer_Discretionary,XMTR,1293219,0.0012044040486216545
1134,15_min_interval_stocks/Consumer_Discretionary/UL.csv,15_min_interval_stocks,Consumer_Discretionary,UL,11841091,0.011027875356376171
1135,15_min_interval_stocks/Consumer_Discretionary/JWN.csv,15_min_interval_stocks,Consumer_Discretionary,JWN,11304439,0.010528079234063625
1136,15_min_interval_stocks/Consumer_Discretionary/MSGE.csv,15_min_interval_stocks,Consumer_Discretionary,MSGE,1673346,0.0015584249049425125
1137,15_min_interval_stocks/Consumer_Discretionary/NDLS.csv,15_min_interval_stocks,Consumer_Discretionary,NDLS,3779818,0.0035202298313379288
1138,15_min_interval_stocks/Consumer_Discretionary/CUK.csv,15_min_interval_stocks,Consumer_Discretionary,CUK,9986626,0.009300770238041878
1139,15_min_interval_stocks/Consumer_Discretionary/LSEA.csv,15_min_interval_stocks,Consumer_Discretionary,LSEA,1233798,0.0011490639299154282
1140,15_min_interval_stocks/Consumer_Discretionary/LOTWW.csv,15_min_interval_stocks,Consumer_Discretionary,LOTWW,41632,3.87728214263916e-05
1141,15_min_interval_stocks/Consumer_Discretionary/ELA.csv,15_min_interval_stocks,Consumer_Discretionary,ELA,2490136,0.002319119870662689
1142,15_min_interval_stocks/Consumer_Discretionary/LYFT.csv,15_min_interval_stocks,Consumer_Discretionary,LYFT,3590497,0.0033439109101891518
1143,15_min_interval_stocks/Consumer_Discretionary/IHG.csv,15_min_interval_stocks,Consumer_Discretionary,IHG,8534927,0.007948770187795162
1144,15_min_interval_stocks/Consumer_Discretionary/WBX.csv,15_min_interval_stocks,Consumer_Discretionary,WBX,1460341,0.0013600485399365425
1145,15_min_interval_stocks/Consumer_Discretionary/BLMN.csv,15_min_interval_stocks,Consumer_Discretionary,BLMN,5191648,0.0048350989818573
1146,15_min_interval_stocks/Consumer_Discretionary/WU.csv,15_min_interval_stocks,Consumer_Discretionary,WU,7911675,0.007368321530520916
1147,15_min_interval_stocks/Consumer_Discretionary/PPG.csv,15_min_interval_stocks,Consumer_Discretionary,PPG,10559357,0.009834167547523975
1148,15_min_interval_stocks/Consumer_Discretionary/HAFN.csv,15_min_interval_stocks,Consumer_Discretionary,HAFN,378180,0.00035220757126808167
1149,15_min_interval_stocks/Consumer_Discretionary/ATER.csv,15_min_interval_stocks,Consumer_Discretionary,ATER,2511549,0.0023390622809529305
1150,15_min_interval_stocks/Consumer_Discretionary/GPRO.csv,15_min_interval_stocks,Consumer_Discretionary,GPRO,5350418,0.004982965067028999
1151,15_min_interval_stocks/Consumer_Discretionary/OSK.csv,15_min_interval_stocks,Consumer_Discretionary,OSK,9220151,0.008586934767663479
1152,15_min_interval_stocks/Consumer_Discretionary/NUKK.csv,15_min_interval_stocks,Consumer_Discretionary,NUKK,491019,0.00045729707926511765
1153,15_min_interval_stocks/Consumer_Discretionary/AIN.csv,15_min_interval_stocks,Consumer_Discretionary,AIN,9523784,0.0088697150349617
1154,15_min_interval_stocks/Consumer_Discretionary/GAMB.csv,15_min_interval_stocks,Consumer_Discretionary,GAMB,1048169,0.0009761834517121315
1155,15_min_interval_stocks/Consumer_Discretionary/BZUN.csv,15_min_interval_stocks,Consumer_Discretionary,BZUN,3875207,0.0036090677604079247
1156,15_min_interval_stocks/Consumer_Discretionary/CRTO.csv,15_min_interval_stocks,Consumer_Discretionary,CRTO,3829082,0.0035661105066537857
1157,15_min_interval_stocks/Consumer_Discretionary/DLTR.csv,15_min_interval_stocks,Consumer_Discretionary,DLTR,10355259,0.009644086472690105
1158,15_min_interval_stocks/Consumer_Discretionary/ESEA.csv,15_min_interval_stocks,Consumer_Discretionary,ESEA,5234774,0.004875263199210167
1159,15_min_interval_stocks/Consumer_Discretionary/EFOI.csv,15_min_interval_stocks,Consumer_Discretionary,EFOI,3875977,0.0036097848787903786
1160,15_min_interval_stocks/Consumer_Discretionary/DDT.csv,15_min_interval_stocks,Consumer_Discretionary,DDT,4126284,0.003842901438474655
1161,15_min_interval_stocks/Consumer_Discretionary/SEATW.csv,15_min_interval_stocks,Consumer_Discretionary,SEATW,147777,0.00013762805610895157
1162,15_min_interval_stocks/Consumer_Discretionary/ROLR.csv,15_min_interval_stocks,Consumer_Discretionary,ROLR,27820,2.5909394025802612e-05
1163,15_min_interval_stocks/Consumer_Discretionary/GM.csv,15_min_interval_stocks,Consumer_Discretionary,GM,9070191,0.008447273634374142
1164,15_min_interval_stocks/Consumer_Discretionary/TRUG.csv,15_min_interval_stocks,Consumer_Discretionary,TRUG,225375,0.00020989682525396347
1165,15_min_interval_stocks/Consumer_Discretionary/SNCY.csv,15_min_interval_stocks,Consumer_Discretionary,SNCY,1348950,0.0012563075870275497
1166,15_min_interval_stocks/Consumer_Discretionary/KEX.csv,15_min_interval_stocks,Consumer_Discretionary,KEX,8405582,0.007828308269381523
1167,15_min_interval_stocks/Consumer_Discretionary/SVT.csv,15_min_interval_stocks,Consumer_Discretionary,SVT,1048104,0.0009761229157447815
1168,15_min_interval_stocks/Consumer_Discretionary/ZIM.csv,15_min_interval_stocks,Consumer_Discretionary,ZIM,2994716,0.0027890466153621674
1169,15_min_interval_stocks/Consumer_Discretionary/WOOF.csv,15_min_interval_stocks,Consumer_Discretionary,WOOF,1837232,0.0017110556364059448
1170,15_min_interval_stocks/Consumer_Discretionary/MCS.csv,15_min_interval_stocks,Consumer_Discretionary,MCS,8848220,0.00824054703116417
1171,15_min_interval_stocks/Consumer_Discretionary/ARMK.csv,15_min_interval_stocks,Consumer_Discretionary,ARMK,4547655,0.004235333763062954
1172,15_min_interval_stocks/Consumer_Discretionary/TKO.csv,15_min_interval_stocks,Consumer_Discretionary,TKO,669510,0.000623529776930809
1173,15_min_interval_stocks/Consumer_Discretionary/KNDI.csv,15_min_interval_stocks,Consumer_Discretionary,KNDI,5588187,0.005204404704272747
1174,15_min_interval_stocks/Consumer_Discretionary/IPG.csv,15_min_interval_stocks,Consumer_Discretionary,IPG,10105071,0.009411080740392208
1175,15_min_interval_stocks/Consumer_Discretionary/UFI.csv,15_min_interval_stocks,Consumer_Discretionary,UFI,7696386,0.007167818024754524
1176,15_min_interval_stocks/Consumer_Discretionary/UP.csv,15_min_interval_stocks,Consumer_Discretionary,UP,1500356,0.0013973154127597809
1177,15_min_interval_stocks/Consumer_Discretionary/DLHC.csv,15_min_interval_stocks,Consumer_Discretionary,DLHC,2895531,0.002696673385798931
1178,15_min_interval_stocks/Consumer_Discretionary/CTAS.csv,15_min_interval_stocks,Consumer_Discretionary,CTAS,10482764,0.009762834757566452
1179,15_min_interval_stocks/Consumer_Discretionary/SGBX.csv,15_min_interval_stocks,Consumer_Discretionary,SGBX,2584422,0.002406930550932884
1180,15_min_interval_stocks/Consumer_Discretionary/SBBA.csv,15_min_interval_stocks,Consumer_Discretionary,SBBA,486493,0.000453081913292408
1181,15_min_interval_stocks/Consumer_Discretionary/DPZ.csv,15_min_interval_stocks,Consumer_Discretionary,DPZ,8834009,0.008227312006056309
1182,15_min_interval_stocks/Consumer_Discretionary/IMAX.csv,15_min_interval_stocks,Consumer_Discretionary,IMAX,8440519,0.007860845886170864
1183,15_min_interval_stocks/Consumer_Discretionary/CNTY.csv,15_min_interval_stocks,Consumer_Discretionary,CNTY,5932273,0.005524859763681889
1184,15_min_interval_stocks/Consumer_Discretionary/FLNT.csv,15_min_interval_stocks,Consumer_Discretionary,FLNT,2679779,0.0024957386776804924
1185,15_min_interval_stocks/Consumer_Discretionary/CPRT.csv,15_min_interval_stocks,Consumer_Discretionary,CPRT,9866097,0.009188518859446049
1186,15_min_interval_stocks/Consumer_Discretionary/PTVE.csv,15_min_interval_stocks,Consumer_Discretionary,PTVE,1625349,0.0015137242153286934
1187,15_min_interval_stocks/Consumer_Discretionary/MOD.csv,15_min_interval_stocks,Consumer_Discretionary,MOD,7255073,0.0067568132653832436
1188,15_min_interval_stocks/Consumer_Discretionary/DLPN.csv,15_min_interval_stocks,Consumer_Discretionary,DLPN,1626425,0.0015147263184189796
1189,15_min_interval_stocks/Consumer_Discretionary/VIK.csv,15_min_interval_stocks,Consumer_Discretionary,VIK,322358,0.0003002192825078964
1190,15_min_interval_stocks/Consumer_Discretionary/TDTH.csv,15_min_interval_stocks,Consumer_Discretionary,TDTH,61387,5.717109888792038e-05
1191,15_min_interval_stocks/Consumer_Discretionary/YETI.csv,15_min_interval_stocks,Consumer_Discretionary,YETI,2527500,0.002353917807340622
1192,15_min_interval_stocks/Consumer_Discretionary/RSSS.csv,15_min_interval_stocks,Consumer_Discretionary,RSSS,991137,0.0009230682626366615
1193,15_min_interval_stocks/Consumer_Discretionary/WHR.csv,15_min_interval_stocks,Consumer_Discretionary,WHR,10833602,0.010089578106999397
1194,15_min_interval_stocks/Consumer_Discretionary/CRWS.csv,15_min_interval_stocks,Consumer_Discretionary,CRWS,2633365,0.0024525122717022896
1195,15_min_interval_stocks/Consumer_Discretionary/NTRP.csv,15_min_interval_stocks,Consumer_Discretionary,NTRP,100013,9.314436465501785e-05
1196,15_min_interval_stocks/Consumer_Discretionary/PHR.csv,15_min_interval_stocks,Consumer_Discretionary,PHR,1921535,0.0017895689234137535
1197,15_min_interval_stocks/Consumer_Discretionary/ASLE.csv,15_min_interval_stocks,Consumer_Discretionary,ASLE,1438237,0.001339462585747242
1198,15_min_interval_stocks/Consumer_Discretionary/BABA.csv,15_min_interval_stocks,Consumer_Discretionary,BABA,9148804,0.008520487695932388
1199,15_min_interval_stocks/Consumer_Discretionary/IBP.csv,15_min_interval_stocks,Consumer_Discretionary,IBP,4326086,0.004028981551527977
1200,15_min_interval_stocks/Consumer_Discretionary/AKA.csv,15_min_interval_stocks,Consumer_Discretionary,AKA,877731,0.0008174506947398186
1201,15_min_interval_stocks/Consumer_Discretionary/QH.csv,15_min_interval_stocks,Consumer_Discretionary,QH,1101362,0.0010257232934236526
1202,15_min_interval_stocks/Consumer_Discretionary/JBLU.csv,15_min_interval_stocks,Consumer_Discretionary,JBLU,10214857,0.009513326920568943
1203,15_min_interval_stocks/Consumer_Discretionary/GNS.csv,15_min_interval_stocks,Consumer_Discretionary,GNS,1532965,0.001427684910595417
1204,15_min_interval_stocks/Consumer_Discretionary/GNK.csv,15_min_interval_stocks,Consumer_Discretionary,GNK,3755112,0.0034972205758094788
1205,15_min_interval_stocks/Consumer_Discretionary/CTRM.csv,15_min_interval_stocks,Consumer_Discretionary,CTRM,3028384,0.0028204023838043213
1206,15_min_interval_stocks/Consumer_Discretionary/CJET.csv,15_min_interval_stocks,Consumer_Discretionary,CJET,537120,0.0005002319812774658
1207,15_min_interval_stocks/Consumer_Discretionary/IT.csv,15_min_interval_stocks,Consumer_Discretionary,IT,8818103,0.008212498389184475
1208,15_min_interval_stocks/Consumer_Discretionary/PIK.csv,15_min_interval_stocks,Consumer_Discretionary,PIK,945690,0.0008807424455881119
1209,15_min_interval_stocks/Consumer_Discretionary/JILL.csv,15_min_interval_stocks,Consumer_Discretionary,JILL,2925843,0.0027249036356806755
1210,15_min_interval_stocks/Consumer_Discretionary/FAT.csv,15_min_interval_stocks,Consumer_Discretionary,FAT,1331666,0.0012402106076478958
1211,15_min_interval_stocks/Consumer_Discretionary/MATX.csv,15_min_interval_stocks,Consumer_Discretionary,MATX,6229733,0.005801890976727009
1212,15_min_interval_stocks/Consumer_Discretionary/ASTS.csv,15_min_interval_stocks,Consumer_Discretionary,ASTS,2346134,0.002185007557272911
1213,15_min_interval_stocks/Consumer_Discretionary/ATXG.csv,15_min_interval_stocks,Consumer_Discretionary,ATXG,786428,0.0007324181497097015
1214,15_min_interval_stocks/Consumer_Discretionary/MWG.csv,15_min_interval_stocks,Consumer_Discretionary,MWG,691067,0.0006436062976717949
1215,15_min_interval_stocks/Consumer_Discretionary/ATMU.csv,15_min_interval_stocks,Consumer_Discretionary,ATMU,710393,0.0006616050377488136
1216,15_min_interval_stocks/Consumer_Discretionary/GP.csv,15_min_interval_stocks,Consumer_Discretionary,GP,1549605,0.0014431821182370186
1217,15_min_interval_stocks/Consumer_Discretionary/WHLM.csv,15_min_interval_stocks,Consumer_Discretionary,WHLM,621465,0.0005787843838334084
1218,15_min_interval_stocks/Consumer_Discretionary/KSS.csv,15_min_interval_stocks,Consumer_Discretionary,KSS,11739291,0.010933066718280315
1219,15_min_interval_stocks/Consumer_Discretionary/PAYS.csv,15_min_interval_stocks,Consumer_Discretionary,PAYS,2373252,0.0022102631628513336
1220,15_min_interval_stocks/Consumer_Discretionary/MYNA.csv,15_min_interval_stocks,Consumer_Discretionary,MYNA,453677,0.00042251963168382645
1221,15_min_interval_stocks/Consumer_Discretionary/GIII.csv,15_min_interval_stocks,Consumer_Discretionary,GIII,6904026,0.006429875269532204
1222,15_min_interval_stocks/Consumer_Discretionary/IIIV.csv,15_min_interval_stocks,Consumer_Discretionary,IIIV,2137752,0.0019909366965293884
1223,15_min_interval_stocks/Consumer_Discretionary/IGT.csv,15_min_interval_stocks,Consumer_Discretionary,IGT,10417961,0.009702482260763645
1224,15_min_interval_stocks/Consumer_Discretionary/LEVI.csv,15_min_interval_stocks,Consumer_Discretionary,LEVI,2932359,0.00273097213357687
1225,15_min_interval_stocks/Consumer_Discretionary/EVI.csv,15_min_interval_stocks,Consumer_Discretionary,EVI,2288436,0.002131272107362747
1226,15_min_interval_stocks/Consumer_Discretionary/CHEF.csv,15_min_interval_stocks,Consumer_Discretionary,CHEF,4599213,0.004283350892364979
1227,15_min_interval_stocks/Consumer_Discretionary/GRABW.csv,15_min_interval_stocks,Consumer_Discretionary,GRABW,312366,0.00029091350734233856
1228,15_min_interval_stocks/Consumer_Discretionary/JOB.csv,15_min_interval_stocks,Consumer_Discretionary,JOB,3381696,0.0031494498252868652
1229,15_min_interval_stocks/Consumer_Discretionary/ACCD.csv,15_min_interval_stocks,Consumer_Discretionary,ACCD,1641323,0.001528601162135601
1230,15_min_interval_stocks/Consumer_Discretionary/DOOO.csv,15_min_interval_stocks,Consumer_Discretionary,DOOO,2337068,0.002176564186811447
1231,15_min_interval_stocks/Consumer_Discretionary/FTEL.csv,15_min_interval_stocks,Consumer_Discretionary,FTEL,422657,0.0003936300054192543
1232,15_min_interval_stocks/Consumer_Discretionary/ZAPPW.csv,15_min_interval_stocks,Consumer_Discretionary,ZAPPW,227320,0.00021170824766159058
1233,15_min_interval_stocks/Consumer_Discretionary/LOGC.csv,15_min_interval_stocks,Consumer_Discretionary,LOGC,267920,0.000249519944190979
1234,15_min_interval_stocks/Consumer_Discretionary/BBCP.csv,15_min_interval_stocks,Consumer_Discretionary,BBCP,1715879,0.0015980368480086327
1235,15_min_interval_stocks/Consumer_Discretionary/BAH.csv,15_min_interval_stocks,Consumer_Discretionary,BAH,5739852,0.005345653742551804
1236,15_min_interval_stocks/Consumer_Discretionary/MMYT.csv,15_min_interval_stocks,Consumer_Discretionary,MMYT,4871500,0.004536937922239304
1237,15_min_interval_stocks/Consumer_Discretionary/HTZWW.csv,15_min_interval_stocks,Consumer_Discretionary,HTZWW,1000760,0.0009320303797721863
1238,15_min_interval_stocks/Consumer_Discretionary/HVT.csv,15_min_interval_stocks,Consumer_Discretionary,HVT,8854250,0.0082461629062891
1239,15_min_interval_stocks/Consumer_Discretionary/RSI.csv,15_min_interval_stocks,Consumer_Discretionary,RSI,1793820,0.0016706250607967377
1240,15_min_interval_stocks/Consumer_Discretionary/DRI.csv,15_min_interval_stocks,Consumer_Discretionary,DRI,10669727,0.009936957620084286
1241,15_min_interval_stocks/Consumer_Discretionary/KNOP.csv,15_min_interval_stocks,Consumer_Discretionary,KNOP,4153576,0.003868319094181061
1242,15_min_interval_stocks/Consumer_Discretionary/SPH.csv,15_min_interval_stocks,Consumer_Discretionary,SPH,9307848,0.008668608963489532
1243,15_min_interval_stocks/Consumer_Discretionary/ARCO.csv,15_min_interval_stocks,Consumer_Discretionary,ARCO,5308972,0.004944365471601486
1244,15_min_interval_stocks/Consumer_Discretionary/DBGIW.csv,15_min_interval_stocks,Consumer_Discretionary,DBGIW,126008,0.00011735409498214722
1245,15_min_interval_stocks/Consumer_Discretionary/NCLH.csv,15_min_interval_stocks,Consumer_Discretionary,NCLH,6052669,0.005636987276375294
1246,15_min_interval_stocks/Consumer_Discretionary/CURV.csv,15_min_interval_stocks,Consumer_Discretionary,CURV,1193622,0.0011116471141576767
1247,15_min_interval_stocks/Consumer_Discretionary/LVLU.csv,15_min_interval_stocks,Consumer_Discretionary,LVLU,779193,0.0007256800308823586
1248,15_min_interval_stocks/Consumer_Discretionary/CPTN.csv,15_min_interval_stocks,Consumer_Discretionary,CPTN,884368,0.0008236318826675415
1249,15_min_interval_stocks/Consumer_Discretionary/CNXN.csv,15_min_interval_stocks,Consumer_Discretionary,CNXN,6020951,0.00560744758695364
1250,15_min_interval_stocks/Consumer_Discretionary/BR.csv,15_min_interval_stocks,Consumer_Discretionary,BR,7316343,0.006813875399529934
1251,15_min_interval_stocks/Consumer_Discretionary/VRRM.csv,15_min_interval_stocks,Consumer_Discretionary,VRRM,2278148,0.002121690660715103
1252,15_min_interval_stocks/Consumer_Discretionary/FCN.csv,15_min_interval_stocks,Consumer_Discretionary,FCN,8200632,0.007637433707714081
1253,15_min_interval_stocks/Consumer_Discretionary/NAT.csv,15_min_interval_stocks,Consumer_Discretionary,NAT,8692333,0.008095365948975086
1254,15_min_interval_stocks/Consumer_Discretionary/TCOM.csv,15_min_interval_stocks,Consumer_Discretionary,TCOM,7707398,0.00717807374894619
1255,15_min_interval_stocks/Consumer_Discretionary/BGFV.csv,15_min_interval_stocks,Consumer_Discretionary,BGFV,7622833,0.007099316455423832
1256,15_min_interval_stocks/Consumer_Discretionary/PATK.csv,15_min_interval_stocks,Consumer_Discretionary,PATK,5534342,0.005154257640242577
1257,15_min_interval_stocks/Consumer_Discretionary/VLCN.csv,15_min_interval_stocks,Consumer_Discretionary,VLCN,1639273,0.0015266919508576393
1258,15_min_interval_stocks/Consumer_Discretionary/CSAN.csv,15_min_interval_stocks,Consumer_Discretionary,CSAN,1594097,0.0014846185222268105
1259,15_min_interval_stocks/Consumer_Discretionary/WORX.csv,15_min_interval_stocks,Consumer_Discretionary,WORX,1553869,0.001447153277695179
1260,15_min_interval_stocks/Consumer_Discretionary/ACN.csv,15_min_interval_stocks,Consumer_Discretionary,ACN,10484176,0.009764149785041809
1261,15_min_interval_stocks/Consumer_Discretionary/GNTX.csv,15_min_interval_stocks,Consumer_Discretionary,GNTX,10001126,0.009314274415373802
1262,15_min_interval_stocks/Consumer_Discretionary/RAVE.csv,15_min_interval_stocks,Consumer_Discretionary,RAVE,3643870,0.0033936183899641037
1263,15_min_interval_stocks/Consumer_Discretionary/FLWS.csv,15_min_interval_stocks,Consumer_Discretionary,FLWS,8011432,0.007461227476596832
1264,15_min_interval_stocks/Consumer_Discretionary/PENN.csv,15_min_interval_stocks,Consumer_Discretionary,PENN,10109049,0.009414785541594028
1265,15_min_interval_stocks/Consumer_Discretionary/GPK.csv,15_min_interval_stocks,Consumer_Discretionary,GPK,8975759,0.008359326981008053
1266,15_min_interval_stocks/Consumer_Discretionary/SWVLW.csv,15_min_interval_stocks,Consumer_Discretionary,SWVLW,335130,0.0003121141344308853
1267,15_min_interval_stocks/Consumer_Discretionary/BQ.csv,15_min_interval_stocks,Consumer_Discretionary,BQ,1296688,0.0012076348066329956
1268,15_min_interval_stocks/Consumer_Discretionary/HNST.csv,15_min_interval_stocks,Consumer_Discretionary,HNST,1706549,0.0015893476083874702
1269,15_min_interval_stocks/Consumer_Discretionary/VLRS.csv,15_min_interval_stocks,Consumer_Discretionary,VLRS,3801044,0.003539998084306717
1270,15_min_interval_stocks/Consumer_Discretionary/CBRL.csv,15_min_interval_stocks,Consumer_Discretionary,CBRL,10502830,0.009781522676348686
1271,15_min_interval_stocks/Consumer_Discretionary/WSM.csv,15_min_interval_stocks,Consumer_Discretionary,WSM,10370096,0.009657904505729675
1272,15_min_interval_stocks/Consumer_Discretionary/MGOL.csv,15_min_interval_stocks,Consumer_Discretionary,MGOL,880302,0.000819845125079155
1273,15_min_interval_stocks/Consumer_Discretionary/QSR.csv,15_min_interval_stocks,Consumer_Discretionary,QSR,4304710,0.0040090736001729965
1274,15_min_interval_stocks/Consumer_Discretionary/ZGN.csv,15_min_interval_stocks,Consumer_Discretionary,ZGN,1134652,0.001056727021932602
1275,15_min_interval_stocks/Consumer_Discretionary/ACEL.csv,15_min_interval_stocks,Consumer_Discretionary,ACEL,1821415,0.0016963249072432518
1276,15_min_interval_stocks/Consumer_Discretionary/PSFE.csv,15_min_interval_stocks,Consumer_Discretionary,PSFE,2218793,0.0020664120092988014
1277,15_min_interval_stocks/Consumer_Discretionary/RMR.csv,15_min_interval_stocks,Consumer_Discretionary,RMR,3210700,0.002990197390317917
1278,15_min_interval_stocks/Consumer_Discretionary/EXPO.csv,15_min_interval_stocks,Consumer_Discretionary,EXPO,7929689,0.007385098375380039
1279,15_min_interval_stocks/Consumer_Discretionary/ECO.csv,15_min_interval_stocks,Consumer_Discretionary,ECO,512809,0.0004775905981659889
1280,15_min_interval_stocks/Consumer_Discretionary/MITQ.csv,15_min_interval_stocks,Consumer_Discretionary,MITQ,968253,0.0009017558768391609
1281,15_min_interval_stocks/Consumer_Discretionary/WAI.csv,15_min_interval_stocks,Consumer_Discretionary,WAI,42028,3.914162516593933e-05
1282,15_min_interval_stocks/Consumer_Discretionary/CTOS.csv,15_min_interval_stocks,Consumer_Discretionary,CTOS,1751098,0.0016308370977640152
1283,15_min_interval_stocks/Consumer_Discretionary/RENT.csv,15_min_interval_stocks,Consumer_Discretionary,RENT,1264874,0.0011780057102441788
1284,15_min_interval_stocks/Consumer_Discretionary/TBI.csv,15_min_interval_stocks,Consumer_Discretionary,TBI,5772059,0.005375648848712444
1285,15_min_interval_stocks/Consumer_Discretionary/KELYB.csv,15_min_interval_stocks,Consumer_Discretionary,KELYB,183800,0.00017117708921432495
1286,15_min_interval_stocks/Consumer_Discretionary/PLBY.csv,15_min_interval_stocks,Consumer_Discretionary,PLBY,1842135,0.0017156219109892845
1287,15_min_interval_stocks/Consumer_Discretionary/HYLN.csv,15_min_interval_stocks,Consumer_Discretionary,HYLN,2242443,0.0020884377881884575
1288,15_min_interval_stocks/Consumer_Discretionary/PETWW.csv,15_min_interval_stocks,Consumer_Discretionary,PETWW,143716,0.0001338459551334381
1289,15_min_interval_stocks/Consumer_Discretionary/SB.csv,15_min_interval_stocks,Consumer_Discretionary,SB,6260958,0.005830971524119377
1290,15_min_interval_stocks/Consumer_Discretionary/NIPG.csv,15_min_interval_stocks,Consumer_Discretionary,NIPG,132299,0.0001232130452990532
1291,15_min_interval_stocks/Consumer_Discretionary/WINA.csv,15_min_interval_stocks,Consumer_Discretionary,WINA,2834872,0.002640180289745331
1292,15_min_interval_stocks/Consumer_Discretionary/GLNG.csv,15_min_interval_stocks,Consumer_Discretionary,GLNG,8572985,0.007984214462339878
1293,15_min_interval_stocks/Consumer_Discretionary/IEP.csv,15_min_interval_stocks,Consumer_Discretionary,IEP,6547086,0.006097448989748955
1294,15_min_interval_stocks/Consumer_Discretionary/STBX.csv,15_min_interval_stocks,Consumer_Discretionary,STBX,823894,0.0007673110812902451
1295,15_min_interval_stocks/Consumer_Discretionary/COTY.csv,15_min_interval_stocks,Consumer_Discretionary,COTY,5179129,0.004823439754545689
1296,15_min_interval_stocks/Consumer_Discretionary/VERB.csv,15_min_interval_stocks,Consumer_Discretionary,VERB,3438665,0.0032025063410401344
1297,15_min_interval_stocks/Consumer_Discretionary/CMG.csv,15_min_interval_stocks,Consumer_Discretionary,CMG,8383645,0.007807877846062183
1298,15_min_interval_stocks/Consumer_Discretionary/ATCOL.csv,15_min_interval_stocks,Consumer_Discretionary,ATCOL,200625,0.00018684659153223038
1299,15_min_interval_stocks/Consumer_Discretionary/BRLT.csv,15_min_interval_stocks,Consumer_Discretionary,BRLT,1092602,0.001017564907670021
1300,15_min_interval_stocks/Consumer_Discretionary/JTAI.csv,15_min_interval_stocks,Consumer_Discretionary,JTAI,765471,0.000712900422513485
1301,15_min_interval_stocks/Consumer_Discretionary/TITN.csv,15_min_interval_stocks,Consumer_Discretionary,TITN,5928045,0.005520922131836414
1302,15_min_interval_stocks/Consumer_Discretionary/XWEL.csv,15_min_interval_stocks,Consumer_Discretionary,XWEL,4975874,0.0046341437846422195
1303,15_min_interval_stocks/Consumer_Discretionary/BLD.csv,15_min_interval_stocks,Consumer_Discretionary,BLD,3466455,0.0032283877953886986
1304,15_min_interval_stocks/Consumer_Discretionary/OLLI.csv,15_min_interval_stocks,Consumer_Discretionary,OLLI,3444683,0.0032081110402941704
1305,15_min_interval_stocks/Consumer_Discretionary/FVRR.csv,15_min_interval_stocks,Consumer_Discretionary,FVRR,2591720,0.002413727343082428
1306,15_min_interval_stocks/Consumer_Discretionary/YUMC.csv,15_min_interval_stocks,Consumer_Discretionary,YUMC,3755573,0.0034976499155163765
1307,15_min_interval_stocks/Consumer_Discretionary/HOV.csv,15_min_interval_stocks,Consumer_Discretionary,HOV,8830643,0.008224177174270153
1308,15_min_interval_stocks/Consumer_Discretionary/RBA.csv,15_min_interval_stocks,Consumer_Discretionary,RBA,8551780,0.007964465767145157
1309,15_min_interval_stocks/Consumer_Discretionary/HOFVW.csv,15_min_interval_stocks,Consumer_Discretionary,HOFVW,639344,0.0005954355001449585
1310,15_min_interval_stocks/Consumer_Discretionary/QUAD.csv,15_min_interval_stocks,Consumer_Discretionary,QUAD,5316091,0.004950995557010174
1311,15_min_interval_stocks/Consumer_Discretionary/ETD.csv,15_min_interval_stocks,Consumer_Discretionary,ETD,5590132,0.005206216126680374
1312,15_min_interval_stocks/Consumer_Discretionary/FLL.csv,15_min_interval_stocks,Consumer_Discretionary,FLL,3810843,0.003549124114215374
1313,15_min_interval_stocks/Consumer_Discretionary/AAL.csv,15_min_interval_stocks,Consumer_Discretionary,AAL,7280977,0.006780938245356083
1314,15_min_interval_stocks/Consumer_Discretionary/EZGO.csv,15_min_interval_stocks,Consumer_Discretionary,EZGO,1374039,0.0012796735391020775
1315,15_min_interval_stocks/Consumer_Discretionary/WCC.csv,15_min_interval_stocks,Consumer_Discretionary,WCC,9247576,0.008612476289272308
1316,15_min_interval_stocks/Consumer_Discretionary/GVH.csv,15_min_interval_stocks,Consumer_Discretionary,GVH,258815,0.00024104025214910507
1317,15_min_interval_stocks/Consumer_Discretionary/ODP.csv,15_min_interval_stocks,Consumer_Discretionary,ODP,10326828,0.009617608040571213
1318,15_min_interval_stocks/Consumer_Discretionary/TLF.csv,15_min_interval_stocks,Consumer_Discretionary,TLF,143241,0.00013340357691049576
1319,15_min_interval_stocks/Consumer_Discretionary/CART.csv,15_min_interval_stocks,Consumer_Discretionary,CART,754449,0.0007026353850960732
1320,15_min_interval_stocks/Consumer_Discretionary/GOEV.csv,15_min_interval_stocks,Consumer_Discretionary,GOEV,3359604,0.00312887504696846
1321,15_min_interval_stocks/Consumer_Discretionary/BIPI.csv,15_min_interval_stocks,Consumer_Discretionary,BIPI,618965,0.0005764560773968697
1322,15_min_interval_stocks/Consumer_Discretionary/LIDRW.csv,15_min_interval_stocks,Consumer_Discretionary,LIDRW,414913,0.00038641784340143204
1323,15_min_interval_stocks/Consumer_Discretionary/ICON.csv,15_min_interval_stocks,Consumer_Discretionary,ICON,77140,7.184222340583801e-05
1324,15_min_interval_stocks/Consumer_Discretionary/AYRO.csv,15_min_interval_stocks,Consumer_Discretionary,AYRO,4543161,0.004231148399412632
1325,15_min_interval_stocks/Consumer_Discretionary/WW.csv,15_min_interval_stocks,Consumer_Discretionary,WW,9600725,0.00894137192517519
1326,15_min_interval_stocks/Consumer_Discretionary/CCO.csv,15_min_interval_stocks,Consumer_Discretionary,CCO,6776696,0.006311289966106415
1327,15_min_interval_stocks/Consumer_Discretionary/OESX.csv,15_min_interval_stocks,Consumer_Discretionary,OESX,4461417,0.004155018366873264
1328,15_min_interval_stocks/Consumer_Discretionary/SPHR.csv,15_min_interval_stocks,Consumer_Discretionary,SPHR,1797608,0.001674152910709381
1329,15_min_interval_stocks/Consumer_Discretionary/CSGP.csv,15_min_interval_stocks,Consumer_Discretionary,CSGP,8672600,0.008076988160610199
1330,15_min_interval_stocks/Consumer_Discretionary/ASGN.csv,15_min_interval_stocks,Consumer_Discretionary,ASGN,8236241,0.007670597173273563
1331,15_min_interval_stocks/Consumer_Discretionary/BKNG.csv,15_min_interval_stocks,Consumer_Discretionary,BKNG,9104155,0.008478905074298382
1332,15_min_interval_stocks/Consumer_Discretionary/DKNG.csv,15_min_interval_stocks,Consumer_Discretionary,DKNG,3533023,0.0032903840765357018
1333,15_min_interval_stocks/Consumer_Discretionary/LYTS.csv,15_min_interval_stocks,Consumer_Discretionary,LYTS,8023538,0.007472502067685127
1334,15_min_interval_stocks/Consumer_Discretionary/ECDA.csv,15_min_interval_stocks,Consumer_Discretionary,ECDA,269074,0.00025059469044208527
1335,15_min_interval_stocks/Consumer_Discretionary/STNG.csv,15_min_interval_stocks,Consumer_Discretionary,STNG,6213506,0.0057867784053087234
1336,15_min_interval_stocks/Consumer_Discretionary/HMC.csv,15_min_interval_stocks,Consumer_Discretionary,HMC,10264825,0.00955986324697733
1337,15_min_interval_stocks/Consumer_Discretionary/XBP.csv,15_min_interval_stocks,Consumer_Discretionary,XBP,311814,0.0002903994172811508
1338,15_min_interval_stocks/Consumer_Discretionary/RSVRW.csv,15_min_interval_stocks,Consumer_Discretionary,RSVRW,281365,0.0002620415762066841
1339,15_min_interval_stocks/Consumer_Discretionary/HLLY.csv,15_min_interval_stocks,Consumer_Discretionary,HLLY,1422003,0.0013243434950709343
1340,15_min_interval_stocks/Consumer_Discretionary/EL.csv,15_min_interval_stocks,Consumer_Discretionary,EL,11021016,0.010264120995998383
1341,15_min_interval_stocks/Consumer_Discretionary/SGU.csv,15_min_interval_stocks,Consumer_Discretionary,SGU,7716965,0.007186983712017536
1342,15_min_interval_stocks/Consumer_Discretionary/BZH.csv,15_min_interval_stocks,Consumer_Discretionary,BZH,9520124,0.008866306394338608
1343,15_min_interval_stocks/Consumer_Discretionary/AIEV.csv,15_min_interval_stocks,Consumer_Discretionary,AIEV,196843,0.00018332432955503464
1344,15_min_interval_stocks/Consumer_Discretionary/HTHT.csv,15_min_interval_stocks,Consumer_Discretionary,HTHT,5818324,0.005418736487627029
1345,15_min_interval_stocks/Consumer_Discretionary/CETY.csv,15_min_interval_stocks,Consumer_Discretionary,CETY,1375396,0.0012809373438358307
1346,15_min_interval_stocks/Consumer_Discretionary/OI.csv,15_min_interval_stocks,Consumer_Discretionary,OI,9828045,0.00915308017283678
1347,15_min_interval_stocks/Consumer_Discretionary/CAL.csv,15_min_interval_stocks,Consumer_Discretionary,CAL,10141221,0.009444748051464558
1348,15_min_interval_stocks/Consumer_Discretionary/SAH.csv,15_min_interval_stocks,Consumer_Discretionary,SAH,9631241,0.008969792164862156
1349,15_min_interval_stocks/Consumer_Discretionary/CASS.csv,15_min_interval_stocks,Consumer_Discretionary,CASS,5263147,0.004901687614619732
1350,15_min_interval_stocks/Consumer_Discretionary/HTZ.csv,15_min_interval_stocks,Consumer_Discretionary,HTZ,2083053,0.0019399942830204964
1351,15_min_interval_stocks/Consumer_Discretionary/RTO.csv,15_min_interval_stocks,Consumer_Discretionary,RTO,2533453,0.002359461970627308
1352,15_min_interval_stocks/Consumer_Discretionary/MHK.csv,15_min_interval_stocks,Consumer_Discretionary,MHK,9056049,0.00843410287052393
1353,15_min_interval_stocks/Consumer_Discretionary/HGV.csv,15_min_interval_stocks,Consumer_Discretionary,HGV,2833648,0.0026390403509140015
1354,15_min_interval_stocks/Consumer_Discretionary/ASPN.csv,15_min_interval_stocks,Consumer_Discretionary,ASPN,3219605,0.0029984908178448677
1355,15_min_interval_stocks/Consumer_Discretionary/SKYX.csv,15_min_interval_stocks,Consumer_Discretionary,SKYX,982097,0.0009146491065621376
1356,15_min_interval_stocks/Consumer_Discretionary/KLC.csv,15_min_interval_stocks,Consumer_Discretionary,KLC,70964,6.609037518501282e-05
1357,15_min_interval_stocks/Consumer_Discretionary/CPRI.csv,15_min_interval_stocks,Consumer_Discretionary,CPRI,5258217,0.004897096194326878
1358,15_min_interval_stocks/Consumer_Discretionary/CMPR.csv,15_min_interval_stocks,Consumer_Discretionary,CMPR,6638922,0.006182977929711342
1359,15_min_interval_stocks/Consumer_Discretionary/SDOT.csv,15_min_interval_stocks,Consumer_Discretionary,SDOT,519717,0.00048402417451143265
1360,15_min_interval_stocks/Consumer_Discretionary/BLBD.csv,15_min_interval_stocks,Consumer_Discretionary,BLBD,3248460,0.0030253641307353973
1361,15_min_interval_stocks/Consumer_Discretionary/STGW.csv,15_min_interval_stocks,Consumer_Discretionary,STGW,5448119,0.005073956213891506
1362,15_min_interval_stocks/Healthcare/ORKA.csv,15_min_interval_stocks,Healthcare,ORKA,90037,8.385349065065384e-05
1363,15_min_interval_stocks/Healthcare/VSTM.csv,15_min_interval_stocks,Healthcare,VSTM,4919126,0.00458129309117794
1364,15_min_interval_stocks/Healthcare/TENX.csv,15_min_interval_stocks,Healthcare,TENX,4765184,0.004437923431396484
1365,15_min_interval_stocks/Healthcare/ANNX.csv,15_min_interval_stocks,Healthcare,ANNX,1543157,0.001437176950275898
1366,15_min_interval_stocks/Healthcare/RVPHW.csv,15_min_interval_stocks,Healthcare,RVPHW,541003,0.0005038483068346977
1367,15_min_interval_stocks/Healthcare/HOWL.csv,15_min_interval_stocks,Healthcare,HOWL,1091167,0.0010162284597754478
1368,15_min_interval_stocks/Healthcare/VTGN.csv,15_min_interval_stocks,Healthcare,VTGN,3246248,0.003023304045200348
1369,15_min_interval_stocks/Healthcare/SKIN.csv,15_min_interval_stocks,Healthcare,SKIN,1621903,0.0015105148777365685
1370,15_min_interval_stocks/Healthcare/HYPR.csv,15_min_interval_stocks,Healthcare,HYPR,1094969,0.001019769348204136
1371,15_min_interval_stocks/Healthcare/DNLI.csv,15_min_interval_stocks,Healthcare,DNLI,2498914,0.002327295020222664
1372,15_min_interval_stocks/Healthcare/CAH.csv,15_min_interval_stocks,Healthcare,CAH,10610580,0.009881872683763504
1373,15_min_interval_stocks/Healthcare/RNAZ.csv,15_min_interval_stocks,Healthcare,RNAZ,1513503,0.0014095595106482506
1374,15_min_interval_stocks/Healthcare/SPRO.csv,15_min_interval_stocks,Healthcare,SPRO,2432249,0.002265208400785923
1375,15_min_interval_stocks/Healthcare/NAYA.csv,15_min_interval_stocks,Healthcare,NAYA,48535,4.520174115896225e-05
1376,15_min_interval_stocks/Healthcare/CELUW.csv,15_min_interval_stocks,Healthcare,CELUW,436682,0.0004066918045282364
1377,15_min_interval_stocks/Healthcare/BEAT.csv,15_min_interval_stocks,Healthcare,BEAT,5148478,0.00479489378631115
1378,15_min_interval_stocks/Healthcare/CNC.csv,15_min_interval_stocks,Healthcare,CNC,8055797,0.007502545602619648
1379,15_min_interval_stocks/Healthcare/FATE.csv,15_min_interval_stocks,Healthcare,FATE,3722982,0.0034672971814870834
1380,15_min_interval_stocks/Healthcare/PRCT.csv,15_min_interval_stocks,Healthcare,PRCT,1212880,0.0011295825242996216
1381,15_min_interval_stocks/Healthcare/XYLO.csv,15_min_interval_stocks,Healthcare,XYLO,110635,0.00010303687304258347
1382,15_min_interval_stocks/Healthcare/VIR.csv,15_min_interval_stocks,Healthcare,VIR,2124706,0.001978786662220955
1383,15_min_interval_stocks/Healthcare/CLPT.csv,15_min_interval_stocks,Healthcare,CLPT,2433924,0.002266768366098404
1384,15_min_interval_stocks/Healthcare/NLSPW.csv,15_min_interval_stocks,Healthcare,NLSPW,159216,0.00014828145503997803
1385,15_min_interval_stocks/Healthcare/BNR.csv,15_min_interval_stocks,Healthcare,BNR,1240318,0.001155136153101921
1386,15_min_interval_stocks/Healthcare/NMRA.csv,15_min_interval_stocks,Healthcare,NMRA,460315,0.000428701750934124
1387,15_min_interval_stocks/Healthcare/VERO.csv,15_min_interval_stocks,Healthcare,VERO,2262556,0.0021071694791316986
1388,15_min_interval_stocks/Healthcare/PIII.csv,15_min_interval_stocks,Healthcare,PIII,1139397,0.0010611461475491524
1389,15_min_interval_stocks/Healthcare/FBIOP.csv,15_min_interval_stocks,Healthcare,FBIOP,1074875,0.0010010553523898125
1390,15_min_interval_stocks/Healthcare/BDX.csv,15_min_interval_stocks,Healthcare,BDX,10607657,0.009879150427877903
1391,15_min_interval_stocks/Healthcare/YMAB.csv,15_min_interval_stocks,Healthcare,YMAB,2071958,0.0019296612590551376
1392,15_min_interval_stocks/Healthcare/KTTA.csv,15_min_interval_stocks,Healthcare,KTTA,828586,0.0007716808468103409
1393,15_min_interval_stocks/Healthcare/ALLK.csv,15_min_interval_stocks,Healthcare,ALLK,2385775,0.0022219261154532433
1394,15_min_interval_stocks/Healthcare/OCS.csv,15_min_interval_stocks,Healthcare,OCS,272825,0.0002540880814194679
1395,15_min_interval_stocks/Healthcare/ZNTL.csv,15_min_interval_stocks,Healthcare,ZNTL,1667582,0.001553056761622429
1396,15_min_interval_stocks/Healthcare/KLTOW.csv,15_min_interval_stocks,Healthcare,KLTOW,18696,1.7412006855010986e-05
1397,15_min_interval_stocks/Healthcare/ACXP.csv,15_min_interval_stocks,Healthcare,ACXP,852069,0.0007935510948300362
1398,15_min_interval_stocks/Healthcare/DSGN.csv,15_min_interval_stocks,Healthcare,DSGN,1226032,0.0011418312788009644
1399,15_min_interval_stocks/Healthcare/QDEL.csv,15_min_interval_stocks,Healthcare,QDEL,8366390,0.007791807875037193
1400,15_min_interval_stocks/Healthcare/COO.csv,15_min_interval_stocks,Healthcare,COO,9783379,0.009111481718719006
1401,15_min_interval_stocks/Healthcare/FNA.csv,15_min_interval_stocks,Healthcare,FNA,1114345,0.0010378146544098854
1402,15_min_interval_stocks/Healthcare/PMVP.csv,15_min_interval_stocks,Healthcare,PMVP,1428808,0.0013306811451911926
1403,15_min_interval_stocks/Healthcare/CVAC.csv,15_min_interval_stocks,Healthcare,CVAC,1887247,0.001757635734975338
1404,15_min_interval_stocks/Healthcare/STTK.csv,15_min_interval_stocks,Healthcare,STTK,1279443,0.0011915741488337517
1405,15_min_interval_stocks/Healthcare/INAB.csv,15_min_interval_stocks,Healthcare,INAB,1047746,0.0009757895022630692
1406,15_min_interval_stocks/Healthcare/IMMX.csv,15_min_interval_stocks,Healthcare,IMMX,1064893,0.0009917588904500008
1407,15_min_interval_stocks/Healthcare/AKTX.csv,15_min_interval_stocks,Healthcare,AKTX,2143361,0.0019961604848504066
1408,15_min_interval_stocks/Healthcare/CRBU.csv,15_min_interval_stocks,Healthcare,CRBU,1390632,0.0012951269745826721
1409,15_min_interval_stocks/Healthcare/GYRE.csv,15_min_interval_stocks,Healthcare,GYRE,352089,0.0003279084339737892
1410,15_min_interval_stocks/Healthcare/ALZN.csv,15_min_interval_stocks,Healthcare,ALZN,1492903,0.0013903742656111717
1411,15_min_interval_stocks/Healthcare/PLX.csv,15_min_interval_stocks,Healthcare,PLX,5946448,0.005538061261177063
1412,15_min_interval_stocks/Healthcare/ATXI.csv,15_min_interval_stocks,Healthcare,ATXI,2415307,0.0022494299337267876
1413,15_min_interval_stocks/Healthcare/PSTV.csv,15_min_interval_stocks,Healthcare,PSTV,6766602,0.006301889196038246
1414,15_min_interval_stocks/Healthcare/CLGN.csv,15_min_interval_stocks,Healthcare,CLGN,847580,0.0007893703877925873
1415,15_min_interval_stocks/Healthcare/BCLI.csv,15_min_interval_stocks,Healthcare,BCLI,4359643,0.004060233943164349
1416,15_min_interval_stocks/Healthcare/BRTX.csv,15_min_interval_stocks,Healthcare,BRTX,701645,0.0006534578278660774
1417,15_min_interval_stocks/Healthcare/ARWR.csv,15_min_interval_stocks,Healthcare,ARWR,6456050,0.00601266510784626
1418,15_min_interval_stocks/Healthcare/HALO.csv,15_min_interval_stocks,Healthcare,HALO,6717206,0.00625588558614254
1419,15_min_interval_stocks/Healthcare/PHIO.csv,15_min_interval_stocks,Healthcare,PHIO,4378269,0.0040775807574391365
1420,15_min_interval_stocks/Healthcare/ALGN.csv,15_min_interval_stocks,Healthcare,ALGN,8915166,0.008302895352244377
1421,15_min_interval_stocks/Healthcare/SBFMW.csv,15_min_interval_stocks,Healthcare,SBFMW,141706,0.000131973996758461
1422,15_min_interval_stocks/Healthcare/IRON.csv,15_min_interval_stocks,Healthcare,IRON,1333674,0.0012420807033777237
1423,15_min_interval_stocks/Healthcare/ALHC.csv,15_min_interval_stocks,Healthcare,ALHC,1286061,0.001197737641632557
1424,15_min_interval_stocks/Healthcare/LH.csv,15_min_interval_stocks,Healthcare,LH,10448882,0.00973127968609333
1425,15_min_interval_stocks/Healthcare/NERV.csv,15_min_interval_stocks,Healthcare,NERV,3176192,0.002958059310913086
1426,15_min_interval_stocks/Healthcare/NRSN.csv,15_min_interval_stocks,Healthcare,NRSN,943903,0.000879078172147274
1427,15_min_interval_stocks/Healthcare/WRBY.csv,15_min_interval_stocks,Healthcare,WRBY,1254827,0.001168648712337017
1428,15_min_interval_stocks/Healthcare/RCUS.csv,15_min_interval_stocks,Healthcare,RCUS,2381583,0.002218022011220455
1429,15_min_interval_stocks/Healthcare/XOMAO.csv,15_min_interval_stocks,Healthcare,XOMAO,394887,0.00036776717752218246
1430,15_min_interval_stocks/Healthcare/IPHA.csv,15_min_interval_stocks,Healthcare,IPHA,717379,0.0006681112572550774
1431,15_min_interval_stocks/Healthcare/SYRE.csv,15_min_interval_stocks,Healthcare,SYRE,381110,0.000354936346411705
1432,15_min_interval_stocks/Healthcare/INBS.csv,15_min_interval_stocks,Healthcare,INBS,1603608,0.0014934763312339783
1433,15_min_interval_stocks/Healthcare/BCAX.csv,15_min_interval_stocks,Healthcare,BCAX,82488,7.682293653488159e-05
1434,15_min_interval_stocks/Healthcare/ARQT.csv,15_min_interval_stocks,Healthcare,ARQT,1925576,0.0017933323979377747
1435,15_min_interval_stocks/Healthcare/INGN.csv,15_min_interval_stocks,Healthcare,INGN,3716298,0.0034610722213983536
1436,15_min_interval_stocks/Healthcare/CSBR.csv,15_min_interval_stocks,Healthcare,CSBR,1622018,0.0015106219798326492
1437,15_min_interval_stocks/Healthcare/SNOA.csv,15_min_interval_stocks,Healthcare,SNOA,4728145,0.004403428174555302
1438,15_min_interval_stocks/Healthcare/KLTO.csv,15_min_interval_stocks,Healthcare,KLTO,108927,0.00010144617408514023
1439,15_min_interval_stocks/Healthcare/ENOV.csv,15_min_interval_stocks,Healthcare,ENOV,6477255,0.006032413803040981
1440,15_min_interval_stocks/Healthcare/IMRN.csv,15_min_interval_stocks,Healthcare,IMRN,921131,0.0008578700944781303
1441,15_min_interval_stocks/Healthcare/ARGX.csv,15_min_interval_stocks,Healthcare,ARGX,2998326,0.0027924086898565292
1442,15_min_interval_stocks/Healthcare/FHTX.csv,15_min_interval_stocks,Healthcare,FHTX,1207782,0.0011248346418142319
1443,15_min_interval_stocks/Healthcare/TECX.csv,15_min_interval_stocks,Healthcare,TECX,136504,0.00012712925672531128
1444,15_min_interval_stocks/Healthcare/IRMD.csv,15_min_interval_stocks,Healthcare,IRMD,3057601,0.0028476128354668617
1445,15_min_interval_stocks/Healthcare/ANGO.csv,15_min_interval_stocks,Healthcare,ANGO,6920155,0.006444896571338177
1446,15_min_interval_stocks/Healthcare/CNTA.csv,15_min_interval_stocks,Healthcare,CNTA,1050747,0.0009785844013094902
1447,15_min_interval_stocks/Healthcare/VRAX.csv,15_min_interval_stocks,Healthcare,VRAX,928332,0.0008645765483379364
1448,15_min_interval_stocks/Healthcare/EBS.csv,15_min_interval_stocks,Healthcare,EBS,7105677,0.0066176773980259895
1449,15_min_interval_stocks/Healthcare/TALKW.csv,15_min_interval_stocks,Healthcare,TALKW,506155,0.00047139357775449753
1450,15_min_interval_stocks/Healthcare/SSY.csv,15_min_interval_stocks,Healthcare,SSY,1987760,0.0018512457609176636
1451,15_min_interval_stocks/Healthcare/NUVL.csv,15_min_interval_stocks,Healthcare,NUVL,1150782,0.0010717492550611496
1452,15_min_interval_stocks/Healthcare/BCAB.csv,15_min_interval_stocks,Healthcare,BCAB,1457863,0.0013577407225966454
1453,15_min_interval_stocks/Healthcare/XERS.csv,15_min_interval_stocks,Healthcare,XERS,2612786,0.0024333465844392776
1454,15_min_interval_stocks/Healthcare/CYTO.csv,15_min_interval_stocks,Healthcare,CYTO,3762802,0.003504382446408272
1455,15_min_interval_stocks/Healthcare/COGT.csv,15_min_interval_stocks,Healthcare,COGT,2778165,0.002587367780506611
1456,15_min_interval_stocks/Healthcare/BFRGW.csv,15_min_interval_stocks,Healthcare,BFRGW,157649,0.00014682207256555557
1457,15_min_interval_stocks/Healthcare/LTRN.csv,15_min_interval_stocks,Healthcare,LTRN,1190254,0.0011085104197263718
1458,15_min_interval_stocks/Healthcare/MMSI.csv,15_min_interval_stocks,Healthcare,MMSI,8413170,0.007835375145077705
1459,15_min_interval_stocks/Healthcare/SOLV.csv,15_min_interval_stocks,Healthcare,SOLV,398542,0.00037117116153240204
1460,15_min_interval_stocks/Healthcare/ERNA.csv,15_min_interval_stocks,Healthcare,ERNA,1093177,0.001018100418150425
1461,15_min_interval_stocks/Healthcare/VINC.csv,15_min_interval_stocks,Healthcare,VINC,1357793,0.0012645432725548744
1462,15_min_interval_stocks/Healthcare/APYX.csv,15_min_interval_stocks,Healthcare,APYX,4042049,0.0037644514814019203
1463,15_min_interval_stocks/Healthcare/LXRX.csv,15_min_interval_stocks,Healthcare,LXRX,6487046,0.0060415323823690414
1464,15_min_interval_stocks/Healthcare/MMM.csv,15_min_interval_stocks,Healthcare,MMM,12174569,0.011338450945913792
1465,15_min_interval_stocks/Healthcare/QURE.csv,15_min_interval_stocks,Healthcare,QURE,3755563,0.0034976406022906303
1466,15_min_interval_stocks/Healthcare/SIGA.csv,15_min_interval_stocks,Healthcare,SIGA,7563892,0.007044423371553421
1467,15_min_interval_stocks/Healthcare/AIMDW.csv,15_min_interval_stocks,Healthcare,AIMDW,52805,4.917848855257034e-05
1468,15_min_interval_stocks/Healthcare/FTLF.csv,15_min_interval_stocks,Healthcare,FTLF,134878,0.0001256149262189865
1469,15_min_interval_stocks/Healthcare/TDOC.csv,15_min_interval_stocks,Healthcare,TDOC,4776736,0.004448682069778442
1470,15_min_interval_stocks/Healthcare/PLSE.csv,15_min_interval_stocks,Healthcare,PLSE,2578044,0.0024009905755519867
1471,15_min_interval_stocks/Healthcare/CDIOW.csv,15_min_interval_stocks,Healthcare,CDIOW,136921,0.00012751761823892593
1472,15_min_interval_stocks/Healthcare/SAGE.csv,15_min_interval_stocks,Healthcare,SAGE,3782439,0.003522670827805996
1473,15_min_interval_stocks/Healthcare/NUVB.csv,15_min_interval_stocks,Healthcare,NUVB,1479775,0.0013781478628516197
1474,15_min_interval_stocks/Healthcare/SRPT.csv,15_min_interval_stocks,Healthcare,SRPT,9380184,0.008735977113246918
1475,15_min_interval_stocks/Healthcare/CVM.csv,15_min_interval_stocks,Healthcare,CVM,7906714,0.007363701239228249
1476,15_min_interval_stocks/Healthcare/CYTK.csv,15_min_interval_stocks,Healthcare,CYTK,6944687,0.006467743776738644
1477,15_min_interval_stocks/Healthcare/ALC.csv,15_min_interval_stocks,Healthcare,ALC,2663097,0.002480202354490757
1478,15_min_interval_stocks/Healthcare/ZLAB.csv,15_min_interval_stocks,Healthcare,ZLAB,2610880,0.0024315714836120605
1479,15_min_interval_stocks/Healthcare/CPHI.csv,15_min_interval_stocks,Healthcare,CPHI,4715466,0.004391619935631752
1480,15_min_interval_stocks/Healthcare/HUMAW.csv,15_min_interval_stocks,Healthcare,HUMAW,411742,0.00038346461951732635
1481,15_min_interval_stocks/Healthcare/CCM.csv,15_min_interval_stocks,Healthcare,CCM,2455734,0.0022870805114507675
1482,15_min_interval_stocks/Healthcare/NSPR.csv,15_min_interval_stocks,Healthcare,NSPR,4490569,0.004182168282568455
1483,15_min_interval_stocks/Healthcare/BTAI.csv,15_min_interval_stocks,Healthcare,BTAI,2628167,0.0024476712569594383
1484,15_min_interval_stocks/Healthcare/AVNS.csv,15_min_interval_stocks,Healthcare,AVNS,3476934,0.003238147124648094
1485,15_min_interval_stocks/Healthcare/OCEA.csv,15_min_interval_stocks,Healthcare,OCEA,858563,0.0007995991036295891
1486,15_min_interval_stocks/Healthcare/SMMT.csv,15_min_interval_stocks,Healthcare,SMMT,2745000,0.0025564804673194885
1487,15_min_interval_stocks/Healthcare/LFWD.csv,15_min_interval_stocks,Healthcare,LFWD,258298,0.00024055875837802887
1488,15_min_interval_stocks/Healthcare/TNGX.csv,15_min_interval_stocks,Healthcare,TNGX,1227080,0.0011428073048591614
1489,15_min_interval_stocks/Healthcare/BSX.csv,15_min_interval_stocks,Healthcare,BSX,9859306,0.009182194247841835
1490,15_min_interval_stocks/Healthcare/REVBW.csv,15_min_interval_stocks,Healthcare,REVBW,467486,0.0004353802651166916
1491,15_min_interval_stocks/Healthcare/GBIO.csv,15_min_interval_stocks,Healthcare,GBIO,1503487,0.001400231383740902
1492,15_min_interval_stocks/Healthcare/FOLD.csv,15_min_interval_stocks,Healthcare,FOLD,5854092,0.005452048033475876
1493,15_min_interval_stocks/Healthcare/ZYXI.csv,15_min_interval_stocks,Healthcare,ZYXI,2873105,0.0026757875457406044
1494,15_min_interval_stocks/Healthcare/OTRK.csv,15_min_interval_stocks,Healthcare,OTRK,2802885,0.0026103900745511055
1495,15_min_interval_stocks/Healthcare/BNOX.csv,15_min_interval_stocks,Healthcare,BNOX,728491,0.0006784601137042046
1496,15_min_interval_stocks/Healthcare/REVB.csv,15_min_interval_stocks,Healthcare,REVB,1298000,0.0012088567018508911
1497,15_min_interval_stocks/Healthcare/TRAW.csv,15_min_interval_stocks,Healthcare,TRAW,236989,0.00022071320563554764
1498,15_min_interval_stocks/Healthcare/OTLK.csv,15_min_interval_stocks,Healthcare,OTLK,2881806,0.0026838909834623337
1499,15_min_interval_stocks/Healthcare/SCLXW.csv,15_min_interval_stocks,Healthcare,SCLXW,343445,0.000319858081638813
1500,15_min_interval_stocks/Healthcare/RVP.csv,15_min_interval_stocks,Healthcare,RVP,3794453,0.0035338597372174263
1501,15_min_interval_stocks/Healthcare/CPRX.csv,15_min_interval_stocks,Healthcare,CPRX,5617194,0.005231419578194618
1502,15_min_interval_stocks/Healthcare/CABA.csv,15_min_interval_stocks,Healthcare,CABA,1865267,0.0017371652647852898
1503,15_min_interval_stocks/Healthcare/EMBC.csv,15_min_interval_stocks,Healthcare,EMBC,1095111,0.0010199015960097313
1504,15_min_interval_stocks/Healthcare/LPTX.csv,15_min_interval_stocks,Healthcare,LPTX,2642829,0.0024613263085484505
1505,15_min_interval_stocks/Healthcare/BDMD.csv,15_min_interval_stocks,Healthcare,BDMD,38394,3.575719892978668e-05
1506,15_min_interval_stocks/Healthcare/ETNB.csv,15_min_interval_stocks,Healthcare,ETNB,1787437,0.001664680428802967
1507,15_min_interval_stocks/Healthcare/MOVE.csv,15_min_interval_stocks,Healthcare,MOVE,768663,0.0007158732041716576
1508,15_min_interval_stocks/Healthcare/IMUX.csv,15_min_interval_stocks,Healthcare,IMUX,2161265,0.002012834884226322
1509,15_min_interval_stocks/Healthcare/VRNA.csv,15_min_interval_stocks,Healthcare,VRNA,1783056,0.0016606003046035767
1510,15_min_interval_stocks/Healthcare/LSB.csv,15_min_interval_stocks,Healthcare,LSB,137186,0.00012776441872119904
1511,15_min_interval_stocks/Healthcare/APM.csv,15_min_interval_stocks,Healthcare,APM,1223511,0.0011394834145903587
1512,15_min_interval_stocks/Healthcare/ORGO.csv,15_min_interval_stocks,Healthcare,ORGO,1999707,0.0018623722717165947
1513,15_min_interval_stocks/Healthcare/ADTX.csv,15_min_interval_stocks,Healthcare,ADTX,2334759,0.00217441376298666
1514,15_min_interval_stocks/Healthcare/CERO.csv,15_min_interval_stocks,Healthcare,CERO,517100,0.00048158690333366394
1515,15_min_interval_stocks/Healthcare/PHAT.csv,15_min_interval_stocks,Healthcare,PHAT,1755302,0.0016347523778676987
1516,15_min_interval_stocks/Healthcare/CRVS.csv,15_min_interval_stocks,Healthcare,CRVS,2827159,0.0026329969987273216
1517,15_min_interval_stocks/Healthcare/PFE.csv,15_min_interval_stocks,Healthcare,PFE,15176562,0.014134274795651436
1518,15_min_interval_stocks/Healthcare/SBFM.csv,15_min_interval_stocks,Healthcare,SBFM,1355835,0.0012627197429537773
1519,15_min_interval_stocks/Healthcare/IPSC.csv,15_min_interval_stocks,Healthcare,IPSC,1085678,0.0010111164301633835
1520,15_min_interval_stocks/Healthcare/PASG.csv,15_min_interval_stocks,Healthcare,PASG,1637643,0.001525173895061016
1521,15_min_interval_stocks/Healthcare/EYE.csv,15_min_interval_stocks,Healthcare,EYE,2507735,0.002335510216653347
1522,15_min_interval_stocks/Healthcare/ANTX.csv,15_min_interval_stocks,Healthcare,ANTX,788708,0.0007345415651798248
1523,15_min_interval_stocks/Healthcare/KRMD.csv,15_min_interval_stocks,Healthcare,KRMD,1899293,0.001768854446709156
1524,15_min_interval_stocks/Healthcare/BLTE.csv,15_min_interval_stocks,Healthcare,BLTE,584021,0.0005439119413495064
1525,15_min_interval_stocks/Healthcare/CDXC.csv,15_min_interval_stocks,Healthcare,CDXC,3835802,0.0035723689943552017
1526,15_min_interval_stocks/Healthcare/IXHL.csv,15_min_interval_stocks,Healthcare,IXHL,518794,0.00048316456377506256
1527,15_min_interval_stocks/Healthcare/SXTP.csv,15_min_interval_stocks,Healthcare,SXTP,601838,0.0005605053156614304
1528,15_min_interval_stocks/Healthcare/FLGT.csv,15_min_interval_stocks,Healthcare,FLGT,2541447,0.002366906963288784
1529,15_min_interval_stocks/Healthcare/KRRO.csv,15_min_interval_stocks,Healthcare,KRRO,309083,0.00028785597532987595
1530,15_min_interval_stocks/Healthcare/HROW.csv,15_min_interval_stocks,Healthcare,HROW,3285074,0.0030594635754823685
1531,15_min_interval_stocks/Healthcare/ENSC.csv,15_min_interval_stocks,Healthcare,ENSC,1612596,0.0015018470585346222
1532,15_min_interval_stocks/Healthcare/FBRX.csv,15_min_interval_stocks,Healthcare,FBRX,2490989,0.002319914288818836
1533,15_min_interval_stocks/Healthcare/WVE.csv,15_min_interval_stocks,Healthcare,WVE,2967570,0.0027637649327516556
1534,15_min_interval_stocks/Healthcare/NBTX.csv,15_min_interval_stocks,Healthcare,NBTX,424991,0.00039580371230840683
1535,15_min_interval_stocks/Healthcare/IBRX.csv,15_min_interval_stocks,Healthcare,IBRX,3751254,0.0034936275333166122
1536,15_min_interval_stocks/Healthcare/ACAD.csv,15_min_interval_stocks,Healthcare,ACAD,6988542,0.0065085869282484055
1537,15_min_interval_stocks/Healthcare/MLYS.csv,15_min_interval_stocks,Healthcare,MLYS,602772,0.0005613751709461212
1538,15_min_interval_stocks/Healthcare/ELVN.csv,15_min_interval_stocks,Healthcare,ELVN,1442509,0.0013434411957859993
1539,15_min_interval_stocks/Healthcare/PRLD.csv,15_min_interval_stocks,Healthcare,PRLD,1284319,0.0011961152777075768
1540,15_min_interval_stocks/Healthcare/ALLO.csv,15_min_interval_stocks,Healthcare,ALLO,2334572,0.002174239605665207
1541,15_min_interval_stocks/Healthcare/MDGL.csv,15_min_interval_stocks,Healthcare,MDGL,6281295,0.005849911831319332
1542,15_min_interval_stocks/Healthcare/GDTC.csv,15_min_interval_stocks,Healthcare,GDTC,249750,0.00023259781301021576
1543,15_min_interval_stocks/Healthcare/RYTM.csv,15_min_interval_stocks,Healthcare,RYTM,2524806,0.002351408824324608
1544,15_min_interval_stocks/Healthcare/CRSP.csv,15_min_interval_stocks,Healthcare,CRSP,3918367,0.0036492636427283287
1545,15_min_interval_stocks/Healthcare/PLUR.csv,15_min_interval_stocks,Healthcare,PLUR,4932983,0.004594198428094387
1546,15_min_interval_stocks/Healthcare/LYEL.csv,15_min_interval_stocks,Healthcare,LYEL,1213417,0.00113008264452219
1547,15_min_interval_stocks/Healthcare/NAMS.csv,15_min_interval_stocks,Healthcare,NAMS,564596,0.0005258210003376007
1548,15_min_interval_stocks/Healthcare/CMND.csv,15_min_interval_stocks,Healthcare,CMND,938512,0.000874057412147522
1549,15_min_interval_stocks/Healthcare/OABI.csv,15_min_interval_stocks,Healthcare,OABI,775277,0.0007220329716801643
1550,15_min_interval_stocks/Healthcare/LRMR.csv,15_min_interval_stocks,Healthcare,LRMR,3308275,0.003081071190536022
1551,15_min_interval_stocks/Healthcare/CYCN.csv,15_min_interval_stocks,Healthcare,CYCN,1534847,0.0014294376596808434
1552,15_min_interval_stocks/Healthcare/NGNE.csv,15_min_interval_stocks,Healthcare,NGNE,341840,0.0003183633089065552
1553,15_min_interval_stocks/Healthcare/UTHR.csv,15_min_interval_stocks,Healthcare,UTHR,9111472,0.008485719561576843
1554,15_min_interval_stocks/Healthcare/DMAC.csv,15_min_interval_stocks,Healthcare,DMAC,1545628,0.0014394782483577728
1555,15_min_interval_stocks/Healthcare/IPA.csv,15_min_interval_stocks,Healthcare,IPA,1304279,0.0012147044762969017
1556,15_min_interval_stocks/Healthcare/QLGN.csv,15_min_interval_stocks,Healthcare,QLGN,3437256,0.0032011941075325012
1557,15_min_interval_stocks/Healthcare/MHUA.csv,15_min_interval_stocks,Healthcare,MHUA,685184,0.000638127326965332
1558,15_min_interval_stocks/Healthcare/SPRB.csv,15_min_interval_stocks,Healthcare,SPRB,1382325,0.0012873904779553413
1559,15_min_interval_stocks/Healthcare/OKYO.csv,15_min_interval_stocks,Healthcare,OKYO,550163,0.0005123792216181755
1560,15_min_interval_stocks/Healthcare/RLAY.csv,15_min_interval_stocks,Healthcare,RLAY,1592180,0.0014828331768512726
1561,15_min_interval_stocks/Healthcare/PDEX.csv,15_min_interval_stocks,Healthcare,PDEX,2229666,0.0020765382796525955
1562,15_min_interval_stocks/Healthcare/SINT.csv,15_min_interval_stocks,Healthcare,SINT,4783861,0.004455317743122578
1563,15_min_interval_stocks/Healthcare/LGMK.csv,15_min_interval_stocks,Healthcare,LGMK,4421165,0.004117530770599842
1564,15_min_interval_stocks/Healthcare/PTGX.csv,15_min_interval_stocks,Healthcare,PTGX,2807449,0.0026146406307816505
1565,15_min_interval_stocks/Healthcare/DVA.csv,15_min_interval_stocks,Healthcare,DVA,8920658,0.008308010175824165
1566,15_min_interval_stocks/Healthcare/QNCX.csv,15_min_interval_stocks,Healthcare,QNCX,1918162,0.0017864275723695755
1567,15_min_interval_stocks/Healthcare/IDYA.csv,15_min_interval_stocks,Healthcare,IDYA,1860608,0.0017328262329101562
1568,15_min_interval_stocks/Healthcare/ILMN.csv,15_min_interval_stocks,Healthcare,ILMN,10533241,0.009809845127165318
1569,15_min_interval_stocks/Healthcare/ANIP.csv,15_min_interval_stocks,Healthcare,ANIP,5634623,0.005247651599347591
1570,15_min_interval_stocks/Healthcare/STOK.csv,15_min_interval_stocks,Healthcare,STOK,1882837,0.0017535286024212837
1571,15_min_interval_stocks/Healthcare/QNRX.csv,15_min_interval_stocks,Healthcare,QNRX,2628508,0.002447988837957382
1572,15_min_interval_stocks/Healthcare/DVAX.csv,15_min_interval_stocks,Healthcare,DVAX,7291261,0.0067905159667134285
1573,15_min_interval_stocks/Healthcare/ATXS.csv,15_min_interval_stocks,Healthcare,ATXS,3089104,0.002876952290534973
1574,15_min_interval_stocks/Healthcare/PTCT.csv,15_min_interval_stocks,Healthcare,PTCT,4041159,0.0037636226043105125
1575,15_min_interval_stocks/Healthcare/PDCO.csv,15_min_interval_stocks,Healthcare,PDCO,10290456,0.009583733975887299
1576,15_min_interval_stocks/Healthcare/IMRX.csv,15_min_interval_stocks,Healthcare,IMRX,1071634,0.0009980369359254837
1577,15_min_interval_stocks/Healthcare/SNN.csv,15_min_interval_stocks,Healthcare,SNN,9280983,0.008643588982522488
1578,15_min_interval_stocks/Healthcare/UPB.csv,15_min_interval_stocks,Healthcare,UPB,58249,5.424860864877701e-05
1579,15_min_interval_stocks/Healthcare/KIDS.csv,15_min_interval_stocks,Healthcare,KIDS,2255975,0.002101040445268154
1580,15_min_interval_stocks/Healthcare/GNPX.csv,15_min_interval_stocks,Healthcare,GNPX,2426727,0.0022600656375288963
1581,15_min_interval_stocks/Healthcare/TAK.csv,15_min_interval_stocks,Healthcare,TAK,2810961,0.0026179114356637
1582,15_min_interval_stocks/Healthcare/PCVX.csv,15_min_interval_stocks,Healthcare,PCVX,1601104,0.0014911442995071411
1583,15_min_interval_stocks/Healthcare/AMRN.csv,15_min_interval_stocks,Healthcare,AMRN,7954619,0.007408316247165203
1584,15_min_interval_stocks/Healthcare/NEPH.csv,15_min_interval_stocks,Healthcare,NEPH,1387939,0.0012926189228892326
1585,15_min_interval_stocks/Healthcare/AVGR.csv,15_min_interval_stocks,Healthcare,AVGR,4047577,0.0037695998325943947
1586,15_min_interval_stocks/Healthcare/IOBT.csv,15_min_interval_stocks,Healthcare,IOBT,794290,0.0007397402077913284
1587,15_min_interval_stocks/Healthcare/MDXG.csv,15_min_interval_stocks,Healthcare,MDXG,4185783,0.0038983142003417015
1588,15_min_interval_stocks/Healthcare/RCKT.csv,15_min_interval_stocks,Healthcare,RCKT,3447896,0.00321110337972641
1589,15_min_interval_stocks/Healthcare/ALRN.csv,15_min_interval_stocks,Healthcare,ALRN,2195835,0.0020450307056307793
1590,15_min_interval_stocks/Healthcare/AVTE.csv,15_min_interval_stocks,Healthcare,AVTE,1044362,0.0009726379066705704
1591,15_min_interval_stocks/Healthcare/INCY.csv,15_min_interval_stocks,Healthcare,INCY,9153598,0.008524952456355095
1592,15_min_interval_stocks/Healthcare/KURA.csv,15_min_interval_stocks,Healthcare,KURA,2996904,0.002791084349155426
1593,15_min_interval_stocks/Healthcare/TIL.csv,15_min_interval_stocks,Healthcare,TIL,1191726,0.0011098813265562057
1594,15_min_interval_stocks/Healthcare/AVIR.csv,15_min_interval_stocks,Healthcare,AVIR,1478363,0.0013768328353762627
1595,15_min_interval_stocks/Healthcare/FMS.csv,15_min_interval_stocks,Healthcare,FMS,9541671,0.008886373601853848
1596,15_min_interval_stocks/Healthcare/PBH.csv,15_min_interval_stocks,Healthcare,PBH,6695130,0.006235325708985329
1597,15_min_interval_stocks/Healthcare/CARA.csv,15_min_interval_stocks,Healthcare,CARA,4131100,0.0038473866879940033
1598,15_min_interval_stocks/Healthcare/SHPH.csv,15_min_interval_stocks,Healthcare,SHPH,877015,0.0008167838677763939
1599,15_min_interval_stocks/Healthcare/MBRX.csv,15_min_interval_stocks,Healthcare,MBRX,2977338,0.0027728620916604996
1600,15_min_interval_stocks/Healthcare/SLRN.csv,15_min_interval_stocks,Healthcare,SLRN,562001,0.0005234042182564735
1601,15_min_interval_stocks/Healthcare/SNSE.csv,15_min_interval_stocks,Healthcare,SNSE,973269,0.0009064273908734322
1602,15_min_interval_stocks/Healthcare/NKTX.csv,15_min_interval_stocks,Healthcare,NKTX,1725626,0.0016071144491434097
1603,15_min_interval_stocks/Healthcare/CNMD.csv,15_min_interval_stocks,Healthcare,CNMD,9835643,0.009160156361758709
1604,15_min_interval_stocks/Healthcare/EDAP.csv,15_min_interval_stocks,Healthcare,EDAP,4447393,0.004141957499086857
1605,15_min_interval_stocks/Healthcare/AIMD.csv,15_min_interval_stocks,Healthcare,AIMD,1157744,0.0010782331228256226
1606,15_min_interval_stocks/Healthcare/INNV.csv,15_min_interval_stocks,Healthcare,INNV,926949,0.0008632885292172432
1607,15_min_interval_stocks/Healthcare/NHC.csv,15_min_interval_stocks,Healthcare,NHC,6327012,0.005892489105463028
1608,15_min_interval_stocks/Healthcare/OPK.csv,15_min_interval_stocks,Healthcare,OPK,7333677,0.006830018945038319
1609,15_min_interval_stocks/Healthcare/AVAH.csv,15_min_interval_stocks,Healthcare,AVAH,1141601,0.0010631987825036049
1610,15_min_interval_stocks/Healthcare/TGTX.csv,15_min_interval_stocks,Healthcare,TGTX,4742973,0.0044172378256917
1611,15_min_interval_stocks/Healthcare/AMS.csv,15_min_interval_stocks,Healthcare,AMS,2285952,0.0021289587020874023
1612,15_min_interval_stocks/Healthcare/LEGN.csv,15_min_interval_stocks,Healthcare,LEGN,1664797,0.0015504630282521248
1613,15_min_interval_stocks/Healthcare/BIIB.csv,15_min_interval_stocks,Healthcare,BIIB,10807549,0.01006531435996294
1614,15_min_interval_stocks/Healthcare/MD.csv,15_min_interval_stocks,Healthcare,MD,5644932,0.005257252603769302
1615,15_min_interval_stocks/Healthcare/BGM.csv,15_min_interval_stocks,Healthcare,BGM,35213,3.2794661819934845e-05
1616,15_min_interval_stocks/Healthcare/ZURA.csv,15_min_interval_stocks,Healthcare,ZURA,659876,0.0006145574152469635
1617,15_min_interval_stocks/Healthcare/CGEM.csv,15_min_interval_stocks,Healthcare,CGEM,1343849,0.0012515569105744362
1618,15_min_interval_stocks/Healthcare/PMD.csv,15_min_interval_stocks,Healthcare,PMD,3760784,0.0035025030374526978
1619,15_min_interval_stocks/Healthcare/VCEL.csv,15_min_interval_stocks,Healthcare,VCEL,5788641,0.005391092039644718
1620,15_min_interval_stocks/Healthcare/NVRO.csv,15_min_interval_stocks,Healthcare,NVRO,3557189,0.0033128904178738594
1621,15_min_interval_stocks/Healthcare/EHC.csv,15_min_interval_stocks,Healthcare,EHC,6461049,0.006017320789396763
1622,15_min_interval_stocks/Healthcare/GANX.csv,15_min_interval_stocks,Healthcare,GANX,992286,0.0009241383522748947
1623,15_min_interval_stocks/Healthcare/KALA.csv,15_min_interval_stocks,Healthcare,KALA,2599335,0.002420819364488125
1624,15_min_interval_stocks/Healthcare/TNYA.csv,15_min_interval_stocks,Healthcare,TNYA,1213693,0.001130339689552784
1625,15_min_interval_stocks/Healthcare/LIXT.csv,15_min_interval_stocks,Healthcare,LIXT,967986,0.0009015072137117386
1626,15_min_interval_stocks/Healthcare/PBMWW.csv,15_min_interval_stocks,Healthcare,PBMWW,88791,8.269306272268295e-05
1627,15_min_interval_stocks/Healthcare/PROF.csv,15_min_interval_stocks,Healthcare,PROF,1305796,0.0012161172926425934
1628,15_min_interval_stocks/Healthcare/AGIO.csv,15_min_interval_stocks,Healthcare,AGIO,4045336,0.0037675127387046814
1629,15_min_interval_stocks/Healthcare/ADPT.csv,15_min_interval_stocks,Healthcare,ADPT,2580200,0.0024029985070228577
1630,15_min_interval_stocks/Healthcare/CELU.csv,15_min_interval_stocks,Healthcare,CELU,1491921,0.0013894597068428993
1631,15_min_interval_stocks/Healthcare/INTS.csv,15_min_interval_stocks,Healthcare,INTS,257543,0.00023985560983419418
1632,15_min_interval_stocks/Healthcare/AVBP.csv,15_min_interval_stocks,Healthcare,AVBP,269865,0.0002513313665986061
1633,15_min_interval_stocks/Healthcare/SMLR.csv,15_min_interval_stocks,Healthcare,SMLR,1875578,0.00174676813185215
1634,15_min_interval_stocks/Healthcare/JAGX.csv,15_min_interval_stocks,Healthcare,JAGX,5074100,0.0047256238758563995
1635,15_min_interval_stocks/Healthcare/ABEO.csv,15_min_interval_stocks,Healthcare,ABEO,4527445,0.004216511733829975
1636,15_min_interval_stocks/Healthcare/NCNA.csv,15_min_interval_stocks,Healthcare,NCNA,2229043,0.00207595806568861
1637,15_min_interval_stocks/Healthcare/KPTI.csv,15_min_interval_stocks,Healthcare,KPTI,4151998,0.0038668494671583176
1638,15_min_interval_stocks/Healthcare/STSS.csv,15_min_interval_stocks,Healthcare,STSS,978897,0.0009116688743233681
1639,15_min_interval_stocks/Healthcare/ELEV.csv,15_min_interval_stocks,Healthcare,ELEV,1112928,0.0010364949703216553
1640,15_min_interval_stocks/Healthcare/RMTI.csv,15_min_interval_stocks,Healthcare,RMTI,6881049,0.006408476270735264
1641,15_min_interval_stocks/Healthcare/TKNO.csv,15_min_interval_stocks,Healthcare,TKNO,841244,0.0007834695279598236
1642,15_min_interval_stocks/Healthcare/FRES.csv,15_min_interval_stocks,Healthcare,FRES,208393,0.00019408110529184341
1643,15_min_interval_stocks/Healthcare/PMCB.csv,15_min_interval_stocks,Healthcare,PMCB,3859699,0.003594624809920788
1644,15_min_interval_stocks/Healthcare/MLSS.csv,15_min_interval_stocks,Healthcare,MLSS,2366177,0.002203674055635929
1645,15_min_interval_stocks/Healthcare/APVO.csv,15_min_interval_stocks,Healthcare,APVO,3192467,0.002973216585814953
1646,15_min_interval_stocks/Healthcare/SLXN.csv,15_min_interval_stocks,Healthcare,SLXN,209271,0.0001948988065123558
1647,15_min_interval_stocks/Healthcare/HOTH.csv,15_min_interval_stocks,Healthcare,HOTH,2050168,0.0019093677401542664
1648,15_min_interval_stocks/Healthcare/GLUE.csv,15_min_interval_stocks,Healthcare,GLUE,1151352,0.0010722801089286804
1649,15_min_interval_stocks/Healthcare/OMER.csv,15_min_interval_stocks,Healthcare,OMER,5141208,0.004788123071193695
1650,15_min_interval_stocks/Healthcare/COR.csv,15_min_interval_stocks,Healthcare,COR,690384,0.0006429702043533325
1651,15_min_interval_stocks/Healthcare/DXR.csv,15_min_interval_stocks,Healthcare,DXR,1609199,0.0014986833557486534
1652,15_min_interval_stocks/Healthcare/COSM.csv,15_min_interval_stocks,Healthcare,COSM,1861219,0.0017333952710032463
1653,15_min_interval_stocks/Healthcare/CATX.csv,15_min_interval_stocks,Healthcare,CATX,4959704,0.004619084298610687
1654,15_min_interval_stocks/Healthcare/CUE.csv,15_min_interval_stocks,Healthcare,CUE,2291594,0.002134213224053383
1655,15_min_interval_stocks/Healthcare/IKT.csv,15_min_interval_stocks,Healthcare,IKT,1149145,0.001070224680006504
1656,15_min_interval_stocks/Healthcare/MLTX.csv,15_min_interval_stocks,Healthcare,MLTX,956875,0.000891159288585186
1657,15_min_interval_stocks/Healthcare/ECOR.csv,15_min_interval_stocks,Healthcare,ECOR,2169174,0.002020200714468956
1658,15_min_interval_stocks/Healthcare/ALVO.csv,15_min_interval_stocks,Healthcare,ALVO,605328,0.0005637556314468384
1659,15_min_interval_stocks/Healthcare/ALVOW.csv,15_min_interval_stocks,Healthcare,ALVOW,102896,9.582936763763428e-05
1660,15_min_interval_stocks/Healthcare/DARE.csv,15_min_interval_stocks,Healthcare,DARE,3813693,0.003551778383553028
1661,15_min_interval_stocks/Healthcare/BTI.csv,15_min_interval_stocks,Healthcare,BTI,11624220,0.010825898498296738
1662,15_min_interval_stocks/Healthcare/ACET.csv,15_min_interval_stocks,Healthcare,ACET,7521243,0.0070047033950686455
1663,15_min_interval_stocks/Healthcare/HOOK.csv,15_min_interval_stocks,Healthcare,HOOK,1974932,0.0018392987549304962
1664,15_min_interval_stocks/Healthcare/NVNO.csv,15_min_interval_stocks,Healthcare,NVNO,1801753,0.0016780132427811623
1665,15_min_interval_stocks/Healthcare/CRDF.csv,15_min_interval_stocks,Healthcare,CRDF,4611349,0.004294653423130512
1666,15_min_interval_stocks/Healthcare/SHC.csv,15_min_interval_stocks,Healthcare,SHC,1437693,0.0013389559462666512
1667,15_min_interval_stocks/Healthcare/NXL.csv,15_min_interval_stocks,Healthcare,NXL,633532,0.0005900226533412933
1668,15_min_interval_stocks/Healthcare/TIVC.csv,15_min_interval_stocks,Healthcare,TIVC,1272810,0.0011853966861963272
1669,15_min_interval_stocks/Healthcare/SCPX.csv,15_min_interval_stocks,Healthcare,SCPX,359760,0.00033505260944366455
1670,15_min_interval_stocks/Healthcare/RENB.csv,15_min_interval_stocks,Healthcare,RENB,539018,0.000501999631524086
1671,15_min_interval_stocks/Healthcare/QIPT.csv,15_min_interval_stocks,Healthcare,QIPT,995694,0.0009273122996091843
1672,15_min_interval_stocks/Healthcare/CYH.csv,15_min_interval_stocks,Healthcare,CYH,9328054,0.008687427267432213
1673,15_min_interval_stocks/Healthcare/TCRX.csv,15_min_interval_stocks,Healthcare,TCRX,893464,0.0008321031928062439
1674,15_min_interval_stocks/Healthcare/FTRE.csv,15_min_interval_stocks,Healthcare,FTRE,552527,0.0005145808681845665
1675,15_min_interval_stocks/Healthcare/ZVSA.csv,15_min_interval_stocks,Healthcare,ZVSA,1013138,0.0009435582906007767
1676,15_min_interval_stocks/Healthcare/IQV.csv,15_min_interval_stocks,Healthcare,IQV,2815165,0.0026218267157673836
1677,15_min_interval_stocks/Healthcare/MTNB.csv,15_min_interval_stocks,Healthcare,MTNB,3508935,0.003267950378358364
1678,15_min_interval_stocks/Healthcare/CMRX.csv,15_min_interval_stocks,Healthcare,CMRX,4211757,0.003922504372894764
1679,15_min_interval_stocks/Healthcare/PROCW.csv,15_min_interval_stocks,Healthcare,PROCW,206019,0.00019187014549970627
1680,15_min_interval_stocks/Healthcare/CDT.csv,15_min_interval_stocks,Healthcare,CDT,581190,0.00054127536714077
1681,15_min_interval_stocks/Healthcare/RGNX.csv,15_min_interval_stocks,Healthcare,RGNX,3198713,0.002979033626616001
1682,15_min_interval_stocks/Healthcare/ABCL.csv,15_min_interval_stocks,Healthcare,ABCL,1906305,0.0017753848806023598
1683,15_min_interval_stocks/Healthcare/ABT.csv,15_min_interval_stocks,Healthcare,ABT,11794069,0.010984082706272602
1684,15_min_interval_stocks/Healthcare/CSTL.csv,15_min_interval_stocks,Healthcare,CSTL,1893358,0.0017633270472288132
1685,15_min_interval_stocks/Healthcare/SSKN.csv,15_min_interval_stocks,Healthcare,SSKN,4310938,0.004014873877167702
1686,15_min_interval_stocks/Healthcare/IART.csv,15_min_interval_stocks,Healthcare,IART,9279785,0.008642473258078098
1687,15_min_interval_stocks/Healthcare/GPCR.csv,15_min_interval_stocks,Healthcare,GPCR,740574,0.0006897132843732834
1688,15_min_interval_stocks/Healthcare/BVS.csv,15_min_interval_stocks,Healthcare,BVS,1332947,0.0012414036318659782
1689,15_min_interval_stocks/Healthcare/HSDT.csv,15_min_interval_stocks,Healthcare,HSDT,2364042,0.002201685681939125
1690,15_min_interval_stocks/Healthcare/ADGM.csv,15_min_interval_stocks,Healthcare,ADGM,79116,7.36825168132782e-05
1691,15_min_interval_stocks/Healthcare/VVOS.csv,15_min_interval_stocks,Healthcare,VVOS,1410649,0.0013137692585587502
1692,15_min_interval_stocks/Healthcare/OFIX.csv,15_min_interval_stocks,Healthcare,OFIX,7712554,0.007182875648140907
1693,15_min_interval_stocks/Healthcare/GRI.csv,15_min_interval_stocks,Healthcare,GRI,1690251,0.0015741689130663872
1694,15_min_interval_stocks/Healthcare/NVST.csv,15_min_interval_stocks,Healthcare,NVST,1914756,0.0017832554876804352
1695,15_min_interval_stocks/Healthcare/GH.csv,15_min_interval_stocks,Healthcare,GH,2492173,0.002321016974747181
1696,15_min_interval_stocks/Healthcare/JNJ.csv,15_min_interval_stocks,Healthcare,JNJ,13566045,0.01263436395674944
1697,15_min_interval_stocks/Healthcare/RNXT.csv,15_min_interval_stocks,Healthcare,RNXT,715903,0.0006667366251349449
1698,15_min_interval_stocks/Healthcare/NDRA.csv,15_min_interval_stocks,Healthcare,NDRA,2677732,0.0024938322603702545
1699,15_min_interval_stocks/Healthcare/TARS.csv,15_min_interval_stocks,Healthcare,TARS,1301279,0.0012119105085730553
1700,15_min_interval_stocks/Healthcare/KYMR.csv,15_min_interval_stocks,Healthcare,KYMR,1520772,0.0014163292944431305
1701,15_min_interval_stocks/Healthcare/CINGW.csv,15_min_interval_stocks,Healthcare,CINGW,113821,0.00010600406676530838
1702,15_min_interval_stocks/Healthcare/CORT.csv,15_min_interval_stocks,Healthcare,CORT,6101663,0.0056826164945960045
1703,15_min_interval_stocks/Healthcare/ADAP.csv,15_min_interval_stocks,Healthcare,ADAP,3439537,0.003203318454325199
1704,15_min_interval_stocks/Healthcare/DCGO.csv,15_min_interval_stocks,Healthcare,DCGO,1227099,0.001142824999988079
1705,15_min_interval_stocks/Healthcare/RDNT.csv,15_min_interval_stocks,Healthcare,RDNT,5616818,0.005231069400906563
1706,15_min_interval_stocks/Healthcare/AKBA.csv,15_min_interval_stocks,Healthcare,AKBA,4464833,0.004158199764788151
1707,15_min_interval_stocks/Healthcare/CTXR.csv,15_min_interval_stocks,Healthcare,CTXR,3183353,0.0029647285118699074
1708,15_min_interval_stocks/Healthcare/ARDX.csv,15_min_interval_stocks,Healthcare,ARDX,4418871,0.004115394316613674
1709,15_min_interval_stocks/Healthcare/ALGS.csv,15_min_interval_stocks,Healthcare,ALGS,1359837,0.0012664468958973885
1710,15_min_interval_stocks/Healthcare/TLRY.csv,15_min_interval_stocks,Healthcare,TLRY,4361001,0.004061498679220676
1711,15_min_interval_stocks/Healthcare/BTSG.csv,15_min_interval_stocks,Healthcare,BTSG,342686,0.00031915120780467987
1712,15_min_interval_stocks/Healthcare/ATHE.csv,15_min_interval_stocks,Healthcare,ATHE,3781575,0.003521866165101528
1713,15_min_interval_stocks/Healthcare/NKGN.csv,15_min_interval_stocks,Healthcare,NKGN,521227,0.000485430471599102
1714,15_min_interval_stocks/Healthcare/EPIX.csv,15_min_interval_stocks,Healthcare,EPIX,1708607,0.001591264270246029
1715,15_min_interval_stocks/Healthcare/ITRM.csv,15_min_interval_stocks,Healthcare,ITRM,2446209,0.002278209663927555
1716,15_min_interval_stocks/Healthcare/AMGN.csv,15_min_interval_stocks,Healthcare,AMGN,13137720,0.012235455214977264
1717,15_min_interval_stocks/Healthcare/ULS.csv,15_min_interval_stocks,Healthcare,ULS,308548,0.00028735771775245667
1718,15_min_interval_stocks/Healthcare/NLSP.csv,15_min_interval_stocks,Healthcare,NLSP,1321284,0.001230541616678238
1719,15_min_interval_stocks/Healthcare/LFVN.csv,15_min_interval_stocks,Healthcare,LFVN,4947601,0.004607812501490116
1720,15_min_interval_stocks/Healthcare/EW.csv,15_min_interval_stocks,Healthcare,EW,9748198,0.009078716859221458
1721,15_min_interval_stocks/Healthcare/SNCRL.csv,15_min_interval_stocks,Healthcare,SNCRL,347192,0.0003233477473258972
1722,15_min_interval_stocks/Healthcare/NXLIW.csv,15_min_interval_stocks,Healthcare,NXLIW,75738,7.053650915622711e-05
1723,15_min_interval_stocks/Healthcare/THTX.csv,15_min_interval_stocks,Healthcare,THTX,2121759,0.001976042054593563
1724,15_min_interval_stocks/Healthcare/IONS.csv,15_min_interval_stocks,Healthcare,IONS,8306347,0.007735888473689556
1725,15_min_interval_stocks/Healthcare/EYEN.csv,15_min_interval_stocks,Healthcare,EYEN,2144750,0.0019974540919065475
1726,15_min_interval_stocks/Healthcare/RXST.csv,15_min_interval_stocks,Healthcare,RXST,1148306,0.0010694433003664017
1727,15_min_interval_stocks/Healthcare/SRZN.csv,15_min_interval_stocks,Healthcare,SRZN,672169,0.0006260061636567116
1728,15_min_interval_stocks/Healthcare/RDHL.csv,15_min_interval_stocks,Healthcare,RDHL,4057936,0.0037792474031448364
1729,15_min_interval_stocks/Healthcare/CTOR.csv,15_min_interval_stocks,Healthcare,CTOR,142212,0.00013244524598121643
1730,15_min_interval_stocks/Healthcare/NBY.csv,15_min_interval_stocks,Healthcare,NBY,5341752,0.004974894225597382
1731,15_min_interval_stocks/Healthcare/PGNY.csv,15_min_interval_stocks,Healthcare,PGNY,1971931,0.0018365038558840752
1732,15_min_interval_stocks/Healthcare/PRTA.csv,15_min_interval_stocks,Healthcare,PRTA,4133511,0.003849632106721401
1733,15_min_interval_stocks/Healthcare/MGX.csv,15_min_interval_stocks,Healthcare,MGX,270418,0.00025184638798236847
1734,15_min_interval_stocks/Healthcare/MIRM.csv,15_min_interval_stocks,Healthcare,MIRM,1830641,0.0017049172893166542
1735,15_min_interval_stocks/Healthcare/INDV.csv,15_min_interval_stocks,Healthcare,INDV,505337,0.00047063175588846207
1736,15_min_interval_stocks/Healthcare/ALLR.csv,15_min_interval_stocks,Healthcare,ALLR,1600566,0.001490643247961998
1737,15_min_interval_stocks/Healthcare/NAMSW.csv,15_min_interval_stocks,Healthcare,NAMSW,123610,0.0001151207834482193
1738,15_min_interval_stocks/Healthcare/APLM.csv,15_min_interval_stocks,Healthcare,APLM,759539,0.0007073758170008659
1739,15_min_interval_stocks/Healthcare/PHVS.csv,15_min_interval_stocks,Healthcare,PHVS,692848,0.0006452649831771851
1740,15_min_interval_stocks/Healthcare/ENLV.csv,15_min_interval_stocks,Healthcare,ENLV,2426564,0.002259913831949234
1741,15_min_interval_stocks/Healthcare/DRUG.csv,15_min_interval_stocks,Healthcare,DRUG,862940,0.000803675502538681
1742,15_min_interval_stocks/Healthcare/RGEN.csv,15_min_interval_stocks,Healthcare,RGEN,7797901,0.0072623612359166145
1743,15_min_interval_stocks/Healthcare/COCH.csv,15_min_interval_stocks,Healthcare,COCH,302364,0.00028159841895103455
1744,15_min_interval_stocks/Healthcare/GERN.csv,15_min_interval_stocks,Healthcare,GERN,9747088,0.009077683091163635
1745,15_min_interval_stocks/Healthcare/DYAI.csv,15_min_interval_stocks,Healthcare,DYAI,2465658,0.0022963229566812515
1746,15_min_interval_stocks/Healthcare/INFU.csv,15_min_interval_stocks,Healthcare,INFU,2665323,0.002482275478541851
1747,15_min_interval_stocks/Healthcare/NBIX.csv,15_min_interval_stocks,Healthcare,NBIX,8890543,0.00827996339648962
1748,15_min_interval_stocks/Healthcare/GRFS.csv,15_min_interval_stocks,Healthcare,GRFS,5540355,0.0051598576828837395
1749,15_min_interval_stocks/Healthcare/NATR.csv,15_min_interval_stocks,Healthcare,NATR,3813152,0.003551274538040161
1750,15_min_interval_stocks/Healthcare/BIAF.csv,15_min_interval_stocks,Healthcare,BIAF,582263,0.0005422746762633324
1751,15_min_interval_stocks/Healthcare/LQDA.csv,15_min_interval_stocks,Healthcare,LQDA,2271688,0.002115674316883087
1752,15_min_interval_stocks/Healthcare/UFPT.csv,15_min_interval_stocks,Healthcare,UFPT,4523106,0.004212470725178719
1753,15_min_interval_stocks/Healthcare/ARTL.csv,15_min_interval_stocks,Healthcare,ARTL,1753459,0.0016330359503626823
1754,15_min_interval_stocks/Healthcare/ELDN.csv,15_min_interval_stocks,Healthcare,ELDN,2763751,0.0025739436969161034
1755,15_min_interval_stocks/Healthcare/CDTX.csv,15_min_interval_stocks,Healthcare,CDTX,3153722,0.002937132492661476
1756,15_min_interval_stocks/Healthcare/MRSN.csv,15_min_interval_stocks,Healthcare,MRSN,2637881,0.002456718124449253
1757,15_min_interval_stocks/Healthcare/LGVN.csv,15_min_interval_stocks,Healthcare,LGVN,1591818,0.0014824960380792618
1758,15_min_interval_stocks/Healthcare/KDLY.csv,15_min_interval_stocks,Healthcare,KDLY,195764,0.00018231943249702454
1759,15_min_interval_stocks/Healthcare/RDY.csv,15_min_interval_stocks,Healthcare,RDY,8908590,0.008296770974993706
1760,15_min_interval_stocks/Healthcare/HROWL.csv,15_min_interval_stocks,Healthcare,HROWL,520733,0.000484970398247242
1761,15_min_interval_stocks/Healthcare/CLLS.csv,15_min_interval_stocks,Healthcare,CLLS,3317851,0.00308998953551054
1762,15_min_interval_stocks/Healthcare/SRTS.csv,15_min_interval_stocks,Healthcare,SRTS,1761169,0.0016402164474129677
1763,15_min_interval_stocks/Healthcare/LUCY.csv,15_min_interval_stocks,Healthcare,LUCY,923046,0.000859653577208519
1764,15_min_interval_stocks/Healthcare/DGX.csv,15_min_interval_stocks,Healthcare,DGX,10419987,0.009704369120299816
1765,15_min_interval_stocks/Healthcare/URGN.csv,15_min_interval_stocks,Healthcare,URGN,2473648,0.002303764224052429
1766,15_min_interval_stocks/Healthcare/INMB.csv,15_min_interval_stocks,Healthcare,INMB,1660992,0.0015469193458557129
1767,15_min_interval_stocks/Healthcare/GKOS.csv,15_min_interval_stocks,Healthcare,GKOS,3327288,0.0030987784266471863
1768,15_min_interval_stocks/Healthcare/BIAFW.csv,15_min_interval_stocks,Healthcare,BIAFW,86903,8.093472570180893e-05
1769,15_min_interval_stocks/Healthcare/AVDL.csv,15_min_interval_stocks,Healthcare,AVDL,5313846,0.004948904737830162
1770,15_min_interval_stocks/Healthcare/VYNE.csv,15_min_interval_stocks,Healthcare,VYNE,2485292,0.002314608544111252
1771,15_min_interval_stocks/Healthcare/MRNA.csv,15_min_interval_stocks,Healthcare,MRNA,4056107,0.0037775440141558647
1772,15_min_interval_stocks/Healthcare/NUS.csv,15_min_interval_stocks,Healthcare,NUS,9673990,0.009009605273604393
1773,15_min_interval_stocks/Healthcare/ANEB.csv,15_min_interval_stocks,Healthcare,ANEB,248336,0.00023128092288970947
1774,15_min_interval_stocks/Healthcare/HCWB.csv,15_min_interval_stocks,Healthcare,HCWB,555612,0.0005174539983272552
1775,15_min_interval_stocks/Healthcare/PAVMZ.csv,15_min_interval_stocks,Healthcare,PAVMZ,482754,0.0004495996981859207
1776,15_min_interval_stocks/Healthcare/NRXS.csv,15_min_interval_stocks,Healthcare,NRXS,204318,0.00019028596580028534
1777,15_min_interval_stocks/Healthcare/ADMA.csv,15_min_interval_stocks,Healthcare,ADMA,3622327,0.0033735549077391624
1778,15_min_interval_stocks/Healthcare/FULC.csv,15_min_interval_stocks,Healthcare,FULC,1835901,0.0017098160460591316
1779,15_min_interval_stocks/Healthcare/BDRX.csv,15_min_interval_stocks,Healthcare,BDRX,2788923,0.002597386948764324
1780,15_min_interval_stocks/Healthcare/CGEN.csv,15_min_interval_stocks,Healthcare,CGEN,6882062,0.006409419700503349
1781,15_min_interval_stocks/Healthcare/CRVO.csv,15_min_interval_stocks,Healthcare,CRVO,318868,0.0002969689667224884
1782,15_min_interval_stocks/Healthcare/DOMH.csv,15_min_interval_stocks,Healthcare,DOMH,5157765,0.0048035429790616035
1783,15_min_interval_stocks/Healthcare/DAWN.csv,15_min_interval_stocks,Healthcare,DAWN,1296492,0.001207452267408371
1784,15_min_interval_stocks/Healthcare/COEPW.csv,15_min_interval_stocks,Healthcare,COEPW,311382,0.00028999708592891693
1785,15_min_interval_stocks/Healthcare/TSVT.csv,15_min_interval_stocks,Healthcare,TSVT,1157183,0.0010777106508612633
1786,15_min_interval_stocks/Healthcare/XBIT.csv,15_min_interval_stocks,Healthcare,XBIT,3056643,0.00284672062844038
1787,15_min_interval_stocks/Healthcare/GNFT.csv,15_min_interval_stocks,Healthcare,GNFT,1098790,0.0010233279317617416
1788,15_min_interval_stocks/Healthcare/SVRA.csv,15_min_interval_stocks,Healthcare,SVRA,6032967,0.00561863835901022
1789,15_min_interval_stocks/Healthcare/QTTB.csv,15_min_interval_stocks,Healthcare,QTTB,224245,0.00020884443074464798
1790,15_min_interval_stocks/Healthcare/KPRX.csv,15_min_interval_stocks,Healthcare,KPRX,3055502,0.002845657989382744
1791,15_min_interval_stocks/Healthcare/MGRM.csv,15_min_interval_stocks,Healthcare,MGRM,525236,0.0004891641438007355
1792,15_min_interval_stocks/Healthcare/MNOV.csv,15_min_interval_stocks,Healthcare,MNOV,3532700,0.003290083259344101
1793,15_min_interval_stocks/Healthcare/TOI.csv,15_min_interval_stocks,Healthcare,TOI,1124342,0.0010471250861883163
1794,15_min_interval_stocks/Healthcare/MYNZ.csv,15_min_interval_stocks,Healthcare,MYNZ,1023818,0.00095350481569767
1795,15_min_interval_stocks/Healthcare/ALUR.csv,15_min_interval_stocks,Healthcare,ALUR,496889,0.0004627639427781105
1796,15_min_interval_stocks/Healthcare/LIXTW.csv,15_min_interval_stocks,Healthcare,LIXTW,163653,0.0001524137333035469
1797,15_min_interval_stocks/Healthcare/VSEE.csv,15_min_interval_stocks,Healthcare,VSEE,227891,0.00021224003285169601
1798,15_min_interval_stocks/Healthcare/ISPC.csv,15_min_interval_stocks,Healthcare,ISPC,1100301,0.0010247351601719856
1799,15_min_interval_stocks/Healthcare/TNDM.csv,15_min_interval_stocks,Healthcare,TNDM,4174737,0.003888026811182499
1800,15_min_interval_stocks/Healthcare/TRUP.csv,15_min_interval_stocks,Healthcare,TRUP,3622405,0.0033736275508999825
1801,15_min_interval_stocks/Healthcare/CRL.csv,15_min_interval_stocks,Healthcare,CRL,8646614,0.008052786812186241
1802,15_min_interval_stocks/Healthcare/CI.csv,15_min_interval_stocks,Healthcare,CI,10958104,0.010205529630184174
1803,15_min_interval_stocks/Healthcare/RZLT.csv,15_min_interval_stocks,Healthcare,RZLT,1028708,0.0009580589830875397
1804,15_min_interval_stocks/Healthcare/RGC.csv,15_min_interval_stocks,Healthcare,RGC,413368,0.0003849789500236511
1805,15_min_interval_stocks/Healthcare/CTCX.csv,15_min_interval_stocks,Healthcare,CTCX,323677,0.00030144769698381424
1806,15_min_interval_stocks/Healthcare/SLNO.csv,15_min_interval_stocks,Healthcare,SLNO,3002047,0.0027958741411566734
1807,15_min_interval_stocks/Healthcare/CALC.csv,15_min_interval_stocks,Healthcare,CALC,229491,0.00021373014897108078
1808,15_min_interval_stocks/Healthcare/ENZ.csv,15_min_interval_stocks,Healthcare,ENZ,9058456,0.008436344563961029
1809,15_min_interval_stocks/Healthcare/CDNA.csv,15_min_interval_stocks,Healthcare,CDNA,3121922,0.002907516434788704
1810,15_min_interval_stocks/Healthcare/PMN.csv,15_min_interval_stocks,Healthcare,PMN,350623,0.0003265431150794029
1811,15_min_interval_stocks/Healthcare/ZOM.csv,15_min_interval_stocks,Healthcare,ZOM,4186096,0.003898605704307556
1812,15_min_interval_stocks/Healthcare/TBPH.csv,15_min_interval_stocks,Healthcare,TBPH,3559847,0.0033153658732771873
1813,15_min_interval_stocks/Healthcare/CRON.csv,15_min_interval_stocks,Healthcare,CRON,3660674,0.003409268334507942
1814,15_min_interval_stocks/Healthcare/ZVRA.csv,15_min_interval_stocks,Healthcare,ZVRA,1526678,0.0014218296855688095
1815,15_min_interval_stocks/Healthcare/HSCS.csv,15_min_interval_stocks,Healthcare,HSCS,927760,0.0008640438318252563
1816,15_min_interval_stocks/Healthcare/NUWE.csv,15_min_interval_stocks,Healthcare,NUWE,5706717,0.00531479436904192
1817,15_min_interval_stocks/Healthcare/SIBN.csv,15_min_interval_stocks,Healthcare,SIBN,2073663,0.001931249164044857
1818,15_min_interval_stocks/Healthcare/ZJYL.csv,15_min_interval_stocks,Healthcare,ZJYL,696715,0.0006488664075732231
1819,15_min_interval_stocks/Healthcare/CGTX.csv,15_min_interval_stocks,Healthcare,CGTX,1006194,0.0009370911866426468
1820,15_min_interval_stocks/Healthcare/NRXP.csv,15_min_interval_stocks,Healthcare,NRXP,1771270,0.0016496237367391586
1821,15_min_interval_stocks/Healthcare/KDLYW.csv,15_min_interval_stocks,Healthcare,KDLYW,17907,1.6677193343639374e-05
1822,15_min_interval_stocks/Healthcare/AMED.csv,15_min_interval_stocks,Healthcare,AMED,7829377,0.007291675545275211
1823,15_min_interval_stocks/Healthcare/APLS.csv,15_min_interval_stocks,Healthcare,APLS,2698046,0.0025127511471509933
1824,15_min_interval_stocks/Healthcare/INDP.csv,15_min_interval_stocks,Healthcare,INDP,737525,0.0006868736818432808
1825,15_min_interval_stocks/Healthcare/ADVM.csv,15_min_interval_stocks,Healthcare,ADVM,3580295,0.0033344095572829247
1826,15_min_interval_stocks/Healthcare/PIRS.csv,15_min_interval_stocks,Healthcare,PIRS,3241705,0.0030190730467438698
1827,15_min_interval_stocks/Healthcare/ITOS.csv,15_min_interval_stocks,Healthcare,ITOS,1520121,0.0014157230034470558
1828,15_min_interval_stocks/Healthcare/GLYC.csv,15_min_interval_stocks,Healthcare,GLYC,3595436,0.0033485107123851776
1829,15_min_interval_stocks/Healthcare/GLSI.csv,15_min_interval_stocks,Healthcare,GLSI,1233950,0.0011492054909467697
1830,15_min_interval_stocks/Healthcare/CLDX.csv,15_min_interval_stocks,Healthcare,CLDX,5954148,0.005545232445001602
1831,15_min_interval_stocks/Healthcare/BON.csv,15_min_interval_stocks,Healthcare,BON,790681,0.0007363790646195412
1832,15_min_interval_stocks/Healthcare/IRWD.csv,15_min_interval_stocks,Healthcare,IRWD,5280960,0.004918277263641357
1833,15_min_interval_stocks/Healthcare/OSTX.csv,15_min_interval_stocks,Healthcare,OSTX,115291,0.00010737311094999313
1834,15_min_interval_stocks/Healthcare/JANX.csv,15_min_interval_stocks,Healthcare,JANX,1152378,0.001073235645890236
1835,15_min_interval_stocks/Healthcare/EDSA.csv,15_min_interval_stocks,Healthcare,EDSA,2979394,0.002774776890873909
1836,15_min_interval_stocks/Healthcare/MGRX.csv,15_min_interval_stocks,Healthcare,MGRX,807695,0.0007522245869040489
1837,15_min_interval_stocks/Healthcare/AMRX.csv,15_min_interval_stocks,Healthcare,AMRX,2453386,0.0022848937660455704
1838,15_min_interval_stocks/Healthcare/ANIX.csv,15_min_interval_stocks,Healthcare,ANIX,3393400,0.003160350024700165
1839,15_min_interval_stocks/Healthcare/IMVT.csv,15_min_interval_stocks,Healthcare,IMVT,1902505,0.001771845854818821
1840,15_min_interval_stocks/Healthcare/ANIK.csv,15_min_interval_stocks,Healthcare,ANIK,6830918,0.006361788138747215
1841,15_min_interval_stocks/Healthcare/GOVXW.csv,15_min_interval_stocks,Healthcare,GOVXW,229399,0.00021364446729421616
1842,15_min_interval_stocks/Healthcare/VIRX.csv,15_min_interval_stocks,Healthcare,VIRX,4648465,0.00432922039180994
1843,15_min_interval_stocks/Healthcare/KZR.csv,15_min_interval_stocks,Healthcare,KZR,2119992,0.0019743964076042175
1844,15_min_interval_stocks/Healthcare/OM.csv,15_min_interval_stocks,Healthcare,OM,1614568,0.001503683626651764
1845,15_min_interval_stocks/Healthcare/NEUE.csv,15_min_interval_stocks,Healthcare,NEUE,121657,0.00011330191045999527
1846,15_min_interval_stocks/Healthcare/GEHC.csv,15_min_interval_stocks,Healthcare,GEHC,1265143,0.0011782562360167503
1847,15_min_interval_stocks/Healthcare/INO.csv,15_min_interval_stocks,Healthcare,INO,7676571,0.0071493638679385185
1848,15_min_interval_stocks/Healthcare/INM.csv,15_min_interval_stocks,Healthcare,INM,2789612,0.0025980286300182343
1849,15_min_interval_stocks/Healthcare/LIVN.csv,15_min_interval_stocks,Healthcare,LIVN,3148222,0.002932010218501091
1850,15_min_interval_stocks/Healthcare/DRTS.csv,15_min_interval_stocks,Healthcare,DRTS,603471,0.0005620261654257774
1851,15_min_interval_stocks/Healthcare/BMRN.csv,15_min_interval_stocks,Healthcare,BMRN,8823076,0.008217129856348038
1852,15_min_interval_stocks/Healthcare/GTBP.csv,15_min_interval_stocks,Healthcare,GTBP,1112794,0.0010363701730966568
1853,15_min_interval_stocks/Healthcare/XLO.csv,15_min_interval_stocks,Healthcare,XLO,766552,0.0007139071822166443
1854,15_min_interval_stocks/Healthcare/ABSI.csv,15_min_interval_stocks,Healthcare,ABSI,1345552,0.0012531429529190063
1855,15_min_interval_stocks/Healthcare/CSCI.csv,15_min_interval_stocks,Healthcare,CSCI,33146,3.086961805820465e-05
1856,15_min_interval_stocks/Healthcare/EVOK.csv,15_min_interval_stocks,Healthcare,EVOK,3172477,0.0029545994475483894
1857,15_min_interval_stocks/Healthcare/SYRS.csv,15_min_interval_stocks,Healthcare,SYRS,2827413,0.002633233554661274
1858,15_min_interval_stocks/Healthcare/VTVT.csv,15_min_interval_stocks,Healthcare,VTVT,2852422,0.0026565250009298325
1859,15_min_interval_stocks/Healthcare/ARCT.csv,15_min_interval_stocks,Healthcare,ARCT,3822668,0.003560137003660202
1860,15_min_interval_stocks/Healthcare/APRE.csv,15_min_interval_stocks,Healthcare,APRE,1565238,0.0014577414840459824
1861,15_min_interval_stocks/Healthcare/NRC.csv,15_min_interval_stocks,Healthcare,NRC,2961884,0.002758469432592392
1862,15_min_interval_stocks/Healthcare/MESO.csv,15_min_interval_stocks,Healthcare,MESO,2753911,0.002564779482781887
1863,15_min_interval_stocks/Healthcare/PALI.csv,15_min_interval_stocks,Healthcare,PALI,6791312,0.006324902176856995
1864,15_min_interval_stocks/Healthcare/RANI.csv,15_min_interval_stocks,Healthcare,RANI,946466,0.0008814651519060135
1865,15_min_interval_stocks/Healthcare/CTMX.csv,15_min_interval_stocks,Healthcare,CTMX,3239923,0.003017413429915905
1866,15_min_interval_stocks/Healthcare/KTTAW.csv,15_min_interval_stocks,Healthcare,KTTAW,123899,0.00011538993567228317
1867,15_min_interval_stocks/Healthcare/KROS.csv,15_min_interval_stocks,Healthcare,KROS,1557223,0.0014502769336104393
1868,15_min_interval_stocks/Healthcare/ALNY.csv,15_min_interval_stocks,Healthcare,ALNY,7391478,0.006883850321173668
1869,15_min_interval_stocks/Healthcare/COCHW.csv,15_min_interval_stocks,Healthcare,COCHW,70882,6.601400673389435e-05
1870,15_min_interval_stocks/Healthcare/NKGNW.csv,15_min_interval_stocks,Healthcare,NKGNW,38678,3.602169454097748e-05
1871,15_min_interval_stocks/Healthcare/CLRB.csv,15_min_interval_stocks,Healthcare,CLRB,3827809,0.0035649249330163
1872,15_min_interval_stocks/Healthcare/MBOT.csv,15_min_interval_stocks,Healthcare,MBOT,6099756,0.005680840462446213
1873,15_min_interval_stocks/Healthcare/CDTTW.csv,15_min_interval_stocks,Healthcare,CDTTW,49788,4.6368688344955444e-05
1874,15_min_interval_stocks/Healthcare/CAPR.csv,15_min_interval_stocks,Healthcare,CAPR,3498546,0.003258274868130684
1875,15_min_interval_stocks/Healthcare/AXGN.csv,15_min_interval_stocks,Healthcare,AXGN,3655667,0.0034046052023768425
1876,15_min_interval_stocks/Healthcare/UPC.csv,15_min_interval_stocks,Healthcare,UPC,1009925,0.0009405659511685371
1877,15_min_interval_stocks/Healthcare/ELTX.csv,15_min_interval_stocks,Healthcare,ELTX,306544,0.00028549134731292725
1878,15_min_interval_stocks/Healthcare/ATEC.csv,15_min_interval_stocks,Healthcare,ATEC,5645449,0.005257734097540379
1879,15_min_interval_stocks/Healthcare/OKUR.csv,15_min_interval_stocks,Healthcare,OKUR,50494,4.702620208263397e-05
1880,15_min_interval_stocks/Healthcare/CHE.csv,15_min_interval_stocks,Healthcare,CHE,8102598,0.007546132430434227
1881,15_min_interval_stocks/Healthcare/VTYX.csv,15_min_interval_stocks,Healthcare,VTYX,1253156,0.0011670924723148346
1882,15_min_interval_stocks/Healthcare/ABVX.csv,15_min_interval_stocks,Healthcare,ABVX,317496,0.00029569119215011597
1883,15_min_interval_stocks/Healthcare/GMAB.csv,15_min_interval_stocks,Healthcare,GMAB,2263139,0.0021077124401926994
1884,15_min_interval_stocks/Healthcare/POCI.csv,15_min_interval_stocks,Healthcare,POCI,138296,0.00012879818677902222
1885,15_min_interval_stocks/Healthcare/EOLS.csv,15_min_interval_stocks,Healthcare,EOLS,2497654,0.0023261215537786484
1886,15_min_interval_stocks/Healthcare/PRFX.csv,15_min_interval_stocks,Healthcare,PRFX,1155675,0.0010763062164187431
1887,15_min_interval_stocks/Healthcare/GRCE.csv,15_min_interval_stocks,Healthcare,GRCE,26988,2.5134533643722534e-05
1888,15_min_interval_stocks/Healthcare/STAA.csv,15_min_interval_stocks,Healthcare,STAA,7553150,0.0070344191044569016
1889,15_min_interval_stocks/Healthcare/AWH.csv,15_min_interval_stocks,Healthcare,AWH,6097403,0.0056786490604281425
1890,15_min_interval_stocks/Healthcare/ICLR.csv,15_min_interval_stocks,Healthcare,ICLR,7936984,0.007391892373561859
1891,15_min_interval_stocks/Healthcare/TVTX.csv,15_min_interval_stocks,Healthcare,TVTX,3895194,0.0036276821047067642
1892,15_min_interval_stocks/Healthcare/BGLC.csv,15_min_interval_stocks,Healthcare,BGLC,568338,0.0005293060094118118
1893,15_min_interval_stocks/Healthcare/VXRT.csv,15_min_interval_stocks,Healthcare,VXRT,4651199,0.004331766627728939
1894,15_min_interval_stocks/Healthcare/SNPX.csv,15_min_interval_stocks,Healthcare,SNPX,1071173,0.000997607596218586
1895,15_min_interval_stocks/Healthcare/OLMA.csv,15_min_interval_stocks,Healthcare,OLMA,1408705,0.0013119587674736977
1896,15_min_interval_stocks/Healthcare/ZTS.csv,15_min_interval_stocks,Healthcare,ZTS,5338990,0.004972321912646294
1897,15_min_interval_stocks/Healthcare/ABUS.csv,15_min_interval_stocks,Healthcare,ABUS,4673070,0.004352135583758354
1898,15_min_interval_stocks/Healthcare/INSM.csv,15_min_interval_stocks,Healthcare,INSM,7853779,0.007314401678740978
1899,15_min_interval_stocks/Healthcare/PCSA.csv,15_min_interval_stocks,Healthcare,PCSA,1114955,0.0010383827611804008
1900,15_min_interval_stocks/Healthcare/DXCM.csv,15_min_interval_stocks,Healthcare,DXCM,7886479,0.007344855926930904
1901,15_min_interval_stocks/Healthcare/CYRX.csv,15_min_interval_stocks,Healthcare,CYRX,3495287,0.003255239687860012
1902,15_min_interval_stocks/Healthcare/MURA.csv,15_min_interval_stocks,Healthcare,MURA,362995,0.0003380654379725456
1903,15_min_interval_stocks/Healthcare/PAHC.csv,15_min_interval_stocks,Healthcare,PAHC,4057663,0.0037789931520819664
1904,15_min_interval_stocks/Healthcare/CLDI.csv,15_min_interval_stocks,Healthcare,CLDI,517488,0.00048194825649261475
1905,15_min_interval_stocks/Healthcare/TSBX.csv,15_min_interval_stocks,Healthcare,TSBX,486498,0.00045308656990528107
1906,15_min_interval_stocks/Healthcare/NVCT.csv,15_min_interval_stocks,Healthcare,NVCT,688275,0.0006410060450434685
1907,15_min_interval_stocks/Healthcare/KOD.csv,15_min_interval_stocks,Healthcare,KOD,2181736,0.0020318999886512756
1908,15_min_interval_stocks/Healthcare/PACS.csv,15_min_interval_stocks,Healthcare,PACS,291720,0.0002716854214668274
1909,15_min_interval_stocks/Healthcare/IMTXW.csv,15_min_interval_stocks,Healthcare,IMTXW,235994,0.00021978653967380524
1910,15_min_interval_stocks/Healthcare/ONVO.csv,15_min_interval_stocks,Healthcare,ONVO,4338648,0.004040680825710297
1911,15_min_interval_stocks/Healthcare/TVGNW.csv,15_min_interval_stocks,Healthcare,TVGNW,64686,6.024353206157684e-05
1912,15_min_interval_stocks/Healthcare/NNOX.csv,15_min_interval_stocks,Healthcare,NNOX,2539154,0.0023647714406251907
1913,15_min_interval_stocks/Healthcare/VNDA.csv,15_min_interval_stocks,Healthcare,VNDA,6388285,0.005949554033577442
1914,15_min_interval_stocks/Healthcare/GHRS.csv,15_min_interval_stocks,Healthcare,GHRS,851710,0.0007932167500257492
1915,15_min_interval_stocks/Healthcare/INCR.csv,15_min_interval_stocks,Healthcare,INCR,882829,0.0008221985772252083
1916,15_min_interval_stocks/Healthcare/SABS.csv,15_min_interval_stocks,Healthcare,SABS,809070,0.0007535051554441452
1917,15_min_interval_stocks/Healthcare/CBLL.csv,15_min_interval_stocks,Healthcare,CBLL,56214,5.235336720943451e-05
1918,15_min_interval_stocks/Healthcare/SXTPW.csv,15_min_interval_stocks,Healthcare,SXTPW,37275,3.471504896879196e-05
1919,15_min_interval_stocks/Healthcare/BTMD.csv,15_min_interval_stocks,Healthcare,BTMD,699580,0.0006515346467494965
1920,15_min_interval_stocks/Healthcare/ANAB.csv,15_min_interval_stocks,Healthcare,ANAB,2690617,0.002505832351744175
1921,15_min_interval_stocks/Healthcare/AZN.csv,15_min_interval_stocks,Healthcare,AZN,13038828,0.01214335486292839
1922,15_min_interval_stocks/Healthcare/RNA.csv,15_min_interval_stocks,Healthcare,RNA,1700207,0.0015834411606192589
1923,15_min_interval_stocks/Healthcare/MRNS.csv,15_min_interval_stocks,Healthcare,MRNS,3558880,0.003314465284347534
1924,15_min_interval_stocks/Healthcare/THC.csv,15_min_interval_stocks,Healthcare,THC,9416741,0.008770023472607136
1925,15_min_interval_stocks/Healthcare/AURA.csv,15_min_interval_stocks,Healthcare,AURA,906214,0.0008439775556325912
1926,15_min_interval_stocks/Healthcare/NXGL.csv,15_min_interval_stocks,Healthcare,NXGL,547784,0.0005101636052131653
1927,15_min_interval_stocks/Healthcare/EXEL.csv,15_min_interval_stocks,Healthcare,EXEL,9001237,0.008383055217564106
1928,15_min_interval_stocks/Healthcare/SRDX.csv,15_min_interval_stocks,Healthcare,SRDX,7837227,0.007298986427485943
1929,15_min_interval_stocks/Healthcare/IFRX.csv,15_min_interval_stocks,Healthcare,IFRX,2314586,0.002155626192688942
1930,15_min_interval_stocks/Healthcare/XOMA.csv,15_min_interval_stocks,Healthcare,XOMA,8191474,0.007628904655575752
1931,15_min_interval_stocks/Healthcare/ICUI.csv,15_min_interval_stocks,Healthcare,ICUI,8457530,0.007876688614487648
1932,15_min_interval_stocks/Healthcare/MDXH.csv,15_min_interval_stocks,Healthcare,MDXH,584899,0.0005447296425700188
1933,15_min_interval_stocks/Healthcare/DRIO.csv,15_min_interval_stocks,Healthcare,DRIO,2637688,0.0024565383791923523
1934,15_min_interval_stocks/Healthcare/ENTX.csv,15_min_interval_stocks,Healthcare,ENTX,1400562,0.0013043750077486038
1935,15_min_interval_stocks/Healthcare/AADI.csv,15_min_interval_stocks,Healthcare,AADI,2356969,0.0021950984373688698
1936,15_min_interval_stocks/Healthcare/DYN.csv,15_min_interval_stocks,Healthcare,DYN,1517018,0.001412833109498024
1937,15_min_interval_stocks/Healthcare/VERV.csv,15_min_interval_stocks,Healthcare,VERV,1402672,0.0013063400983810425
1938,15_min_interval_stocks/Healthcare/HLVX.csv,15_min_interval_stocks,Healthcare,HLVX,808274,0.0007527638226747513
1939,15_min_interval_stocks/Healthcare/NVO.csv,15_min_interval_stocks,Healthcare,NVO,10599320,0.009871385991573334
1940,15_min_interval_stocks/Healthcare/NOTV.csv,15_min_interval_stocks,Healthcare,NOTV,2687879,0.0025032823905348778
1941,15_min_interval_stocks/Healthcare/BFLY.csv,15_min_interval_stocks,Healthcare,BFLY,2074171,0.0019317222759127617
1942,15_min_interval_stocks/Healthcare/GMED.csv,15_min_interval_stocks,Healthcare,GMED,4347811,0.004049214534461498
1943,15_min_interval_stocks/Healthcare/ATPC.csv,15_min_interval_stocks,Healthcare,ATPC,402433,0.00037479493767023087
1944,15_min_interval_stocks/Healthcare/LNTH.csv,15_min_interval_stocks,Healthcare,LNTH,3373095,0.0031414395198225975
1945,15_min_interval_stocks/Healthcare/INBX.csv,15_min_interval_stocks,Healthcare,INBX,1432305,0.001333937980234623
1946,15_min_interval_stocks/Healthcare/AORT.csv,15_min_interval_stocks,Healthcare,AORT,6177436,0.005753185600042343
1947,15_min_interval_stocks/Healthcare/WINT.csv,15_min_interval_stocks,Healthcare,WINT,1837027,0.0017108647152781487
1948,15_min_interval_stocks/Healthcare/BHVN.csv,15_min_interval_stocks,Healthcare,BHVN,2907291,0.002707625739276409
1949,15_min_interval_stocks/Healthcare/WST.csv,15_min_interval_stocks,Healthcare,WST,9447736,0.008798889815807343
1950,15_min_interval_stocks/Healthcare/SLRX.csv,15_min_interval_stocks,Healthcare,SLRX,3389703,0.0031569069251418114
1951,15_min_interval_stocks/Healthcare/CHEK.csv,15_min_interval_stocks,Healthcare,CHEK,2721171,0.0025342879816889763
1952,15_min_interval_stocks/Healthcare/ALXO.csv,15_min_interval_stocks,Healthcare,ALXO,1578724,0.0014703013002872467
1953,15_min_interval_stocks/Healthcare/AUNA.csv,15_min_interval_stocks,Healthcare,AUNA,214243,0.00019952934235334396
1954,15_min_interval_stocks/Healthcare/CRDL.csv,15_min_interval_stocks,Healthcare,CRDL,1226272,0.001142054796218872
1955,15_min_interval_stocks/Healthcare/OABIW.csv,15_min_interval_stocks,Healthcare,OABIW,119771,0.00011154543608427048
1956,15_min_interval_stocks/Healthcare/CYCC.csv,15_min_interval_stocks,Healthcare,CYCC,6684716,0.006225626915693283
1957,15_min_interval_stocks/Healthcare/SONN.csv,15_min_interval_stocks,Healthcare,SONN,4234410,0.003943601623177528
1958,15_min_interval_stocks/Healthcare/ICCC.csv,15_min_interval_stocks,Healthcare,ICCC,1744334,0.001624537631869316
1959,15_min_interval_stocks/Healthcare/MCK.csv,15_min_interval_stocks,Healthcare,MCK,10869076,0.010122615844011307
1960,15_min_interval_stocks/Industrials/TS.csv,15_min_interval_stocks,Industrials,TS,10158593,0.009460926987230778
1961,15_min_interval_stocks/Industrials/BMI.csv,15_min_interval_stocks,Industrials,BMI,8017277,0.00746667105704546
1962,15_min_interval_stocks/Industrials/DAIO.csv,15_min_interval_stocks,Industrials,DAIO,2964277,0.002760698087513447
1963,15_min_interval_stocks/Industrials/TT.csv,15_min_interval_stocks,Industrials,TT,7511072,0.0069952309131622314
1964,15_min_interval_stocks/Industrials/WAB.csv,15_min_interval_stocks,Industrials,WAB,9805158,0.009131764993071556
1965,15_min_interval_stocks/Industrials/MIDD.csv,15_min_interval_stocks,Industrials,MIDD,8298112,0.007728219032287598
1966,15_min_interval_stocks/Industrials/FTAIM.csv,15_min_interval_stocks,Industrials,FTAIM,192989,0.00017973501235246658
1967,15_min_interval_stocks/Industrials/APD.csv,15_min_interval_stocks,Industrials,APD,10698529,0.00996378157287836
1968,15_min_interval_stocks/Industrials/CARR.csv,15_min_interval_stocks,Industrials,CARR,2416210,0.0022502709180116653
1969,15_min_interval_stocks/Industrials/MEC.csv,15_min_interval_stocks,Industrials,MEC,1567233,0.0014595994725823402
1970,15_min_interval_stocks/Industrials/TOMZ.csv,15_min_interval_stocks,Industrials,TOMZ,1027201,0.0009566554799675941
1971,15_min_interval_stocks/Industrials/WLK.csv,15_min_interval_stocks,Industrials,WLK,8116596,0.0075591690838336945
1972,15_min_interval_stocks/Industrials/VHI.csv,15_min_interval_stocks,Industrials,VHI,7055636,0.006571073085069656
1973,15_min_interval_stocks/Industrials/ORGNW.csv,15_min_interval_stocks,Industrials,ORGNW,846385,0.0007882574573159218
1974,15_min_interval_stocks/Industrials/VATE.csv,15_min_interval_stocks,Industrials,VATE,1053361,0.000981018878519535
1975,15_min_interval_stocks/Industrials/CBT.csv,15_min_interval_stocks,Industrials,CBT,9917326,0.009236229583621025
1976,15_min_interval_stocks/Industrials/WS.csv,15_min_interval_stocks,Industrials,WS,438329,0.0004082256928086281
1977,15_min_interval_stocks/Industrials/EYPT.csv,15_min_interval_stocks,Industrials,EYPT,4948530,0.004608677700161934
1978,15_min_interval_stocks/Industrials/CLH.csv,15_min_interval_stocks,Industrials,CLH,5763512,0.005367688834667206
1979,15_min_interval_stocks/Industrials/KNF.csv,15_min_interval_stocks,Industrials,KNF,607681,0.0005659470334649086
1980,15_min_interval_stocks/Industrials/BOOM.csv,15_min_interval_stocks,Industrials,BOOM,7884961,0.007343442179262638
1981,15_min_interval_stocks/Industrials/LAB.csv,15_min_interval_stocks,Industrials,LAB,8246798,0.007680429145693779
1982,15_min_interval_stocks/Industrials/ZTO.csv,15_min_interval_stocks,Industrials,ZTO,3696174,0.0034423302859067917
1983,15_min_interval_stocks/Industrials/ITT.csv,15_min_interval_stocks,Industrials,ITT,9817250,0.009143026545643806
1984,15_min_interval_stocks/Industrials/JBI.csv,15_min_interval_stocks,Industrials,JBI,1567453,0.0014598043635487556
1985,15_min_interval_stocks/Industrials/BSLKW.csv,15_min_interval_stocks,Industrials,BSLKW,10084,9.391456842422485e-06
1986,15_min_interval_stocks/Industrials/HURC.csv,15_min_interval_stocks,Industrials,HURC,6004734,0.005592344328761101
1987,15_min_interval_stocks/Industrials/WTS.csv,15_min_interval_stocks,Industrials,WTS,9426199,0.008778831921517849
1988,15_min_interval_stocks/Industrials/HOVRW.csv,15_min_interval_stocks,Industrials,HOVRW,77060,7.176771759986877e-05
1989,15_min_interval_stocks/Industrials/BNRG.csv,15_min_interval_stocks,Industrials,BNRG,537030,0.0005001481622457504
1990,15_min_interval_stocks/Industrials/LNZA.csv,15_min_interval_stocks,Industrials,LNZA,707647,0.0006590476259589195
1991,15_min_interval_stocks/Industrials/TWIN.csv,15_min_interval_stocks,Industrials,TWIN,5836740,0.005435887724161148
1992,15_min_interval_stocks/Industrials/RKLB.csv,15_min_interval_stocks,Industrials,RKLB,2440485,0.002272878773510456
1993,15_min_interval_stocks/Industrials/VLTO.csv,15_min_interval_stocks,Industrials,VLTO,628308,0.0005851574242115021
1994,15_min_interval_stocks/Industrials/HLIO.csv,15_min_interval_stocks,Industrials,HLIO,6671724,0.006213527172803879
1995,15_min_interval_stocks/Industrials/AZ.csv,15_min_interval_stocks,Industrials,AZ,770056,0.0007171705365180969
1996,15_min_interval_stocks/Industrials/AGRI.csv,15_min_interval_stocks,Industrials,AGRI,1811428,0.001687023788690567
1997,15_min_interval_stocks/Industrials/FTI.csv,15_min_interval_stocks,Industrials,FTI,10386794,0.009673455730080605
1998,15_min_interval_stocks/Industrials/AEHL.csv,15_min_interval_stocks,Industrials,AEHL,3375139,0.0031433431431651115
1999,15_min_interval_stocks/Industrials/CEAD.csv,15_min_interval_stocks,Industrials,CEAD,613249,0.0005711326375603676
2000,15_min_interval_stocks/Industrials/CMCO.csv,15_min_interval_stocks,Industrials,CMCO,8616620,0.008024852722883224
2001,15_min_interval_stocks/Industrials/NN.csv,15_min_interval_stocks,Industrials,NN,1057123,0.0009845225140452385
2002,15_min_interval_stocks/Industrials/NTIC.csv,15_min_interval_stocks,Industrials,NTIC,1673641,0.001558699645102024
2003,15_min_interval_stocks/Industrials/FUL.csv,15_min_interval_stocks,Industrials,FUL,8776032,0.008173316717147827
2004,15_min_interval_stocks/Industrials/EVTL.csv,15_min_interval_stocks,Industrials,EVTL,1609752,0.0014991983771324158
2005,15_min_interval_stocks/Industrials/CNH.csv,15_min_interval_stocks,Industrials,CNH,302403,0.00028163474053144455
2006,15_min_interval_stocks/Industrials/KMT.csv,15_min_interval_stocks,Industrials,KMT,9889048,0.009209893643856049
2007,15_min_interval_stocks/Industrials/XPEL.csv,15_min_interval_stocks,Industrials,XPEL,2202777,0.00205149594694376
2008,15_min_interval_stocks/Industrials/FCUV.csv,15_min_interval_stocks,Industrials,FCUV,1035983,0.0009648343548178673
2009,15_min_interval_stocks/Industrials/LECO.csv,15_min_interval_stocks,Industrials,LECO,9728429,0.009060305543243885
2010,15_min_interval_stocks/Industrials/MOBBW.csv,15_min_interval_stocks,Industrials,MOBBW,62993,5.866680294275284e-05
2011,15_min_interval_stocks/Industrials/APWC.csv,15_min_interval_stocks,Industrials,APWC,1086726,0.0010120924562215805
2012,15_min_interval_stocks/Industrials/ERJ.csv,15_min_interval_stocks,Industrials,ERJ,9996835,0.009310278110206127
2013,15_min_interval_stocks/Industrials/EFXT.csv,15_min_interval_stocks,Industrials,EFXT,690234,0.0006428305059671402
2014,15_min_interval_stocks/Industrials/IR.csv,15_min_interval_stocks,Industrials,IR,9520562,0.00886671431362629
2015,15_min_interval_stocks/Industrials/PCTTW.csv,15_min_interval_stocks,Industrials,PCTTW,358356,0.0003337450325489044
2016,15_min_interval_stocks/Industrials/HLP.csv,15_min_interval_stocks,Industrials,HLP,524532,0.0004885084927082062
2017,15_min_interval_stocks/Industrials/CAT.csv,15_min_interval_stocks,Industrials,CAT,13825439,0.012875943444669247
2018,15_min_interval_stocks/Industrials/ASPI.csv,15_min_interval_stocks,Industrials,ASPI,765557,0.0007129805162549019
2019,15_min_interval_stocks/Industrials/KEYS.csv,15_min_interval_stocks,Industrials,KEYS,3907831,0.00363945122808218
2020,15_min_interval_stocks/Industrials/BWSN.csv,15_min_interval_stocks,Industrials,BWSN,824389,0.0007677720859646797
2021,15_min_interval_stocks/Industrials/AAON.csv,15_min_interval_stocks,Industrials,AAON,8418522,0.007840359583497047
2022,15_min_interval_stocks/Industrials/ZKIN.csv,15_min_interval_stocks,Industrials,ZKIN,1865384,0.0017372742295265198
2023,15_min_interval_stocks/Industrials/VNT.csv,15_min_interval_stocks,Industrials,VNT,1741072,0.0016214996576309204
2024,15_min_interval_stocks/Industrials/GEOS.csv,15_min_interval_stocks,Industrials,GEOS,6056755,0.005640792660415173
2025,15_min_interval_stocks/Industrials/UAMY.csv,15_min_interval_stocks,Industrials,UAMY,3982106,0.0037086252123117447
2026,15_min_interval_stocks/Industrials/CSL.csv,15_min_interval_stocks,Industrials,CSL,10040178,0.009350644424557686
2027,15_min_interval_stocks/Industrials/BWNB.csv,15_min_interval_stocks,Industrials,BWNB,585501,0.0005452902987599373
2028,15_min_interval_stocks/Industrials/GRMN.csv,15_min_interval_stocks,Industrials,GRMN,10362172,0.009650524705648422
2029,15_min_interval_stocks/Industrials/IOSP.csv,15_min_interval_stocks,Industrials,IOSP,7117106,0.00662832148373127
2030,15_min_interval_stocks/Industrials/MOS.csv,15_min_interval_stocks,Industrials,MOS,10085713,0.009393052197992802
2031,15_min_interval_stocks/Industrials/AIR.csv,15_min_interval_stocks,Industrials,AIR,9430880,0.008783191442489624
2032,15_min_interval_stocks/Industrials/PH.csv,15_min_interval_stocks,Industrials,PH,10601502,0.009873418137431145
2033,15_min_interval_stocks/Industrials/RGLD.csv,15_min_interval_stocks,Industrials,RGLD,10095604,0.009402263909578323
2034,15_min_interval_stocks/Industrials/TRMB.csv,15_min_interval_stocks,Industrials,TRMB,9220041,0.008586832322180271
2035,15_min_interval_stocks/Industrials/NEU.csv,15_min_interval_stocks,Industrials,NEU,7349590,0.006844839081168175
2036,15_min_interval_stocks/Industrials/NPK.csv,15_min_interval_stocks,Industrials,NPK,7109663,0.006621389649808407
2037,15_min_interval_stocks/Industrials/MLAB.csv,15_min_interval_stocks,Industrials,MLAB,3528992,0.0032866299152374268
2038,15_min_interval_stocks/Industrials/DXPE.csv,15_min_interval_stocks,Industrials,DXPE,6643499,0.006187240593135357
2039,15_min_interval_stocks/Industrials/OMIC.csv,15_min_interval_stocks,Industrials,OMIC,1061780,0.0009888596832752228
2040,15_min_interval_stocks/Industrials/DCI.csv,15_min_interval_stocks,Industrials,DCI,9722809,0.009055071510374546
2041,15_min_interval_stocks/Industrials/FRD.csv,15_min_interval_stocks,Industrials,FRD,4191614,0.0039037447422742844
2042,15_min_interval_stocks/Industrials/CCK.csv,15_min_interval_stocks,Industrials,CCK,9972176,0.009287312626838684
2043,15_min_interval_stocks/Industrials/HIHO.csv,15_min_interval_stocks,Industrials,HIHO,2488348,0.0023174546658992767
2044,15_min_interval_stocks/Industrials/GHM.csv,15_min_interval_stocks,Industrials,GHM,6021839,0.0056082746013998985
2045,15_min_interval_stocks/Industrials/SNDR.csv,15_min_interval_stocks,Industrials,SNDR,3087649,0.0028755972161889076
2046,15_min_interval_stocks/Industrials/AGCO.csv,15_min_interval_stocks,Industrials,AGCO,6567073,0.006116063334047794
2047,15_min_interval_stocks/Industrials/STLD.csv,15_min_interval_stocks,Industrials,STLD,10689442,0.00995531864464283
2048,15_min_interval_stocks/Industrials/TPIC.csv,15_min_interval_stocks,Industrials,TPIC,3093599,0.0028811385855078697
2049,15_min_interval_stocks/Industrials/UAVS.csv,15_min_interval_stocks,Industrials,UAVS,4266770,0.003973739221692085
2050,15_min_interval_stocks/Industrials/CBUS.csv,15_min_interval_stocks,Industrials,CBUS,508186,0.00047328509390354156
2051,15_min_interval_stocks/Industrials/PFIE.csv,15_min_interval_stocks,Industrials,PFIE,3133453,0.002918255515396595
2052,15_min_interval_stocks/Industrials/TFPM.csv,15_min_interval_stocks,Industrials,TFPM,909125,0.0008466886356472969
2053,15_min_interval_stocks/Industrials/SSRM.csv,15_min_interval_stocks,Industrials,SSRM,7725201,0.007194654084742069
2054,15_min_interval_stocks/Industrials/MT.csv,15_min_interval_stocks,Industrials,MT,11308132,0.01053151860833168
2055,15_min_interval_stocks/Industrials/CNI.csv,15_min_interval_stocks,Industrials,CNI,10162131,0.009464222006499767
2056,15_min_interval_stocks/Industrials/ZONE.csv,15_min_interval_stocks,Industrials,ZONE,123666,0.00011517293751239777
2057,15_min_interval_stocks/Industrials/GEVO.csv,15_min_interval_stocks,Industrials,GEVO,6345878,0.005910059437155724
2058,15_min_interval_stocks/Industrials/GIC.csv,15_min_interval_stocks,Industrials,GIC,4518267,0.004207964055240154
2059,15_min_interval_stocks/Industrials/EMN.csv,15_min_interval_stocks,Industrials,EMN,10208400,0.009507313370704651
2060,15_min_interval_stocks/Industrials/MTD.csv,15_min_interval_stocks,Industrials,MTD,8921904,0.008309170603752136
2061,15_min_interval_stocks/Industrials/DOW.csv,15_min_interval_stocks,Industrials,DOW,3300184,0.0030735358595848083
2062,15_min_interval_stocks/Industrials/BW.csv,15_min_interval_stocks,Industrials,BW,3335042,0.0031059999018907547
2063,15_min_interval_stocks/Industrials/PRLB.csv,15_min_interval_stocks,Industrials,PRLB,4501268,0.004192132502794266
2064,15_min_interval_stocks/Industrials/RVTY.csv,15_min_interval_stocks,Industrials,RVTY,751989,0.0007003443315625191
2065,15_min_interval_stocks/Industrials/MNTS.csv,15_min_interval_stocks,Industrials,MNTS,2099073,0.0019549140706658363
2066,15_min_interval_stocks/Industrials/NXT.csv,15_min_interval_stocks,Industrials,NXT,932070,0.0008680578321218491
2067,15_min_interval_stocks/Industrials/FLR.csv,15_min_interval_stocks,Industrials,FLR,10090591,0.009397595189511776
2068,15_min_interval_stocks/Industrials/OUST.csv,15_min_interval_stocks,Industrials,OUST,1998788,0.001861516386270523
2069,15_min_interval_stocks/Industrials/GBX.csv,15_min_interval_stocks,Industrials,GBX,8720037,0.008121167309582233
2070,15_min_interval_stocks/Industrials/BSLK.csv,15_min_interval_stocks,Industrials,BSLK,165460,0.00015409663319587708
2071,15_min_interval_stocks/Industrials/IEX.csv,15_min_interval_stocks,Industrials,IEX,9863987,0.00918655376881361
2072,15_min_interval_stocks/Industrials/UVV.csv,15_min_interval_stocks,Industrials,UVV,9814488,0.009140454232692719
2073,15_min_interval_stocks/Industrials/JHX.csv,15_min_interval_stocks,Industrials,JHX,3346478,0.0031166505068540573
2074,15_min_interval_stocks/Industrials/BIOX.csv,15_min_interval_stocks,Industrials,BIOX,1319762,0.0012291241437196732
2075,15_min_interval_stocks/Industrials/FOX.csv,15_min_interval_stocks,Industrials,FOX,6712069,0.00625110138207674
2076,15_min_interval_stocks/Industrials/BCPC.csv,15_min_interval_stocks,Industrials,BCPC,6976500,0.006497371941804886
2077,15_min_interval_stocks/Industrials/ESLT.csv,15_min_interval_stocks,Industrials,ESLT,5992309,0.0055807726457715034
2078,15_min_interval_stocks/Industrials/BAK.csv,15_min_interval_stocks,Industrials,BAK,7900107,0.007357547990977764
2079,15_min_interval_stocks/Industrials/AKYA.csv,15_min_interval_stocks,Industrials,AKYA,1160659,0.0010809479281306267
2080,15_min_interval_stocks/Industrials/MSB.csv,15_min_interval_stocks,Industrials,MSB,7331369,0.006827869452536106
2081,15_min_interval_stocks/Industrials/DNMR.csv,15_min_interval_stocks,Industrials,DNMR,2415028,0.00224917009472847
2082,15_min_interval_stocks/Industrials/SYPR.csv,15_min_interval_stocks,Industrials,SYPR,4929445,0.0045909034088253975
2083,15_min_interval_stocks/Industrials/ROG.csv,15_min_interval_stocks,Industrials,ROG,8184544,0.007622450590133667
2084,15_min_interval_stocks/Industrials/CDXS.csv,15_min_interval_stocks,Industrials,CDXS,4713233,0.004389540292322636
2085,15_min_interval_stocks/Industrials/SIF.csv,15_min_interval_stocks,Industrials,SIF,2307688,0.0021492019295692444
2086,15_min_interval_stocks/Industrials/CRS.csv,15_min_interval_stocks,Industrials,CRS,9879899,0.009201372973620892
2087,15_min_interval_stocks/Industrials/NAUT.csv,15_min_interval_stocks,Industrials,NAUT,1320354,0.0012296754866838455
2088,15_min_interval_stocks/Industrials/NUE.csv,15_min_interval_stocks,Industrials,NUE,11450920,0.010664500296115875
2089,15_min_interval_stocks/Industrials/AREB.csv,15_min_interval_stocks,Industrials,AREB,1526449,0.0014216164126992226
2090,15_min_interval_stocks/Industrials/A.csv,15_min_interval_stocks,Industrials,A,10713609,0.009977825917303562
2091,15_min_interval_stocks/Industrials/ZEUS.csv,15_min_interval_stocks,Industrials,ZEUS,8324636,0.007752921432256699
2092,15_min_interval_stocks/Industrials/LODE.csv,15_min_interval_stocks,Industrials,LODE,5352921,0.004985296167433262
2093,15_min_interval_stocks/Industrials/WFRD.csv,15_min_interval_stocks,Industrials,WFRD,1598431,0.001488654874265194
2094,15_min_interval_stocks/Industrials/GIFI.csv,15_min_interval_stocks,Industrials,GIFI,7557127,0.007038122974336147
2095,15_min_interval_stocks/Industrials/AMBI.csv,15_min_interval_stocks,Industrials,AMBI,263156,0.00024508312344551086
2096,15_min_interval_stocks/Industrials/PKE.csv,15_min_interval_stocks,Industrials,PKE,8759532,0.008157949894666672
2097,15_min_interval_stocks/Industrials/ICL.csv,15_min_interval_stocks,Industrials,ICL,4117908,0.003835100680589676
2098,15_min_interval_stocks/Industrials/CE.csv,15_min_interval_stocks,Industrials,CE,8257982,0.0076908450573682785
2099,15_min_interval_stocks/Industrials/WOR.csv,15_min_interval_stocks,Industrials,WOR,9526826,0.00887254811823368
2100,15_min_interval_stocks/Industrials/FORD.csv,15_min_interval_stocks,Industrials,FORD,4785907,0.004457223229110241
2101,15_min_interval_stocks/Industrials/ALNT.csv,15_min_interval_stocks,Industrials,ALNT,449036,0.000418197363615036
2102,15_min_interval_stocks/Industrials/JBHT.csv,15_min_interval_stocks,Industrials,JBHT,10403240,0.00968877226114273
2103,15_min_interval_stocks/Industrials/LHX.csv,15_min_interval_stocks,Industrials,LHX,7637493,0.007112969644367695
2104,15_min_interval_stocks/Industrials/DTCK.csv,15_min_interval_stocks,Industrials,DTCK,406633,0.0003787064924836159
2105,15_min_interval_stocks/Industrials/TWI.csv,15_min_interval_stocks,Industrials,TWI,8403904,0.007826745510101318
2106,15_min_interval_stocks/Industrials/HWM.csv,15_min_interval_stocks,Industrials,HWM,3748011,0.0034906072542071342
2107,15_min_interval_stocks/Industrials/TDY.csv,15_min_interval_stocks,Industrials,TDY,8775931,0.008173222653567791
2108,15_min_interval_stocks/Industrials/KBR.csv,15_min_interval_stocks,Industrials,KBR,7462065,0.006949589587748051
2109,15_min_interval_stocks/Industrials/FSI.csv,15_min_interval_stocks,Industrials,FSI,3312917,0.0030853943899273872
2110,15_min_interval_stocks/Industrials/NPO.csv,15_min_interval_stocks,Industrials,NPO,8591789,0.008001727052032948
2111,15_min_interval_stocks/Industrials/AXON.csv,15_min_interval_stocks,Industrials,AXON,3852282,0.003587717190384865
2112,15_min_interval_stocks/Industrials/NR.csv,15_min_interval_stocks,Industrials,NR,8020333,0.007469517178833485
2113,15_min_interval_stocks/Industrials/ATRO.csv,15_min_interval_stocks,Industrials,ATRO,6890327,0.006417117081582546
2114,15_min_interval_stocks/Industrials/CF.csv,15_min_interval_stocks,Industrials,CF,8641865,0.008048363961279392
2115,15_min_interval_stocks/Industrials/X.csv,15_min_interval_stocks,Industrials,X,14403324,0.013414140790700912
2116,15_min_interval_stocks/Industrials/CNEY.csv,15_min_interval_stocks,Industrials,CNEY,1372479,0.0012782206758856773
2117,15_min_interval_stocks/Industrials/HY.csv,15_min_interval_stocks,Industrials,HY,4317623,0.004021099768579006
2118,15_min_interval_stocks/Industrials/ZWS.csv,15_min_interval_stocks,Industrials,ZWS,1330402,0.0012390334159135818
2119,15_min_interval_stocks/Industrials/RVSN.csv,15_min_interval_stocks,Industrials,RVSN,1094644,0.0010194666683673859
2120,15_min_interval_stocks/Industrials/PESI.csv,15_min_interval_stocks,Industrials,PESI,4461966,0.004155529662966728
2121,15_min_interval_stocks/Industrials/GLDD.csv,15_min_interval_stocks,Industrials,GLDD,6073883,0.0056567443534731865
2122,15_min_interval_stocks/Industrials/SXC.csv,15_min_interval_stocks,Industrials,SXC,5165724,0.004810955375432968
2123,15_min_interval_stocks/Industrials/MTRN.csv,15_min_interval_stocks,Industrials,MTRN,6813615,0.006345673464238644
2124,15_min_interval_stocks/Industrials/ULH.csv,15_min_interval_stocks,Industrials,ULH,4583732,0.004268933087587357
2125,15_min_interval_stocks/Industrials/NDSN.csv,15_min_interval_stocks,Industrials,NDSN,10038773,0.009349335916340351
2126,15_min_interval_stocks/Industrials/SAIA.csv,15_min_interval_stocks,Industrials,SAIA,6657232,0.006200030446052551
2127,15_min_interval_stocks/Industrials/BKR.csv,15_min_interval_stocks,Industrials,BKR,3651698,0.0034009087830781937
2128,15_min_interval_stocks/Industrials/INVX.csv,15_min_interval_stocks,Industrials,INVX,94856,8.834153413772583e-05
2129,15_min_interval_stocks/Industrials/FLS.csv,15_min_interval_stocks,Industrials,FLS,9914977,0.009234041906893253
2130,15_min_interval_stocks/Industrials/KTOS.csv,15_min_interval_stocks,Industrials,KTOS,6312660,0.005879122763872147
2131,15_min_interval_stocks/Industrials/ZBRA.csv,15_min_interval_stocks,Industrials,ZBRA,9319400,0.00867936760187149
2132,15_min_interval_stocks/Industrials/EH.csv,15_min_interval_stocks,Industrials,EH,2633462,0.0024526026099920273
2133,15_min_interval_stocks/Industrials/CUB.csv,15_min_interval_stocks,Industrials,CUB,19344,1.8015503883361816e-05
2134,15_min_interval_stocks/Industrials/REZI.csv,15_min_interval_stocks,Industrials,REZI,2207900,0.002056267112493515
2135,15_min_interval_stocks/Industrials/FWONA.csv,15_min_interval_stocks,Industrials,FWONA,4543378,0.0042313504964113235
2136,15_min_interval_stocks/Industrials/J.csv,15_min_interval_stocks,Industrials,J,7392053,0.006884385831654072
2137,15_min_interval_stocks/Industrials/TRS.csv,15_min_interval_stocks,Industrials,TRS,6672607,0.006214349530637264
2138,15_min_interval_stocks/Industrials/SFWL.csv,15_min_interval_stocks,Industrials,SFWL,639340,0.00059543177485466
2139,15_min_interval_stocks/Industrials/PLL.csv,15_min_interval_stocks,Industrials,PLL,2287534,0.002130432054400444
2140,15_min_interval_stocks/Industrials/ROK.csv,15_min_interval_stocks,Industrials,ROK,10504763,0.009783322922885418
2141,15_min_interval_stocks/Industrials/USAP.csv,15_min_interval_stocks,Industrials,USAP,5549463,0.005168340168893337
2142,15_min_interval_stocks/Industrials/PRPO.csv,15_min_interval_stocks,Industrials,PRPO,2377310,0.0022140424698591232
2143,15_min_interval_stocks/Industrials/CPAC.csv,15_min_interval_stocks,Industrials,CPAC,1454348,0.001354467123746872
2144,15_min_interval_stocks/Industrials/DPRO.csv,15_min_interval_stocks,Industrials,DPRO,1472798,0.0013716500252485275
2145,15_min_interval_stocks/Industrials/NX.csv,15_min_interval_stocks,Industrials,NX,9353582,0.008711202070116997
2146,15_min_interval_stocks/Industrials/AEHR.csv,15_min_interval_stocks,Industrials,AEHR,4771617,0.004443914629518986
2147,15_min_interval_stocks/Industrials/SXI.csv,15_min_interval_stocks,Industrials,SXI,8158897,0.007598564960062504
2148,15_min_interval_stocks/Industrials/ALTG.csv,15_min_interval_stocks,Industrials,ALTG,1768522,0.0016470644623041153
2149,15_min_interval_stocks/Industrials/FET.csv,15_min_interval_stocks,Industrials,FET,4031256,0.0037543997168540955
2150,15_min_interval_stocks/Industrials/PRIM.csv,15_min_interval_stocks,Industrials,PRIM,6135082,0.005713740363717079
2151,15_min_interval_stocks/Industrials/AZEK.csv,15_min_interval_stocks,Industrials,AZEK,1723412,0.001605052500963211
2152,15_min_interval_stocks/Industrials/VGASW.csv,15_min_interval_stocks,Industrials,VGASW,160885,0.00014983583241701126
2153,15_min_interval_stocks/Industrials/LSTR.csv,15_min_interval_stocks,Industrials,LSTR,9896404,0.00921674445271492
2154,15_min_interval_stocks/Industrials/PPSI.csv,15_min_interval_stocks,Industrials,PPSI,2039455,0.0018993904814124107
2155,15_min_interval_stocks/Industrials/SENS.csv,15_min_interval_stocks,Industrials,SENS,4374071,0.004073671065270901
2156,15_min_interval_stocks/Industrials/KNX.csv,15_min_interval_stocks,Industrials,KNX,8146751,0.007587253116071224
2157,15_min_interval_stocks/Industrials/AVD.csv,15_min_interval_stocks,Industrials,AVD,7166813,0.006674614734947681
2158,15_min_interval_stocks/Industrials/PRZO.csv,15_min_interval_stocks,Industrials,PRZO,718403,0.0006690649315714836
2159,15_min_interval_stocks/Industrials/AMRK.csv,15_min_interval_stocks,Industrials,AMRK,2762117,0.0025724219158291817
2160,15_min_interval_stocks/Industrials/PKX.csv,15_min_interval_stocks,Industrials,PKX,10274021,0.009568427689373493
2161,15_min_interval_stocks/Industrials/NVVE.csv,15_min_interval_stocks,Industrials,NVVE,1747436,0.0016274265944957733
2162,15_min_interval_stocks/Industrials/TRNS.csv,15_min_interval_stocks,Industrials,TRNS,2259568,0.0021043866872787476
2163,15_min_interval_stocks/Industrials/ASTL.csv,15_min_interval_stocks,Industrials,ASTL,1216844,0.0011332742869853973
2164,15_min_interval_stocks/Industrials/OCC.csv,15_min_interval_stocks,Industrials,OCC,1586740,0.0014777667820453644
2165,15_min_interval_stocks/Industrials/HBIO.csv,15_min_interval_stocks,Industrials,HBIO,7073524,0.006587732583284378
2166,15_min_interval_stocks/Industrials/WDFC.csv,15_min_interval_stocks,Industrials,WDFC,9562157,0.00890545267611742
2167,15_min_interval_stocks/Industrials/MSM.csv,15_min_interval_stocks,Industrials,MSM,9626290,0.008965181186795235
2168,15_min_interval_stocks/Industrials/ROAD.csv,15_min_interval_stocks,Industrials,ROAD,2284646,0.0021277423948049545
2169,15_min_interval_stocks/Industrials/ENTG.csv,15_min_interval_stocks,Industrials,ENTG,9864299,0.00918684434145689
2170,15_min_interval_stocks/Industrials/CVR.csv,15_min_interval_stocks,Industrials,CVR,1118775,0.001041940413415432
2171,15_min_interval_stocks/Industrials/MRTN.csv,15_min_interval_stocks,Industrials,MRTN,7977869,0.007429969497025013
2172,15_min_interval_stocks/Industrials/MAS.csv,15_min_interval_stocks,Industrials,MAS,10302203,0.009594674222171307
2173,15_min_interval_stocks/Industrials/PLPC.csv,15_min_interval_stocks,Industrials,PLPC,2942921,0.0027408087626099586
2174,15_min_interval_stocks/Industrials/FGI.csv,15_min_interval_stocks,Industrials,FGI,399758,0.00037230364978313446
2175,15_min_interval_stocks/Industrials/AQMS.csv,15_min_interval_stocks,Industrials,AQMS,3464747,0.0032267970964312553
2176,15_min_interval_stocks/Industrials/CP.csv,15_min_interval_stocks,Industrials,CP,9928164,0.009246323257684708
2177,15_min_interval_stocks/Industrials/TPCS.csv,15_min_interval_stocks,Industrials,TPCS,205678,0.0001915525645017624
2178,15_min_interval_stocks/Industrials/FF.csv,15_min_interval_stocks,Industrials,FF,4974030,0.004632426425814629
2179,15_min_interval_stocks/Industrials/PARAA.csv,15_min_interval_stocks,Industrials,PARAA,4174930,0.0038882065564393997
2180,15_min_interval_stocks/Industrials/HAYW.csv,15_min_interval_stocks,Industrials,HAYW,1382786,0.001287819817662239
2181,15_min_interval_stocks/Industrials/AZZ.csv,15_min_interval_stocks,Industrials,AZZ,7817233,0.007280365563929081
2182,15_min_interval_stocks/Industrials/LICY.csv,15_min_interval_stocks,Industrials,LICY,2051657,0.0019107544794678688
2183,15_min_interval_stocks/Industrials/GTN.csv,15_min_interval_stocks,Industrials,GTN,8370183,0.00779534038156271
2184,15_min_interval_stocks/Industrials/AME.csv,15_min_interval_stocks,Industrials,AME,9950724,0.009267333894968033
2185,15_min_interval_stocks/Industrials/ALG.csv,15_min_interval_stocks,Industrials,ALG,6962495,0.006484328769147396
2186,15_min_interval_stocks/Industrials/KALU.csv,15_min_interval_stocks,Industrials,KALU,7176890,0.006683999672532082
2187,15_min_interval_stocks/Industrials/BEST.csv,15_min_interval_stocks,Industrials,BEST,1980822,0.0018447842448949814
2188,15_min_interval_stocks/Industrials/KITT.csv,15_min_interval_stocks,Industrials,KITT,1076952,0.0010029897093772888
2189,15_min_interval_stocks/Industrials/TNC.csv,15_min_interval_stocks,Industrials,TNC,8422183,0.007843769155442715
2190,15_min_interval_stocks/Industrials/LNZAW.csv,15_min_interval_stocks,Industrials,LNZAW,212519,0.00019792374223470688
2191,15_min_interval_stocks/Industrials/TGNA.csv,15_min_interval_stocks,Industrials,TGNA,10127772,0.009432222694158554
2192,15_min_interval_stocks/Industrials/FTAIO.csv,15_min_interval_stocks,Industrials,FTAIO,727713,0.0006777355447411537
2193,15_min_interval_stocks/Industrials/SPLP.csv,15_min_interval_stocks,Industrials,SPLP,1282905,0.0011947983875870705
2194,15_min_interval_stocks/Industrials/PACB.csv,15_min_interval_stocks,Industrials,PACB,5566562,0.005184264853596687
2195,15_min_interval_stocks/Industrials/TAYD.csv,15_min_interval_stocks,Industrials,TAYD,1822931,0.0016977367922663689
2196,15_min_interval_stocks/Industrials/PCT.csv,15_min_interval_stocks,Industrials,PCT,1531317,0.0014261500909924507
2197,15_min_interval_stocks/Industrials/CGNX.csv,15_min_interval_stocks,Industrials,CGNX,9968422,0.009283816441893578
2198,15_min_interval_stocks/Industrials/FMC.csv,15_min_interval_stocks,Industrials,FMC,10225484,0.009523224085569382
2199,15_min_interval_stocks/Industrials/IESC.csv,15_min_interval_stocks,Industrials,IESC,4208750,0.003919703885912895
2200,15_min_interval_stocks/Industrials/RDW.csv,15_min_interval_stocks,Industrials,RDW,1394119,0.0012983744964003563
2201,15_min_interval_stocks/Industrials/CENX.csv,15_min_interval_stocks,Industrials,CENX,8958974,0.008343694731593132
2202,15_min_interval_stocks/Industrials/AMBP.csv,15_min_interval_stocks,Industrials,AMBP,1681314,0.0015658456832170486
2203,15_min_interval_stocks/Industrials/SXT.csv,15_min_interval_stocks,Industrials,SXT,9498478,0.008846146985888481
2204,15_min_interval_stocks/Industrials/LYB.csv,15_min_interval_stocks,Industrials,LYB,6106537,0.00568715576082468
2205,15_min_interval_stocks/Industrials/MRC.csv,15_min_interval_stocks,Industrials,MRC,4341279,0.00404313113540411
2206,15_min_interval_stocks/Industrials/KRNT.csv,15_min_interval_stocks,Industrials,KRNT,3179637,0.0029612677171826363
2207,15_min_interval_stocks/Industrials/ACNT.csv,15_min_interval_stocks,Industrials,ACNT,2964145,0.0027605751529335976
2208,15_min_interval_stocks/Industrials/CRH.csv,15_min_interval_stocks,Industrials,CRH,8624948,0.008032608777284622
2209,15_min_interval_stocks/Industrials/ATR.csv,15_min_interval_stocks,Industrials,ATR,9834703,0.00915928091853857
2210,15_min_interval_stocks/Industrials/GTES.csv,15_min_interval_stocks,Industrials,GTES,2437659,0.0022702468559145927
2211,15_min_interval_stocks/Industrials/MASS.csv,15_min_interval_stocks,Industrials,MASS,1353032,0.0012601092457771301
2212,15_min_interval_stocks/Industrials/REX.csv,15_min_interval_stocks,Industrials,REX,4681199,0.004359706304967403
2213,15_min_interval_stocks/Industrials/VSTEW.csv,15_min_interval_stocks,Industrials,VSTEW,59856,5.574524402618408e-05
2214,15_min_interval_stocks/Industrials/ALB.csv,15_min_interval_stocks,Industrials,ALB,11111511,0.01034840103238821
2215,15_min_interval_stocks/Industrials/AVAV.csv,15_min_interval_stocks,Industrials,AVAV,6668172,0.006210219115018845
2216,15_min_interval_stocks/Industrials/WLKP.csv,15_min_interval_stocks,Industrials,WLKP,2276977,0.0021206000819802284
2217,15_min_interval_stocks/Industrials/SDST.csv,15_min_interval_stocks,Industrials,SDST,136272,0.0001269131898880005
2218,15_min_interval_stocks/Industrials/ACA.csv,15_min_interval_stocks,Industrials,ACA,2425481,0.0022589052096009254
2219,15_min_interval_stocks/Industrials/THO.csv,15_min_interval_stocks,Industrials,THO,9650756,0.008987966924905777
2220,15_min_interval_stocks/Industrials/POWWP.csv,15_min_interval_stocks,Industrials,POWWP,325720,0.00030335038900375366
2221,15_min_interval_stocks/Industrials/GWAV.csv,15_min_interval_stocks,Industrials,GWAV,3039496,0.0028307512402534485
2222,15_min_interval_stocks/Industrials/AMTX.csv,15_min_interval_stocks,Industrials,AMTX,3060708,0.002850506454706192
2223,15_min_interval_stocks/Industrials/AVNT.csv,15_min_interval_stocks,Industrials,AVNT,6892056,0.006418727338314056
2224,15_min_interval_stocks/Industrials/HEES.csv,15_min_interval_stocks,Industrials,HEES,7294042,0.006793105974793434
2225,15_min_interval_stocks/Industrials/ASA.csv,15_min_interval_stocks,Industrials,ASA,8385724,0.007809814065694809
2226,15_min_interval_stocks/Industrials/ESI.csv,15_min_interval_stocks,Industrials,ESI,9182653,0.008552012033760548
2227,15_min_interval_stocks/Industrials/HOVR.csv,15_min_interval_stocks,Industrials,HOVR,418492,0.00038975104689598083
2228,15_min_interval_stocks/Industrials/WERN.csv,15_min_interval_stocks,Industrials,WERN,9869857,0.009192020632326603
2229,15_min_interval_stocks/Industrials/FIX.csv,15_min_interval_stocks,Industrials,FIX,9188328,0.00855729728937149
2230,15_min_interval_stocks/Industrials/UNP.csv,15_min_interval_stocks,Industrials,UNP,11104979,0.010342317633330822
2231,15_min_interval_stocks/Industrials/VEEE.csv,15_min_interval_stocks,Industrials,VEEE,663897,0.0006183022633194923
2232,15_min_interval_stocks/Industrials/FTV.csv,15_min_interval_stocks,Industrials,FTV,3504396,0.0032637231051921844
2233,15_min_interval_stocks/Industrials/WGO.csv,15_min_interval_stocks,Industrials,WGO,9852350,0.00917571596801281
2234,15_min_interval_stocks/Industrials/BIO.csv,15_min_interval_stocks,Industrials,BIO,7943748,0.007398191839456558
2235,15_min_interval_stocks/Industrials/LGO.csv,15_min_interval_stocks,Industrials,LGO,1107636,0.0010315664112567902
2236,15_min_interval_stocks/Industrials/FEAM.csv,15_min_interval_stocks,Industrials,FEAM,901200,0.0008393079042434692
2237,15_min_interval_stocks/Industrials/NOV.csv,15_min_interval_stocks,Industrials,NOV,9038741,0.008417983539402485
2238,15_min_interval_stocks/Industrials/SPXC.csv,15_min_interval_stocks,Industrials,SPXC,6555836,0.00610559806227684
2239,15_min_interval_stocks/Industrials/FTK.csv,15_min_interval_stocks,Industrials,FTK,6397269,0.005957921035587788
2240,15_min_interval_stocks/Industrials/EME.csv,15_min_interval_stocks,Industrials,EME,9703282,0.00903688557446003
2241,15_min_interval_stocks/Industrials/LMT.csv,15_min_interval_stocks,Industrials,LMT,11737143,0.010931066237390041
2242,15_min_interval_stocks/Industrials/LUNR.csv,15_min_interval_stocks,Industrials,LUNR,1252113,0.0011661211028695107
2243,15_min_interval_stocks/Industrials/SBGI.csv,15_min_interval_stocks,Industrials,SBGI,9669639,0.009005553089082241
2244,15_min_interval_stocks/Industrials/LOMA.csv,15_min_interval_stocks,Industrials,LOMA,2574366,0.002397565171122551
2245,15_min_interval_stocks/Industrials/CMC.csv,15_min_interval_stocks,Industrials,CMC,9756026,0.009086007252335548
2246,15_min_interval_stocks/Industrials/NMHI.csv,15_min_interval_stocks,Industrials,NMHI,370228,0.0003448016941547394
2247,15_min_interval_stocks/Industrials/BRKR.csv,15_min_interval_stocks,Industrials,BRKR,8395928,0.007819317281246185
2248,15_min_interval_stocks/Industrials/OLN.csv,15_min_interval_stocks,Industrials,OLN,10135652,0.009439561516046524
2249,15_min_interval_stocks/Technology/MNDO.csv,15_min_interval_stocks,Technology,MNDO,5299171,0.00493523757904768
2250,15_min_interval_stocks/Technology/BLKB.csv,15_min_interval_stocks,Technology,BLKB,7833688,0.007295690476894379
2251,15_min_interval_stocks/Technology/GRYP.csv,15_min_interval_stocks,Technology,GRYP,433268,0.00040351226925849915
2252,15_min_interval_stocks/Technology/PANW.csv,15_min_interval_stocks,Technology,PANW,6113732,0.005693856626749039
2253,15_min_interval_stocks/Technology/MYPSW.csv,15_min_interval_stocks,Technology,MYPSW,7657,7.131136953830719e-06
2254,15_min_interval_stocks/Technology/AZTA.csv,15_min_interval_stocks,Technology,AZTA,6732541,0.006270167417824268
2255,15_min_interval_stocks/Technology/ASAN.csv,15_min_interval_stocks,Technology,ASAN,2241692,0.0020877383649349213
2256,15_min_interval_stocks/Technology/BTCM.csv,15_min_interval_stocks,Technology,BTCM,3840774,0.00357699953019619
2257,15_min_interval_stocks/Technology/INTA.csv,15_min_interval_stocks,Technology,INTA,1224361,0.0011402750387787819
2258,15_min_interval_stocks/Technology/PCOR.csv,15_min_interval_stocks,Technology,PCOR,1362267,0.001268710009753704
2259,15_min_interval_stocks/Technology/APCX.csv,15_min_interval_stocks,Technology,APCX,976824,0.0009097382426261902
2260,15_min_interval_stocks/Technology/SKYT.csv,15_min_interval_stocks,Technology,SKYT,1430983,0.0013327067717909813
2261,15_min_interval_stocks/Technology/QRVO.csv,15_min_interval_stocks,Technology,QRVO,4144253,0.0038596363738179207
2262,15_min_interval_stocks/Technology/RBLX.csv,15_min_interval_stocks,Technology,RBLX,2848402,0.0026527810841798782
2263,15_min_interval_stocks/Technology/LNW.csv,15_min_interval_stocks,Technology,LNW,6260618,0.005830654874444008
2264,15_min_interval_stocks/Technology/ISSC.csv,15_min_interval_stocks,Technology,ISSC,5325059,0.004959347657859325
2265,15_min_interval_stocks/Technology/GB.csv,15_min_interval_stocks,Technology,GB,1033352,0.000962384045124054
2266,15_min_interval_stocks/Technology/NIXXW.csv,15_min_interval_stocks,Technology,NIXXW,7197,6.702728569507599e-06
2267,15_min_interval_stocks/Technology/ENFN.csv,15_min_interval_stocks,Technology,ENFN,1066617,0.0009933644905686378
2268,15_min_interval_stocks/Technology/QCOM.csv,15_min_interval_stocks,Technology,QCOM,15347734,0.014293691143393517
2269,15_min_interval_stocks/Technology/KLTR.csv,15_min_interval_stocks,Technology,KLTR,1029285,0.0009585963562130928
2270,15_min_interval_stocks/Technology/UIS.csv,15_min_interval_stocks,Technology,UIS,8584436,0.0079948790371418
2271,15_min_interval_stocks/Technology/MTC.csv,15_min_interval_stocks,Technology,MTC,2066363,0.001924450509250164
2272,15_min_interval_stocks/Technology/HCAT.csv,15_min_interval_stocks,Technology,HCAT,1879671,0.0017505800351500511
2273,15_min_interval_stocks/Technology/SIMO.csv,15_min_interval_stocks,Technology,SIMO,7619033,0.007095777429640293
2274,15_min_interval_stocks/Technology/MTTR.csv,15_min_interval_stocks,Technology,MTTR,2190926,0.002040458843111992
2275,15_min_interval_stocks/Technology/LRCX.csv,15_min_interval_stocks,Technology,LRCX,11832131,0.011019530706107616
2276,15_min_interval_stocks/Technology/LFLY.csv,15_min_interval_stocks,Technology,LFLY,1243215,0.0011578341946005821
2277,15_min_interval_stocks/Technology/SGMA.csv,15_min_interval_stocks,Technology,SGMA,3184876,0.0029661469161510468
2278,15_min_interval_stocks/Technology/CYN.csv,15_min_interval_stocks,Technology,CYN,1647289,0.001534157432615757
2279,15_min_interval_stocks/Technology/ONFO.csv,15_min_interval_stocks,Technology,ONFO,509078,0.00047411583364009857
2280,15_min_interval_stocks/Technology/MNDY.csv,15_min_interval_stocks,Technology,MNDY,1668918,0.0015543010085821152
2281,15_min_interval_stocks/Technology/CRSR.csv,15_min_interval_stocks,Technology,CRSR,2056833,0.0019155750051140785
2282,15_min_interval_stocks/Technology/CCLDP.csv,15_min_interval_stocks,Technology,CCLDP,1395419,0.0012995852157473564
2283,15_min_interval_stocks/Technology/KTCC.csv,15_min_interval_stocks,Technology,KTCC,4011835,0.0037363125011324883
2284,15_min_interval_stocks/Technology/OTIS.csv,15_min_interval_stocks,Technology,OTIS,2091388,0.0019477568566799164
2285,15_min_interval_stocks/Technology/EVGO.csv,15_min_interval_stocks,Technology,EVGO,2391538,0.0022272933274507523
2286,15_min_interval_stocks/Technology/WAY.csv,15_min_interval_stocks,Technology,WAY,203845,0.00018984545022249222
2287,15_min_interval_stocks/Technology/WGS.csv,15_min_interval_stocks,Technology,WGS,1761442,0.0016404706984758377
2288,15_min_interval_stocks/Technology/WFCF.csv,15_min_interval_stocks,Technology,WFCF,318896,0.00029699504375457764
2289,15_min_interval_stocks/Technology/PLXS.csv,15_min_interval_stocks,Technology,PLXS,8802982,0.008198415860533714
2290,15_min_interval_stocks/Technology/MAPS.csv,15_min_interval_stocks,Technology,MAPS,1780779,0.0016584796831011772
2291,15_min_interval_stocks/Technology/AUROW.csv,15_min_interval_stocks,Technology,AUROW,507492,0.0004726387560367584
2292,15_min_interval_stocks/Technology/HKIT.csv,15_min_interval_stocks,Technology,HKIT,686340,0.0006392039358615875
2293,15_min_interval_stocks/Technology/YXT.csv,15_min_interval_stocks,Technology,YXT,66597,6.202328950166702e-05
2294,15_min_interval_stocks/Technology/MU.csv,15_min_interval_stocks,Technology,MU,15777957,0.014694367535412312
2295,15_min_interval_stocks/Technology/WIMI.csv,15_min_interval_stocks,Technology,WIMI,2415140,0.0022492744028568268
2296,15_min_interval_stocks/Technology/DSP.csv,15_min_interval_stocks,Technology,DSP,1183789,0.0011024894192814827
2297,15_min_interval_stocks/Technology/SNAL.csv,15_min_interval_stocks,Technology,SNAL,365771,0.0003406507894396782
2298,15_min_interval_stocks/Technology/ZOOZ.csv,15_min_interval_stocks,Technology,ZOOZ,125448,0.00011683255434036255
2299,15_min_interval_stocks/Technology/AMD.csv,15_min_interval_stocks,Technology,AMD,14563252,0.013563085347414017
2300,15_min_interval_stocks/Technology/SMWB.csv,15_min_interval_stocks,Technology,SMWB,1139399,0.0010611480101943016
2301,15_min_interval_stocks/Technology/AZPN.csv,15_min_interval_stocks,Technology,AZPN,6689572,0.006230149418115616
2302,15_min_interval_stocks/Technology/TLS.csv,15_min_interval_stocks,Technology,TLS,1482760,0.001380927860736847
2303,15_min_interval_stocks/Technology/DDI.csv,15_min_interval_stocks,Technology,DDI,479163,0.00044625531882047653
2304,15_min_interval_stocks/Technology/ON.csv,15_min_interval_stocks,Technology,ON,9875987,0.009197729639708996
2305,15_min_interval_stocks/Technology/EBON.csv,15_min_interval_stocks,Technology,EBON,1865756,0.0017376206815242767
2306,15_min_interval_stocks/Technology/PL.csv,15_min_interval_stocks,Technology,PL,1644190,0.0015312712639570236
2307,15_min_interval_stocks/Technology/TYL.csv,15_min_interval_stocks,Technology,TYL,8290780,0.007721390575170517
2308,15_min_interval_stocks/Technology/ADSK.csv,15_min_interval_stocks,Technology,ADSK,10337464,0.009627513587474823
2309,15_min_interval_stocks/Technology/GDS.csv,15_min_interval_stocks,Technology,GDS,3103726,0.0028905700892210007
2310,15_min_interval_stocks/Technology/BB.csv,15_min_interval_stocks,Technology,BB,9481619,0.008830445818603039
2311,15_min_interval_stocks/Technology/AMAT.csv,15_min_interval_stocks,Technology,AMAT,14555989,0.013556321151554585
2312,15_min_interval_stocks/Technology/ZIP.csv,15_min_interval_stocks,Technology,ZIP,1324659,0.0012336848303675652
2313,15_min_interval_stocks/Technology/MTCH.csv,15_min_interval_stocks,Technology,MTCH,4038497,0.003761143423616886
2314,15_min_interval_stocks/Technology/SVRE.csv,15_min_interval_stocks,Technology,SVRE,799065,0.0007441872730851173
2315,15_min_interval_stocks/Technology/CTV.csv,15_min_interval_stocks,Technology,CTV,1218834,0.0011351276189088821
2316,15_min_interval_stocks/Technology/HLIT.csv,15_min_interval_stocks,Technology,HLIT,8638536,0.008045263588428497
2317,15_min_interval_stocks/Technology/ZENV.csv,15_min_interval_stocks,Technology,ZENV,805979,0.0007506264373660088
2318,15_min_interval_stocks/Technology/HPE.csv,15_min_interval_stocks,Technology,HPE,4670106,0.004349375143647194
2319,15_min_interval_stocks/Technology/AUR.csv,15_min_interval_stocks,Technology,AUR,1830594,0.0017048735171556473
2320,15_min_interval_stocks/Technology/SMX.csv,15_min_interval_stocks,Technology,SMX,1091260,0.001016315072774887
2321,15_min_interval_stocks/Technology/TCX.csv,15_min_interval_stocks,Technology,TCX,4652543,0.004333018325269222
2322,15_min_interval_stocks/Technology/DOYU.csv,15_min_interval_stocks,Technology,DOYU,2694177,0.002509147860109806
2323,15_min_interval_stocks/Technology/NEON.csv,15_min_interval_stocks,Technology,NEON,4027861,0.003751237876713276
2324,15_min_interval_stocks/Technology/GFS.csv,15_min_interval_stocks,Technology,GFS,1566732,0.0014591328799724579
2325,15_min_interval_stocks/Technology/NEXN.csv,15_min_interval_stocks,Technology,NEXN,259787,0.00024194549769163132
2326,15_min_interval_stocks/Technology/ETN.csv,15_min_interval_stocks,Technology,ETN,10911738,0.010162347927689552
2327,15_min_interval_stocks/Technology/CTSH.csv,15_min_interval_stocks,Technology,CTSH,10859784,0.01011396199464798
2328,15_min_interval_stocks/Technology/AXTI.csv,15_min_interval_stocks,Technology,AXTI,7469542,0.006956553086638451
2329,15_min_interval_stocks/Technology/TROO.csv,15_min_interval_stocks,Technology,TROO,2018709,0.001880069263279438
2330,15_min_interval_stocks/Technology/AVPT.csv,15_min_interval_stocks,Technology,AVPT,1926506,0.001794198527932167
2331,15_min_interval_stocks/Technology/HSTM.csv,15_min_interval_stocks,Technology,HSTM,6743855,0.006280704401433468
2332,15_min_interval_stocks/Technology/LPL.csv,15_min_interval_stocks,Technology,LPL,8075536,0.007520928978919983
2333,15_min_interval_stocks/Technology/LFLYW.csv,15_min_interval_stocks,Technology,LFLYW,426962,0.00039763934910297394
2334,15_min_interval_stocks/Technology/ATOM.csv,15_min_interval_stocks,Technology,ATOM,2431349,0.002264370210468769
2335,15_min_interval_stocks/Technology/TBLAW.csv,15_min_interval_stocks,Technology,TBLAW,167633,0.0001561203971505165
2336,15_min_interval_stocks/Technology/NVMI.csv,15_min_interval_stocks,Technology,NVMI,5522247,0.005142993293702602
2337,15_min_interval_stocks/Technology/AREN.csv,15_min_interval_stocks,Technology,AREN,682953,0.0006360495463013649
2338,15_min_interval_stocks/Technology/LCFY.csv,15_min_interval_stocks,Technology,LCFY,394164,0.0003670938313007355
2339,15_min_interval_stocks/Technology/DOCS.csv,15_min_interval_stocks,Technology,DOCS,1574740,0.0014665909111499786
2340,15_min_interval_stocks/Technology/BMR.csv,15_min_interval_stocks,Technology,BMR,746470,0.0006952043622732162
2341,15_min_interval_stocks/Technology/ONDS.csv,15_min_interval_stocks,Technology,ONDS,1527701,0.0014227824285626411
2342,15_min_interval_stocks/Technology/FORM.csv,15_min_interval_stocks,Technology,FORM,7510843,0.0069950176402926445
2343,15_min_interval_stocks/Technology/FSLY.csv,15_min_interval_stocks,Technology,FSLY,3125955,0.002911272458732128
2344,15_min_interval_stocks/Technology/ADEA.csv,15_min_interval_stocks,Technology,ADEA,6796002,0.006329270079731941
2345,15_min_interval_stocks/Technology/MGNI.csv,15_min_interval_stocks,Technology,MGNI,4190963,0.0039031384512782097
2346,15_min_interval_stocks/Technology/AIXI.csv,15_min_interval_stocks,Technology,AIXI,713821,0.0006647976115345955
2347,15_min_interval_stocks/Technology/MLGO.csv,15_min_interval_stocks,Technology,MLGO,1093848,0.001018725335597992
2348,15_min_interval_stocks/Technology/ZM.csv,15_min_interval_stocks,Technology,ZM,3632603,0.003383125178515911
2349,15_min_interval_stocks/Technology/EVTC.csv,15_min_interval_stocks,Technology,EVTC,4594129,0.004278616048395634
2350,15_min_interval_stocks/Technology/INSE.csv,15_min_interval_stocks,Technology,INSE,1953546,0.0018193814903497696
2351,15_min_interval_stocks/Technology/YEXT.csv,15_min_interval_stocks,Technology,YEXT,2841042,0.0026459265500307083
2352,15_min_interval_stocks/Technology/IBEX.csv,15_min_interval_stocks,Technology,IBEX,1083118,0.0010087322443723679
2353,15_min_interval_stocks/Technology/CSGS.csv,15_min_interval_stocks,Technology,CSGS,10032656,0.009343639016151428
2354,15_min_interval_stocks/Technology/CCLD.csv,15_min_interval_stocks,Technology,CCLD,2497317,0.002325807698071003
2355,15_min_interval_stocks/Technology/BHE.csv,15_min_interval_stocks,Technology,BHE,9780943,0.009109213016927242
2356,15_min_interval_stocks/Technology/NVNI.csv,15_min_interval_stocks,Technology,NVNI,150882,0.00014051981270313263
2357,15_min_interval_stocks/Technology/ABTS.csv,15_min_interval_stocks,Technology,ABTS,236179,0.0002199588343501091
2358,15_min_interval_stocks/Technology/PENG.csv,15_min_interval_stocks,Technology,PENG,75541,7.035303860902786e-05
2359,15_min_interval_stocks/Technology/RBBN.csv,15_min_interval_stocks,Technology,RBBN,5883482,0.005479419603943825
2360,15_min_interval_stocks/Technology/ALTR.csv,15_min_interval_stocks,Technology,ALTR,2455553,0.002286911942064762
2361,15_min_interval_stocks/Technology/SSTI.csv,15_min_interval_stocks,Technology,SSTI,2229837,0.0020766975358128548
2362,15_min_interval_stocks/Technology/VRSK.csv,15_min_interval_stocks,Technology,VRSK,6456840,0.006013400852680206
2363,15_min_interval_stocks/Technology/NOK.csv,15_min_interval_stocks,Technology,NOK,15061817,0.014027410186827183
2364,15_min_interval_stocks/Technology/ECX.csv,15_min_interval_stocks,Technology,ECX,511603,0.00047646742314100266
2365,15_min_interval_stocks/Technology/SAIHW.csv,15_min_interval_stocks,Technology,SAIHW,5082,4.732981324195862e-06
2366,15_min_interval_stocks/Technology/MSGM.csv,15_min_interval_stocks,Technology,MSGM,962966,0.0008968319743871689
2367,15_min_interval_stocks/Technology/ZS.csv,15_min_interval_stocks,Technology,ZS,3663958,0.0034123267978429794
2368,15_min_interval_stocks/Technology/MMVWW.csv,15_min_interval_stocks,Technology,MMVWW,186897,0.0001740613952279091
2369,15_min_interval_stocks/Technology/CRCT.csv,15_min_interval_stocks,Technology,CRCT,1490782,0.0013883989304304123
2370,15_min_interval_stocks/Technology/SLAB.csv,15_min_interval_stocks,Technology,SLAB,8906306,0.008294643834233284
2371,15_min_interval_stocks/Technology/MNTX.csv,15_min_interval_stocks,Technology,MNTX,3788314,0.003528142347931862
2372,15_min_interval_stocks/Technology/FRSH.csv,15_min_interval_stocks,Technology,FRSH,1334503,0.00124285276979208
2373,15_min_interval_stocks/Technology/KVYO.csv,15_min_interval_stocks,Technology,KVYO,563388,0.0005246959626674652
2374,15_min_interval_stocks/Technology/ICLK.csv,15_min_interval_stocks,Technology,ICLK,1838650,0.0017123762518167496
2375,15_min_interval_stocks/Technology/BCOV.csv,15_min_interval_stocks,Technology,BCOV,4131708,0.0038479529321193695
2376,15_min_interval_stocks/Technology/INTU.csv,15_min_interval_stocks,Technology,INTU,11786410,0.010976949706673622
2377,15_min_interval_stocks/Technology/BAND.csv,15_min_interval_stocks,Technology,BAND,2587600,0.002409890294075012
2378,15_min_interval_stocks/Technology/XTIA.csv,15_min_interval_stocks,Technology,XTIA,526517,0.0004903571680188179
2379,15_min_interval_stocks/Technology/VERI.csv,15_min_interval_stocks,Technology,VERI,2953919,0.0027510514482855797
2380,15_min_interval_stocks/Technology/NVDA.csv,15_min_interval_stocks,Technology,NVDA,15836200,0.014748610556125641
2381,15_min_interval_stocks/Technology/EA.csv,15_min_interval_stocks,Technology,EA,12112089,0.011280261911451817
2382,15_min_interval_stocks/Technology/CINT.csv,15_min_interval_stocks,Technology,CINT,889681,0.0008285799995064735
2383,15_min_interval_stocks/Technology/RPD.csv,15_min_interval_stocks,Technology,RPD,3330957,0.0031021954491734505
2384,15_min_interval_stocks/Technology/ASML.csv,15_min_interval_stocks,Technology,ASML,13187572,0.012281883507966995
2385,15_min_interval_stocks/Technology/ENS.csv,15_min_interval_stocks,Technology,ENS,8037006,0.0074850451201200485
2386,15_min_interval_stocks/Technology/LGTY.csv,15_min_interval_stocks,Technology,LGTY,70285,6.545800715684891e-05
2387,15_min_interval_stocks/Technology/PRO.csv,15_min_interval_stocks,Technology,PRO,5804609,0.005405963398516178
2388,15_min_interval_stocks/Technology/IPGP.csv,15_min_interval_stocks,Technology,IPGP,6752740,0.006288979202508926
2389,15_min_interval_stocks/Technology/NBIS.csv,15_min_interval_stocks,Technology,NBIS,89916,8.374080061912537e-05
2390,15_min_interval_stocks/Technology/ITRN.csv,15_min_interval_stocks,Technology,ITRN,5309706,0.004945049062371254
2391,15_min_interval_stocks/Technology/ASYS.csv,15_min_interval_stocks,Technology,ASYS,5702643,0.005311000160872936
2392,15_min_interval_stocks/Technology/IREN.csv,15_min_interval_stocks,Technology,IREN,1620462,0.0015091728419065475
2393,15_min_interval_stocks/Technology/STNE.csv,15_min_interval_stocks,Technology,STNE,3104832,0.0028916001319885254
2394,15_min_interval_stocks/Technology/SPCB.csv,15_min_interval_stocks,Technology,SPCB,3899826,0.003631995990872383
2395,15_min_interval_stocks/Technology/INVE.csv,15_min_interval_stocks,Technology,INVE,3752768,0.00349503755569458
2396,15_min_interval_stocks/Technology/EGAN.csv,15_min_interval_stocks,Technology,EGAN,3601945,0.0033545726910233498
2397,15_min_interval_stocks/Technology/PCTY.csv,15_min_interval_stocks,Technology,PCTY,3878608,0.003612235188484192
2398,15_min_interval_stocks/Technology/KWE.csv,15_min_interval_stocks,Technology,KWE,620327,0.0005777245387434959
2399,15_min_interval_stocks/Technology/BILL.csv,15_min_interval_stocks,Technology,BILL,2321569,0.002162129618227482
2400,15_min_interval_stocks/Technology/LAW.csv,15_min_interval_stocks,Technology,LAW,1173535,0.0010929396376013756
2401,15_min_interval_stocks/Technology/ECXWW.csv,15_min_interval_stocks,Technology,ECXWW,76208,7.097423076629639e-05
2402,15_min_interval_stocks/Technology/AVDX.csv,15_min_interval_stocks,Technology,AVDX,1183387,0.0011021150276064873
2403,15_min_interval_stocks/Technology/SQNS.csv,15_min_interval_stocks,Technology,SQNS,3795713,0.003535033203661442
2404,15_min_interval_stocks/Technology/CHKP.csv,15_min_interval_stocks,Technology,CHKP,9846612,0.009170372039079666
2405,15_min_interval_stocks/Technology/APPF.csv,15_min_interval_stocks,Technology,APPF,3233630,0.00301155261695385
2406,15_min_interval_stocks/Technology/AVGO.csv,15_min_interval_stocks,Technology,AVGO,7868577,0.007328183390200138
2407,15_min_interval_stocks/Technology/MCHP.csv,15_min_interval_stocks,Technology,MCHP,11324603,0.010546858422458172
2408,15_min_interval_stocks/Technology/ELWS.csv,15_min_interval_stocks,Technology,ELWS,500610,0.0004662293940782547
2409,15_min_interval_stocks/Technology/VSAT.csv,15_min_interval_stocks,Technology,VSAT,8857142,0.008248856291174889
2410,15_min_interval_stocks/Technology/TDC.csv,15_min_interval_stocks,Technology,TDC,6628567,0.006173334084451199
2411,15_min_interval_stocks/Technology/CLMB.csv,15_min_interval_stocks,Technology,CLMB,2582123,0.0024047894403338432
2412,15_min_interval_stocks/Technology/RELL.csv,15_min_interval_stocks,Technology,RELL,6728525,0.006266427226364613
2413,15_min_interval_stocks/Technology/ALOT.csv,15_min_interval_stocks,Technology,ALOT,2447909,0.0022797929123044014
2414,15_min_interval_stocks/Technology/MRCY.csv,15_min_interval_stocks,Technology,MRCY,8579651,0.007990422658622265
2415,15_min_interval_stocks/Technology/MEI.csv,15_min_interval_stocks,Technology,MEI,6644229,0.006187920458614826
2416,15_min_interval_stocks/Technology/NXPI.csv,15_min_interval_stocks,Technology,NXPI,7165973,0.006673832423985004
2417,15_min_interval_stocks/Technology/CLPS.csv,15_min_interval_stocks,Technology,CLPS,1514113,0.001410127617418766
2418,15_min_interval_stocks/Technology/SKIL.csv,15_min_interval_stocks,Technology,SKIL,1529125,0.0014241086319088936
2419,15_min_interval_stocks/Technology/GEN.csv,15_min_interval_stocks,Technology,GEN,9422169,0.008775078691542149
2420,15_min_interval_stocks/Technology/ADBE.csv,15_min_interval_stocks,Technology,ADBE,11916851,0.01109843235462904
2421,15_min_interval_stocks/Technology/QLYS.csv,15_min_interval_stocks,Technology,QLYS,4390204,0.004088696092367172
2422,15_min_interval_stocks/Technology/AVPTW.csv,15_min_interval_stocks,Technology,AVPTW,703747,0.0006554154679179192
2423,15_min_interval_stocks/Technology/VICR.csv,15_min_interval_stocks,Technology,VICR,8564588,0.007976394146680832
2424,15_min_interval_stocks/Technology/SSTK.csv,15_min_interval_stocks,Technology,SSTK,4847399,0.004514492116868496
2425,15_min_interval_stocks/Technology/COMM.csv,15_min_interval_stocks,Technology,COMM,4132954,0.0038491133600473404
2426,15_min_interval_stocks/Technology/XPER.csv,15_min_interval_stocks,Technology,XPER,6255630,0.005826009437441826
2427,15_min_interval_stocks/Technology/IVAC.csv,15_min_interval_stocks,Technology,IVAC,6430334,0.005988715216517448
2428,15_min_interval_stocks/Technology/CHR.csv,15_min_interval_stocks,Technology,CHR,163081,0.00015188101679086685
2429,15_min_interval_stocks/Technology/IPWR.csv,15_min_interval_stocks,Technology,IPWR,2440748,0.00227312371134758
2430,15_min_interval_stocks/Technology/VECO.csv,15_min_interval_stocks,Technology,VECO,8937963,0.008324126712977886
2431,15_min_interval_stocks/Technology/VSH.csv,15_min_interval_stocks,Technology,VSH,10009639,0.009322202764451504
2432,15_min_interval_stocks/Technology/APH.csv,15_min_interval_stocks,Technology,APH,9992246,0.009306004270911217
2433,15_min_interval_stocks/Technology/SNOW.csv,15_min_interval_stocks,Technology,SNOW,3064312,0.002853862941265106
2434,15_min_interval_stocks/Technology/BSY.csv,15_min_interval_stocks,Technology,BSY,1736268,0.0016170255839824677
2435,15_min_interval_stocks/Technology/YY.csv,15_min_interval_stocks,Technology,YY,5552196,0.005170885473489761
2436,15_min_interval_stocks/Technology/ASST.csv,15_min_interval_stocks,Technology,ASST,767990,0.0007152464240789413
2437,15_min_interval_stocks/Technology/DUOL.csv,15_min_interval_stocks,Technology,DUOL,1609381,0.0014988528564572334
2438,15_min_interval_stocks/Technology/EVLVW.csv,15_min_interval_stocks,Technology,EVLVW,500980,0.0004665739834308624
2439,15_min_interval_stocks/Technology/LCFYW.csv,15_min_interval_stocks,Technology,LCFYW,44166,4.1132792830467224e-05
2440,15_min_interval_stocks/Technology/WCT.csv,15_min_interval_stocks,Technology,WCT,99636,9.279325604438782e-05
2441,15_min_interval_stocks/Technology/HOLO.csv,15_min_interval_stocks,Technology,HOLO,1398597,0.0013025449588894844
2442,15_min_interval_stocks/Technology/ALAB.csv,15_min_interval_stocks,Technology,ALAB,513737,0.0004784548655152321
2443,15_min_interval_stocks/Technology/SMXWW.csv,15_min_interval_stocks,Technology,SMXWW,116374,0.0001083817332983017
2444,15_min_interval_stocks/Technology/SAP.csv,15_min_interval_stocks,Technology,SAP,12068259,0.01123944204300642
2445,15_min_interval_stocks/Technology/WAVS.csv,15_min_interval_stocks,Technology,WAVS,86987,8.101295679807663e-05
2446,15_min_interval_stocks/Technology/JAMF.csv,15_min_interval_stocks,Technology,JAMF,1573467,0.0014654053375124931
2447,15_min_interval_stocks/Technology/IFBD.csv,15_min_interval_stocks,Technology,IFBD,1519693,0.0014153243973851204
2448,15_min_interval_stocks/Technology/BZ.csv,15_min_interval_stocks,Technology,BZ,1640974,0.0015282761305570602
2449,15_min_interval_stocks/Technology/BBAI.csv,15_min_interval_stocks,Technology,BBAI,1764645,0.001643453724682331
2450,15_min_interval_stocks/Technology/ARQQ.csv,15_min_interval_stocks,Technology,ARQQ,1747704,0.0016276761889457703
2451,15_min_interval_stocks/Technology/VNET.csv,15_min_interval_stocks,Technology,VNET,4814532,0.004483882337808609
2452,15_min_interval_stocks/Technology/SNCR.csv,15_min_interval_stocks,Technology,SNCR,6692859,0.006233210675418377
2453,15_min_interval_stocks/Technology/DSGX.csv,15_min_interval_stocks,Technology,DSGX,5742938,0.005348527804017067
2454,15_min_interval_stocks/Technology/PT.csv,15_min_interval_stocks,Technology,PT,1509442,0.0014057774096727371
2455,15_min_interval_stocks/Technology/PAYC.csv,15_min_interval_stocks,Technology,PAYC,4848734,0.004515735432505608
2456,15_min_interval_stocks/Technology/WIT.csv,15_min_interval_stocks,Technology,WIT,8936007,0.008322305046021938
2457,15_min_interval_stocks/Technology/SANM.csv,15_min_interval_stocks,Technology,SANM,9309827,0.008670452050864697
2458,15_min_interval_stocks/Technology/CMBM.csv,15_min_interval_stocks,Technology,CMBM,1708244,0.0015909262001514435
2459,15_min_interval_stocks/Technology/HPAI.csv,15_min_interval_stocks,Technology,HPAI,73344,6.830692291259766e-05
2460,15_min_interval_stocks/Technology/ZETA.csv,15_min_interval_stocks,Technology,ZETA,1447720,0.0013482943177223206
2461,15_min_interval_stocks/Technology/AILEW.csv,15_min_interval_stocks,Technology,AILEW,76705,7.143709808588028e-05
2462,15_min_interval_stocks/Technology/SST.csv,15_min_interval_stocks,Technology,SST,1308996,0.001219097524881363
2463,15_min_interval_stocks/Technology/CMCM.csv,15_min_interval_stocks,Technology,CMCM,3695468,0.003441672772169113
2464,15_min_interval_stocks/Technology/SIFY.csv,15_min_interval_stocks,Technology,SIFY,7761548,0.007228504866361618
2465,15_min_interval_stocks/Technology/NVTS.csv,15_min_interval_stocks,Technology,NVTS,1556629,0.0014497237280011177
2466,15_min_interval_stocks/Technology/PLAB.csv,15_min_interval_stocks,Technology,PLAB,8726556,0.008127238601446152
2467,15_min_interval_stocks/Technology/BCAN.csv,15_min_interval_stocks,Technology,BCAN,924769,0.0008612582460045815
2468,15_min_interval_stocks/Technology/ATGL.csv,15_min_interval_stocks,Technology,ATGL,309724,0.00028845295310020447
2469,15_min_interval_stocks/Technology/WISA.csv,15_min_interval_stocks,Technology,WISA,2741959,0.002553648315370083
2470,15_min_interval_stocks/Technology/SSNC.csv,15_min_interval_stocks,Technology,SSNC,5900442,0.005495214834809303
2471,15_min_interval_stocks/Technology/ALRM.csv,15_min_interval_stocks,Technology,ALRM,3306634,0.003079542890191078
2472,15_min_interval_stocks/Technology/GDRX.csv,15_min_interval_stocks,Technology,GDRX,1866029,0.0017378749325871468
2473,15_min_interval_stocks/Technology/GIGGU.csv,15_min_interval_stocks,Technology,GIGGU,12480,1.1622905731201172e-05
2474,15_min_interval_stocks/Technology/JKS.csv,15_min_interval_stocks,Technology,JKS,7352307,0.006847369484603405
2475,15_min_interval_stocks/Technology/MMV.csv,15_min_interval_stocks,Technology,MMV,727554,0.0006775874644517899
2476,15_min_interval_stocks/Technology/MGIC.csv,15_min_interval_stocks,Technology,MGIC,6009644,0.005596917122602463
2477,15_min_interval_stocks/Technology/DDOG.csv,15_min_interval_stocks,Technology,DDOG,3106525,0.0028931768611073494
2478,15_min_interval_stocks/Technology/SCKT.csv,15_min_interval_stocks,Technology,SCKT,3597278,0.0033502262085676193
2479,15_min_interval_stocks/Technology/UI.csv,15_min_interval_stocks,Technology,UI,5421697,0.005049348808825016
2480,15_min_interval_stocks/Technology/OOMA.csv,15_min_interval_stocks,Technology,OOMA,2910725,0.0027108239009976387
2481,15_min_interval_stocks/Technology/ERIC.csv,15_min_interval_stocks,Technology,ERIC,8997450,0.008379528298974037
2482,15_min_interval_stocks/Technology/SLNHP.csv,15_min_interval_stocks,Technology,SLNHP,381137,0.00035496149212121964
2483,15_min_interval_stocks/Technology/SOUNW.csv,15_min_interval_stocks,Technology,SOUNW,495670,0.00046162866055965424
2484,15_min_interval_stocks/Technology/TYGO.csv,15_min_interval_stocks,Technology,TYGO,436408,0.00040643662214279175
2485,15_min_interval_stocks/Technology/MYPS.csv,15_min_interval_stocks,Technology,MYPS,1310849,0.0012208232656121254
2486,15_min_interval_stocks/Technology/SMSI.csv,15_min_interval_stocks,Technology,SMSI,7550472,0.007031925022602081
2487,15_min_interval_stocks/Technology/EB.csv,15_min_interval_stocks,Technology,EB,2257509,0.0021024690940976143
2488,15_min_interval_stocks/Technology/MDB.csv,15_min_interval_stocks,Technology,MDB,3537094,0.0032941754907369614
2489,15_min_interval_stocks/Technology/FIVN.csv,15_min_interval_stocks,Technology,FIVN,3876048,0.0036098510026931763
2490,15_min_interval_stocks/Technology/MVIS.csv,15_min_interval_stocks,Technology,MVIS,9554592,0.008898407220840454
2491,15_min_interval_stocks/Technology/DAVA.csv,15_min_interval_stocks,Technology,DAVA,2192393,0.002041825093328953
2492,15_min_interval_stocks/Technology/PLTK.csv,15_min_interval_stocks,Technology,PLTK,1603455,0.001493333838880062
2493,15_min_interval_stocks/Technology/OSIS.csv,15_min_interval_stocks,Technology,OSIS,8341073,0.007768229581415653
2494,15_min_interval_stocks/Technology/MSFT.csv,15_min_interval_stocks,Technology,MSFT,18184157,0.016935315914452076
2495,15_min_interval_stocks/Technology/SNAP.csv,15_min_interval_stocks,Technology,SNAP,5525832,0.005146332085132599
2496,15_min_interval_stocks/Technology/GOOGL.csv,15_min_interval_stocks,Technology,GOOGL,13018805,0.012124706991016865
2497,15_min_interval_stocks/Technology/CLS.csv,15_min_interval_stocks,Technology,CLS,8706369,0.008108437992632389
2498,15_min_interval_stocks/Technology/HTCR.csv,15_min_interval_stocks,Technology,HTCR,776531,0.0007232008501887321
2499,15_min_interval_stocks/Technology/FRSX.csv,15_min_interval_stocks,Technology,FRSX,2531552,0.002357691526412964
2500,15_min_interval_stocks/Technology/VSSYW.csv,15_min_interval_stocks,Technology,VSSYW,180053,0.00016768742352724075
2501,15_min_interval_stocks/Technology/TUYA.csv,15_min_interval_stocks,Technology,TUYA,1691911,0.0015757149085402489
2502,15_min_interval_stocks/Technology/CTS.csv,15_min_interval_stocks,Technology,CTS,9404929,0.008759022690355778
2503,15_min_interval_stocks/Technology/KC.csv,15_min_interval_stocks,Technology,KC,2162231,0.0020137345418334007
2504,15_min_interval_stocks/Technology/TSEM.csv,15_min_interval_stocks,Technology,TSEM,7493980,0.006979312747716904
2505,15_min_interval_stocks/Technology/AVT.csv,15_min_interval_stocks,Technology,AVT,10030217,0.009341367520391941
2506,15_min_interval_stocks/Technology/MPWR.csv,15_min_interval_stocks,Technology,MPWR,7967125,0.007419963367283344
2507,15_min_interval_stocks/Technology/KWESW.csv,15_min_interval_stocks,Technology,KWESW,49765,4.634726792573929e-05
2508,15_min_interval_stocks/Technology/BNZIW.csv,15_min_interval_stocks,Technology,BNZIW,44740,4.166737198829651e-05
2509,15_min_interval_stocks/Technology/CANG.csv,15_min_interval_stocks,Technology,CANG,1738475,0.001619081012904644
2510,15_min_interval_stocks/Technology/LDOS.csv,15_min_interval_stocks,Technology,LDOS,7375307,0.006868789903819561
2511,15_min_interval_stocks/Technology/BKTI.csv,15_min_interval_stocks,Technology,BKTI,3080945,0.0028693536296486855
2512,15_min_interval_stocks/Technology/BILI.csv,15_min_interval_stocks,Technology,BILI,4583261,0.004268494434654713
2513,15_min_interval_stocks/Technology/LSPD.csv,15_min_interval_stocks,Technology,LSPD,1673467,0.001558537594974041
2514,15_min_interval_stocks/Technology/SKLZ.csv,15_min_interval_stocks,Technology,SKLZ,2719560,0.0025327876210212708
2515,15_min_interval_stocks/Technology/VRNT.csv,15_min_interval_stocks,Technology,VRNT,8146939,0.007587428204715252
2516,15_min_interval_stocks/Technology/MTSI.csv,15_min_interval_stocks,Technology,MTSI,4359722,0.004060307517647743
2517,15_min_interval_stocks/Technology/SHOP.csv,15_min_interval_stocks,Technology,SHOP,5424761,0.005052202381193638
2518,15_min_interval_stocks/Technology/AEIS.csv,15_min_interval_stocks,Technology,AEIS,10020419,0.009332242421805859
2519,15_min_interval_stocks/Technology/APP.csv,15_min_interval_stocks,Technology,APP,1837768,0.0017115548253059387
2520,15_min_interval_stocks/Technology/API.csv,15_min_interval_stocks,Technology,API,1772635,0.0016508949920535088
2521,15_min_interval_stocks/Technology/CVV.csv,15_min_interval_stocks,Technology,CVV,3166847,0.0029493561014533043
2522,15_min_interval_stocks/Technology/TRUE.csv,15_min_interval_stocks,Technology,TRUE,3989069,0.0037151100113987923
2523,15_min_interval_stocks/Technology/SEMR.csv,15_min_interval_stocks,Technology,SEMR,1328867,0.001237603835761547
2524,15_min_interval_stocks/Technology/OCFT.csv,15_min_interval_stocks,Technology,OCFT,1562089,0.0014548087492585182
2525,15_min_interval_stocks/Technology/DBX.csv,15_min_interval_stocks,Technology,DBX,3208205,0.0029878737404942513
2526,15_min_interval_stocks/Technology/OPTXW.csv,15_min_interval_stocks,Technology,OPTXW,71268,6.637349724769592e-05
2527,15_min_interval_stocks/Technology/PDFS.csv,15_min_interval_stocks,Technology,PDFS,7188960,0.00669524073600769
2528,15_min_interval_stocks/Technology/DAY.csv,15_min_interval_stocks,Technology,DAY,364376,0.0003393515944480896
2529,15_min_interval_stocks/Technology/PRCH.csv,15_min_interval_stocks,Technology,PRCH,1760801,0.0016398737207055092
2530,15_min_interval_stocks/Technology/PTC.csv,15_min_interval_stocks,Technology,PTC,6887610,0.006414586678147316
2531,15_min_interval_stocks/Technology/GDEV.csv,15_min_interval_stocks,Technology,GDEV,257047,0.0002393936738371849
2532,15_min_interval_stocks/Technology/PEGA.csv,15_min_interval_stocks,Technology,PEGA,9156043,0.00852722954005003
2533,15_min_interval_stocks/Technology/TEL.csv,15_min_interval_stocks,Technology,TEL,7356130,0.00685092993080616
2534,15_min_interval_stocks/Technology/AI.csv,15_min_interval_stocks,Technology,AI,6563149,0.006112408824265003
2535,15_min_interval_stocks/Technology/NSYS.csv,15_min_interval_stocks,Technology,NSYS,1499432,0.0013964548707008362
2536,15_min_interval_stocks/Technology/GDDY.csv,15_min_interval_stocks,Technology,GDDY,3663536,0.0034119337797164917
2537,15_min_interval_stocks/Technology/IONQ.csv,15_min_interval_stocks,Technology,IONQ,2725743,0.0025385459885001183
2538,15_min_interval_stocks/Technology/KE.csv,15_min_interval_stocks,Technology,KE,3154612,0.002937961369752884
2539,15_min_interval_stocks/Technology/QTWO.csv,15_min_interval_stocks,Technology,QTWO,3719464,0.003464020788669586
2540,15_min_interval_stocks/Technology/MSAIW.csv,15_min_interval_stocks,Technology,MSAIW,65134,6.066076457500458e-05
2541,15_min_interval_stocks/Technology/LGCL.csv,15_min_interval_stocks,Technology,LGCL,282531,0.00026312749832868576
2542,15_min_interval_stocks/Technology/IOT.csv,15_min_interval_stocks,Technology,IOT,1515439,0.0014113625511527061
2543,15_min_interval_stocks/Technology/HUBS.csv,15_min_interval_stocks,Technology,HUBS,4050865,0.0037726620212197304
2544,15_min_interval_stocks/Technology/SPNS.csv,15_min_interval_stocks,Technology,SPNS,5536640,0.005156397819519043
2545,15_min_interval_stocks/Technology/ADP.csv,15_min_interval_stocks,Technology,ADP,10666004,0.009933490306138992
2546,15_min_interval_stocks/Technology/FSLR.csv,15_min_interval_stocks,Technology,FSLR,9130406,0.008503353223204613
2547,15_min_interval_stocks/Technology/AISPW.csv,15_min_interval_stocks,Technology,AISPW,167624,0.00015611201524734497
2548,15_min_interval_stocks/Technology/EPAC.csv,15_min_interval_stocks,Technology,EPAC,6970876,0.006492134183645248
2549,15_min_interval_stocks/Technology/PLTR.csv,15_min_interval_stocks,Technology,PLTR,3349989,0.0031199203804135323
2550,15_min_interval_stocks/Technology/SHLS.csv,15_min_interval_stocks,Technology,SHLS,1654936,0.0015412792563438416
2551,15_min_interval_stocks/Technology/YMM.csv,15_min_interval_stocks,Technology,YMM,1664229,0.0015499340370297432
2552,15_min_interval_stocks/Technology/MKTW.csv,15_min_interval_stocks,Technology,MKTW,1427213,0.001329195685684681
2553,15_min_interval_stocks/Technology/STRM.csv,15_min_interval_stocks,Technology,STRM,3249207,0.003026059828698635
2554,15_min_interval_stocks/Technology/DTSTW.csv,15_min_interval_stocks,Technology,DTSTW,134175,0.00012496020644903183
2555,15_min_interval_stocks/Technology/OMCL.csv,15_min_interval_stocks,Technology,OMCL,7823064,0.007285796105861664
2556,15_min_interval_stocks/Technology/BKYI.csv,15_min_interval_stocks,Technology,BKYI,2815314,0.0026219654828310013
2557,15_min_interval_stocks/Technology/ORCL.csv,15_min_interval_stocks,Technology,ORCL,14220140,0.01324353739619255
2558,15_min_interval_stocks/Technology/INFY.csv,15_min_interval_stocks,Technology,INFY,10797863,0.010056293569505215
2559,15_min_interval_stocks/Technology/NIXX.csv,15_min_interval_stocks,Technology,NIXX,91678,8.538179099559784e-05
2560,15_min_interval_stocks/Technology/GWRE.csv,15_min_interval_stocks,Technology,GWRE,4636128,0.004317730665206909
2561,15_min_interval_stocks/Technology/DGLY.csv,15_min_interval_stocks,Technology,DGLY,4619773,0.004302498884499073
2562,15_min_interval_stocks/Technology/SOGP.csv,15_min_interval_stocks,Technology,SOGP,159580,0.00014862045645713806
2563,15_min_interval_stocks/Technology/KOPN.csv,15_min_interval_stocks,Technology,KOPN,9113832,0.008487917482852936
2564,15_min_interval_stocks/Technology/CRNC.csv,15_min_interval_stocks,Technology,CRNC,2052450,0.0019114930182695389
2565,15_min_interval_stocks/Technology/AWRE.csv,15_min_interval_stocks,Technology,AWRE,5307463,0.0049429601058363914
2566,15_min_interval_stocks/Technology/RDDT.csv,15_min_interval_stocks,Technology,RDDT,551525,0.0005136476829648018
2567,15_min_interval_stocks/Technology/GRND.csv,15_min_interval_stocks,Technology,GRND,1051476,0.0009792633354663849
2568,15_min_interval_stocks/Technology/AUUDW.csv,15_min_interval_stocks,Technology,AUUDW,184386,0.00017172284424304962
2569,15_min_interval_stocks/Technology/VOXX.csv,15_min_interval_stocks,Technology,VOXX,7865161,0.007325001992285252
2570,15_min_interval_stocks/Technology/DJTWW.csv,15_min_interval_stocks,Technology,DJTWW,334627,0.00031164567917585373
2571,15_min_interval_stocks/Technology/GLOB.csv,15_min_interval_stocks,Technology,GLOB,3755855,0.003497912548482418
2572,15_min_interval_stocks/Technology/EXFY.csv,15_min_interval_stocks,Technology,EXFY,1174362,0.0010937098413705826
2573,15_min_interval_stocks/Technology/BIGC.csv,15_min_interval_stocks,Technology,BIGC,1881434,0.0017522219568490982
2574,15_min_interval_stocks/Technology/TACT.csv,15_min_interval_stocks,Technology,TACT,4834592,0.0045025646686553955
2575,15_min_interval_stocks/Technology/CCCS.csv,15_min_interval_stocks,Technology,CCCS,1204426,0.0011217091232538223
2576,15_min_interval_stocks/Technology/CERS.csv,15_min_interval_stocks,Technology,CERS,8158990,0.007598651573061943
2577,15_min_interval_stocks/Technology/SPT.csv,15_min_interval_stocks,Technology,SPT,1821181,0.0016961069777607918
2578,15_min_interval_stocks/Technology/HIMX.csv,15_min_interval_stocks,Technology,HIMX,7910778,0.007367486134171486
2579,15_min_interval_stocks/Technology/FDS.csv,15_min_interval_stocks,Technology,FDS,10149288,0.00945226103067398
2580,15_min_interval_stocks/Technology/AAOI.csv,15_min_interval_stocks,Technology,AAOI,4411493,0.004108523018658161
2581,15_min_interval_stocks/Technology/ZEPP.csv,15_min_interval_stocks,Technology,ZEPP,2415230,0.002249358221888542
2582,15_min_interval_stocks/Technology/JG.csv,15_min_interval_stocks,Technology,JG,1849114,0.001722121611237526
2583,15_min_interval_stocks/Technology/XTKG.csv,15_min_interval_stocks,Technology,XTKG,447405,0.00041667837649583817
2584,15_min_interval_stocks/Technology/XNET.csv,15_min_interval_stocks,Technology,XNET,3605630,0.003358004614710808
2585,15_min_interval_stocks/Technology/GRNQ.csv,15_min_interval_stocks,Technology,GRNQ,1641158,0.0015284474939107895
2586,15_min_interval_stocks/Technology/TENB.csv,15_min_interval_stocks,Technology,TENB,2305763,0.0021474091336131096
2587,15_min_interval_stocks/Technology/CARS.csv,15_min_interval_stocks,Technology,CARS,2728351,0.0025409748777747154
2588,15_min_interval_stocks/Technology/ETWO.csv,15_min_interval_stocks,Technology,ETWO,1592674,0.0014832932502031326
2589,15_min_interval_stocks/Technology/SVCO.csv,15_min_interval_stocks,Technology,SVCO,218059,0.00020308326929807663
2590,15_min_interval_stocks/Technology/SDIG.csv,15_min_interval_stocks,Technology,SDIG,1629799,0.0015178686007857323
2591,15_min_interval_stocks/Technology/GOOG.csv,15_min_interval_stocks,Technology,GOOG,6848890,0.006378525868058205
2592,15_min_interval_stocks/Technology/INFA.csv,15_min_interval_stocks,Technology,INFA,1196878,0.0011146795004606247
2593,15_min_interval_stocks/Technology/POET.csv,15_min_interval_stocks,Technology,POET,805776,0.0007504373788833618
2594,15_min_interval_stocks/Technology/COHR.csv,15_min_interval_stocks,Technology,COHR,9351870,0.008709607645869255
2595,15_min_interval_stocks/Technology/NTAP.csv,15_min_interval_stocks,Technology,NTAP,11873618,0.011058168485760689
2596,15_min_interval_stocks/Technology/NICE.csv,15_min_interval_stocks,Technology,NICE,9394276,0.008749101310968399
2597,15_min_interval_stocks/Technology/UPWK.csv,15_min_interval_stocks,Technology,UPWK,2710157,0.0025240303948521614
2598,15_min_interval_stocks/Technology/RGTIW.csv,15_min_interval_stocks,Technology,RGTIW,381500,0.00035529956221580505
2599,15_min_interval_stocks/Technology/GILT.csv,15_min_interval_stocks,Technology,GILT,5240904,0.00488097220659256
2600,15_min_interval_stocks/Technology/QMCO.csv,15_min_interval_stocks,Technology,QMCO,1979845,0.001843874342739582
2601,15_min_interval_stocks/Technology/IBM.csv,15_min_interval_stocks,Technology,IBM,14237799,0.013259983621537685
2602,15_min_interval_stocks/Technology/ICHR.csv,15_min_interval_stocks,Technology,ICHR,2851282,0.002655463293194771
2603,15_min_interval_stocks/Technology/ARBB.csv,15_min_interval_stocks,Technology,ARBB,575254,0.0005357470363378525
2604,15_min_interval_stocks/Technology/KLIC.csv,15_min_interval_stocks,Technology,KLIC,10088479,0.009395628236234188
2605,15_min_interval_stocks/Technology/GDYN.csv,15_min_interval_stocks,Technology,GDYN,1709901,0.0015924694016575813
2606,15_min_interval_stocks/Technology/DOX.csv,15_min_interval_stocks,Technology,DOX,9942500,0.009259674698114395
2607,15_min_interval_stocks/Technology/ZUO.csv,15_min_interval_stocks,Technology,ZUO,2606334,0.0024273376911878586
2608,15_min_interval_stocks/Technology/STX.csv,15_min_interval_stocks,Technology,STX,10260798,0.009556112810969353
2609,15_min_interval_stocks/Technology/BRZE.csv,15_min_interval_stocks,Technology,BRZE,1262200,0.001175515353679657
2610,15_min_interval_stocks/Technology/ASX.csv,15_min_interval_stocks,Technology,ASX,8669951,0.008074521087110043
2611,15_min_interval_stocks/Real_Estate/EDU.csv,15_min_interval_stocks,Real_Estate,EDU,8602218,0.008011439815163612
2612,15_min_interval_stocks/Real_Estate/STRS.csv,15_min_interval_stocks,Real_Estate,STRS,2205010,0.0020535755902528763
2613,15_min_interval_stocks/Real_Estate/BTCTW.csv,15_min_interval_stocks,Real_Estate,BTCTW,72314,6.734766066074371e-05
2614,15_min_interval_stocks/Real_Estate/NLOP.csv,15_min_interval_stocks,Real_Estate,NLOP,441741,0.0004114033654332161
2615,15_min_interval_stocks/Real_Estate/LADR.csv,15_min_interval_stocks,Real_Estate,LADR,4263635,0.003970819525420666
2616,15_min_interval_stocks/Real_Estate/ILPT.csv,15_min_interval_stocks,Real_Estate,ILPT,2688984,0.002504311501979828
2617,15_min_interval_stocks/Real_Estate/ROIC.csv,15_min_interval_stocks,Real_Estate,ROIC,5878132,0.005474437028169632
2618,15_min_interval_stocks/Real_Estate/HHH.csv,15_min_interval_stocks,Real_Estate,HHH,601614,0.0005602966994047165
2619,15_min_interval_stocks/Real_Estate/AGNCM.csv,15_min_interval_stocks,Real_Estate,AGNCM,1336022,0.0012442674487829208
2620,15_min_interval_stocks/Real_Estate/EQC.csv,15_min_interval_stocks,Real_Estate,EQC,9712127,0.009045123122632504
2621,15_min_interval_stocks/Real_Estate/LANDO.csv,15_min_interval_stocks,Real_Estate,LANDO,876774,0.0008165594190359116
2622,15_min_interval_stocks/Real_Estate/UMH.csv,15_min_interval_stocks,Real_Estate,UMH,6588621,0.006136131472885609
2623,15_min_interval_stocks/Real_Estate/BFS.csv,15_min_interval_stocks,Real_Estate,BFS,7680335,0.007152869366109371
2624,15_min_interval_stocks/Real_Estate/VSTA.csv,15_min_interval_stocks,Real_Estate,VSTA,790121,0.0007358575239777565
2625,15_min_interval_stocks/Real_Estate/REGCP.csv,15_min_interval_stocks,Real_Estate,REGCP,94416,8.793175220489502e-05
2626,15_min_interval_stocks/Real_Estate/DHCNL.csv,15_min_interval_stocks,Real_Estate,DHCNL,1846656,0.001719832420349121
2627,15_min_interval_stocks/Real_Estate/BXMT.csv,15_min_interval_stocks,Real_Estate,BXMT,6953936,0.006476357579231262
2628,15_min_interval_stocks/Real_Estate/ADC.csv,15_min_interval_stocks,Real_Estate,ADC,8653764,0.008059445768594742
2629,15_min_interval_stocks/Real_Estate/RYN.csv,15_min_interval_stocks,Real_Estate,RYN,9783453,0.009111550636589527
2630,15_min_interval_stocks/Real_Estate/SILA.csv,15_min_interval_stocks,Real_Estate,SILA,221439,0.00020623113960027695
2631,15_min_interval_stocks/Real_Estate/IH.csv,15_min_interval_stocks,Real_Estate,IH,826763,0.0007699830457568169
2632,15_min_interval_stocks/Real_Estate/SCCD.csv,15_min_interval_stocks,Real_Estate,SCCD,248827,0.00023173820227384567
2633,15_min_interval_stocks/Real_Estate/VNO.csv,15_min_interval_stocks,Real_Estate,VNO,10270487,0.009565136395394802
2634,15_min_interval_stocks/Real_Estate/FRT.csv,15_min_interval_stocks,Real_Estate,FRT,10051783,0.009361452423036098
2635,15_min_interval_stocks/Real_Estate/DHC.csv,15_min_interval_stocks,Real_Estate,DHC,7039391,0.006555943749845028
2636,15_min_interval_stocks/Real_Estate/TWO.csv,15_min_interval_stocks,Real_Estate,TWO,6897027,0.00642335694283247
2637,15_min_interval_stocks/Real_Estate/UHT.csv,15_min_interval_stocks,Real_Estate,UHT,8266310,0.007698601111769676
2638,15_min_interval_stocks/Real_Estate/GOOD.csv,15_min_interval_stocks,Real_Estate,GOOD,7090677,0.006603707559406757
2639,15_min_interval_stocks/Real_Estate/CLPR.csv,15_min_interval_stocks,Real_Estate,CLPR,2268382,0.0021125953644514084
2640,15_min_interval_stocks/Real_Estate/PECO.csv,15_min_interval_stocks,Real_Estate,PECO,1386389,0.0012911753728985786
2641,15_min_interval_stocks/Real_Estate/BRT.csv,15_min_interval_stocks,Real_Estate,BRT,4540673,0.004228831268846989
2642,15_min_interval_stocks/Real_Estate/CIMO.csv,15_min_interval_stocks,Real_Estate,CIMO,64752,6.0304999351501465e-05
2643,15_min_interval_stocks/Real_Estate/WHLR.csv,15_min_interval_stocks,Real_Estate,WHLR,3530218,0.0032877717167139053
2644,15_min_interval_stocks/Real_Estate/HASI.csv,15_min_interval_stocks,Real_Estate,HASI,4741271,0.0044156527146697044
2645,15_min_interval_stocks/Real_Estate/CLEU.csv,15_min_interval_stocks,Real_Estate,CLEU,1679110,0.0015637930482625961
2646,15_min_interval_stocks/Real_Estate/MDV.csv,15_min_interval_stocks,Real_Estate,MDV,708376,0.0006597265601158142
2647,15_min_interval_stocks/Real_Estate/VTR.csv,15_min_interval_stocks,Real_Estate,VTR,9984326,0.009298628196120262
2648,15_min_interval_stocks/Real_Estate/GPMT.csv,15_min_interval_stocks,Real_Estate,GPMT,3002974,0.002796737477183342
2649,15_min_interval_stocks/Real_Estate/LXP.csv,15_min_interval_stocks,Real_Estate,LXP,9102396,0.008477266877889633
2650,15_min_interval_stocks/Real_Estate/COLD.csv,15_min_interval_stocks,Real_Estate,COLD,2861264,0.0026647597551345825
2651,15_min_interval_stocks/Real_Estate/LANDM.csv,15_min_interval_stocks,Real_Estate,LANDM,264026,0.00024589337408542633
2652,15_min_interval_stocks/Real_Estate/CTO.csv,15_min_interval_stocks,Real_Estate,CTO,5737556,0.0053435154259204865
2653,15_min_interval_stocks/Real_Estate/TPTA.csv,15_min_interval_stocks,Real_Estate,TPTA,216887,0.0002019917592406273
2654,15_min_interval_stocks/Real_Estate/LXEH.csv,15_min_interval_stocks,Real_Estate,LXEH,647601,0.0006031254306435585
2655,15_min_interval_stocks/Real_Estate/NSA.csv,15_min_interval_stocks,Real_Estate,NSA,3855728,0.0035909265279769897
2656,15_min_interval_stocks/Real_Estate/AXR.csv,15_min_interval_stocks,Real_Estate,AXR,2760560,0.0025709718465805054
2657,15_min_interval_stocks/Real_Estate/APEI.csv,15_min_interval_stocks,Real_Estate,APEI,5693001,0.005302020348608494
2658,15_min_interval_stocks/Real_Estate/ARE.csv,15_min_interval_stocks,Real_Estate,ARE,10042199,0.009352526627480984
2659,15_min_interval_stocks/Real_Estate/UTI.csv,15_min_interval_stocks,Real_Estate,UTI,7047256,0.006563268601894379
2660,15_min_interval_stocks/Real_Estate/HIW.csv,15_min_interval_stocks,Real_Estate,HIW,9856375,0.009179464541375637
2661,15_min_interval_stocks/Real_Estate/SKT.csv,15_min_interval_stocks,Real_Estate,SKT,9605523,0.008945840410888195
2662,15_min_interval_stocks/Real_Estate/DOC.csv,15_min_interval_stocks,Real_Estate,DOC,4692423,0.0043701594695448875
2663,15_min_interval_stocks/Real_Estate/ALEX.csv,15_min_interval_stocks,Real_Estate,ALEX,4860770,0.0045269448310136795
2664,15_min_interval_stocks/Real_Estate/MPW.csv,15_min_interval_stocks,Real_Estate,MPW,8501328,0.007917478680610657
2665,15_min_interval_stocks/Real_Estate/PW.csv,15_min_interval_stocks,Real_Estate,PW,2029038,0.0018896888941526413
2666,15_min_interval_stocks/Real_Estate/NLY.csv,15_min_interval_stocks,Real_Estate,NLY,12187282,0.011350290849804878
2667,15_min_interval_stocks/Real_Estate/NXDT.csv,15_min_interval_stocks,Real_Estate,NXDT,5804124,0.00540551170706749
2668,15_min_interval_stocks/Real_Estate/MFAO.csv,15_min_interval_stocks,Real_Estate,MFAO,144648,0.00013471394777297974
2669,15_min_interval_stocks/Real_Estate/AFYA.csv,15_min_interval_stocks,Real_Estate,AFYA,1799659,0.0016760630533099174
2670,15_min_interval_stocks/Real_Estate/PRDO.csv,15_min_interval_stocks,Real_Estate,PRDO,6985926,0.006506150588393211
2671,15_min_interval_stocks/Real_Estate/RWTN.csv,15_min_interval_stocks,Real_Estate,RWTN,143549,0.00013369042426347733
2672,15_min_interval_stocks/Real_Estate/RLJ.csv,15_min_interval_stocks,Real_Estate,RLJ,5380405,0.005010892637073994
2673,15_min_interval_stocks/Real_Estate/DEA.csv,15_min_interval_stocks,Real_Estate,DEA,4023715,0.00374737661331892
2674,15_min_interval_stocks/Real_Estate/ARI.csv,15_min_interval_stocks,Real_Estate,ARI,5957920,0.005548745393753052
2675,15_min_interval_stocks/Real_Estate/GOTU.csv,15_min_interval_stocks,Real_Estate,GOTU,3110944,0.002897292375564575
2676,15_min_interval_stocks/Real_Estate/LANDP.csv,15_min_interval_stocks,Real_Estate,LANDP,337697,0.00031450483947992325
2677,15_min_interval_stocks/Real_Estate/DBRG.csv,15_min_interval_stocks,Real_Estate,DBRG,4424665,0.004120790399610996
2678,15_min_interval_stocks/Real_Estate/AMBO.csv,15_min_interval_stocks,Real_Estate,AMBO,1207879,0.0011249249801039696
2679,15_min_interval_stocks/Real_Estate/GSUN.csv,15_min_interval_stocks,Real_Estate,GSUN,799262,0.0007443707436323166
2680,15_min_interval_stocks/Real_Estate/ESRT.csv,15_min_interval_stocks,Real_Estate,ESRT,4406364,0.004103746265172958
2681,15_min_interval_stocks/Real_Estate/AIV.csv,15_min_interval_stocks,Real_Estate,AIV,9560363,0.00890378188341856
2682,15_min_interval_stocks/Real_Estate/AGNCN.csv,15_min_interval_stocks,Real_Estate,AGNCN,1896470,0.0017662253230810165
2683,15_min_interval_stocks/Real_Estate/EARN.csv,15_min_interval_stocks,Real_Estate,EARN,4158952,0.0038733258843421936
2684,15_min_interval_stocks/Real_Estate/CUBE.csv,15_min_interval_stocks,Real_Estate,CUBE,6981456,0.00650198757648468
2685,15_min_interval_stocks/Real_Estate/PMTU.csv,15_min_interval_stocks,Real_Estate,PMTU,161454,0.00015036575496196747
2686,15_min_interval_stocks/Real_Estate/BNH.csv,15_min_interval_stocks,Real_Estate,BNH,1115928,0.0010392889380455017
2687,15_min_interval_stocks/Real_Estate/AKR.csv,15_min_interval_stocks,Real_Estate,AKR,8787306,0.008183816447854042
2688,15_min_interval_stocks/Real_Estate/WY.csv,15_min_interval_stocks,Real_Estate,WY,10694692,0.009960208088159561
2689,15_min_interval_stocks/Real_Estate/KREF.csv,15_min_interval_stocks,Real_Estate,KREF,3054164,0.0028444118797779083
2690,15_min_interval_stocks/Real_Estate/SUNS.csv,15_min_interval_stocks,Real_Estate,SUNS,131022,0.00012202374637126923
2691,15_min_interval_stocks/Real_Estate/CTRE.csv,15_min_interval_stocks,Real_Estate,CTRE,4222981,0.003932957537472248
2692,15_min_interval_stocks/Real_Estate/RC.csv,15_min_interval_stocks,Real_Estate,RC,4360940,0.004061441868543625
2693,15_min_interval_stocks/Real_Estate/INN.csv,15_min_interval_stocks,Real_Estate,INN,5239917,0.004880052991211414
2694,15_min_interval_stocks/Real_Estate/JZ.csv,15_min_interval_stocks,Real_Estate,JZ,556018,0.0005178321152925491
2695,15_min_interval_stocks/Real_Estate/GOODO.csv,15_min_interval_stocks,Real_Estate,GOODO,397045,0.00036977697163820267
2696,15_min_interval_stocks/Real_Estate/PMT.csv,15_min_interval_stocks,Real_Estate,PMT,6136294,0.005714869126677513
2697,15_min_interval_stocks/Real_Estate/LINC.csv,15_min_interval_stocks,Real_Estate,LINC,5494264,0.0051169320940971375
2698,15_min_interval_stocks/Real_Estate/ALX.csv,15_min_interval_stocks,Real_Estate,ALX,3877123,0.003610852174460888
2699,15_min_interval_stocks/Real_Estate/STRA.csv,15_min_interval_stocks,Real_Estate,STRA,9610230,0.00895022414624691
2700,15_min_interval_stocks/Real_Estate/ELME.csv,15_min_interval_stocks,Real_Estate,ELME,6991818,0.006511637941002846
2701,15_min_interval_stocks/Real_Estate/RWTO.csv,15_min_interval_stocks,Real_Estate,RWTO,98788,9.200349450111389e-05
2702,15_min_interval_stocks/Real_Estate/EQR.csv,15_min_interval_stocks,Real_Estate,EQR,10260308,0.009555656462907791
2703,15_min_interval_stocks/Real_Estate/FCPT.csv,15_min_interval_stocks,Real_Estate,FCPT,3608711,0.003360874019563198
2704,15_min_interval_stocks/Real_Estate/GNL.csv,15_min_interval_stocks,Real_Estate,GNL,3928408,0.0036586150527000427
2705,15_min_interval_stocks/Real_Estate/RWT.csv,15_min_interval_stocks,Real_Estate,RWT,9276629,0.008639534004032612
2706,15_min_interval_stocks/Real_Estate/CIMN.csv,15_min_interval_stocks,Real_Estate,CIMN,120002,0.00011176057159900665
2707,15_min_interval_stocks/Real_Estate/NYC.csv,15_min_interval_stocks,Real_Estate,NYC,834330,0.0007770303636789322
2708,15_min_interval_stocks/Real_Estate/UDMY.csv,15_min_interval_stocks,Real_Estate,UDMY,1142272,0.0010638236999511719
2709,15_min_interval_stocks/Real_Estate/BNJ.csv,15_min_interval_stocks,Real_Estate,BNJ,959695,0.0008937856182456017
2710,15_min_interval_stocks/Real_Estate/NRDY.csv,15_min_interval_stocks,Real_Estate,NRDY,1640048,0.0015274137258529663
2711,15_min_interval_stocks/Real_Estate/MITP.csv,15_min_interval_stocks,Real_Estate,MITP,102800,9.573996067047119e-05
2712,15_min_interval_stocks/Real_Estate/CIO.csv,15_min_interval_stocks,Real_Estate,CIO,3782747,0.0035229576751589775
2713,15_min_interval_stocks/Real_Estate/GYRO.csv,15_min_interval_stocks,Real_Estate,GYRO,852880,0.0007943063974380493
2714,15_min_interval_stocks/Real_Estate/LOAN.csv,15_min_interval_stocks,Real_Estate,LOAN,2540302,0.0023658405989408493
2715,15_min_interval_stocks/Real_Estate/LTC.csv,15_min_interval_stocks,Real_Estate,LTC,9423310,0.008776141330599785
2716,15_min_interval_stocks/Real_Estate/ONL.csv,15_min_interval_stocks,Real_Estate,ONL,1358278,0.001264994964003563
2717,15_min_interval_stocks/Real_Estate/PLD.csv,15_min_interval_stocks,Real_Estate,PLD,10465152,0.009746432304382324
2718,15_min_interval_stocks/Real_Estate/BDN.csv,15_min_interval_stocks,Real_Estate,BDN,9452315,0.008803154341876507
2719,15_min_interval_stocks/Real_Estate/YQ.csv,15_min_interval_stocks,Real_Estate,YQ,1199989,0.0011175768449902534
2720,15_min_interval_stocks/Real_Estate/DLR.csv,15_min_interval_stocks,Real_Estate,DLR,8585823,0.007996170781552792
2721,15_min_interval_stocks/Real_Estate/PSA.csv,15_min_interval_stocks,Real_Estate,PSA,10540218,0.00981634296476841
2722,15_min_interval_stocks/Real_Estate/NNN.csv,15_min_interval_stocks,Real_Estate,NNN,9764724,0.009094107896089554
2723,15_min_interval_stocks/Real_Estate/SACC.csv,15_min_interval_stocks,Real_Estate,SACC,406557,0.0003786357119679451
2724,15_min_interval_stocks/Real_Estate/SVC.csv,15_min_interval_stocks,Real_Estate,SVC,2132183,0.001985750161111355
2725,15_min_interval_stocks/Real_Estate/FBRT.csv,15_min_interval_stocks,Real_Estate,FBRT,1327337,0.0012361789122223854
2726,15_min_interval_stocks/Real_Estate/MYND.csv,15_min_interval_stocks,Real_Estate,MYND,311714,0.00029030628502368927
2727,15_min_interval_stocks/Real_Estate/IVR.csv,15_min_interval_stocks,Real_Estate,IVR,7395225,0.006887339986860752
2728,15_min_interval_stocks/Real_Estate/ORC.csv,15_min_interval_stocks,Real_Estate,ORC,5455964,0.005081262439489365
2729,15_min_interval_stocks/Real_Estate/MFAN.csv,15_min_interval_stocks,Real_Estate,MFAN,239768,0.00022330135107040405
2730,15_min_interval_stocks/Real_Estate/NREF.csv,15_min_interval_stocks,Real_Estate,NREF,1553286,0.0014466103166341782
2731,15_min_interval_stocks/Real_Estate/CUZ.csv,15_min_interval_stocks,Real_Estate,CUZ,9748648,0.009079135954380035
2732,15_min_interval_stocks/Real_Estate/SCCE.csv,15_min_interval_stocks,Real_Estate,SCCE,354336,0.0003300011157989502
2733,15_min_interval_stocks/Real_Estate/ABR.csv,15_min_interval_stocks,Real_Estate,ABR,8193342,0.007630644366145134
2734,15_min_interval_stocks/Real_Estate/GHC.csv,15_min_interval_stocks,Real_Estate,GHC,5342176,0.0049752891063690186
2735,15_min_interval_stocks/Real_Estate/DHCNI.csv,15_min_interval_stocks,Real_Estate,DHCNI,3071986,0.0028610099107027054
2736,15_min_interval_stocks/Real_Estate/GV.csv,15_min_interval_stocks,Real_Estate,GV,372982,0.0003473665565252304
2737,15_min_interval_stocks/Real_Estate/SOHOO.csv,15_min_interval_stocks,Real_Estate,SOHOO,453946,0.000422770157456398
2738,15_min_interval_stocks/Real_Estate/MDRRP.csv,15_min_interval_stocks,Real_Estate,MDRRP,101466,9.449757635593414e-05
2739,15_min_interval_stocks/Real_Estate/RCB.csv,15_min_interval_stocks,Real_Estate,RCB,460015,0.00042842235416173935
2740,15_min_interval_stocks/Real_Estate/HR.csv,15_min_interval_stocks,Real_Estate,HR,9699638,0.00903349183499813
2741,15_min_interval_stocks/Real_Estate/OLP.csv,15_min_interval_stocks,Real_Estate,OLP,6702924,0.006242584437131882
2742,15_min_interval_stocks/Real_Estate/SQFTW.csv,15_min_interval_stocks,Real_Estate,SQFTW,207817,0.0001935446634888649
2743,15_min_interval_stocks/Real_Estate/INTG.csv,15_min_interval_stocks,Real_Estate,INTG,602283,0.0005609197542071342
2744,15_min_interval_stocks/Real_Estate/DEI.csv,15_min_interval_stocks,Real_Estate,DEI,7267464,0.006768353283405304
2745,15_min_interval_stocks/Real_Estate/AVB.csv,15_min_interval_stocks,Real_Estate,AVB,10407874,0.009693088009953499
2746,15_min_interval_stocks/Real_Estate/SOHON.csv,15_min_interval_stocks,Real_Estate,SOHON,394208,0.00036713480949401855
2747,15_min_interval_stocks/Real_Estate/RITM.csv,15_min_interval_stocks,Real_Estate,RITM,5666206,0.005277065560221672
2748,15_min_interval_stocks/Real_Estate/GMRE.csv,15_min_interval_stocks,Real_Estate,GMRE,3255450,0.0030318740755319595
2749,15_min_interval_stocks/Real_Estate/KRC.csv,15_min_interval_stocks,Real_Estate,KRC,9809771,0.009136061184108257
2750,15_min_interval_stocks/Real_Estate/LAMR.csv,15_min_interval_stocks,Real_Estate,LAMR,10168411,0.009470070712268353
2751,15_min_interval_stocks/Real_Estate/SAFE.csv,15_min_interval_stocks,Real_Estate,SAFE,2872979,0.002675670199096203
2752,15_min_interval_stocks/Real_Estate/SUI.csv,15_min_interval_stocks,Real_Estate,SUI,9580244,0.00892229750752449
2753,15_min_interval_stocks/Real_Estate/PDM.csv,15_min_interval_stocks,Real_Estate,PDM,5802618,0.005404109135270119
2754,15_min_interval_stocks/Real_Estate/CSR.csv,15_min_interval_stocks,Real_Estate,CSR,1408664,0.0013119205832481384
2755,15_min_interval_stocks/Real_Estate/NTST.csv,15_min_interval_stocks,Real_Estate,NTST,1758371,0.0016376106068491936
2756,15_min_interval_stocks/Real_Estate/EEIQ.csv,15_min_interval_stocks,Real_Estate,EEIQ,603718,0.0005622562021017075
2757,15_min_interval_stocks/Real_Estate/OUT.csv,15_min_interval_stocks,Real_Estate,OUT,4373358,0.0040730070322752
2758,15_min_interval_stocks/Real_Estate/AGNCP.csv,15_min_interval_stocks,Real_Estate,AGNCP,1495591,0.0013928776606917381
2759,15_min_interval_stocks/Real_Estate/BHR.csv,15_min_interval_stocks,Real_Estate,BHR,4174110,0.003887442871928215
2760,15_min_interval_stocks/Real_Estate/ATGE.csv,15_min_interval_stocks,Real_Estate,ATGE,6654176,0.006197184324264526
2761,15_min_interval_stocks/Energy/HP.csv,15_min_interval_stocks,Energy,HP,10347578,0.009636932983994484
2762,15_min_interval_stocks/Energy/BLDP.csv,15_min_interval_stocks,Energy,BLDP,9379087,0.008734955452382565
2763,15_min_interval_stocks/Energy/MUR.csv,15_min_interval_stocks,Energy,MUR,10595926,0.009868225082755089
2764,15_min_interval_stocks/Energy/TTE.csv,15_min_interval_stocks,Energy,TTE,9702002,0.009035693481564522
2765,15_min_interval_stocks/Energy/HAL.csv,15_min_interval_stocks,Energy,HAL,13353397,0.012436320073902607
2766,15_min_interval_stocks/Energy/SHEL.csv,15_min_interval_stocks,Energy,SHEL,11058275,0.01029882114380598
2767,15_min_interval_stocks/Energy/GEL.csv,15_min_interval_stocks,Energy,GEL,7702984,0.007173962891101837
2768,15_min_interval_stocks/Energy/GBR.csv,15_min_interval_stocks,Energy,GBR,3016846,0.002809656783938408
2769,15_min_interval_stocks/Energy/NGS.csv,15_min_interval_stocks,Energy,NGS,6091817,0.0056734466925263405
2770,15_min_interval_stocks/Energy/TALO.csv,15_min_interval_stocks,Energy,TALO,2463114,0.0022939536720514297
2771,15_min_interval_stocks/Energy/TPL.csv,15_min_interval_stocks,Energy,TPL,5410160,0.005038604140281677
2772,15_min_interval_stocks/Energy/PSX.csv,15_min_interval_stocks,Energy,PSX,6159041,0.005736053921282291
2773,15_min_interval_stocks/Energy/FCEL.csv,15_min_interval_stocks,Energy,FCEL,11672768,0.01087111234664917
2774,15_min_interval_stocks/Energy/CKX.csv,15_min_interval_stocks,Energy,CKX,623945,0.0005810940638184547
2775,15_min_interval_stocks/Energy/HTOOW.csv,15_min_interval_stocks,Energy,HTOOW,318360,0.00029649585485458374
2776,15_min_interval_stocks/Energy/HTOO.csv,15_min_interval_stocks,Energy,HTOO,1412278,0.0013152863830327988
2777,15_min_interval_stocks/Energy/EOG.csv,15_min_interval_stocks,Energy,EOG,11461050,0.01067393459379673
2778,15_min_interval_stocks/Energy/EQNR.csv,15_min_interval_stocks,Energy,EQNR,3921261,0.003651958890259266
2779,15_min_interval_stocks/Energy/IMO.csv,15_min_interval_stocks,Energy,IMO,9414914,0.008768321946263313
2780,15_min_interval_stocks/Energy/RRC.csv,15_min_interval_stocks,Energy,RRC,10583493,0.009856645949184895
2781,15_min_interval_stocks/Energy/BORR.csv,15_min_interval_stocks,Energy,BORR,2956256,0.002753227949142456
2782,15_min_interval_stocks/Energy/NPWR.csv,15_min_interval_stocks,Energy,NPWR,595618,0.0005547124892473221
2783,15_min_interval_stocks/Energy/LB.csv,15_min_interval_stocks,Energy,LB,232072,0.00021613389253616333
2784,15_min_interval_stocks/Energy/SUN.csv,15_min_interval_stocks,Energy,SUN,9748160,0.009078681468963623
2785,15_min_interval_stocks/Energy/FIP.csv,15_min_interval_stocks,Energy,FIP,937668,0.0008732713758945465
2786,15_min_interval_stocks/Energy/VTLE.csv,15_min_interval_stocks,Energy,VTLE,4841120,0.004508644342422485
2787,15_min_interval_stocks/Energy/PRTG.csv,15_min_interval_stocks,Energy,PRTG,868530,0.0008088815957307816
2788,15_min_interval_stocks/Energy/ARLP.csv,15_min_interval_stocks,Energy,ARLP,9178964,0.008548576384782791
2789,15_min_interval_stocks/Energy/BPT.csv,15_min_interval_stocks,Energy,BPT,9481968,0.00883077085018158
2790,15_min_interval_stocks/Energy/OBE.csv,15_min_interval_stocks,Energy,OBE,1329207,0.0012379204854369164
2791,15_min_interval_stocks/Energy/VTS.csv,15_min_interval_stocks,Energy,VTS,874516,0.0008144564926624298
2792,15_min_interval_stocks/Energy/DK.csv,15_min_interval_stocks,Energy,DK,7434263,0.006923696957528591
2793,15_min_interval_stocks/Energy/WKC.csv,15_min_interval_stocks,Energy,WKC,642577,0.0005984464660286903
2794,15_min_interval_stocks/Energy/SJT.csv,15_min_interval_stocks,Energy,SJT,8877995,0.008268277160823345
2795,15_min_interval_stocks/Energy/METCB.csv,15_min_interval_stocks,Energy,METCB,397988,0.00037065520882606506
2796,15_min_interval_stocks/Energy/GFR.csv,15_min_interval_stocks,Energy,GFR,259030,0.0002412404865026474
2797,15_min_interval_stocks/Energy/NRT.csv,15_min_interval_stocks,Energy,NRT,4957609,0.004617133177816868
2798,15_min_interval_stocks/Energy/NOG.csv,15_min_interval_stocks,Energy,NOG,7475816,0.006962396204471588
2799,15_min_interval_stocks/Energy/GTI.csv,15_min_interval_stocks,Energy,GTI,190798,0.00017769448459148407
2800,15_min_interval_stocks/Energy/HES.csv,15_min_interval_stocks,Energy,HES,8281210,0.007712477818131447
2801,15_min_interval_stocks/Energy/VET.csv,15_min_interval_stocks,Energy,VET,5212707,0.004854711703956127
2802,15_min_interval_stocks/Energy/CRK.csv,15_min_interval_stocks,Energy,CRK,10201888,0.009501248598098755
2803,15_min_interval_stocks/Energy/BTE.csv,15_min_interval_stocks,Energy,BTE,745588,0.0006943829357624054
2804,15_min_interval_stocks/Energy/PLUG.csv,15_min_interval_stocks,Energy,PLUG,10988455,0.010233796201646328
2805,15_min_interval_stocks/Energy/PHX.csv,15_min_interval_stocks,Energy,PHX,5563239,0.00518117006868124
2806,15_min_interval_stocks/Energy/CIVI.csv,15_min_interval_stocks,Energy,CIVI,1441656,0.0013426467776298523
2807,15_min_interval_stocks/Energy/BRN.csv,15_min_interval_stocks,Energy,BRN,3033390,0.0028250645846128464
2808,15_min_interval_stocks/Energy/SSL.csv,15_min_interval_stocks,Energy,SSL,9311407,0.008671923540532589
2809,15_min_interval_stocks/Energy/NWGL.csv,15_min_interval_stocks,Energy,NWGL,228440,0.0002127513289451599
2810,15_min_interval_stocks/Energy/NESR.csv,15_min_interval_stocks,Energy,NESR,37471,3.4897588193416595e-05
2811,15_min_interval_stocks/Energy/EONR.csv,15_min_interval_stocks,Energy,EONR,128640,0.00011980533599853516
2812,15_min_interval_stocks/Energy/AR.csv,15_min_interval_stocks,Energy,AR,4700098,0.004377307370305061
2813,15_min_interval_stocks/Energy/NOA.csv,15_min_interval_stocks,Energy,NOA,5976581,0.005566124804317951
2814,15_min_interval_stocks/Energy/MXC.csv,15_min_interval_stocks,Energy,MXC,2552688,0.0023773759603500366
2815,15_min_interval_stocks/Energy/KLXE.csv,15_min_interval_stocks,Energy,KLXE,2186562,0.00203639455139637
2816,15_min_interval_stocks/Energy/PDS.csv,15_min_interval_stocks,Energy,PDS,9597950,0.008938787505030632
2817,15_min_interval_stocks/Energy/KRP.csv,15_min_interval_stocks,Energy,KRP,2720111,0.002533300779759884
2818,15_min_interval_stocks/Energy/SU.csv,15_min_interval_stocks,Energy,SU,11116040,0.010352618992328644
2819,15_min_interval_stocks/Energy/XOM.csv,15_min_interval_stocks,Energy,XOM,15502341,0.014437680132687092
2820,15_min_interval_stocks/Energy/SOC.csv,15_min_interval_stocks,Energy,SOC,318447,0.0002965768799185753
2821,15_min_interval_stocks/Energy/PED.csv,15_min_interval_stocks,Energy,PED,3624440,0.003375522792339325
2822,15_min_interval_stocks/Energy/CLB.csv,15_min_interval_stocks,Energy,CLB,9771129,0.009100073017179966
2823,15_min_interval_stocks/Energy/BE.csv,15_min_interval_stocks,Energy,BE,3392733,0.0031597288325428963
2824,15_min_interval_stocks/Energy/COP.csv,15_min_interval_stocks,Energy,COP,12048390,0.011220937594771385
2825,15_min_interval_stocks/Energy/NC.csv,15_min_interval_stocks,Energy,NC,6727120,0.006265118718147278
2826,15_min_interval_stocks/Energy/CVI.csv,15_min_interval_stocks,Energy,CVI,6917906,0.0064428020268678665
2827,15_min_interval_stocks/Energy/GRNT.csv,15_min_interval_stocks,Energy,GRNT,802030,0.0007469486445188522
2828,15_min_interval_stocks/Energy/PBF.csv,15_min_interval_stocks,Energy,PBF,5448837,0.00507462490350008
2829,15_min_interval_stocks/Energy/PBA.csv,15_min_interval_stocks,Energy,PBA,5246294,0.004885992035269737
2830,15_min_interval_stocks/Energy/EAF.csv,15_min_interval_stocks,Energy,EAF,2708847,0.002522810362279415
2831,15_min_interval_stocks/Energy/MGY.csv,15_min_interval_stocks,Energy,MGY,2858955,0.0026626093313097954
2832,15_min_interval_stocks/Energy/SD.csv,15_min_interval_stocks,Energy,SD,3350746,0.003120625391602516
2833,15_min_interval_stocks/Energy/CVE.csv,15_min_interval_stocks,Energy,CVE,6771312,0.006306275725364685
2834,15_min_interval_stocks/Energy/NBR.csv,15_min_interval_stocks,Energy,NBR,8733770,0.008133957162499428
2835,15_min_interval_stocks/Energy/MTDR.csv,15_min_interval_stocks,Energy,MTDR,5437208,0.005063794553279877
2836,15_min_interval_stocks/Energy/CAPL.csv,15_min_interval_stocks,Energy,CAPL,3810816,0.0035490989685058594
2837,15_min_interval_stocks/Energy/PAA.csv,15_min_interval_stocks,Energy,PAA,9764846,0.009094221517443657
2838,15_min_interval_stocks/Energy/LBRT.csv,15_min_interval_stocks,Energy,LBRT,2917680,0.0027173012495040894
2839,15_min_interval_stocks/Energy/SLB.csv,15_min_interval_stocks,Energy,SLB,13549810,0.012619243934750557
2840,15_min_interval_stocks/Energy/AMPY.csv,15_min_interval_stocks,Energy,AMPY,2227919,0.0020749112591147423
2841,15_min_interval_stocks/Energy/HCC.csv,15_min_interval_stocks,Energy,HCC,3177978,0.002959722653031349
2842,15_min_interval_stocks/Energy/DKL.csv,15_min_interval_stocks,Energy,DKL,3964451,0.0036921827122569084
2843,15_min_interval_stocks/Energy/MVO.csv,15_min_interval_stocks,Energy,MVO,5214467,0.00485635083168745
2844,15_min_interval_stocks/Energy/VLO.csv,15_min_interval_stocks,Energy,VLO,12678964,0.011808205395936966
2845,15_min_interval_stocks/Energy/PBT.csv,15_min_interval_stocks,Energy,PBT,8214722,0.007650556042790413
2846,15_min_interval_stocks/Energy/CRC.csv,15_min_interval_stocks,Energy,CRC,1968151,0.0018329834565520287
2847,15_min_interval_stocks/Energy/EQT.csv,15_min_interval_stocks,Energy,EQT,10867104,0.010120779275894165
2848,15_min_interval_stocks/Energy/BRY.csv,15_min_interval_stocks,Energy,BRY,2516243,0.0023434339091181755
2849,15_min_interval_stocks/Energy/SDRL.csv,15_min_interval_stocks,Energy,SDRL,941402,0.0008767489343881607
2850,15_min_interval_stocks/Energy/LFUS.csv,15_min_interval_stocks,Energy,LFUS,9775263,0.009103923104703426
2851,15_min_interval_stocks/Energy/CNQ.csv,15_min_interval_stocks,Energy,CNQ,9124913,0.00849823746830225
2852,15_min_interval_stocks/Energy/BATL.csv,15_min_interval_stocks,Energy,BATL,790807,0.0007364964112639427
2853,15_min_interval_stocks/Energy/WTI.csv,15_min_interval_stocks,Energy,WTI,8657138,0.008062588050961494
2854,15_min_interval_stocks/Utilities/AWX.csv,15_min_interval_stocks,Utilities,AWX,1764425,0.0016432488337159157
2855,15_min_interval_stocks/Utilities/CPK.csv,15_min_interval_stocks,Utilities,CPK,7419125,0.006909598596394062
2856,15_min_interval_stocks/Utilities/SJW.csv,15_min_interval_stocks,Utilities,SJW,6915606,0.006440659984946251
2857,15_min_interval_stocks/Utilities/CDZIP.csv,15_min_interval_stocks,Utilities,CDZIP,266602,0.0002482924610376358
2858,15_min_interval_stocks/Utilities/ELLO.csv,15_min_interval_stocks,Utilities,ELLO,492402,0.00045858509838581085
2859,15_min_interval_stocks/Utilities/AVA.csv,15_min_interval_stocks,Utilities,AVA,9707221,0.00904055405408144
2860,15_min_interval_stocks/Utilities/OGS.csv,15_min_interval_stocks,Utilities,OGS,4284249,0.003990017808973789
2861,15_min_interval_stocks/Utilities/WMB.csv,15_min_interval_stocks,Utilities,WMB,10947616,0.010195761919021606
2862,15_min_interval_stocks/Utilities/NGL.csv,15_min_interval_stocks,Utilities,NGL,4998289,0.0046550193801522255
2863,15_min_interval_stocks/Utilities/SLNG.csv,15_min_interval_stocks,Utilities,SLNG,1784555,0.0016619963571429253
2864,15_min_interval_stocks/Utilities/BEPI.csv,15_min_interval_stocks,Utilities,BEPI,577141,0.0005375044420361519
2865,15_min_interval_stocks/Utilities/UGP.csv,15_min_interval_stocks,Utilities,UGP,8037720,0.007485710084438324
2866,15_min_interval_stocks/Utilities/CMSA.csv,15_min_interval_stocks,Utilities,CMSA,1228150,0.001143803820014
2867,15_min_interval_stocks/Utilities/OGE.csv,15_min_interval_stocks,Utilities,OGE,9770356,0.009099353104829788
2868,15_min_interval_stocks/Utilities/AUDC.csv,15_min_interval_stocks,Utilities,AUDC,8884277,0.00827412772923708
2869,15_min_interval_stocks/Utilities/NJR.csv,15_min_interval_stocks,Utilities,NJR,9441116,0.008792724460363388
2870,15_min_interval_stocks/Utilities/NOVA.csv,15_min_interval_stocks,Utilities,NOVA,2509388,0.0023370496928691864
2871,15_min_interval_stocks/Utilities/EVRG.csv,15_min_interval_stocks,Utilities,EVRG,2737961,0.00254992488771677
2872,15_min_interval_stocks/Utilities/AMPS.csv,15_min_interval_stocks,Utilities,AMPS,1279446,0.0011915769428014755
2873,15_min_interval_stocks/Utilities/NRG.csv,15_min_interval_stocks,Utilities,NRG,8941175,0.008327118121087551
2874,15_min_interval_stocks/Utilities/AWR.csv,15_min_interval_stocks,Utilities,AWR,9280648,0.008643276989459991
2875,15_min_interval_stocks/Utilities/ELC.csv,15_min_interval_stocks,Utilities,ELC,1935150,0.0018022488802671432
2876,15_min_interval_stocks/Utilities/EAI.csv,15_min_interval_stocks,Utilities,EAI,2118226,0.0019727516919374466
2877,15_min_interval_stocks/Utilities/WAVE.csv,15_min_interval_stocks,Utilities,WAVE,642122,0.0005980227142572403
2878,15_min_interval_stocks/Utilities/WEC.csv,15_min_interval_stocks,Utilities,WEC,10067525,0.009376113303005695
2879,15_min_interval_stocks/Utilities/SWX.csv,15_min_interval_stocks,Utilities,SWX,9709649,0.009042815305292606
2880,15_min_interval_stocks/Utilities/NWN.csv,15_min_interval_stocks,Utilities,NWN,9499172,0.008846793323755264
2881,15_min_interval_stocks/Utilities/EIX.csv,15_min_interval_stocks,Utilities,EIX,10273156,0.00956762209534645
2882,15_min_interval_stocks/Utilities/GPJA.csv,15_min_interval_stocks,Utilities,GPJA,1268098,0.001181008294224739
2883,15_min_interval_stocks/Utilities/DTG.csv,15_min_interval_stocks,Utilities,DTG,787315,0.0007332442328333855
2884,15_min_interval_stocks/Utilities/CDZI.csv,15_min_interval_stocks,Utilities,CDZI,5275987,0.004913645796477795
2885,15_min_interval_stocks/Utilities/PCG.csv,15_min_interval_stocks,Utilities,PCG,11272073,0.01049793604761362
2886,15_min_interval_stocks/Utilities/SOJD.csv,15_min_interval_stocks,Utilities,SOJD,1810853,0.0016864882782101631
2887,15_min_interval_stocks/Utilities/CEG.csv,15_min_interval_stocks,Utilities,CEG,1676108,0.0015609972178936005
2888,15_min_interval_stocks/Utilities/AROC.csv,15_min_interval_stocks,Utilities,AROC,6420994,0.00598001666367054
2889,15_min_interval_stocks/Utilities/CMSC.csv,15_min_interval_stocks,Utilities,CMSC,1242090,0.0011567864567041397
2890,15_min_interval_stocks/Utilities/TVC.csv,15_min_interval_stocks,Utilities,TVC,5040882,0.004694687202572823
2891,15_min_interval_stocks/Utilities/RNWWW.csv,15_min_interval_stocks,Utilities,RNWWW,257798,0.00024009309709072113
2892,15_min_interval_stocks/Utilities/KMI.csv,15_min_interval_stocks,Utilities,KMI,7519798,0.007003357633948326
2893,15_min_interval_stocks/Utilities/TVE.csv,15_min_interval_stocks,Utilities,TVE,4664926,0.004344550892710686
2894,15_min_interval_stocks/Utilities/CLNE.csv,15_min_interval_stocks,Utilities,CLNE,7214433,0.0067189643159508705
2895,15_min_interval_stocks/Utilities/NGG.csv,15_min_interval_stocks,Utilities,NGG,8523185,0.007937834598124027
2896,15_min_interval_stocks/Utilities/FKWL.csv,15_min_interval_stocks,Utilities,FKWL,1007229,0.0009380551055073738
2897,15_min_interval_stocks/Utilities/ELP.csv,15_min_interval_stocks,Utilities,ELP,9069394,0.008446531370282173
2898,15_min_interval_stocks/Utilities/SO.csv,15_min_interval_stocks,Utilities,SO,11005296,0.010249480605125427
2899,15_min_interval_stocks/Utilities/AEP.csv,15_min_interval_stocks,Utilities,AEP,10775274,0.010035255923867226
2900,15_min_interval_stocks/Utilities/LNG.csv,15_min_interval_stocks,Utilities,LNG,9688566,0.009023180231451988
2901,15_min_interval_stocks/Utilities/OPAL.csv,15_min_interval_stocks,Utilities,OPAL,784762,0.0007308665663003922
2902,15_min_interval_stocks/Utilities/TLN.csv,15_min_interval_stocks,Utilities,TLN,237015,0.00022073742002248764
2903,15_min_interval_stocks/Utilities/CWT.csv,15_min_interval_stocks,Utilities,CWT,9230731,0.00859678816050291
2904,15_min_interval_stocks/Utilities/EPD.csv,15_min_interval_stocks,Utilities,EPD,10845340,0.010100509971380234
2905,15_min_interval_stocks/Utilities/DTM.csv,15_min_interval_stocks,Utilities,DTM,1436443,0.0013377917930483818
2906,15_min_interval_stocks/Utilities/BIPH.csv,15_min_interval_stocks,Utilities,BIPH,679552,0.0006328821182250977
2907,15_min_interval_stocks/Utilities/TGS.csv,15_min_interval_stocks,Utilities,TGS,6189613,0.005764526315033436
2908,15_min_interval_stocks/Utilities/PCYO.csv,15_min_interval_stocks,Utilities,PCYO,3663560,0.0034119561314582825
2909,15_min_interval_stocks/Utilities/NEP.csv,15_min_interval_stocks,Utilities,NEP,4539003,0.004227275960147381
2910,15_min_interval_stocks/Utilities/ESGL.csv,15_min_interval_stocks,Utilities,ESGL,337907,0.0003147004172205925
2911,15_min_interval_stocks/Utilities/CIG.csv,15_min_interval_stocks,Utilities,CIG,9091772,0.008467372506856918
2912,15_min_interval_stocks/Utilities/IDA.csv,15_min_interval_stocks,Utilities,IDA,9903465,0.00922332052141428
2913,15_min_interval_stocks/Utilities/BEPC.csv,15_min_interval_stocks,Utilities,BEPC,1996449,0.0018593380227684975
2914,15_min_interval_stocks/Utilities/SONM.csv,15_min_interval_stocks,Utilities,SONM,2144851,0.0019975481554865837
2915,15_min_interval_stocks/Utilities/KGS.csv,15_min_interval_stocks,Utilities,KGS,662315,0.0006168289110064507
2916,15_min_interval_stocks/Utilities/ELPC.csv,15_min_interval_stocks,Utilities,ELPC,196827,0.0001833094283938408
2917,15_min_interval_stocks/Utilities/VST.csv,15_min_interval_stocks,Utilities,VST,3597370,0.003350311890244484
2918,15_min_interval_stocks/Utilities/AQNB.csv,15_min_interval_stocks,Utilities,AQNB,1322465,0.0012316415086388588
2919,15_min_interval_stocks/Utilities/ALCE.csv,15_min_interval_stocks,Utilities,ALCE,408344,0.00038029998540878296
2920,15_min_interval_stocks/Utilities/BIPJ.csv,15_min_interval_stocks,Utilities,BIPJ,112392,0.00010467320680618286
2921,15_min_interval_stocks/Utilities/SOJC.csv,15_min_interval_stocks,Utilities,SOJC,1999495,0.0018621748313307762
2922,15_min_interval_stocks/Utilities/AGR.csv,15_min_interval_stocks,Utilities,AGR,3571212,0.0033259503543376923
2923,15_min_interval_stocks/Utilities/CEPU.csv,15_min_interval_stocks,Utilities,CEPU,2482231,0.002311757765710354
2924,15_min_interval_stocks/Utilities/KEN.csv,15_min_interval_stocks,Utilities,KEN,1193902,0.001111907884478569
2925,15_min_interval_stocks/Utilities/WCN.csv,15_min_interval_stocks,Utilities,WCN,8939864,0.00832589715719223
2926,15_min_interval_stocks/Utilities/ENO.csv,15_min_interval_stocks,Utilities,ENO,1088598,0.0010138358920812607
2927,15_min_interval_stocks/Utilities/AQN.csv,15_min_interval_stocks,Utilities,AQN,3316195,0.0030884472653269768
2928,15_min_interval_stocks/Utilities/SR.csv,15_min_interval_stocks,Utilities,SR,8544587,0.007957766763865948
2929,15_min_interval_stocks/Utilities/OPTT.csv,15_min_interval_stocks,Utilities,OPTT,6322088,0.005887903273105621
2930,15_min_interval_stocks/Utilities/ADTN.csv,15_min_interval_stocks,Utilities,ADTN,10164736,0.00946664810180664
2931,15_min_interval_stocks/Utilities/QRHC.csv,15_min_interval_stocks,Utilities,QRHC,2130755,0.001984420232474804
2932,15_min_interval_stocks/Utilities/OTTR.csv,15_min_interval_stocks,Utilities,OTTR,9236288,0.008601963520050049
2933,15_min_interval_stocks/Utilities/EE.csv,15_min_interval_stocks,Utilities,EE,1154818,0.0010755080729722977
2934,15_min_interval_stocks/Utilities/CNP.csv,15_min_interval_stocks,Utilities,CNP,9091850,0.008467445150017738
2935,15_min_interval_stocks/Utilities/KEP.csv,15_min_interval_stocks,Utilities,KEP,9274677,0.008637716062366962
2936,15_min_interval_stocks/Utilities/BKH.csv,15_min_interval_stocks,Utilities,BKH,9834119,0.009158737026154995
2937,15_min_interval_stocks/Utilities/CMS.csv,15_min_interval_stocks,Utilities,CMS,10004974,0.009317858144640923
2938,15_min_interval_stocks/Utilities/PAM.csv,15_min_interval_stocks,Utilities,PAM,4743726,0.0044179391115903854
2939,15_min_interval_stocks/Utilities/BEPJ.csv,15_min_interval_stocks,Utilities,BEPJ,149097,0.000138857401907444
2940,15_min_interval_stocks/Utilities/BEPH.csv,15_min_interval_stocks,Utilities,BEPH,939252,0.0008747465908527374
2941,15_min_interval_stocks/Utilities/RSG.csv,15_min_interval_stocks,Utilities,RSG,10254928,0.00955064594745636
2942,15_min_interval_stocks/Utilities/ETR.csv,15_min_interval_stocks,Utilities,ETR,10352000,0.009641051292419434
2943,15_min_interval_stocks/Utilities/ESGLW.csv,15_min_interval_stocks,Utilities,ESGLW,68912,6.417930126190186e-05
2944,15_min_interval_stocks/Utilities/FE.csv,15_min_interval_stocks,Utilities,FE,10524029,0.00980126578360796
2945,15_min_interval_stocks/Utilities/CLRO.csv,15_min_interval_stocks,Utilities,CLRO,3062768,0.0028524249792099
2946,15_min_interval_stocks/Utilities/LNT.csv,15_min_interval_stocks,Utilities,LNT,9838177,0.009162516333162785
2947,15_min_interval_stocks/Utilities/FN.csv,15_min_interval_stocks,Utilities,FN,5135856,0.004783138632774353
2948,15_min_interval_stocks/Consumer_Staples/KHC.csv,15_min_interval_stocks,Consumer_Staples,KHC,5445431,0.00507145281881094
2949,15_min_interval_stocks/Consumer_Staples/BRBR.csv,15_min_interval_stocks,Consumer_Staples,BRBR,1880511,0.0017513623461127281
2950,15_min_interval_stocks/Consumer_Staples/KR.csv,15_min_interval_stocks,Consumer_Staples,KR,11335096,0.010556630790233612
2951,15_min_interval_stocks/Consumer_Staples/KOSS.csv,15_min_interval_stocks,Consumer_Staples,KOSS,2548028,0.0023730359971523285
2952,15_min_interval_stocks/Consumer_Staples/WVVI.csv,15_min_interval_stocks,Consumer_Staples,WVVI,1031031,0.0009602224454283714
2953,15_min_interval_stocks/Consumer_Staples/CCU.csv,15_min_interval_stocks,Consumer_Staples,CCU,9463806,0.008813856169581413
2954,15_min_interval_stocks/Consumer_Staples/KN.csv,15_min_interval_stocks,Consumer_Staples,KN,3798235,0.003537381999194622
2955,15_min_interval_stocks/Consumer_Staples/HSY.csv,15_min_interval_stocks,Consumer_Staples,HSY,10872799,0.0101260831579566
2956,15_min_interval_stocks/Consumer_Staples/FMX.csv,15_min_interval_stocks,Consumer_Staples,FMX,9676088,0.009011559188365936
2957,15_min_interval_stocks/Consumer_Staples/LND.csv,15_min_interval_stocks,Consumer_Staples,LND,1593771,0.0014843149110674858
2958,15_min_interval_stocks/Consumer_Staples/DNUT.csv,15_min_interval_stocks,Consumer_Staples,DNUT,1772796,0.0016510449349880219
2959,15_min_interval_stocks/Consumer_Staples/ASAI.csv,15_min_interval_stocks,Consumer_Staples,ASAI,1521231,0.001416756771504879
2960,15_min_interval_stocks/Consumer_Staples/COKE.csv,15_min_interval_stocks,Consumer_Staples,COKE,7489635,0.006975266151130199
2961,15_min_interval_stocks/Consumer_Staples/AQB.csv,15_min_interval_stocks,Consumer_Staples,AQB,2657713,0.0024751881137490273
2962,15_min_interval_stocks/Consumer_Staples/BRCC.csv,15_min_interval_stocks,Consumer_Staples,BRCC,1414843,0.0013176752254366875
2963,15_min_interval_stocks/Consumer_Staples/VITL.csv,15_min_interval_stocks,Consumer_Staples,VITL,1670522,0.0015557948499917984
2964,15_min_interval_stocks/Consumer_Staples/SAM.csv,15_min_interval_stocks,Consumer_Staples,SAM,8356824,0.007782898843288422
2965,15_min_interval_stocks/Consumer_Staples/YOTA.csv,15_min_interval_stocks,Consumer_Staples,YOTA,68127,6.34482130408287e-05
2966,15_min_interval_stocks/Consumer_Staples/FRPT.csv,15_min_interval_stocks,Consumer_Staples,FRPT,3566735,0.0033217808231711388
2967,15_min_interval_stocks/Consumer_Staples/TWG.csv,15_min_interval_stocks,Consumer_Staples,TWG,315077,0.0002934383228421211
2968,15_min_interval_stocks/Consumer_Staples/CALM.csv,15_min_interval_stocks,Consumer_Staples,CALM,8690671,0.008093818090856075
2969,15_min_interval_stocks/Consumer_Staples/LMNR.csv,15_min_interval_stocks,Consumer_Staples,LMNR,4474810,0.004167491570115089
2970,15_min_interval_stocks/Consumer_Staples/BUD.csv,15_min_interval_stocks,Consumer_Staples,BUD,8509912,0.007925473153591156
2971,15_min_interval_stocks/Consumer_Staples/TSN.csv,15_min_interval_stocks,Consumer_Staples,TSN,10851786,0.010106513276696205
2972,15_min_interval_stocks/Consumer_Staples/SONY.csv,15_min_interval_stocks,Consumer_Staples,SONY,7942176,0.007396727800369263
2973,15_min_interval_stocks/Consumer_Staples/WMK.csv,15_min_interval_stocks,Consumer_Staples,WMK,2640529,0.002459184266626835
2974,15_min_interval_stocks/Consumer_Staples/RIME.csv,15_min_interval_stocks,Consumer_Staples,RIME,125290,0.0001166854053735733
2975,15_min_interval_stocks/Consumer_Staples/IMTE.csv,15_min_interval_stocks,Consumer_Staples,IMTE,1482679,0.001380852423608303
2976,15_min_interval_stocks/Consumer_Staples/MSS.csv,15_min_interval_stocks,Consumer_Staples,MSS,413923,0.0003854958340525627
2977,15_min_interval_stocks/Consumer_Staples/CCEP.csv,15_min_interval_stocks,Consumer_Staples,CCEP,2817977,0.0026244455948472023
2978,15_min_interval_stocks/Consumer_Staples/BRID.csv,15_min_interval_stocks,Consumer_Staples,BRID,906175,0.0008439412340521812
2979,15_min_interval_stocks/Consumer_Staples/BGS.csv,15_min_interval_stocks,Consumer_Staples,BGS,7228366,0.006731940433382988
2980,15_min_interval_stocks/Consumer_Staples/STKH.csv,15_min_interval_stocks,Consumer_Staples,STKH,956316,0.000890638679265976
2981,15_min_interval_stocks/Consumer_Staples/ARLO.csv,15_min_interval_stocks,Consumer_Staples,ARLO,2434740,0.00226752832531929
2982,15_min_interval_stocks/Consumer_Staples/SYNX.csv,15_min_interval_stocks,Consumer_Staples,SYNX,114781,0.00010689813643693924
2983,15_min_interval_stocks/Consumer_Staples/FARM.csv,15_min_interval_stocks,Consumer_Staples,FARM,5768728,0.0053725466132164
2984,15_min_interval_stocks/Consumer_Staples/IMKTA.csv,15_min_interval_stocks,Consumer_Staples,IMKTA,7195295,0.0067011406645178795
2985,15_min_interval_stocks/Consumer_Staples/BYND.csv,15_min_interval_stocks,Consumer_Staples,BYND,3618135,0.0033696508035063744
2986,15_min_interval_stocks/Consumer_Staples/PEP.csv,15_min_interval_stocks,Consumer_Staples,PEP,12217372,0.011378314346075058
2987,15_min_interval_stocks/Consumer_Staples/ADM.csv,15_min_interval_stocks,Consumer_Staples,ADM,10564655,0.009839101694524288
2988,15_min_interval_stocks/Consumer_Staples/CELH.csv,15_min_interval_stocks,Consumer_Staples,CELH,4045220,0.003767404705286026
2989,15_min_interval_stocks/Consumer_Staples/DAR.csv,15_min_interval_stocks,Consumer_Staples,DAR,7540953,0.0070230597630143166
2990,15_min_interval_stocks/Consumer_Staples/WVVIP.csv,15_min_interval_stocks,Consumer_Staples,WVVIP,205559,0.00019144173711538315
2991,15_min_interval_stocks/Consumer_Staples/YOTAW.csv,15_min_interval_stocks,Consumer_Staples,YOTAW,64630,6.0191377997398376e-05
2992,15_min_interval_stocks/Consumer_Staples/BHIL.csv,15_min_interval_stocks,Consumer_Staples,BHIL,1430503,0.0013322597369551659
2993,15_min_interval_stocks/Consumer_Staples/ARKO.csv,15_min_interval_stocks,Consumer_Staples,ARKO,1477390,0.0013759266585111618
2994,15_min_interval_stocks/Consumer_Staples/PPC.csv,15_min_interval_stocks,Consumer_Staples,PPC,5618066,0.005232231691479683
2995,15_min_interval_stocks/Consumer_Staples/STZ.csv,15_min_interval_stocks,Consumer_Staples,STZ,10598843,0.009870941750705242
2996,15_min_interval_stocks/Consumer_Staples/KDP.csv,15_min_interval_stocks,Consumer_Staples,KDP,3096881,0.0028841951861977577
2997,15_min_interval_stocks/Consumer_Staples/RMCF.csv,15_min_interval_stocks,Consumer_Staples,RMCF,3776247,0.003516904078423977
2998,15_min_interval_stocks/Consumer_Staples/IBG.csv,15_min_interval_stocks,Consumer_Staples,IBG,98746,9.196437895298004e-05
2999,15_min_interval_stocks/Consumer_Staples/WBA.csv,15_min_interval_stocks,Consumer_Staples,WBA,12303599,0.011458619497716427
3000,15_min_interval_stocks/Consumer_Staples/POST.csv,15_min_interval_stocks,Consumer_Staples,POST,5029040,0.004683658480644226
3001,15_min_interval_stocks/Consumer_Staples/RKDA.csv,15_min_interval_stocks,Consumer_Staples,RKDA,2826599,0.002632475458085537
3002,15_min_interval_stocks/Consumer_Staples/ABEV.csv,15_min_interval_stocks,Consumer_Staples,ABEV,5043186,0.004696832969784737
3003,15_min_interval_stocks/Consumer_Staples/GRDN.csv,15_min_interval_stocks,Consumer_Staples,GRDN,73822,6.875209510326385e-05
3004,15_min_interval_stocks/Consumer_Staples/IVP.csv,15_min_interval_stocks,Consumer_Staples,IVP,763144,0.0007107332348823547
3005,15_min_interval_stocks/Consumer_Staples/CAG.csv,15_min_interval_stocks,Consumer_Staples,CAG,10580825,0.00985416118055582
3006,15_min_interval_stocks/Consumer_Staples/CTVA.csv,15_min_interval_stocks,Consumer_Staples,CTVA,2608596,0.002429444342851639
3007,15_min_interval_stocks/Consumer_Staples/DEO.csv,15_min_interval_stocks,Consumer_Staples,DEO,11494221,0.0107048274949193
3008,15_min_interval_stocks/Consumer_Staples/INGR.csv,15_min_interval_stocks,Consumer_Staples,INGR,9908567,0.009228072129189968
3009,15_min_interval_stocks/Consumer_Staples/UEIC.csv,15_min_interval_stocks,Consumer_Staples,UEIC,7607276,0.007084827870130539
3010,15_min_interval_stocks/Consumer_Staples/MED.csv,15_min_interval_stocks,Consumer_Staples,MED,8570543,0.007981940172612667
3011,15_min_interval_stocks/Consumer_Staples/BRLSW.csv,15_min_interval_stocks,Consumer_Staples,BRLSW,64251,5.983840674161911e-05
3012,15_min_interval_stocks/Consumer_Staples/BTTR.csv,15_min_interval_stocks,Consumer_Staples,BTTR,1042087,0.0009705191478133202
3013,15_min_interval_stocks/Consumer_Staples/BRLS.csv,15_min_interval_stocks,Consumer_Staples,BRLS,70476,6.563588976860046e-05
3014,15_min_interval_stocks/Consumer_Staples/MSN.csv,15_min_interval_stocks,Consumer_Staples,MSN,4239620,0.003948453813791275
3015,15_min_interval_stocks/Consumer_Staples/CPB.csv,15_min_interval_stocks,Consumer_Staples,CPB,10591240,0.00986386090517044
3016,15_min_interval_stocks/Consumer_Staples/YOTAR.csv,15_min_interval_stocks,Consumer_Staples,YOTAR,43795,4.078727215528488e-05
3017,15_min_interval_stocks/Consumer_Staples/SFM.csv,15_min_interval_stocks,Consumer_Staples,SFM,4349939,0.00405119638890028
3018,15_min_interval_stocks/Consumer_Staples/EAST.csv,15_min_interval_stocks,Consumer_Staples,EAST,1936999,0.0018039708957076073
3019,15_min_interval_stocks/Consumer_Staples/RGF.csv,15_min_interval_stocks,Consumer_Staples,RGF,746819,0.000695529393851757
3020,15_min_interval_stocks/Consumer_Staples/WEST.csv,15_min_interval_stocks,Consumer_Staples,WEST,779935,0.0007263710722327232
3021,15_min_interval_stocks/Consumer_Staples/JXJT.csv,15_min_interval_stocks,Consumer_Staples,JXJT,1785929,0.001663275994360447
3022,15_min_interval_stocks/Consumer_Staples/CHSN.csv,15_min_interval_stocks,Consumer_Staples,CHSN,499791,0.0004654666408896446
3023,15_min_interval_stocks/Consumer_Staples/MGPI.csv,15_min_interval_stocks,Consumer_Staples,MGPI,7209585,0.006714449264109135
3024,15_min_interval_stocks/Basic_Materials/EQX.csv,15_min_interval_stocks,Basic_Materials,EQX,2131123,0.0019847629591822624
3025,15_min_interval_stocks/Basic_Materials/UEC.csv,15_min_interval_stocks,Basic_Materials,UEC,6840017,0.0063702622428536415
3026,15_min_interval_stocks/Basic_Materials/NMG.csv,15_min_interval_stocks,Basic_Materials,NMG,1080880,0.0010066479444503784
3027,15_min_interval_stocks/Basic_Materials/ITRG.csv,15_min_interval_stocks,Basic_Materials,ITRG,1477694,0.001376209780573845
3028,15_min_interval_stocks/Basic_Materials/HBM.csv,15_min_interval_stocks,Basic_Materials,HBM,5149194,0.004795560613274574
3029,15_min_interval_stocks/Basic_Materials/SCCO.csv,15_min_interval_stocks,Basic_Materials,SCCO,10360915,0.00964935403317213
3030,15_min_interval_stocks/Basic_Materials/NIOBW.csv,15_min_interval_stocks,Basic_Materials,NIOBW,125192,0.00011659413576126099
3031,15_min_interval_stocks/Basic_Materials/WWR.csv,15_min_interval_stocks,Basic_Materials,WWR,6468580,0.006024334579706192
3032,15_min_interval_stocks/Basic_Materials/USAS.csv,15_min_interval_stocks,Basic_Materials,USAS,2965160,0.0027615204453468323
3033,15_min_interval_stocks/Basic_Materials/LPX.csv,15_min_interval_stocks,Basic_Materials,LPX,10136013,0.00943989772349596
3034,15_min_interval_stocks/Basic_Materials/HMY.csv,15_min_interval_stocks,Basic_Materials,HMY,10764193,0.010024935938417912
3035,15_min_interval_stocks/Basic_Materials/AMLI.csv,15_min_interval_stocks,Basic_Materials,AMLI,983704,0.0009161457419395447
3036,15_min_interval_stocks/Basic_Materials/CMCL.csv,15_min_interval_stocks,Basic_Materials,CMCL,3061293,0.002851051278412342
3037,15_min_interval_stocks/Basic_Materials/SBSW.csv,15_min_interval_stocks,Basic_Materials,SBSW,6341957,0.005906407721340656
3038,15_min_interval_stocks/Basic_Materials/FURY.csv,15_min_interval_stocks,Basic_Materials,FURY,1297873,0.001208738423883915
3039,15_min_interval_stocks/Basic_Materials/SA.csv,15_min_interval_stocks,Basic_Materials,SA,7007919,0.00652663316577673
3040,15_min_interval_stocks/Basic_Materials/CRML.csv,15_min_interval_stocks,Basic_Materials,CRML,160964,0.00014990940690040588
3041,15_min_interval_stocks/Basic_Materials/VOXR.csv,15_min_interval_stocks,Basic_Materials,VOXR,580516,0.0005406476557254791
3042,15_min_interval_stocks/Basic_Materials/BTG.csv,15_min_interval_stocks,Basic_Materials,BTG,5945147,0.005536849610507488
3043,15_min_interval_stocks/Basic_Materials/GOLD.csv,15_min_interval_stocks,Basic_Materials,GOLD,13405100,0.012484472244977951
3044,15_min_interval_stocks/Basic_Materials/BVN.csv,15_min_interval_stocks,Basic_Materials,BVN,9441409,0.00879299733787775
3045,15_min_interval_stocks/Basic_Materials/SILV.csv,15_min_interval_stocks,Basic_Materials,SILV,2433400,0.0022662803530693054
3046,15_min_interval_stocks/Basic_Materials/TGB.csv,15_min_interval_stocks,Basic_Materials,TGB,6819613,0.006351259537041187
3047,15_min_interval_stocks/Basic_Materials/NFGC.csv,15_min_interval_stocks,Basic_Materials,NFGC,1113172,0.0010367222130298615
3048,15_min_interval_stocks/Basic_Materials/ABAT.csv,15_min_interval_stocks,Basic_Materials,ABAT,536761,0.0004998976364731789
3049,15_min_interval_stocks/Basic_Materials/NG.csv,15_min_interval_stocks,Basic_Materials,NG,8063098,0.007509345188736916
3050,15_min_interval_stocks/Basic_Materials/MP.csv,15_min_interval_stocks,Basic_Materials,MP,2579768,0.0024025961756706238
3051,15_min_interval_stocks/Basic_Materials/MTA.csv,15_min_interval_stocks,Basic_Materials,MTA,1919669,0.001787831075489521
3052,15_min_interval_stocks/Basic_Materials/CCJ.csv,15_min_interval_stocks,Basic_Materials,CCJ,10469621,0.00975059438496828
3053,15_min_interval_stocks/Basic_Materials/GROY.csv,15_min_interval_stocks,Basic_Materials,GROY,1632953,0.0015208059921860695
3054,15_min_interval_stocks/Basic_Materials/FCX.csv,15_min_interval_stocks,Basic_Materials,FCX,15072035,0.014036926440894604
3055,15_min_interval_stocks/Basic_Materials/ERO.csv,15_min_interval_stocks,Basic_Materials,ERO,1216669,0.0011331113055348396
3056,15_min_interval_stocks/Basic_Materials/DRD.csv,15_min_interval_stocks,Basic_Materials,DRD,6575876,0.006124261766672134
3057,15_min_interval_stocks/Basic_Materials/RYAM.csv,15_min_interval_stocks,Basic_Materials,RYAM,3810583,0.003548881970345974
3058,15_min_interval_stocks/Basic_Materials/TRX.csv,15_min_interval_stocks,Basic_Materials,TRX,6643185,0.006186948157846928
3059,15_min_interval_stocks/Basic_Materials/PZG.csv,15_min_interval_stocks,Basic_Materials,PZG,4722160,0.004397854208946228
3060,15_min_interval_stocks/Basic_Materials/CHNR.csv,15_min_interval_stocks,Basic_Materials,CHNR,3071016,0.0028601065278053284
3061,15_min_interval_stocks/Basic_Materials/NEXA.csv,15_min_interval_stocks,Basic_Materials,NEXA,2269999,0.0021141013130545616
3062,15_min_interval_stocks/Basic_Materials/DC.csv,15_min_interval_stocks,Basic_Materials,DC,884127,0.0008234074339270592
3063,15_min_interval_stocks/Basic_Materials/HYMCL.csv,15_min_interval_stocks,Basic_Materials,HYMCL,331134,0.00030839256942272186
3064,15_min_interval_stocks/Basic_Materials/MAG.csv,15_min_interval_stocks,Basic_Materials,MAG,7104113,0.006616220809519291
3065,15_min_interval_stocks/Basic_Materials/THM.csv,15_min_interval_stocks,Basic_Materials,THM,4594621,0.0042790742591023445
3066,15_min_interval_stocks/Basic_Materials/FBIN.csv,15_min_interval_stocks,Basic_Materials,FBIN,5322823,0.004957265220582485
3067,15_min_interval_stocks/Basic_Materials/NXE.csv,15_min_interval_stocks,Basic_Materials,NXE,2902082,0.002702774479985237
3068,15_min_interval_stocks/Basic_Materials/MATV.csv,15_min_interval_stocks,Basic_Materials,MATV,6866691,0.006395104341208935
3069,15_min_interval_stocks/Basic_Materials/AUST.csv,15_min_interval_stocks,Basic_Materials,AUST,772558,0.0007195007055997849
3070,15_min_interval_stocks/Basic_Materials/FMSTW.csv,15_min_interval_stocks,Basic_Materials,FMSTW,31931,2.9738061130046844e-05
3071,15_min_interval_stocks/Basic_Materials/MAGN.csv,15_min_interval_stocks,Basic_Materials,MAGN,33387,3.109406679868698e-05
3072,15_min_interval_stocks/Basic_Materials/EMX.csv,15_min_interval_stocks,Basic_Materials,EMX,3140166,0.0029245074838399887
3073,15_min_interval_stocks/Basic_Materials/NB.csv,15_min_interval_stocks,Basic_Materials,NB,548070,0.0005104299634695053
3074,15_min_interval_stocks/Basic_Materials/EU.csv,15_min_interval_stocks,Basic_Materials,EU,748163,0.0006967810913920403
3075,15_min_interval_stocks/Basic_Materials/JELD.csv,15_min_interval_stocks,Basic_Materials,JELD,2766847,0.002576827071607113
3076,15_min_interval_stocks/Basic_Materials/WRN.csv,15_min_interval_stocks,Basic_Materials,WRN,3339826,0.003110455349087715
3077,15_min_interval_stocks/Basic_Materials/IP.csv,15_min_interval_stocks,Basic_Materials,IP,10947230,0.010195402428507805
3078,15_min_interval_stocks/Basic_Materials/AMWD.csv,15_min_interval_stocks,Basic_Materials,AMWD,8109567,0.007552622817456722
3079,15_min_interval_stocks/Basic_Materials/MERC.csv,15_min_interval_stocks,Basic_Materials,MERC,6771310,0.006306273862719536
3080,15_min_interval_stocks/Basic_Materials/SGML.csv,15_min_interval_stocks,Basic_Materials,SGML,1482792,0.0013809576630592346
3081,15_min_interval_stocks/Basic_Materials/GLDG.csv,15_min_interval_stocks,Basic_Materials,GLDG,1881777,0.0017525414004921913
3082,15_min_interval_stocks/Basic_Materials/IAG.csv,15_min_interval_stocks,Basic_Materials,IAG,7902787,0.007360043935477734
3083,15_min_interval_stocks/Basic_Materials/FSM.csv,15_min_interval_stocks,Basic_Materials,FSM,5116896,0.0047654807567596436
3084,15_min_interval_stocks/Basic_Materials/CLF.csv,15_min_interval_stocks,Basic_Materials,CLF,12520862,0.01166096143424511
3085,15_min_interval_stocks/Basic_Materials/MTAL.csv,15_min_interval_stocks,Basic_Materials,MTAL,481695,0.0004486134275794029
3086,15_min_interval_stocks/Basic_Materials/FNV.csv,15_min_interval_stocks,Basic_Materials,FNV,5807501,0.005408656783401966
3087,15_min_interval_stocks/Basic_Materials/ODV.csv,15_min_interval_stocks,Basic_Materials,ODV,720745,0.0006712460890412331
3088,15_min_interval_stocks/Basic_Materials/AU.csv,15_min_interval_stocks,Basic_Materials,AU,12677514,0.011806854978203773
3089,15_min_interval_stocks/Telecommunications/FOXX.csv,15_min_interval_stocks,Telecommunications,FOXX,32488,3.0256807804107666e-05
3090,15_min_interval_stocks/Telecommunications/RCI.csv,15_min_interval_stocks,Telecommunications,RCI,9606187,0.00894645880907774
3091,15_min_interval_stocks/Telecommunications/PHI.csv,15_min_interval_stocks,Telecommunications,PHI,8884164,0.008274022489786148
3092,15_min_interval_stocks/Telecommunications/LILA.csv,15_min_interval_stocks,Telecommunications,LILA,3406150,0.003172224387526512
3093,15_min_interval_stocks/Telecommunications/KSCP.csv,15_min_interval_stocks,Telecommunications,KSCP,1511657,0.0014078402891755104
3094,15_min_interval_stocks/Telecommunications/UZF.csv,15_min_interval_stocks,Telecommunications,UZF,1023634,0.0009533334523439407
3095,15_min_interval_stocks/Telecommunications/ZD.csv,15_min_interval_stocks,Telecommunications,ZD,6922844,0.006447400897741318
3096,15_min_interval_stocks/Telecommunications/LBRDA.csv,15_min_interval_stocks,Telecommunications,LBRDA,3428239,0.0031927963718771935
3097,15_min_interval_stocks/Telecommunications/ATUS.csv,15_min_interval_stocks,Telecommunications,ATUS,2942660,0.002740565687417984
3098,15_min_interval_stocks/Telecommunications/AIOT.csv,15_min_interval_stocks,Telecommunications,AIOT,172751,0.00016088690608739853
3099,15_min_interval_stocks/Telecommunications/CMCSA.csv,15_min_interval_stocks,Telecommunications,CMCSA,11993714,0.01117001660168171
3100,15_min_interval_stocks/Telecommunications/FOXXW.csv,15_min_interval_stocks,Telecommunications,FOXXW,5937,5.529262125492096e-06
3101,15_min_interval_stocks/Telecommunications/TU.csv,15_min_interval_stocks,Telecommunications,TU,2980983,0.002776256762444973
3102,15_min_interval_stocks/Telecommunications/VISL.csv,15_min_interval_stocks,Telecommunications,VISL,4320838,0.004024093970656395
3103,15_min_interval_stocks/Telecommunications/T.csv,15_min_interval_stocks,Telecommunications,T,14979781,0.013951008208096027
3104,15_min_interval_stocks/Telecommunications/AMX.csv,15_min_interval_stocks,Telecommunications,AMX,9639594,0.008977571502327919
3105,15_min_interval_stocks/Telecommunications/TDS.csv,15_min_interval_stocks,Telecommunications,TDS,10031028,0.009342122822999954
3106,15_min_interval_stocks/Telecommunications/HEAR.csv,15_min_interval_stocks,Telecommunications,HEAR,4381206,0.004080316051840782
3107,15_min_interval_stocks/Telecommunications/BOSC.csv,15_min_interval_stocks,Telecommunications,BOSC,2553947,0.0023785484954714775
3108,15_min_interval_stocks/Telecommunications/DGII.csv,15_min_interval_stocks,Telecommunications,DGII,7819996,0.0072829388082027435
3109,15_min_interval_stocks/Telecommunications/VZ.csv,15_min_interval_stocks,Telecommunications,VZ,13968173,0.013008874841034412
3110,15_min_interval_stocks/Telecommunications/LITE.csv,15_min_interval_stocks,Telecommunications,LITE,3644869,0.0033945487812161446
3111,15_min_interval_stocks/Telecommunications/CTDD.csv,15_min_interval_stocks,Telecommunications,CTDD,2389615,0.0022255023941397667
3112,15_min_interval_stocks/Telecommunications/SYTAW.csv,15_min_interval_stocks,Telecommunications,SYTAW,300102,0.00027949176728725433
3113,15_min_interval_stocks/Telecommunications/KORE.csv,15_min_interval_stocks,Telecommunications,KORE,859307,0.000800292007625103
3114,15_min_interval_stocks/Telecommunications/SNRE.csv,15_min_interval_stocks,Telecommunications,SNRE,29687,2.764817327260971e-05
3115,15_min_interval_stocks/Telecommunications/CCZ.csv,15_min_interval_stocks,Telecommunications,CCZ,427805,0.0003984244540333748
3116,15_min_interval_stocks/Telecommunications/IRDM.csv,15_min_interval_stocks,Telecommunications,IRDM,6214416,0.0057876259088516235
3117,15_min_interval_stocks/Telecommunications/INSG.csv,15_min_interval_stocks,Telecommunications,INSG,6330937,0.005896144546568394
3118,15_min_interval_stocks/Telecommunications/ATNI.csv,15_min_interval_stocks,Telecommunications,ATNI,6487747,0.006042185239493847
3119,15_min_interval_stocks/Telecommunications/TKC.csv,15_min_interval_stocks,Telecommunications,TKC,8778684,0.008175786584615707
3120,15_min_interval_stocks/Telecommunications/BCE.csv,15_min_interval_stocks,Telecommunications,BCE,9872932,0.009194884449243546
3121,15_min_interval_stocks/Telecommunications/WOW.csv,15_min_interval_stocks,Telecommunications,WOW,2512124,0.0023395977914333344
3122,15_min_interval_stocks/Telecommunications/TBB.csv,15_min_interval_stocks,Telecommunications,TBB,2573242,0.002396518364548683
3123,15_min_interval_stocks/Telecommunications/EXTR.csv,15_min_interval_stocks,Telecommunications,EXTR,9036618,0.008416006341576576
3124,15_min_interval_stocks/Telecommunications/TBC.csv,15_min_interval_stocks,Telecommunications,TBC,2174814,0.0020254533737897873
3125,15_min_interval_stocks/Telecommunications/ANET.csv,15_min_interval_stocks,Telecommunications,ANET,4890046,0.004554210230708122
3126,15_min_interval_stocks/Telecommunications/NXPL.csv,15_min_interval_stocks,Telecommunications,NXPL,745423,0.0006942292675375938
3127,15_min_interval_stocks/Telecommunications/LTRX.csv,15_min_interval_stocks,Telecommunications,LTRX,4723514,0.004399115219712257
3128,15_min_interval_stocks/Telecommunications/IHS.csv,15_min_interval_stocks,Telecommunications,IHS,1109806,0.0010335873812437057
3129,15_min_interval_stocks/Telecommunications/HUBCW.csv,15_min_interval_stocks,Telecommunications,HUBCW,220231,0.00020510610193014145
3130,15_min_interval_stocks/Telecommunications/CHT.csv,15_min_interval_stocks,Telecommunications,CHT,8091381,0.007535685785114765
3131,15_min_interval_stocks/Telecommunications/REKR.csv,15_min_interval_stocks,Telecommunications,REKR,2287158,0.0021300818771123886
3132,15_min_interval_stocks/Telecommunications/HUBC.csv,15_min_interval_stocks,Telecommunications,HUBC,1088927,0.0010141422972083092
3133,15_min_interval_stocks/Telecommunications/ATEN.csv,15_min_interval_stocks,Telecommunications,ATEN,4180167,0.003893083892762661
3134,15_min_interval_stocks/Telecommunications/JNPR.csv,15_min_interval_stocks,Telecommunications,JNPR,12235162,0.011394882574677467
3135,15_min_interval_stocks/Telecommunications/SHEN.csv,15_min_interval_stocks,Telecommunications,SHEN,7157325,0.00666577834635973
3136,15_min_interval_stocks/Telecommunications/SIDU.csv,15_min_interval_stocks,Telecommunications,SIDU,1592573,0.0014831991866230965
3137,15_min_interval_stocks/Telecommunications/ESE.csv,15_min_interval_stocks,Telecommunications,ESE,9222681,0.008589291013777256
3138,15_min_interval_stocks/Telecommunications/CNSL.csv,15_min_interval_stocks,Telecommunications,CNSL,7109375,0.006621121428906918
3139,15_min_interval_stocks/Telecommunications/TIMB.csv,15_min_interval_stocks,Telecommunications,TIMB,6581959,0.00612992700189352
3140,15_min_interval_stocks/Telecommunications/DATSW.csv,15_min_interval_stocks,Telecommunications,DATSW,150033,0.0001397291198372841
3141,15_min_interval_stocks/Telecommunications/SNT.csv,15_min_interval_stocks,Telecommunications,SNT,3431184,0.003195539116859436
3142,15_min_interval_stocks/Other/PFTA.csv,15_min_interval_stocks,Other,PFTA,96393,8.977297693490982e-05
3143,15_min_interval_stocks/Other/EICC.csv,15_min_interval_stocks,Other,EICC,143555,0.00013369601219892502
3144,15_min_interval_stocks/Other/THCP.csv,15_min_interval_stocks,Other,THCP,136916,0.00012751296162605286
3145,15_min_interval_stocks/Other/PRMB.csv,15_min_interval_stocks,Other,PRMB,32658,3.0415132641792297e-05
3146,15_min_interval_stocks/Other/HYAC.csv,15_min_interval_stocks,Other,HYAC,101385,9.442213922739029e-05
3147,15_min_interval_stocks/Other/EQV.csv,15_min_interval_stocks,Other,EQV,14942,1.391582190990448e-05
3148,15_min_interval_stocks/Other/LOT.csv,15_min_interval_stocks,Other,LOT,256836,0.00023919716477394104
3149,15_min_interval_stocks/Other/NCNC.csv,15_min_interval_stocks,Other,NCNC,762725,0.0007103430107235909
3150,15_min_interval_stocks/Other/ROCL.csv,15_min_interval_stocks,Other,ROCL,75495,7.031019777059555e-05
3151,15_min_interval_stocks/Other/GPAT.csv,15_min_interval_stocks,Other,GPAT,25602,2.384372055530548e-05
3152,15_min_interval_stocks/Other/CGA.csv,15_min_interval_stocks,Other,CGA,3682741,0.003429819829761982
3153,15_min_interval_stocks/Other/GPATW.csv,15_min_interval_stocks,Other,GPATW,19605,1.8258579075336456e-05
3154,15_min_interval_stocks/Other/VCIC.csv,15_min_interval_stocks,Other,VCIC,4686,4.364177584648132e-06
3155,15_min_interval_stocks/Other/ECC.csv,15_min_interval_stocks,Other,ECC,3503497,0.003262885846197605
3156,15_min_interval_stocks/Other/IGTAU.csv,15_min_interval_stocks,Other,IGTAU,22999,2.141948789358139e-05
3157,15_min_interval_stocks/Other/BELFA.csv,15_min_interval_stocks,Other,BELFA,1773178,0.001651400700211525
3158,15_min_interval_stocks/Other/SLDP.csv,15_min_interval_stocks,Other,SLDP,1988004,0.0018514730036258698
3159,15_min_interval_stocks/Other/CGON.csv,15_min_interval_stocks,Other,CGON,329046,0.00030644796788692474
3160,15_min_interval_stocks/Other/BRACR.csv,15_min_interval_stocks,Other,BRACR,30922,2.8798356652259827e-05
3161,15_min_interval_stocks/Other/IROHU.csv,15_min_interval_stocks,Other,IROHU,24240,2.25752592086792e-05
3162,15_min_interval_stocks/Other/PLRZ.csv,15_min_interval_stocks,Other,PLRZ,49351,4.596170037984848e-05
3163,15_min_interval_stocks/Other/BKHA.csv,15_min_interval_stocks,Other,BKHA,15115,1.4076940715312958e-05
3164,15_min_interval_stocks/Other/HG.csv,15_min_interval_stocks,Other,HG,412575,0.00038424041122198105
3165,15_min_interval_stocks/Other/PXDT.csv,15_min_interval_stocks,Other,PXDT,180171,0.00016779731959104538
3166,15_min_interval_stocks/Other/CLRCW.csv,15_min_interval_stocks,Other,CLRCW,19092,1.7780810594558716e-05
3167,15_min_interval_stocks/Other/APPS.csv,15_min_interval_stocks,Other,APPS,5054529,0.0047073969617486
3168,15_min_interval_stocks/Other/FVN.csv,15_min_interval_stocks,Other,FVN,5806,5.407258868217468e-06
3169,15_min_interval_stocks/Other/AIMAW.csv,15_min_interval_stocks,Other,AIMAW,33984,3.165006637573242e-05
3170,15_min_interval_stocks/Other/FSHPU.csv,15_min_interval_stocks,Other,FSHPU,16778,1.56257301568985e-05
3171,15_min_interval_stocks/Other/KVACW.csv,15_min_interval_stocks,Other,KVACW,43127,4.016514867544174e-05
3172,15_min_interval_stocks/Other/DYCQ.csv,15_min_interval_stocks,Other,DYCQ,27506,2.5616958737373352e-05
3173,15_min_interval_stocks/Other/ELBM.csv,15_min_interval_stocks,Other,ELBM,938613,0.0008741514757275581
3174,15_min_interval_stocks/Other/ANSC.csv,15_min_interval_stocks,Other,ANSC,68396,6.369873881340027e-05
3175,15_min_interval_stocks/Other/NCNCW.csv,15_min_interval_stocks,Other,NCNCW,44621,4.155654460191727e-05
3176,15_min_interval_stocks/Other/MCAGU.csv,15_min_interval_stocks,Other,MCAGU,4533,4.221685230731964e-06
3177,15_min_interval_stocks/Other/BOWNU.csv,15_min_interval_stocks,Other,BOWNU,19925,1.855660229921341e-05
3178,15_min_interval_stocks/Other/BIGZ.csv,15_min_interval_stocks,Other,BIGZ,1493395,0.0013908324763178825
3179,15_min_interval_stocks/Other/ATHS.csv,15_min_interval_stocks,Other,ATHS,252660,0.0002353079617023468
3180,15_min_interval_stocks/Other/NMFCZ.csv,15_min_interval_stocks,Other,NMFCZ,186368,0.0001735687255859375
3181,15_min_interval_stocks/Other/VYX.csv,15_min_interval_stocks,Other,VYX,471400,0.00043902546167373657
3182,15_min_interval_stocks/Other/ENG.csv,15_min_interval_stocks,Other,ENG,5570365,0.00518780667334795
3183,15_min_interval_stocks/Other/CMAXW.csv,15_min_interval_stocks,Other,CMAXW,138131,0.00012864451855421066
3184,15_min_interval_stocks/Other/DXYZ.csv,15_min_interval_stocks,Other,DXYZ,502025,0.0004675472155213356
3185,15_min_interval_stocks/Other/ADUR.csv,15_min_interval_stocks,Other,ADUR,27962,2.604164183139801e-05
3186,15_min_interval_stocks/Other/RCM.csv,15_min_interval_stocks,Other,RCM,2707121,0.002521202899515629
3187,15_min_interval_stocks/Other/ENR.csv,15_min_interval_stocks,Other,ENR,3816741,0.003554617054760456
3188,15_min_interval_stocks/Other/BRKHU.csv,15_min_interval_stocks,Other,BRKHU,6628,6.172806024551392e-06
3189,15_min_interval_stocks/Other/LIF.csv,15_min_interval_stocks,Other,LIF,197160,0.00018361955881118774
3190,15_min_interval_stocks/Other/CCIX.csv,15_min_interval_stocks,Other,CCIX,23155,2.1564774215221405e-05
3191,15_min_interval_stocks/Other/TURB.csv,15_min_interval_stocks,Other,TURB,205296,0.00019119679927825928
3192,15_min_interval_stocks/Other/VZIO.csv,15_min_interval_stocks,Other,VZIO,1457305,0.00135722104460001
3193,15_min_interval_stocks/Other/ADN.csv,15_min_interval_stocks,Other,ADN,1902879,0.0017721941694617271
3194,15_min_interval_stocks/Other/PITA.csv,15_min_interval_stocks,Other,PITA,148910,0.0001386832445859909
3195,15_min_interval_stocks/Other/GEF.csv,15_min_interval_stocks,Other,GEF,8511859,0.007927286438643932
3196,15_min_interval_stocks/Other/NVAC.csv,15_min_interval_stocks,Other,NVAC,49228,4.5847147703170776e-05
3197,15_min_interval_stocks/Other/RFAIU.csv,15_min_interval_stocks,Other,RFAIU,23085,2.149958163499832e-05
3198,15_min_interval_stocks/Other/BKHAR.csv,15_min_interval_stocks,Other,BKHAR,10767,1.0027550160884857e-05
3199,15_min_interval_stocks/Other/RUN.csv,15_min_interval_stocks,Other,RUN,4647814,0.004328614100813866
3200,15_min_interval_stocks/Other/CCIA.csv,15_min_interval_stocks,Other,CCIA,133425,0.00012426171451807022
3201,15_min_interval_stocks/Other/EICB.csv,15_min_interval_stocks,Other,EICB,203605,0.0001896219328045845
3202,15_min_interval_stocks/Other/GSMGW.csv,15_min_interval_stocks,Other,GSMGW,409501,0.00038137752562761307
3203,15_min_interval_stocks/Other/ATMCU.csv,15_min_interval_stocks,Other,ATMCU,4538,4.2263418436050415e-06
3204,15_min_interval_stocks/Other/BYRN.csv,15_min_interval_stocks,Other,BYRN,1231851,0.0011472506448626518
3205,15_min_interval_stocks/Other/OBDE.csv,15_min_interval_stocks,Other,OBDE,319915,0.0002979440614581108
3206,15_min_interval_stocks/Other/CGBDL.csv,15_min_interval_stocks,Other,CGBDL,157079,0.00014629121869802475
3207,15_min_interval_stocks/Other/DBL.csv,15_min_interval_stocks,Other,DBL,4125089,0.0038417885079979897
3208,15_min_interval_stocks/Other/JBDI.csv,15_min_interval_stocks,Other,JBDI,187130,0.0001742783933877945
3209,15_min_interval_stocks/Other/JVSAR.csv,15_min_interval_stocks,Other,JVSAR,9248,8.612871170043945e-06
3210,15_min_interval_stocks/Other/LEGT.csv,15_min_interval_stocks,Other,LEGT,62026,5.776621401309967e-05
3211,15_min_interval_stocks/Other/VACH.csv,15_min_interval_stocks,Other,VACH,13462,1.2537464499473572e-05
3212,15_min_interval_stocks/Other/IROHW.csv,15_min_interval_stocks,Other,IROHW,20173,1.8787570297718048e-05
3213,15_min_interval_stocks/Other/CHARU.csv,15_min_interval_stocks,Other,CHARU,7678,7.150694727897644e-06
3214,15_min_interval_stocks/Other/CYCCP.csv,15_min_interval_stocks,Other,CYCCP,264370,0.00024621374905109406
3215,15_min_interval_stocks/Other/ALCYU.csv,15_min_interval_stocks,Other,ALCYU,5816,5.416572093963623e-06
3216,15_min_interval_stocks/Other/CAMP.csv,15_min_interval_stocks,Other,CAMP,186157,0.00017337221652269363
3217,15_min_interval_stocks/Other/ETX.csv,15_min_interval_stocks,Other,ETX,2701025,0.002515525557100773
3218,15_min_interval_stocks/Other/AFJK.csv,15_min_interval_stocks,Other,AFJK,32004,2.9806047677993774e-05
3219,15_min_interval_stocks/Other/MVST.csv,15_min_interval_stocks,Other,MVST,2408868,0.0022434331476688385
3220,15_min_interval_stocks/Other/YHNAU.csv,15_min_interval_stocks,Other,YHNAU,8816,8.210539817810059e-06
3221,15_min_interval_stocks/Other/SVIIR.csv,15_min_interval_stocks,Other,SVIIR,47404,4.4148415327072144e-05
3222,15_min_interval_stocks/Other/SPMC.csv,15_min_interval_stocks,Other,SPMC,102212,9.519234299659729e-05
3223,15_min_interval_stocks/Other/DCF.csv,15_min_interval_stocks,Other,DCF,1468939,0.0013680560514330864
3224,15_min_interval_stocks/Other/GLADZ.csv,15_min_interval_stocks,Other,GLADZ,162984,0.00015179067850112915
3225,15_min_interval_stocks/Other/HLXB.csv,15_min_interval_stocks,Other,HLXB,33238,3.0955299735069275e-05
3226,15_min_interval_stocks/Other/PLMJU.csv,15_min_interval_stocks,Other,PLMJU,8861,8.252449333667755e-06
3227,15_min_interval_stocks/Other/BSII.csv,15_min_interval_stocks,Other,BSII,6273,5.842186510562897e-06
3228,15_min_interval_stocks/Other/WHFCL.csv,15_min_interval_stocks,Other,WHFCL,127285,0.00011854339390993118
3229,15_min_interval_stocks/Other/OCCIM.csv,15_min_interval_stocks,Other,OCCIM,20497,1.9089318811893463e-05
3230,15_min_interval_stocks/Other/DPCS.csv,15_min_interval_stocks,Other,DPCS,62506,5.82132488489151e-05
3231,15_min_interval_stocks/Other/MBAV.csv,15_min_interval_stocks,Other,MBAV,6717,6.255693733692169e-06
3232,15_min_interval_stocks/Other/FERG.csv,15_min_interval_stocks,Other,FERG,1864512,0.001736462116241455
3233,15_min_interval_stocks/Other/ALF.csv,15_min_interval_stocks,Other,ALF,19514,1.8173828721046448e-05
3234,15_min_interval_stocks/Other/ANSCW.csv,15_min_interval_stocks,Other,ANSCW,27420,2.553686499595642e-05
3235,15_min_interval_stocks/Other/TCS.csv,15_min_interval_stocks,Other,TCS,4357760,0.004058480262756348
3236,15_min_interval_stocks/Other/LGI.csv,15_min_interval_stocks,Other,LGI,5498128,0.005120530724525452
3237,15_min_interval_stocks/Other/VRM.csv,15_min_interval_stocks,Other,VRM,2459554,0.0022906381636857986
3238,15_min_interval_stocks/Other/ULBI.csv,15_min_interval_stocks,Other,ULBI,5602247,0.005217499099671841
3239,15_min_interval_stocks/Other/YHNAR.csv,15_min_interval_stocks,Other,YHNAR,1128,1.0505318641662598e-06
3240,15_min_interval_stocks/Other/LBGJ.csv,15_min_interval_stocks,Other,LBGJ,25613,2.385396510362625e-05
3241,15_min_interval_stocks/Other/KACLR.csv,15_min_interval_stocks,Other,KACLR,48240,4.4927000999450684e-05
3242,15_min_interval_stocks/Other/VINO.csv,15_min_interval_stocks,Other,VINO,1180027,0.0010989857837557793
3243,15_min_interval_stocks/Other/IROHR.csv,15_min_interval_stocks,Other,IROHR,17738,1.6519799828529358e-05
3244,15_min_interval_stocks/Other/GHIXW.csv,15_min_interval_stocks,Other,GHIXW,71276,6.638094782829285e-05
3245,15_min_interval_stocks/Other/ALSAR.csv,15_min_interval_stocks,Other,ALSAR,54826,5.1060691475868225e-05
3246,15_min_interval_stocks/Other/MSDL.csv,15_min_interval_stocks,Other,MSDL,335784,0.00031272321939468384
3247,15_min_interval_stocks/Other/CHEB.csv,15_min_interval_stocks,Other,CHEB,20852,1.9419938325881958e-05
3248,15_min_interval_stocks/Other/XCH.csv,15_min_interval_stocks,Other,XCH,99371,9.254645556211472e-05
3249,15_min_interval_stocks/Other/ALFUU.csv,15_min_interval_stocks,Other,ALFUU,24833,2.3127533495426178e-05
3250,15_min_interval_stocks/Other/SBXD.csv,15_min_interval_stocks,Other,SBXD,12646,1.1777505278587341e-05
3251,15_min_interval_stocks/Other/DTSQ.csv,15_min_interval_stocks,Other,DTSQ,8138,7.579103112220764e-06
3252,15_min_interval_stocks/Other/ROCLU.csv,15_min_interval_stocks,Other,ROCLU,8509,7.924623787403107e-06
3253,15_min_interval_stocks/Other/ATIP.csv,15_min_interval_stocks,Other,ATIP,1178542,0.0010976027697324753
3254,15_min_interval_stocks/Other/VFF.csv,15_min_interval_stocks,Other,VFF,2676910,0.0024930667132139206
3255,15_min_interval_stocks/Other/GHIX.csv,15_min_interval_stocks,Other,GHIX,118030,0.00010992400348186493
3256,15_min_interval_stocks/Other/REFR.csv,15_min_interval_stocks,Other,REFR,5709041,0.005316958762705326
3257,15_min_interval_stocks/Other/PFTAU.csv,15_min_interval_stocks,Other,PFTAU,61064,5.687028169631958e-05
3258,15_min_interval_stocks/Other/NVAWW.csv,15_min_interval_stocks,Other,NVAWW,22335,2.0801089704036713e-05
3259,15_min_interval_stocks/Other/RVMDW.csv,15_min_interval_stocks,Other,RVMDW,51482,4.7946348786354065e-05
3260,15_min_interval_stocks/Other/SPKL.csv,15_min_interval_stocks,Other,SPKL,40995,3.817956894636154e-05
3261,15_min_interval_stocks/Other/BSGM.csv,15_min_interval_stocks,Other,BSGM,272303,0.00025360193103551865
3262,15_min_interval_stocks/Other/STEM.csv,15_min_interval_stocks,Other,STEM,2113570,0.001968415454030037
3263,15_min_interval_stocks/Other/YHNA.csv,15_min_interval_stocks,Other,YHNA,4717,4.393048584461212e-06
3264,15_min_interval_stocks/Other/ECCF.csv,15_min_interval_stocks,Other,ECCF,174345,0.0001623714342713356
3265,15_min_interval_stocks/Other/FREY.csv,15_min_interval_stocks,Other,FREY,1961650,0.0018269289284944534
3266,15_min_interval_stocks/Other/ALCO.csv,15_min_interval_stocks,Other,ALCO,5268825,0.004906975664198399
3267,15_min_interval_stocks/Other/TWKS.csv,15_min_interval_stocks,Other,TWKS,1112811,0.0010363860055804253
3268,15_min_interval_stocks/Other/AEFC.csv,15_min_interval_stocks,Other,AEFC,1663328,0.0015490949153900146
3269,15_min_interval_stocks/Other/PBI.csv,15_min_interval_stocks,Other,PBI,10237314,0.009534241631627083
3270,15_min_interval_stocks/Other/NEOVW.csv,15_min_interval_stocks,Other,NEOVW,66607,6.203260272741318e-05
3271,15_min_interval_stocks/Other/AIMBU.csv,15_min_interval_stocks,Other,AIMBU,33059,3.0788592994213104e-05
3272,15_min_interval_stocks/Other/GRFX.csv,15_min_interval_stocks,Other,GRFX,646851,0.0006024269387125969
3273,15_min_interval_stocks/Other/OXLCI.csv,15_min_interval_stocks,Other,OXLCI,93836,8.739158511161804e-05
3274,15_min_interval_stocks/Other/CLRC.csv,15_min_interval_stocks,Other,CLRC,50864,4.73707914352417e-05
3275,15_min_interval_stocks/Other/RFAI.csv,15_min_interval_stocks,Other,RFAI,20180,1.8794089555740356e-05
3276,15_min_interval_stocks/Other/LASE.csv,15_min_interval_stocks,Other,LASE,899145,0.0008373940363526344
3277,15_min_interval_stocks/Other/IVDAW.csv,15_min_interval_stocks,Other,IVDAW,57514,5.356408655643463e-05
3278,15_min_interval_stocks/Other/SPMA.csv,15_min_interval_stocks,Other,SPMA,20447,1.904275268316269e-05
3279,15_min_interval_stocks/Other/NETD.csv,15_min_interval_stocks,Other,NETD,85523,7.964950054883957e-05
3280,15_min_interval_stocks/Other/MCN.csv,15_min_interval_stocks,Other,MCN,5850146,0.005448373034596443
3281,15_min_interval_stocks/Other/DBD.csv,15_min_interval_stocks,Other,DBD,423504,0.0003944188356399536
3282,15_min_interval_stocks/Other/CAPTW.csv,15_min_interval_stocks,Other,CAPTW,60570,5.6410208344459534e-05
3283,15_min_interval_stocks/Other/NEOV.csv,15_min_interval_stocks,Other,NEOV,1014616,0.0009449347853660583
3284,15_min_interval_stocks/Other/DECAU.csv,15_min_interval_stocks,Other,DECAU,24788,2.308562397956848e-05
3285,15_min_interval_stocks/Other/GAUZ.csv,15_min_interval_stocks,Other,GAUZ,124164,0.00011563673615455627
3286,15_min_interval_stocks/Other/POLEU.csv,15_min_interval_stocks,Other,POLEU,16545,1.5408731997013092e-05
3287,15_min_interval_stocks/Other/DFLI.csv,15_min_interval_stocks,Other,DFLI,1183901,0.0011025937274098396
3288,15_min_interval_stocks/Other/QS.csv,15_min_interval_stocks,Other,QS,2975847,0.002771473489701748
3289,15_min_interval_stocks/Other/CAPT.csv,15_min_interval_stocks,Other,CAPT,581751,0.0005417978391051292
3290,15_min_interval_stocks/Other/ANSCU.csv,15_min_interval_stocks,Other,ANSCU,24151,2.249237149953842e-05
3291,15_min_interval_stocks/Other/BAYAU.csv,15_min_interval_stocks,Other,BAYAU,17955,1.6721896827220917e-05
3292,15_min_interval_stocks/Other/GECCH.csv,15_min_interval_stocks,Other,GECCH,18544,1.7270445823669434e-05
3293,15_min_interval_stocks/Other/EOSE.csv,15_min_interval_stocks,Other,EOSE,2241876,0.0020879097282886505
3294,15_min_interval_stocks/Other/CAPN.csv,15_min_interval_stocks,Other,CAPN,7452,6.940215826034546e-06
3295,15_min_interval_stocks/Other/RDACU.csv,15_min_interval_stocks,Other,RDACU,6353,5.916692316532135e-06
3296,15_min_interval_stocks/Other/VCICU.csv,15_min_interval_stocks,Other,VCICU,13351,1.2434087693691254e-05
3297,15_min_interval_stocks/Other/ESHA.csv,15_min_interval_stocks,Other,ESHA,51352,4.782527685165405e-05
3298,15_min_interval_stocks/Other/GEV.csv,15_min_interval_stocks,Other,GEV,547276,0.0005096904933452606
3299,15_min_interval_stocks/Other/VFSWW.csv,15_min_interval_stocks,Other,VFSWW,220668,0.0002055130898952484
3300,15_min_interval_stocks/Other/CNL.csv,15_min_interval_stocks,Other,CNL,38953,3.6277808248996735e-05
3301,15_min_interval_stocks/Other/SES.csv,15_min_interval_stocks,Other,SES,1727244,0.0016086213290691376
3302,15_min_interval_stocks/Other/IBAC.csv,15_min_interval_stocks,Other,IBAC,33443,3.114622086286545e-05
3303,15_min_interval_stocks/Other/SIMA.csv,15_min_interval_stocks,Other,SIMA,13209,1.2301839888095856e-05
3304,15_min_interval_stocks/Other/JBK.csv,15_min_interval_stocks,Other,JBK,510747,0.0004756702110171318
3305,15_min_interval_stocks/Other/POLE.csv,15_min_interval_stocks,Other,POLE,9935,9.252689778804779e-06
3306,15_min_interval_stocks/Other/VLYPN.csv,15_min_interval_stocks,Other,VLYPN,60825,5.664769560098648e-05
3307,15_min_interval_stocks/Other/NXG.csv,15_min_interval_stocks,Other,NXG,3555950,0.003311736509203911
3308,15_min_interval_stocks/Other/IHTA.csv,15_min_interval_stocks,Other,IHTA,1137632,0.001059502363204956
3309,15_min_interval_stocks/Other/NVEI.csv,15_min_interval_stocks,Other,NVEI,1368754,0.0012747514992952347
3310,15_min_interval_stocks/Other/EXAI.csv,15_min_interval_stocks,Other,EXAI,1221840,0.0011379271745681763
3311,15_min_interval_stocks/Other/BEAGU.csv,15_min_interval_stocks,Other,BEAGU,11682,1.087971031665802e-05
3312,15_min_interval_stocks/Other/AITR.csv,15_min_interval_stocks,Other,AITR,42109,3.9217062294483185e-05
3313,15_min_interval_stocks/Other/NATL.csv,15_min_interval_stocks,Other,NATL,437079,0.00040706153959035873
3314,15_min_interval_stocks/Other/JUNE.csv,15_min_interval_stocks,Other,JUNE,124590,0.00011603347957134247
3315,15_min_interval_stocks/Other/EGF.csv,15_min_interval_stocks,Other,EGF,3361981,0.003131088800728321
3316,15_min_interval_stocks/Other/MVSTW.csv,15_min_interval_stocks,Other,MVSTW,975541,0.0009085433557629585
3317,15_min_interval_stocks/Other/ONCT.csv,15_min_interval_stocks,Other,ONCT,1877297,0.001748369075357914
3318,15_min_interval_stocks/Other/ELVA.csv,15_min_interval_stocks,Other,ELVA,276569,0.0002575749531388283
3319,15_min_interval_stocks/Other/TPGXL.csv,15_min_interval_stocks,Other,TPGXL,163785,0.00015253666788339615
3320,15_min_interval_stocks/Other/VSTS.csv,15_min_interval_stocks,Other,VSTS,544237,0.0005068602040410042
3321,15_min_interval_stocks/Other/PAR.csv,15_min_interval_stocks,Other,PAR,4794394,0.0044651273638010025
3322,15_min_interval_stocks/Other/THCPU.csv,15_min_interval_stocks,Other,THCPU,4782,4.453584551811218e-06
3323,15_min_interval_stocks/Other/HIE.csv,15_min_interval_stocks,Other,HIE,2805357,0.002612692303955555
3324,15_min_interval_stocks/Other/NVRI.csv,15_min_interval_stocks,Other,NVRI,535402,0.0004986319690942764
3325,15_min_interval_stocks/Other/NOVT.csv,15_min_interval_stocks,Other,NOVT,4572214,0.0042582061141729355
3326,15_min_interval_stocks/Other/GPATU.csv,15_min_interval_stocks,Other,GPATU,22387,2.0849518477916718e-05
3327,15_min_interval_stocks/Other/NRGV.csv,15_min_interval_stocks,Other,NRGV,1318456,0.0012279078364372253
3328,15_min_interval_stocks/Other/ACTG.csv,15_min_interval_stocks,Other,ACTG,7564524,0.007045011967420578
3329,15_min_interval_stocks/Other/EIIA.csv,15_min_interval_stocks,Other,EIIA,26266,2.446211874485016e-05
3330,15_min_interval_stocks/Other/SAVE.csv,15_min_interval_stocks,Other,SAVE,6909863,0.006435311399400234
3331,15_min_interval_stocks/Other/NRBO.csv,15_min_interval_stocks,Other,NRBO,2678870,0.002494892105460167
