,Unnamed: 0,path,interval_folder,sector,ticker,size_bytes,size_gb
0,208,15_min_interval_stocks/Financials/AMSF.csv,15_min_interval_stocks,Financials,AMSF,6834821,0.0063654230907559
1,259,15_min_interval_stocks/Financials/HUT.csv,15_min_interval_stocks,Financials,HUT,2376495,0.0022132834419608
2,97,15_min_interval_stocks/Financials/SWKH.csv,15_min_interval_stocks,Financials,SWKH,948289,0.0008831629529595
3,148,15_min_interval_stocks/Financials/BRW.csv,15_min_interval_stocks,Financials,BRW,5641890,0.0052544195204973
4,395,15_min_interval_stocks/Financials/DHY.csv,15_min_interval_stocks,Financials,DHY,6690020,0.006230566650629
5,486,15_min_interval_stocks/Financials/SIMAW.csv,15_min_interval_stocks,Financials,SIMAW,8787,8.18353146314621e-06
6,234,15_min_interval_stocks/Financials/MYI.csv,15_min_interval_stocks,Financials,MYI,8065194,0.0075112972408533
7,181,15_min_interval_stocks/Financials/CADE.csv,15_min_interval_stocks,Financials,CADE,3086755,0.0028747646138072
8,525,15_min_interval_stocks/Financials/GAINN.csv,15_min_interval_stocks,Financials,GAINN,300903,0.0002802377566695
9,367,15_min_interval_stocks/Financials/CACC.csv,15_min_interval_stocks,Financials,CACC,6047768,0.0056324228644371
10,260,15_min_interval_stocks/Financials/PAXS.csv,15_min_interval_stocks,Financials,PAXS,1114547,0.0010380027815699
11,368,15_min_interval_stocks/Financials/FUND.csv,15_min_interval_stocks,Financials,FUND,4900936,0.0045643523335456
12,451,15_min_interval_stocks/Financials/PFIS.csv,15_min_interval_stocks,Financials,PFIS,1564012,0.0014565996825695
13,396,15_min_interval_stocks/Financials/CHCI.csv,15_min_interval_stocks,Financials,CHCI,3758782,0.0035006385296583
14,351,15_min_interval_stocks/Financials/WSFS.csv,15_min_interval_stocks,Financials,WSFS,8094025,0.007538148202002
15,77,15_min_interval_stocks/Financials/APLD.csv,15_min_interval_stocks,Financials,APLD,1709625,0.0015922123566269
16,608,15_min_interval_stocks/Financials/APO.csv,15_min_interval_stocks,Financials,APO,5770810,0.0053744856268167
17,420,15_min_interval_stocks/Financials/BRKH.csv,15_min_interval_stocks,Financials,BRKH,101330,9.437091648578644e-05
18,174,15_min_interval_stocks/Financials/CION.csv,15_min_interval_stocks,Financials,CION,1231350,0.0011467840522527
19,742,15_min_interval_stocks/Financials/AUBN.csv,15_min_interval_stocks,Financials,AUBN,1004544,0.0009355545043945
20,39,15_min_interval_stocks/Financials/ALRS.csv,15_min_interval_stocks,Financials,ALRS,1420460,0.0013229064643383
21,619,15_min_interval_stocks/Financials/TDF.csv,15_min_interval_stocks,Financials,TDF,7841282,0.007302762940526
22,375,15_min_interval_stocks/Financials/FGB.csv,15_min_interval_stocks,Financials,FGB,4066263,0.0037870025262236
23,664,15_min_interval_stocks/Financials/ALDFU.csv,15_min_interval_stocks,Financials,ALDFU,10375,9.66247171163559e-06
24,708,15_min_interval_stocks/Financials/FRBA.csv,15_min_interval_stocks,Financials,FRBA,2267485,0.0021117599681019
25,296,15_min_interval_stocks/Financials/HGLB.csv,15_min_interval_stocks,Financials,HGLB,1835404,0.0017093531787395
26,192,15_min_interval_stocks/Financials/SRG.csv,15_min_interval_stocks,Financials,SRG,3519147,0.0032774610444903
27,570,15_min_interval_stocks/Financials/RMAX.csv,15_min_interval_stocks,Financials,RMAX,4234552,0.0039437338709831
28,616,15_min_interval_stocks/Financials/HSBC.csv,15_min_interval_stocks,Financials,HSBC,12686526,0.0118152480572462
29,231,15_min_interval_stocks/Financials/NEWTH.csv,15_min_interval_stocks,Financials,NEWTH,44273,4.123244434595108e-05
30,299,15_min_interval_stocks/Financials/PJT.csv,15_min_interval_stocks,Financials,PJT,3598417,0.0033512869849801
31,416,15_min_interval_stocks/Financials/RAND.csv,15_min_interval_stocks,Financials,RAND,1097847,0.0010224496945738
32,346,15_min_interval_stocks/Financials/WTFCP.csv,15_min_interval_stocks,Financials,WTFCP,1031847,0.0009609824046492
33,479,15_min_interval_stocks/Financials/GGT.csv,15_min_interval_stocks,Financials,GGT,6278649,0.0058474475517869
34,76,15_min_interval_stocks/Financials/PHT.csv,15_min_interval_stocks,Financials,PHT,6449629,0.0060066850855946
35,81,15_min_interval_stocks/Financials/GAM.csv,15_min_interval_stocks,Financials,GAM,6920334,0.006445063278079
36,548,15_min_interval_stocks/Financials/BFIN.csv,15_min_interval_stocks,Financials,BFIN,5301561,0.004937463440001
37,314,15_min_interval_stocks/Financials/BBDC.csv,15_min_interval_stocks,Financials,BBDC,2448808,0.0022806301712989
38,323,15_min_interval_stocks/Financials/CGO.csv,15_min_interval_stocks,Financials,CGO,4617231,0.0043001314625144
39,425,15_min_interval_stocks/Financials/XP.csv,15_min_interval_stocks,Financials,XP,2252709,0.0020979987457394
40,33,15_min_interval_stocks/Financials/BPYPM.csv,15_min_interval_stocks,Financials,BPYPM,848214,0.0007899608463048
41,449,15_min_interval_stocks/Financials/EQH.csv,15_min_interval_stocks,Financials,EQH,2747519,0.0025588264688849
42,617,15_min_interval_stocks/Financials/SOS.csv,15_min_interval_stocks,Financials,SOS,3462676,0.0032248683273792
43,78,15_min_interval_stocks/Financials/VCSA.csv,15_min_interval_stocks,Financials,VCSA,1061428,0.0009885318577289
44,541,15_min_interval_stocks/Financials/MRBK.csv,15_min_interval_stocks,Financials,MRBK,937743,0.0008733412250876
45,66,15_min_interval_stocks/Financials/BOE.csv,15_min_interval_stocks,Financials,BOE,6750679,0.0062870597466826
46,388,15_min_interval_stocks/Financials/CCIRU.csv,15_min_interval_stocks,Financials,CCIRU,12199,1.1361204087734222e-05
47,319,15_min_interval_stocks/Financials/HONDW.csv,15_min_interval_stocks,Financials,HONDW,7345,6.84056431055069e-06
48,10,15_min_interval_stocks/Financials/OFG.csv,15_min_interval_stocks,Financials,OFG,8793365,0.0081894593313336
49,490,15_min_interval_stocks/Financials/GLV.csv,15_min_interval_stocks,Financials,GLV,4821938,0.0044907797127962
50,481,15_min_interval_stocks/Financials/ETG.csv,15_min_interval_stocks,Financials,ETG,7599225,0.0070773297920823
51,338,15_min_interval_stocks/Financials/ISRL.csv,15_min_interval_stocks,Financials,ISRL,98715,9.193550795316696e-05
52,399,15_min_interval_stocks/Financials/BCSF.csv,15_min_interval_stocks,Financials,BCSF,2371121,0.0022082785144448
53,101,15_min_interval_stocks/Financials/TRINZ.csv,15_min_interval_stocks,Financials,TRINZ,132395,0.0001233024522662
54,247,15_min_interval_stocks/Financials/CZFS.csv,15_min_interval_stocks,Financials,CZFS,545370,0.000507915392518
55,223,15_min_interval_stocks/Financials/FCNCP.csv,15_min_interval_stocks,Financials,FCNCP,956897,0.0008911797776818
56,118,15_min_interval_stocks/Financials/CNOB.csv,15_min_interval_stocks,Financials,CNOB,4158759,0.0038731461390852
57,54,15_min_interval_stocks/Financials/GBLI.csv,15_min_interval_stocks,Financials,GBLI,3035309,0.0028268517926335
58,158,15_min_interval_stocks/Financials/HONDU.csv,15_min_interval_stocks,Financials,HONDU,13884,1.2930482625961304e-05
59,585,15_min_interval_stocks/Financials/TIPT.csv,15_min_interval_stocks,Financials,TIPT,2947968,0.002745509147644
60,712,15_min_interval_stocks/Financials/CASH.csv,15_min_interval_stocks,Financials,CASH,4590352,0.0042750984430313
61,239,15_min_interval_stocks/Financials/OWL.csv,15_min_interval_stocks,Financials,OWL,1836816,0.0017106682062149
62,211,15_min_interval_stocks/Financials/ECAT.csv,15_min_interval_stocks,Financials,ECAT,1301447,0.0012120669707655
63,559,15_min_interval_stocks/Financials/COF.csv,15_min_interval_stocks,Financials,COF,11438656,0.0106530785560607
64,450,15_min_interval_stocks/Financials/MHN.csv,15_min_interval_stocks,Financials,MHN,6470670,0.0060262810438871
65,65,15_min_interval_stocks/Financials/BYM.csv,15_min_interval_stocks,Financials,BYM,6134957,0.0057136239483952
66,426,15_min_interval_stocks/Financials/ACGL.csv,15_min_interval_stocks,Financials,ACGL,9093094,0.0084686037153005
67,281,15_min_interval_stocks/Financials/SUPV.csv,15_min_interval_stocks,Financials,SUPV,3279620,0.0030543841421604
68,422,15_min_interval_stocks/Financials/SDHY.csv,15_min_interval_stocks,Financials,SDHY,1361674,0.0012681577354669
69,639,15_min_interval_stocks/Financials/AFGC.csv,15_min_interval_stocks,Financials,AFGC,816701,0.000760612078011
70,696,15_min_interval_stocks/Financials/AMAL.csv,15_min_interval_stocks,Financials,AMAL,2174481,0.0020251432433724
71,744,15_min_interval_stocks/Financials/AGM.csv,15_min_interval_stocks,Financials,AGM,8322715,0.0077511323615908
72,215,15_min_interval_stocks/Financials/LC.csv,15_min_interval_stocks,Financials,LC,3971172,0.0036984421312808
73,336,15_min_interval_stocks/Financials/BOW.csv,15_min_interval_stocks,Financials,BOW,198057,0.0001844549551606
74,501,15_min_interval_stocks/Financials/HYI.csv,15_min_interval_stocks,Financials,HYI,4576918,0.0042625870555639
75,72,15_min_interval_stocks/Financials/OPOF.csv,15_min_interval_stocks,Financials,OPOF,1172022,0.0010915305465459
76,210,15_min_interval_stocks/Financials/EVV.csv,15_min_interval_stocks,Financials,EVV,7790016,0.0072550177574157
77,724,15_min_interval_stocks/Financials/TBMC.csv,15_min_interval_stocks,Financials,TBMC,54179,5.045812577009201e-05
78,417,15_min_interval_stocks/Financials/HIPO.csv,15_min_interval_stocks,Financials,HIPO,1458879,0.0013586869463324
79,63,15_min_interval_stocks/Financials/MARX.csv,15_min_interval_stocks,Financials,MARX,61613,5.738157778978348e-05
80,637,15_min_interval_stocks/Financials/BTBT.csv,15_min_interval_stocks,Financials,BTBT,2855779,0.0026596514508128
81,361,15_min_interval_stocks/Financials/CTBI.csv,15_min_interval_stocks,Financials,CTBI,7510473,0.00699467305094
82,49,15_min_interval_stocks/Financials/DMA.csv,15_min_interval_stocks,Financials,DMA,442247,0.0004118746146559
83,349,15_min_interval_stocks/Financials/JLS.csv,15_min_interval_stocks,Financials,JLS,3846046,0.0035819094628095
84,155,15_min_interval_stocks/Financials/JRI.csv,15_min_interval_stocks,Financials,JRI,3973867,0.0037009520456194
85,732,15_min_interval_stocks/Financials/RWAYZ.csv,15_min_interval_stocks,Financials,RWAYZ,236774,0.000220512971282
86,603,15_min_interval_stocks/Financials/BUSE.csv,15_min_interval_stocks,Financials,BUSE,7884950,0.0073434319347143
87,332,15_min_interval_stocks/Financials/JMSB.csv,15_min_interval_stocks,Financials,JMSB,675184,0.0006288141012191
88,497,15_min_interval_stocks/Financials/FFNW.csv,15_min_interval_stocks,Financials,FFNW,3849294,0.0035849343985319
89,23,15_min_interval_stocks/Financials/OXSQZ.csv,15_min_interval_stocks,Financials,OXSQZ,231359,0.0002154698595404
90,264,15_min_interval_stocks/Financials/NBN.csv,15_min_interval_stocks,Financials,NBN,2532913,0.002358959056437
91,741,15_min_interval_stocks/Financials/ARBKL.csv,15_min_interval_stocks,Financials,ARBKL,408301,0.000380259938538
92,597,15_min_interval_stocks/Financials/FSK.csv,15_min_interval_stocks,Financials,FSK,4615329,0.0042983600869774
93,165,15_min_interval_stocks/Financials/CCAP.csv,15_min_interval_stocks,Financials,CCAP,1586847,0.0014778664335608
94,218,15_min_interval_stocks/Financials/MEGL.csv,15_min_interval_stocks,Financials,MEGL,1167525,0.0010873423889279
95,503,15_min_interval_stocks/Financials/VLYPO.csv,15_min_interval_stocks,Financials,VLYPO,944366,0.0008795093744993
96,109,15_min_interval_stocks/Financials/SII.csv,15_min_interval_stocks,Financials,SII,1721840,0.0016035884618759
97,86,15_min_interval_stocks/Financials/FBK.csv,15_min_interval_stocks,Financials,FBK,3091162,0.0028788689523935
98,275,15_min_interval_stocks/Financials/BBAR.csv,15_min_interval_stocks,Financials,BBAR,6348710,0.005912696942687
99,2,15_min_interval_stocks/Financials/RDN.csv,15_min_interval_stocks,Financials,RDN,10363238,0.0096515174955129
100,578,15_min_interval_stocks/Financials/FRGE.csv,15_min_interval_stocks,Financials,FRGE,1314381,0.0012241126969456
101,133,15_min_interval_stocks/Financials/BTO.csv,15_min_interval_stocks,Financials,BTO,8522942,0.0079376082867383
102,30,15_min_interval_stocks/Financials/VEL.csv,15_min_interval_stocks,Financials,VEL,911706,0.0008490923792123
103,618,15_min_interval_stocks/Financials/ATLCL.csv,15_min_interval_stocks,Financials,ATLCL,329049,0.0003064507618546
104,692,15_min_interval_stocks/Financials/AIZN.csv,15_min_interval_stocks,Financials,AIZN,854534,0.0007958468049764
105,440,15_min_interval_stocks/Financials/CORZ.csv,15_min_interval_stocks,Financials,CORZ,597193,0.0005561793223023
106,300,15_min_interval_stocks/Financials/LANV.csv,15_min_interval_stocks,Financials,LANV,397055,0.0003697862848639
107,120,15_min_interval_stocks/Financials/ACP.csv,15_min_interval_stocks,Financials,ACP,4591637,0.0042762951925396
108,723,15_min_interval_stocks/Financials/WTBA.csv,15_min_interval_stocks,Financials,WTBA,5215608,0.004857413470745
109,571,15_min_interval_stocks/Financials/EXPI.csv,15_min_interval_stocks,Financials,EXPI,3321702,0.0030935760587453
110,380,15_min_interval_stocks/Financials/FSFG.csv,15_min_interval_stocks,Financials,FSFG,895090,0.0008336175233125
111,610,15_min_interval_stocks/Financials/GATE.csv,15_min_interval_stocks,Financials,GATE,66701,6.212014704942703e-05
112,294,15_min_interval_stocks/Financials/GSBC.csv,15_min_interval_stocks,Financials,GSBC,6298479,0.0058659156784415
113,535,15_min_interval_stocks/Financials/STEL.csv,15_min_interval_stocks,Financials,STEL,2428631,0.0022618388757109
114,430,15_min_interval_stocks/Financials/CIFRW.csv,15_min_interval_stocks,Financials,CIFRW,596284,0.000555332750082
115,356,15_min_interval_stocks/Financials/DMF.csv,15_min_interval_stocks,Financials,DMF,5581747,0.0051984069868922
116,84,15_min_interval_stocks/Financials/FCNCO.csv,15_min_interval_stocks,Financials,FCNCO,595994,0.0005550626665353
117,679,15_min_interval_stocks/Financials/ZTR.csv,15_min_interval_stocks,Financials,ZTR,8344005,0.0077709602192044
118,79,15_min_interval_stocks/Financials/LUXH.csv,15_min_interval_stocks,Financials,LUXH,877724,0.0008174441754817
119,235,15_min_interval_stocks/Financials/OSBC.csv,15_min_interval_stocks,Financials,OSBC,6779622,0.0063140150159597
120,529,15_min_interval_stocks/Financials/HLI.csv,15_min_interval_stocks,Financials,HLI,3699878,0.0034457799047231
121,248,15_min_interval_stocks/Financials/OPINL.csv,15_min_interval_stocks,Financials,OPINL,866270,0.0008067768067121
122,363,15_min_interval_stocks/Financials/IQI.csv,15_min_interval_stocks,Financials,IQI,6743956,0.0062807984650135
123,31,15_min_interval_stocks/Financials/TETEW.csv,15_min_interval_stocks,Financials,TETEW,38017,3.540609031915665e-05
124,362,15_min_interval_stocks/Financials/IIPR.csv,15_min_interval_stocks,Financials,IIPR,3580598,0.003334691748023
125,528,15_min_interval_stocks/Financials/UTF.csv,15_min_interval_stocks,Financials,UTF,7684136,0.0071564093232154
126,579,15_min_interval_stocks/Financials/CAC.csv,15_min_interval_stocks,Financials,CAC,5757876,0.0053624399006366
127,433,15_min_interval_stocks/Financials/WFC.csv,15_min_interval_stocks,Financials,WFC,14531233,0.0135332653298974
128,198,15_min_interval_stocks/Financials/QCRH.csv,15_min_interval_stocks,Financials,QCRH,3696786,0.0034429002553224
129,55,15_min_interval_stocks/Financials/ILLR.csv,15_min_interval_stocks,Financials,ILLR,90285,8.408445864915848e-05
130,705,15_min_interval_stocks/Financials/ASGI.csv,15_min_interval_stocks,Financials,ASGI,1294116,0.001205239444971
131,595,15_min_interval_stocks/Financials/SLQT.csv,15_min_interval_stocks,Financials,SLQT,1896734,0.0017664711922407
132,515,15_min_interval_stocks/Financials/ATLO.csv,15_min_interval_stocks,Financials,ATLO,3146217,0.0029301429167389
133,431,15_min_interval_stocks/Financials/GEGGL.csv,15_min_interval_stocks,Financials,GEGGL,125619,0.0001169918105006
134,212,15_min_interval_stocks/Financials/DFS.csv,15_min_interval_stocks,Financials,DFS,7907488,0.007364422082901
135,324,15_min_interval_stocks/Financials/SNEX.csv,15_min_interval_stocks,Financials,SNEX,5940531,0.005532550625503
136,60,15_min_interval_stocks/Financials/DGICB.csv,15_min_interval_stocks,Financials,DGICB,447671,0.0004169261083006
137,703,15_min_interval_stocks/Financials/BFC.csv,15_min_interval_stocks,Financials,BFC,1085612,0.0010110549628734
138,447,15_min_interval_stocks/Financials/OPI.csv,15_min_interval_stocks,Financials,OPI,6352219,0.0059159649536013
139,446,15_min_interval_stocks/Financials/GLO.csv,15_min_interval_stocks,Financials,GLO,6427378,0.0059859622269868
140,678,15_min_interval_stocks/Financials/AOD.csv,15_min_interval_stocks,Financials,AOD,6490256,0.0060445219278335
141,611,15_min_interval_stocks/Financials/RILYZ.csv,15_min_interval_stocks,Financials,RILYZ,1582510,0.0014738272875547
142,412,15_min_interval_stocks/Financials/BFST.csv,15_min_interval_stocks,Financials,BFST,1751331,0.0016310540959239
143,90,15_min_interval_stocks/Financials/GROW.csv,15_min_interval_stocks,Financials,GROW,5787641,0.0053901607170701
144,684,15_min_interval_stocks/Financials/CFR.csv,15_min_interval_stocks,Financials,CFR,9981562,0.009296054020524
145,554,15_min_interval_stocks/Financials/SPXX.csv,15_min_interval_stocks,Financials,SPXX,5337720,0.0049711391329765
146,69,15_min_interval_stocks/Financials/PGR.csv,15_min_interval_stocks,Financials,PGR,10612642,0.0098837930709123
147,522,15_min_interval_stocks/Financials/MOFG.csv,15_min_interval_stocks,Financials,MOFG,3347870,0.0031179469078779
148,131,15_min_interval_stocks/Financials/CSQ.csv,15_min_interval_stocks,Financials,CSQ,7569922,0.0070500392466783
149,44,15_min_interval_stocks/Financials/NEWTI.csv,15_min_interval_stocks,Financials,NEWTI,113827,0.0001060096547007
150,70,15_min_interval_stocks/Financials/ENX.csv,15_min_interval_stocks,Financials,ENX,4812696,0.0044821724295616
151,164,15_min_interval_stocks/Financials/GIG.csv,15_min_interval_stocks,Financials,GIG,10420,9.704381227493286e-06
152,710,15_min_interval_stocks/Financials/FCNCA.csv,15_min_interval_stocks,Financials,FCNCA,6647231,0.0061907162889838
153,265,15_min_interval_stocks/Financials/SRL.csv,15_min_interval_stocks,Financials,SRL,656563,0.0006114719435572
154,250,15_min_interval_stocks/Financials/BSIIW.csv,15_min_interval_stocks,Financials,BSIIW,3872,3.606081008911133e-06
155,135,15_min_interval_stocks/Financials/ISPOW.csv,15_min_interval_stocks,Financials,ISPOW,346667,0.0003228588029742
156,467,15_min_interval_stocks/Financials/FCBC.csv,15_min_interval_stocks,Financials,FCBC,6513800,0.0060664489865303
157,28,15_min_interval_stocks/Financials/BYNO.csv,15_min_interval_stocks,Financials,BYNO,78348,7.296726107597351e-05
158,593,15_min_interval_stocks/Financials/CNF.csv,15_min_interval_stocks,Financials,CNF,899801,0.0008380049839615
159,381,15_min_interval_stocks/Financials/CMA.csv,15_min_interval_stocks,Financials,CMA,10476304,0.0097568184137344
160,453,15_min_interval_stocks/Financials/HKD.csv,15_min_interval_stocks,Financials,HKD,1514938,0.0014108959585428
161,136,15_min_interval_stocks/Financials/OFSSH.csv,15_min_interval_stocks,Financials,OFSSH,62849,5.853269249200821e-05
162,204,15_min_interval_stocks/Financials/BWFG.csv,15_min_interval_stocks,Financials,BWFG,1803422,0.0016795676201581
163,6,15_min_interval_stocks/Financials/OIA.csv,15_min_interval_stocks,Financials,OIA,5628001,0.0052414843812584
164,334,15_min_interval_stocks/Financials/ML.csv,15_min_interval_stocks,Financials,ML,1705974,0.001588812097907
165,73,15_min_interval_stocks/Financials/AFGE.csv,15_min_interval_stocks,Financials,AFGE,503290,0.0004687253385782
166,244,15_min_interval_stocks/Financials/IFS.csv,15_min_interval_stocks,Financials,IFS,1594587,0.0014850748702883
167,196,15_min_interval_stocks/Financials/MCVT.csv,15_min_interval_stocks,Financials,MCVT,251041,0.000233800150454
168,145,15_min_interval_stocks/Financials/AJG.csv,15_min_interval_stocks,Financials,AJG,10213051,0.0095116449519991
169,738,15_min_interval_stocks/Financials/CATY.csv,15_min_interval_stocks,Financials,CATY,9210911,0.008578329347074
170,668,15_min_interval_stocks/Financials/MAIN.csv,15_min_interval_stocks,Financials,MAIN,6918573,0.0064434232190251
171,132,15_min_interval_stocks/Financials/MNSB.csv,15_min_interval_stocks,Financials,MNSB,1071245,0.0009976746514439
172,434,15_min_interval_stocks/Financials/GJO.csv,15_min_interval_stocks,Financials,GJO,462583,0.0004308139905333
173,377,15_min_interval_stocks/Financials/DFP.csv,15_min_interval_stocks,Financials,DFP,4000080,0.0037253648042678
174,697,15_min_interval_stocks/Financials/FRMEP.csv,15_min_interval_stocks,Financials,FRMEP,94249,8.777622133493423e-05
175,41,15_min_interval_stocks/Financials/DCOMG.csv,15_min_interval_stocks,Financials,DCOMG,49631,4.6222470700740814e-05
176,108,15_min_interval_stocks/Financials/RFM.csv,15_min_interval_stocks,Financials,RFM,884901,0.0008241282775998
177,292,15_min_interval_stocks/Financials/JFU.csv,15_min_interval_stocks,Financials,JFU,1310698,0.0012206826359033
178,56,15_min_interval_stocks/Financials/JOF.csv,15_min_interval_stocks,Financials,JOF,6258323,0.0058285174891352
179,220,15_min_interval_stocks/Financials/LDI.csv,15_min_interval_stocks,Financials,LDI,1576754,0.0014684665948152
180,290,15_min_interval_stocks/Financials/MYD.csv,15_min_interval_stocks,Financials,MYD,7472393,0.0069592082872986
181,350,15_min_interval_stocks/Financials/RMBI.csv,15_min_interval_stocks,Financials,RMBI,936718,0.0008723866194486
182,552,15_min_interval_stocks/Financials/NMZ.csv,15_min_interval_stocks,Financials,NMZ,6518680,0.0060709938406944
183,685,15_min_interval_stocks/Financials/CZNC.csv,15_min_interval_stocks,Financials,CZNC,4225667,0.0039354590699076
184,24,15_min_interval_stocks/Financials/RILYN.csv,15_min_interval_stocks,Financials,RILYN,1052412,0.0009801350533962
185,199,15_min_interval_stocks/Financials/ERIE.csv,15_min_interval_stocks,Financials,ERIE,8502224,0.0079183131456375
186,213,15_min_interval_stocks/Financials/CNS.csv,15_min_interval_stocks,Financials,CNS,7737110,0.0072057452052831
187,394,15_min_interval_stocks/Financials/MQT.csv,15_min_interval_stocks,Financials,MQT,6072995,0.0056559173390269
188,327,15_min_interval_stocks/Financials/AFRM.csv,15_min_interval_stocks,Financials,AFRM,2824059,0.002630109898746
189,445,15_min_interval_stocks/Financials/BETR.csv,15_min_interval_stocks,Financials,BETR,656075,0.0006110174581408
190,110,15_min_interval_stocks/Financials/NUV.csv,15_min_interval_stocks,Financials,NUV,8619577,0.0080276066437363
191,82,15_min_interval_stocks/Financials/HOMB.csv,15_min_interval_stocks,Financials,HOMB,7056079,0.0065714856609702
192,51,15_min_interval_stocks/Financials/CIVB.csv,15_min_interval_stocks,Financials,CIVB,3008105,0.0028015160933136
193,530,15_min_interval_stocks/Financials/PCF.csv,15_min_interval_stocks,Financials,PCF,6031735,0.0056174909695982
194,598,15_min_interval_stocks/Financials/GECC.csv,15_min_interval_stocks,Financials,GECC,2116803,0.0019714264199137
195,519,15_min_interval_stocks/Financials/HBAN.csv,15_min_interval_stocks,Financials,HBAN,11449655,0.0106633221730589
196,568,15_min_interval_stocks/Financials/MC.csv,15_min_interval_stocks,Financials,MC,4227646,0.0039373021572828
197,405,15_min_interval_stocks/Financials/CWK.csv,15_min_interval_stocks,Financials,CWK,2260512,0.0021052658557891
198,342,15_min_interval_stocks/Financials/HCI.csv,15_min_interval_stocks,Financials,HCI,5108108,0.0047572962939739
199,139,15_min_interval_stocks/Financials/TWN.csv,15_min_interval_stocks,Financials,TWN,4431865,0.0041274959221482
200,448,15_min_interval_stocks/Financials/VCICW.csv,15_min_interval_stocks,Financials,VCICW,4431,4.126690328121185e-06
201,227,15_min_interval_stocks/Financials/MITA.csv,15_min_interval_stocks,Financials,MITA,89970,8.37910920381546e-05
202,18,15_min_interval_stocks/Financials/MHLA.csv,15_min_interval_stocks,Financials,MHLA,1062434,0.000989468768239
203,543,15_min_interval_stocks/Financials/BLX.csv,15_min_interval_stocks,Financials,BLX,8527693,0.0079420330002903
204,824,15_min_interval_stocks/Consumer_Discretionary/REE.csv,15_min_interval_stocks,Consumer_Discretionary,REE,1267451,0.0011804057285189
205,954,15_min_interval_stocks/Consumer_Discretionary/FIGS.csv,15_min_interval_stocks,Consumer_Discretionary,FIGS,1575903,0.0014676740393042
206,1316,15_min_interval_stocks/Consumer_Discretionary/GVH.csv,15_min_interval_stocks,Consumer_Discretionary,GVH,258815,0.0002410402521491
207,927,15_min_interval_stocks/Consumer_Discretionary/TH.csv,15_min_interval_stocks,Consumer_Discretionary,TH,1999474,0.0018621552735567
208,847,15_min_interval_stocks/Consumer_Discretionary/AMCR.csv,15_min_interval_stocks,Consumer_Discretionary,AMCR,6711394,0.0062504727393388
209,904,15_min_interval_stocks/Consumer_Discretionary/TOYO.csv,15_min_interval_stocks,Consumer_Discretionary,TOYO,175850,0.0001637730747461
210,801,15_min_interval_stocks/Consumer_Discretionary/VRA.csv,15_min_interval_stocks,Consumer_Discretionary,VRA,4823076,0.0044918395578861
211,1182,15_min_interval_stocks/Consumer_Discretionary/IMAX.csv,15_min_interval_stocks,Consumer_Discretionary,IMAX,8440519,0.0078608458861708
212,881,15_min_interval_stocks/Consumer_Discretionary/SBLK.csv,15_min_interval_stocks,Consumer_Discretionary,SBLK,7262186,0.0067634377628564
213,964,15_min_interval_stocks/Consumer_Discretionary/DIT.csv,15_min_interval_stocks,Consumer_Discretionary,DIT,1285676,0.0011973790824413
214,1333,15_min_interval_stocks/Consumer_Discretionary/LYTS.csv,15_min_interval_stocks,Consumer_Discretionary,LYTS,8023538,0.0074725020676851
215,1077,15_min_interval_stocks/Consumer_Discretionary/TNK.csv,15_min_interval_stocks,Consumer_Discretionary,TNK,6961319,0.0064832335337996
216,1154,15_min_interval_stocks/Consumer_Discretionary/GAMB.csv,15_min_interval_stocks,Consumer_Discretionary,GAMB,1048169,0.0009761834517121
217,1116,15_min_interval_stocks/Consumer_Discretionary/PXSAW.csv,15_min_interval_stocks,Consumer_Discretionary,PXSAW,172006,0.0001601930707693
218,748,15_min_interval_stocks/Consumer_Discretionary/ATIF.csv,15_min_interval_stocks,Consumer_Discretionary,ATIF,1073278,0.0009995680302381
219,922,15_min_interval_stocks/Consumer_Discretionary/SPGC.csv,15_min_interval_stocks,Consumer_Discretionary,SPGC,365507,0.0003404049202799
220,1331,15_min_interval_stocks/Consumer_Discretionary/BKNG.csv,15_min_interval_stocks,Consumer_Discretionary,BKNG,9104155,0.0084789050742983
221,1194,15_min_interval_stocks/Consumer_Discretionary/CRWS.csv,15_min_interval_stocks,Consumer_Discretionary,CRWS,2633365,0.0024525122717022
222,1229,15_min_interval_stocks/Consumer_Discretionary/ACCD.csv,15_min_interval_stocks,Consumer_Discretionary,ACCD,1641323,0.0015286011621356
223,856,15_min_interval_stocks/Consumer_Discretionary/EXTO.csv,15_min_interval_stocks,Consumer_Discretionary,EXTO,389684,0.0003629215061664
224,959,15_min_interval_stocks/Consumer_Discretionary/RAY.csv,15_min_interval_stocks,Consumer_Discretionary,RAY,135457,0.0001261541619896
225,878,15_min_interval_stocks/Consumer_Discretionary/WALD.csv,15_min_interval_stocks,Consumer_Discretionary,WALD,545017,0.0005075866356492
226,1095,15_min_interval_stocks/Consumer_Discretionary/NEGG.csv,15_min_interval_stocks,Consumer_Discretionary,NEGG,3475623,0.0032369261607527
227,1350,15_min_interval_stocks/Consumer_Discretionary/HTZ.csv,15_min_interval_stocks,Consumer_Discretionary,HTZ,2083053,0.0019399942830204
228,1299,15_min_interval_stocks/Consumer_Discretionary/BRLT.csv,15_min_interval_stocks,Consumer_Discretionary,BRLT,1092602,0.00101756490767
229,1267,15_min_interval_stocks/Consumer_Discretionary/BQ.csv,15_min_interval_stocks,Consumer_Discretionary,BQ,1296688,0.0012076348066329
230,795,15_min_interval_stocks/Consumer_Discretionary/GRPN.csv,15_min_interval_stocks,Consumer_Discretionary,GRPN,743330,0.0006922800093889
231,1065,15_min_interval_stocks/Consumer_Discretionary/SEAT.csv,15_min_interval_stocks,Consumer_Discretionary,SEAT,1095371,0.0010201437398791
232,1078,15_min_interval_stocks/Consumer_Discretionary/FFIE.csv,15_min_interval_stocks,Consumer_Discretionary,FFIE,3031419,0.0028232289478182
233,891,15_min_interval_stocks/Consumer_Discretionary/BAERW.csv,15_min_interval_stocks,Consumer_Discretionary,BAERW,114308,0.0001064576208591
234,785,15_min_interval_stocks/Consumer_Discretionary/PVH.csv,15_min_interval_stocks,Consumer_Discretionary,PVH,10251868,0.009547796100378
235,1047,15_min_interval_stocks/Consumer_Discretionary/TRMD.csv,15_min_interval_stocks,Consumer_Discretionary,TRMD,2251297,0.0020966837182641
236,957,15_min_interval_stocks/Consumer_Discretionary/LZB.csv,15_min_interval_stocks,Consumer_Discretionary,LZB,9721380,0.0090537406504154
237,1247,15_min_interval_stocks/Consumer_Discretionary/LVLU.csv,15_min_interval_stocks,Consumer_Discretionary,LVLU,779193,0.0007256800308823
238,984,15_min_interval_stocks/Consumer_Discretionary/GPN.csv,15_min_interval_stocks,Consumer_Discretionary,GPN,9926016,0.0092443227767944
239,1155,15_min_interval_stocks/Consumer_Discretionary/BZUN.csv,15_min_interval_stocks,Consumer_Discretionary,BZUN,3875207,0.0036090677604079
240,1140,15_min_interval_stocks/Consumer_Discretionary/LOTWW.csv,15_min_interval_stocks,Consumer_Discretionary,LOTWW,41632,3.87728214263916e-05
241,1051,15_min_interval_stocks/Consumer_Discretionary/SGA.csv,15_min_interval_stocks,Consumer_Discretionary,SGA,3622253,0.0033734859898686
242,822,15_min_interval_stocks/Consumer_Discretionary/DLX.csv,15_min_interval_stocks,Consumer_Discretionary,DLX,9803260,0.0091299973428249
243,1023,15_min_interval_stocks/Consumer_Discretionary/MDIA.csv,15_min_interval_stocks,Consumer_Discretionary,MDIA,1033320,0.0009623542428016
244,958,15_min_interval_stocks/Consumer_Discretionary/NAAS.csv,15_min_interval_stocks,Consumer_Discretionary,NAAS,2266053,0.0021104263141751
245,1056,15_min_interval_stocks/Consumer_Discretionary/CZR.csv,15_min_interval_stocks,Consumer_Discretionary,CZR,5271491,0.0049094585701823
246,894,15_min_interval_stocks/Consumer_Discretionary/NFLX.csv,15_min_interval_stocks,Consumer_Discretionary,NFLX,13373624,0.0124551579356193
247,1014,15_min_interval_stocks/Consumer_Discretionary/MODV.csv,15_min_interval_stocks,Consumer_Discretionary,MODV,5744457,0.0053499424830079
248,1129,15_min_interval_stocks/Consumer_Discretionary/FWRG.csv,15_min_interval_stocks,Consumer_Discretionary,FWRG,1140791,0.0010624444112181
249,1050,15_min_interval_stocks/Consumer_Discretionary/TGL.csv,15_min_interval_stocks,Consumer_Discretionary,TGL,909435,0.0008469773456454
250,1298,15_min_interval_stocks/Consumer_Discretionary/ATCOL.csv,15_min_interval_stocks,Consumer_Discretionary,ATCOL,200625,0.0001868465915322
251,1020,15_min_interval_stocks/Consumer_Discretionary/GETY.csv,15_min_interval_stocks,Consumer_Discretionary,GETY,985469,0.0009177895262837
252,756,15_min_interval_stocks/Consumer_Discretionary/ISDR.csv,15_min_interval_stocks,Consumer_Discretionary,ISDR,1265354,0.0011784527450799
253,1150,15_min_interval_stocks/Consumer_Discretionary/GPRO.csv,15_min_interval_stocks,Consumer_Discretionary,GPRO,5350418,0.0049829650670289
254,855,15_min_interval_stocks/Consumer_Discretionary/SIRI.csv,15_min_interval_stocks,Consumer_Discretionary,SIRI,14918183,0.0138936406001448
255,877,15_min_interval_stocks/Consumer_Discretionary/SATS.csv,15_min_interval_stocks,Consumer_Discretionary,SATS,6454029,0.0060107829049229
256,942,15_min_interval_stocks/Consumer_Discretionary/RH.csv,15_min_interval_stocks,Consumer_Discretionary,RH,5064883,0.0047170398756861
257,1288,15_min_interval_stocks/Consumer_Discretionary/PETWW.csv,15_min_interval_stocks,Consumer_Discretionary,PETWW,143716,0.0001338459551334
258,776,15_min_interval_stocks/Consumer_Discretionary/BARK.csv,15_min_interval_stocks,Consumer_Discretionary,BARK,1862974,0.0017350297421216
259,1317,15_min_interval_stocks/Consumer_Discretionary/ODP.csv,15_min_interval_stocks,Consumer_Discretionary,ODP,10326828,0.0096176080405712
260,828,15_min_interval_stocks/Consumer_Discretionary/EXLS.csv,15_min_interval_stocks,Consumer_Discretionary,EXLS,6303554,0.0058706421405076
261,1358,15_min_interval_stocks/Consumer_Discretionary/CMPR.csv,15_min_interval_stocks,Consumer_Discretionary,CMPR,6638922,0.0061829779297113
262,1274,15_min_interval_stocks/Consumer_Discretionary/ZGN.csv,15_min_interval_stocks,Consumer_Discretionary,ZGN,1134652,0.0010567270219326
263,1326,15_min_interval_stocks/Consumer_Discretionary/CCO.csv,15_min_interval_stocks,Consumer_Discretionary,CCO,6776696,0.0063112899661064
264,1215,15_min_interval_stocks/Consumer_Discretionary/ATMU.csv,15_min_interval_stocks,Consumer_Discretionary,ATMU,710393,0.0006616050377488
265,945,15_min_interval_stocks/Consumer_Discretionary/HLN.csv,15_min_interval_stocks,Consumer_Discretionary,HLN,1272731,0.0011853231117129
266,802,15_min_interval_stocks/Consumer_Discretionary/STN.csv,15_min_interval_stocks,Consumer_Discretionary,STN,5008887,0.004664889536798
267,1081,15_min_interval_stocks/Consumer_Discretionary/AGS.csv,15_min_interval_stocks,Consumer_Discretionary,AGS,2330838,0.0021707620471715
268,1185,15_min_interval_stocks/Consumer_Discretionary/CPRT.csv,15_min_interval_stocks,Consumer_Discretionary,CPRT,9866097,0.009188518859446
269,1038,15_min_interval_stocks/Consumer_Discretionary/AS.csv,15_min_interval_stocks,Consumer_Discretionary,AS,415367,0.0003868406638503
270,1357,15_min_interval_stocks/Consumer_Discretionary/CPRI.csv,15_min_interval_stocks,Consumer_Discretionary,CPRI,5258217,0.0048970961943268
271,770,15_min_interval_stocks/Consumer_Discretionary/AEVA.csv,15_min_interval_stocks,Consumer_Discretionary,AEVA,1883549,0.0017541917040944
272,823,15_min_interval_stocks/Consumer_Discretionary/GDHG.csv,15_min_interval_stocks,Consumer_Discretionary,GDHG,809169,0.000753597356379
273,1234,15_min_interval_stocks/Consumer_Discretionary/BBCP.csv,15_min_interval_stocks,Consumer_Discretionary,BBCP,1715879,0.0015980368480086
274,1006,15_min_interval_stocks/Consumer_Discretionary/PRG.csv,15_min_interval_stocks,Consumer_Discretionary,PRG,7059951,0.0065750917419791
275,1334,15_min_interval_stocks/Consumer_Discretionary/ECDA.csv,15_min_interval_stocks,Consumer_Discretionary,ECDA,269074,0.000250594690442
276,1210,15_min_interval_stocks/Consumer_Discretionary/FAT.csv,15_min_interval_stocks,Consumer_Discretionary,FAT,1331666,0.0012402106076478
277,816,15_min_interval_stocks/Consumer_Discretionary/HBB.csv,15_min_interval_stocks,Consumer_Discretionary,HBB,1997427,0.0018602488562464
278,1243,15_min_interval_stocks/Consumer_Discretionary/ARCO.csv,15_min_interval_stocks,Consumer_Discretionary,ARCO,5308972,0.0049443654716014
279,886,15_min_interval_stocks/Consumer_Discretionary/CASY.csv,15_min_interval_stocks,Consumer_Discretionary,CASY,10241269,0.0095379250124096
280,806,15_min_interval_stocks/Consumer_Discretionary/OP.csv,15_min_interval_stocks,Consumer_Discretionary,OP,1327672,0.0012364909052848
281,961,15_min_interval_stocks/Consumer_Discretionary/ASTH.csv,15_min_interval_stocks,Consumer_Discretionary,ASTH,282234,0.000262850895524
282,1178,15_min_interval_stocks/Consumer_Discretionary/CTAS.csv,15_min_interval_stocks,Consumer_Discretionary,CTAS,10482764,0.0097628347575664
283,1172,15_min_interval_stocks/Consumer_Discretionary/TKO.csv,15_min_interval_stocks,Consumer_Discretionary,TKO,669510,0.0006235297769308
284,1332,15_min_interval_stocks/Consumer_Discretionary/DKNG.csv,15_min_interval_stocks,Consumer_Discretionary,DKNG,3533023,0.0032903840765357
285,864,15_min_interval_stocks/Consumer_Discretionary/SILO.csv,15_min_interval_stocks,Consumer_Discretionary,SILO,625696,0.0005827248096466
286,836,15_min_interval_stocks/Consumer_Discretionary/EZPW.csv,15_min_interval_stocks,Consumer_Discretionary,EZPW,7548693,0.0070302681997418
287,1169,15_min_interval_stocks/Consumer_Discretionary/WOOF.csv,15_min_interval_stocks,Consumer_Discretionary,WOOF,1837232,0.0017110556364059
288,775,15_min_interval_stocks/Consumer_Discretionary/GIFT.csv,15_min_interval_stocks,Consumer_Discretionary,GIFT,55076,5.1293522119522095e-05
289,1074,15_min_interval_stocks/Consumer_Discretionary/GFAI.csv,15_min_interval_stocks,Consumer_Discretionary,GFAI,1793932,0.001670729368925
290,1127,15_min_interval_stocks/Consumer_Discretionary/CCOI.csv,15_min_interval_stocks,Consumer_Discretionary,CCOI,7415327,0.0069060614332556
291,1126,15_min_interval_stocks/Consumer_Discretionary/OMAB.csv,15_min_interval_stocks,Consumer_Discretionary,OMAB,5650901,0.0052628116682171
292,923,15_min_interval_stocks/Consumer_Discretionary/PKG.csv,15_min_interval_stocks,Consumer_Discretionary,PKG,10000272,0.009313479065895
293,1032,15_min_interval_stocks/Consumer_Discretionary/COST.csv,15_min_interval_stocks,Consumer_Discretionary,COST,13095753,0.0121963704004883
294,934,15_min_interval_stocks/Consumer_Discretionary/RICK.csv,15_min_interval_stocks,Consumer_Discretionary,RICK,6749874,0.00628631003201
295,1321,15_min_interval_stocks/Consumer_Discretionary/BIPI.csv,15_min_interval_stocks,Consumer_Discretionary,BIPI,618965,0.0005764560773968
296,990,15_min_interval_stocks/Consumer_Discretionary/KXIN.csv,15_min_interval_stocks,Consumer_Discretionary,KXIN,2452341,0.002283920533955
297,827,15_min_interval_stocks/Consumer_Discretionary/FICO.csv,15_min_interval_stocks,Consumer_Discretionary,FICO,6048937,0.0056335115805268
298,1064,15_min_interval_stocks/Consumer_Discretionary/EAT.csv,15_min_interval_stocks,Consumer_Discretionary,EAT,10038334,0.00934892706573
299,974,15_min_interval_stocks/Consumer_Discretionary/PSQH.csv,15_min_interval_stocks,Consumer_Discretionary,PSQH,619037,0.0005765231326222
300,809,15_min_interval_stocks/Consumer_Discretionary/WMS.csv,15_min_interval_stocks,Consumer_Discretionary,WMS,4248020,0.003956276923418
301,996,15_min_interval_stocks/Consumer_Discretionary/SCVL.csv,15_min_interval_stocks,Consumer_Discretionary,SCVL,8737902,0.0081378053873777
302,818,15_min_interval_stocks/Consumer_Discretionary/SOBR.csv,15_min_interval_stocks,Consumer_Discretionary,SOBR,1097397,0.0010220305994153
303,1024,15_min_interval_stocks/Consumer_Discretionary/BAOS.csv,15_min_interval_stocks,Consumer_Discretionary,BAOS,948504,0.000883363187313
304,1011,15_min_interval_stocks/Consumer_Discretionary/GFAIW.csv,15_min_interval_stocks,Consumer_Discretionary,GFAIW,159969,0.0001489827409386
305,1322,15_min_interval_stocks/Consumer_Discretionary/LIDRW.csv,15_min_interval_stocks,Consumer_Discretionary,LIDRW,414913,0.0003864178434014
306,920,15_min_interval_stocks/Consumer_Discretionary/TXRH.csv,15_min_interval_stocks,Consumer_Discretionary,TXRH,7640802,0.007116051390767
307,1003,15_min_interval_stocks/Consumer_Discretionary/JRSH.csv,15_min_interval_stocks,Consumer_Discretionary,JRSH,915753,0.0008528614416718
308,1275,15_min_interval_stocks/Consumer_Discretionary/ACEL.csv,15_min_interval_stocks,Consumer_Discretionary,ACEL,1821415,0.0016963249072432
309,1082,15_min_interval_stocks/Consumer_Discretionary/FATBP.csv,15_min_interval_stocks,Consumer_Discretionary,FATBP,741267,0.0006903586909174
310,1042,15_min_interval_stocks/Consumer_Discretionary/LMB.csv,15_min_interval_stocks,Consumer_Discretionary,LMB,2019328,0.0018806457519531
311,1068,15_min_interval_stocks/Consumer_Discretionary/AHG.csv,15_min_interval_stocks,Consumer_Discretionary,AHG,1849246,0.0017222445458173
312,752,15_min_interval_stocks/Consumer_Discretionary/MRT.csv,15_min_interval_stocks,Consumer_Discretionary,MRT,698341,0.0006503807380795
313,850,15_min_interval_stocks/Consumer_Discretionary/RCKY.csv,15_min_interval_stocks,Consumer_Discretionary,RCKY,6218613,0.0057915346696972
314,1033,15_min_interval_stocks/Consumer_Discretionary/QNST.csv,15_min_interval_stocks,Consumer_Discretionary,QNST,4893322,0.0045572612434625
315,1295,15_min_interval_stocks/Consumer_Discretionary/COTY.csv,15_min_interval_stocks,Consumer_Discretionary,COTY,5179129,0.0048234397545456
316,1188,15_min_interval_stocks/Consumer_Discretionary/DLPN.csv,15_min_interval_stocks,Consumer_Discretionary,DLPN,1626425,0.0015147263184189
317,1005,15_min_interval_stocks/Consumer_Discretionary/LGCB.csv,15_min_interval_stocks,Consumer_Discretionary,LGCB,274023,0.0002552038058638
318,1136,15_min_interval_stocks/Consumer_Discretionary/MSGE.csv,15_min_interval_stocks,Consumer_Discretionary,MSGE,1673346,0.0015584249049425
319,966,15_min_interval_stocks/Consumer_Discretionary/RUSHA.csv,15_min_interval_stocks,Consumer_Discretionary,RUSHA,7787953,0.0072530964389443
320,1344,15_min_interval_stocks/Consumer_Discretionary/HTHT.csv,15_min_interval_stocks,Consumer_Discretionary,HTHT,5818324,0.005418736487627
321,1163,15_min_interval_stocks/Consumer_Discretionary/GM.csv,15_min_interval_stocks,Consumer_Discretionary,GM,9070191,0.0084472736343741
322,832,15_min_interval_stocks/Consumer_Discretionary/CRGO.csv,15_min_interval_stocks,Consumer_Discretionary,CRGO,347202,0.0003233570605516
323,1108,15_min_interval_stocks/Consumer_Discretionary/PLAY.csv,15_min_interval_stocks,Consumer_Discretionary,PLAY,4413849,0.0041107172146439
324,1142,15_min_interval_stocks/Consumer_Discretionary/LYFT.csv,15_min_interval_stocks,Consumer_Discretionary,LYFT,3590497,0.0033439109101891
325,994,15_min_interval_stocks/Consumer_Discretionary/LDWY.csv,15_min_interval_stocks,Consumer_Discretionary,LDWY,123922,0.0001154113560914
326,930,15_min_interval_stocks/Consumer_Discretionary/DTC.csv,15_min_interval_stocks,Consumer_Discretionary,DTC,1204219,0.0011215163394808
327,1036,15_min_interval_stocks/Consumer_Discretionary/EXPD.csv,15_min_interval_stocks,Consumer_Discretionary,EXPD,10630496,0.0099004209041595
328,1046,15_min_interval_stocks/Consumer_Discretionary/TTSH.csv,15_min_interval_stocks,Consumer_Discretionary,TTSH,1385689,0.0012905234470963
329,1354,15_min_interval_stocks/Consumer_Discretionary/ASPN.csv,15_min_interval_stocks,Consumer_Discretionary,ASPN,3219605,0.0029984908178448
330,995,15_min_interval_stocks/Consumer_Discretionary/CROX.csv,15_min_interval_stocks,Consumer_Discretionary,CROX,8022460,0.0074714981019496
331,909,15_min_interval_stocks/Consumer_Discretionary/CLWT.csv,15_min_interval_stocks,Consumer_Discretionary,CLWT,3361110,0.0031302776187658
332,1208,15_min_interval_stocks/Consumer_Discretionary/PIK.csv,15_min_interval_stocks,Consumer_Discretionary,PIK,945690,0.0008807424455881
333,788,15_min_interval_stocks/Consumer_Discretionary/DOGZ.csv,15_min_interval_stocks,Consumer_Discretionary,DOGZ,1565868,0.0014583282172679
334,819,15_min_interval_stocks/Consumer_Discretionary/AXIL.csv,15_min_interval_stocks,Consumer_Discretionary,AXIL,93929,8.747819811105728e-05
335,1139,15_min_interval_stocks/Consumer_Discretionary/LSEA.csv,15_min_interval_stocks,Consumer_Discretionary,LSEA,1233798,0.0011490639299154
336,812,15_min_interval_stocks/Consumer_Discretionary/KAR.csv,15_min_interval_stocks,Consumer_Discretionary,KAR,5653008,0.0052647739648818
337,757,15_min_interval_stocks/Consumer_Discretionary/CVGW.csv,15_min_interval_stocks,Consumer_Discretionary,CVGW,6970193,0.0064914980903267
338,1110,15_min_interval_stocks/Consumer_Discretionary/XBPEW.csv,15_min_interval_stocks,Consumer_Discretionary,XBPEW,45127,4.20277938246727e-05
339,901,15_min_interval_stocks/Consumer_Discretionary/YELP.csv,15_min_interval_stocks,Consumer_Discretionary,YELP,5083009,0.0047339210286736
340,1297,15_min_interval_stocks/Consumer_Discretionary/CMG.csv,15_min_interval_stocks,Consumer_Discretionary,CMG,8383645,0.0078078778460621
341,829,15_min_interval_stocks/Consumer_Discretionary/EVTV.csv,15_min_interval_stocks,Consumer_Discretionary,EVTV,438934,0.0004087891429662
342,1021,15_min_interval_stocks/Consumer_Discretionary/TNL.csv,15_min_interval_stocks,Consumer_Discretionary,TNL,2675649,0.0024918923154473
343,1100,15_min_interval_stocks/Consumer_Discretionary/IHRT.csv,15_min_interval_stocks,Consumer_Discretionary,IHRT,2084534,0.0019413735717535
344,825,15_min_interval_stocks/Consumer_Discretionary/SCWO.csv,15_min_interval_stocks,Consumer_Discretionary,SCWO,984375,0.0009167706593871
345,769,15_min_interval_stocks/Consumer_Discretionary/WNS.csv,15_min_interval_stocks,Consumer_Discretionary,WNS,5466402,0.0050909835845232
346,1253,15_min_interval_stocks/Consumer_Discretionary/NAT.csv,15_min_interval_stocks,Consumer_Discretionary,NAT,8692333,0.008095365948975
347,1044,15_min_interval_stocks/Consumer_Discretionary/SFHG.csv,15_min_interval_stocks,Consumer_Discretionary,SFHG,61312,5.710124969482422e-05
348,1087,15_min_interval_stocks/Consumer_Discretionary/UK.csv,15_min_interval_stocks,Consumer_Discretionary,UK,1190946,0.001109154894948
349,1030,15_min_interval_stocks/Consumer_Discretionary/TSQ.csv,15_min_interval_stocks,Consumer_Discretionary,TSQ,3039813,0.0028310464695096
350,1241,15_min_interval_stocks/Consumer_Discretionary/KNOP.csv,15_min_interval_stocks,Consumer_Discretionary,KNOP,4153576,0.003868319094181
351,1302,15_min_interval_stocks/Consumer_Discretionary/XWEL.csv,15_min_interval_stocks,Consumer_Discretionary,XWEL,4975874,0.0046341437846422
352,883,15_min_interval_stocks/Consumer_Discretionary/IQ.csv,15_min_interval_stocks,Consumer_Discretionary,IQ,4199082,0.0039106998592615
353,973,15_min_interval_stocks/Consumer_Discretionary/GCO.csv,15_min_interval_stocks,Consumer_Discretionary,GCO,8861536,0.0082529485225677
354,1283,15_min_interval_stocks/Consumer_Discretionary/RENT.csv,15_min_interval_stocks,Consumer_Discretionary,RENT,1264874,0.0011780057102441
355,1300,15_min_interval_stocks/Consumer_Discretionary/JTAI.csv,15_min_interval_stocks,Consumer_Discretionary,JTAI,765471,0.0007129004225134
356,755,15_min_interval_stocks/Consumer_Discretionary/HSII.csv,15_min_interval_stocks,Consumer_Discretionary,HSII,9489438,0.0088377278298139
357,1320,15_min_interval_stocks/Consumer_Discretionary/GOEV.csv,15_min_interval_stocks,Consumer_Discretionary,GOEV,3359604,0.0031288750469684
358,1233,15_min_interval_stocks/Consumer_Discretionary/LOGC.csv,15_min_interval_stocks,Consumer_Discretionary,LOGC,267920,0.0002495199441909
359,1318,15_min_interval_stocks/Consumer_Discretionary/TLF.csv,15_min_interval_stocks,Consumer_Discretionary,TLF,143241,0.0001334035769104
360,1348,15_min_interval_stocks/Consumer_Discretionary/SAH.csv,15_min_interval_stocks,Consumer_Discretionary,SAH,9631241,0.0089697921648621
361,1106,15_min_interval_stocks/Consumer_Discretionary/DSGR.csv,15_min_interval_stocks,Consumer_Discretionary,DSGR,3699221,0.0034451680257916
362,830,15_min_interval_stocks/Consumer_Discretionary/CAKE.csv,15_min_interval_stocks,Consumer_Discretionary,CAKE,10732818,0.0099957156926393
363,911,15_min_interval_stocks/Consumer_Discretionary/MANU.csv,15_min_interval_stocks,Consumer_Discretionary,MANU,4596109,0.0042804600670933
364,956,15_min_interval_stocks/Consumer_Discretionary/HSON.csv,15_min_interval_stocks,Consumer_Discretionary,HSON,5567022,0.005184693261981
365,955,15_min_interval_stocks/Consumer_Discretionary/FA.csv,15_min_interval_stocks,Consumer_Discretionary,FA,1195054,0.0011129807680845
366,1227,15_min_interval_stocks/Consumer_Discretionary/GRABW.csv,15_min_interval_stocks,Consumer_Discretionary,GRABW,312366,0.0002909135073423
367,1226,15_min_interval_stocks/Consumer_Discretionary/CHEF.csv,15_min_interval_stocks,Consumer_Discretionary,CHEF,4599213,0.0042833508923649
368,1073,15_min_interval_stocks/Consumer_Discretionary/NCMI.csv,15_min_interval_stocks,Consumer_Discretionary,NCMI,7182738,0.0066894460469484
369,950,15_min_interval_stocks/Consumer_Discretionary/WBUY.csv,15_min_interval_stocks,Consumer_Discretionary,WBUY,630608,0.0005872994661331
370,899,15_min_interval_stocks/Consumer_Discretionary/JCSE.csv,15_min_interval_stocks,Consumer_Discretionary,JCSE,574730,0.0005352590233087
371,821,15_min_interval_stocks/Consumer_Discretionary/LOCO.csv,15_min_interval_stocks,Consumer_Discretionary,LOCO,4059920,0.0037810951471328
372,838,15_min_interval_stocks/Consumer_Discretionary/VTSI.csv,15_min_interval_stocks,Consumer_Discretionary,VTSI,1510506,0.0014067683368921
373,1337,15_min_interval_stocks/Consumer_Discretionary/XBP.csv,15_min_interval_stocks,Consumer_Discretionary,XBP,311814,0.0002903994172811
374,814,15_min_interval_stocks/Consumer_Discretionary/SFIX.csv,15_min_interval_stocks,Consumer_Discretionary,SFIX,3179634,0.0029612649232149
375,761,15_min_interval_stocks/Consumer_Discretionary/CREVW.csv,15_min_interval_stocks,Consumer_Discretionary,CREVW,68812,6.408616900444031e-05
376,1141,15_min_interval_stocks/Consumer_Discretionary/ELA.csv,15_min_interval_stocks,Consumer_Discretionary,ELA,2490136,0.0023191198706626
377,980,15_min_interval_stocks/Consumer_Discretionary/DSY.csv,15_min_interval_stocks,Consumer_Discretionary,DSY,196231,0.0001827543601393
378,834,15_min_interval_stocks/Consumer_Discretionary/MGA.csv,15_min_interval_stocks,Consumer_Discretionary,MGA,10063613,0.0093724699690938
379,1262,15_min_interval_stocks/Consumer_Discretionary/RAVE.csv,15_min_interval_stocks,Consumer_Discretionary,RAVE,3643870,0.0033936183899641
380,1472,15_min_interval_stocks/Healthcare/SAGE.csv,15_min_interval_stocks,Healthcare,SAGE,3782439,0.0035226708278059
381,1649,15_min_interval_stocks/Healthcare/OMER.csv,15_min_interval_stocks,Healthcare,OMER,5141208,0.0047881230711936
382,1925,15_min_interval_stocks/Healthcare/AURA.csv,15_min_interval_stocks,Healthcare,AURA,906214,0.0008439775556325
383,1439,15_min_interval_stocks/Healthcare/ENOV.csv,15_min_interval_stocks,Healthcare,ENOV,6477255,0.0060324138030409
384,1543,15_min_interval_stocks/Healthcare/RYTM.csv,15_min_interval_stocks,Healthcare,RYTM,2524806,0.0023514088243246
385,1646,15_min_interval_stocks/Healthcare/SLXN.csv,15_min_interval_stocks,Healthcare,SLXN,209271,0.0001948988065123
386,1372,15_min_interval_stocks/Healthcare/CAH.csv,15_min_interval_stocks,Healthcare,CAH,10610580,0.0098818726837635
387,1830,15_min_interval_stocks/Healthcare/CLDX.csv,15_min_interval_stocks,Healthcare,CLDX,5954148,0.0055452324450016
388,1440,15_min_interval_stocks/Healthcare/IMRN.csv,15_min_interval_stocks,Healthcare,IMRN,921131,0.0008578700944781
389,1773,15_min_interval_stocks/Healthcare/ANEB.csv,15_min_interval_stocks,Healthcare,ANEB,248336,0.0002312809228897
390,1417,15_min_interval_stocks/Healthcare/ARWR.csv,15_min_interval_stocks,Healthcare,ARWR,6456050,0.0060126651078462
391,1480,15_min_interval_stocks/Healthcare/HUMAW.csv,15_min_interval_stocks,Healthcare,HUMAW,411742,0.0003834646195173
392,1471,15_min_interval_stocks/Healthcare/CDIOW.csv,15_min_interval_stocks,Healthcare,CDIOW,136921,0.0001275176182389
393,1948,15_min_interval_stocks/Healthcare/BHVN.csv,15_min_interval_stocks,Healthcare,BHVN,2907291,0.0027076257392764
394,1885,15_min_interval_stocks/Healthcare/EOLS.csv,15_min_interval_stocks,Healthcare,EOLS,2497654,0.0023261215537786
395,1596,15_min_interval_stocks/Healthcare/PBH.csv,15_min_interval_stocks,Healthcare,PBH,6695130,0.0062353257089853
396,1392,15_min_interval_stocks/Healthcare/KTTA.csv,15_min_interval_stocks,Healthcare,KTTA,828586,0.0007716808468103
397,1574,15_min_interval_stocks/Healthcare/PTCT.csv,15_min_interval_stocks,Healthcare,PTCT,4041159,0.0037636226043105
398,1546,15_min_interval_stocks/Healthcare/LYEL.csv,15_min_interval_stocks,Healthcare,LYEL,1213417,0.0011300826445221
399,1448,15_min_interval_stocks/Healthcare/EBS.csv,15_min_interval_stocks,Healthcare,EBS,7105677,0.0066176773980259
400,1364,15_min_interval_stocks/Healthcare/TENX.csv,15_min_interval_stocks,Healthcare,TENX,4765184,0.0044379234313964
401,1733,15_min_interval_stocks/Healthcare/MGX.csv,15_min_interval_stocks,Healthcare,MGX,270418,0.0002518463879823
402,1895,15_min_interval_stocks/Healthcare/OLMA.csv,15_min_interval_stocks,Healthcare,OLMA,1408705,0.0013119587674736
403,1956,15_min_interval_stocks/Healthcare/CYCC.csv,15_min_interval_stocks,Healthcare,CYCC,6684716,0.0062256269156932
404,1729,15_min_interval_stocks/Healthcare/CTOR.csv,15_min_interval_stocks,Healthcare,CTOR,142212,0.0001324452459812
405,1678,15_min_interval_stocks/Healthcare/CMRX.csv,15_min_interval_stocks,Healthcare,CMRX,4211757,0.0039225043728947
406,1434,15_min_interval_stocks/Healthcare/ARQT.csv,15_min_interval_stocks,Healthcare,ARQT,1925576,0.0017933323979377
407,1497,15_min_interval_stocks/Healthcare/TRAW.csv,15_min_interval_stocks,Healthcare,TRAW,236989,0.0002207132056355
408,1916,15_min_interval_stocks/Healthcare/SABS.csv,15_min_interval_stocks,Healthcare,SABS,809070,0.0007535051554441
409,1798,15_min_interval_stocks/Healthcare/ISPC.csv,15_min_interval_stocks,Healthcare,ISPC,1100301,0.0010247351601719
410,1955,15_min_interval_stocks/Healthcare/OABIW.csv,15_min_interval_stocks,Healthcare,OABIW,119771,0.0001115454360842
411,1525,15_min_interval_stocks/Healthcare/CDXC.csv,15_min_interval_stocks,Healthcare,CDXC,3835802,0.0035723689943552
412,1444,15_min_interval_stocks/Healthcare/IRMD.csv,15_min_interval_stocks,Healthcare,IRMD,3057601,0.0028476128354668
413,1619,15_min_interval_stocks/Healthcare/VCEL.csv,15_min_interval_stocks,Healthcare,VCEL,5788641,0.0053910920396447
414,1554,15_min_interval_stocks/Healthcare/DMAC.csv,15_min_interval_stocks,Healthcare,DMAC,1545628,0.0014394782483577
415,1814,15_min_interval_stocks/Healthcare/ZVRA.csv,15_min_interval_stocks,Healthcare,ZVRA,1526678,0.0014218296855688
416,1494,15_min_interval_stocks/Healthcare/OTRK.csv,15_min_interval_stocks,Healthcare,OTRK,2802885,0.0026103900745511
417,1876,15_min_interval_stocks/Healthcare/UPC.csv,15_min_interval_stocks,Healthcare,UPC,1009925,0.0009405659511685
418,1802,15_min_interval_stocks/Healthcare/CI.csv,15_min_interval_stocks,Healthcare,CI,10958104,0.0102055296301841
419,1637,15_min_interval_stocks/Healthcare/KPTI.csv,15_min_interval_stocks,Healthcare,KPTI,4151998,0.0038668494671583
420,1725,15_min_interval_stocks/Healthcare/EYEN.csv,15_min_interval_stocks,Healthcare,EYEN,2144750,0.0019974540919065
421,1391,15_min_interval_stocks/Healthcare/YMAB.csv,15_min_interval_stocks,Healthcare,YMAB,2071958,0.0019296612590551
422,1926,15_min_interval_stocks/Healthcare/NXGL.csv,15_min_interval_stocks,Healthcare,NXGL,547784,0.0005101636052131
423,1930,15_min_interval_stocks/Healthcare/XOMA.csv,15_min_interval_stocks,Healthcare,XOMA,8191474,0.0076289046555757
424,1386,15_min_interval_stocks/Healthcare/NMRA.csv,15_min_interval_stocks,Healthcare,NMRA,460315,0.0004287017509341
425,1544,15_min_interval_stocks/Healthcare/CRSP.csv,15_min_interval_stocks,Healthcare,CRSP,3918367,0.0036492636427283
426,1874,15_min_interval_stocks/Healthcare/CAPR.csv,15_min_interval_stocks,Healthcare,CAPR,3498546,0.0032582748681306
427,1466,15_min_interval_stocks/Healthcare/SIGA.csv,15_min_interval_stocks,Healthcare,SIGA,7563892,0.0070444233715534
428,1425,15_min_interval_stocks/Healthcare/NERV.csv,15_min_interval_stocks,Healthcare,NERV,3176192,0.002958059310913
429,1929,15_min_interval_stocks/Healthcare/IFRX.csv,15_min_interval_stocks,Healthcare,IFRX,2314586,0.0021556261926889
430,1607,15_min_interval_stocks/Healthcare/NHC.csv,15_min_interval_stocks,Healthcare,NHC,6327012,0.005892489105463
431,1610,15_min_interval_stocks/Healthcare/TGTX.csv,15_min_interval_stocks,Healthcare,TGTX,4742973,0.0044172378256917
432,1463,15_min_interval_stocks/Healthcare/LXRX.csv,15_min_interval_stocks,Healthcare,LXRX,6487046,0.006041532382369
433,1915,15_min_interval_stocks/Healthcare/INCR.csv,15_min_interval_stocks,Healthcare,INCR,882829,0.0008221985772252
434,1951,15_min_interval_stocks/Healthcare/CHEK.csv,15_min_interval_stocks,Healthcare,CHEK,2721171,0.0025342879816889
435,1717,15_min_interval_stocks/Healthcare/ULS.csv,15_min_interval_stocks,Healthcare,ULS,308548,0.0002873577177524
436,1571,15_min_interval_stocks/Healthcare/QNRX.csv,15_min_interval_stocks,Healthcare,QNRX,2628508,0.0024479888379573
437,1527,15_min_interval_stocks/Healthcare/SXTP.csv,15_min_interval_stocks,Healthcare,SXTP,601838,0.0005605053156614
438,1499,15_min_interval_stocks/Healthcare/SCLXW.csv,15_min_interval_stocks,Healthcare,SCLXW,343445,0.0003198580816388
439,1557,15_min_interval_stocks/Healthcare/MHUA.csv,15_min_interval_stocks,Healthcare,MHUA,685184,0.0006381273269653
440,1438,15_min_interval_stocks/Healthcare/KLTO.csv,15_min_interval_stocks,Healthcare,KLTO,108927,0.0001014461740851
441,1538,15_min_interval_stocks/Healthcare/ELVN.csv,15_min_interval_stocks,Healthcare,ELVN,1442509,0.0013434411957859
442,1690,15_min_interval_stocks/Healthcare/ADGM.csv,15_min_interval_stocks,Healthcare,ADGM,79116,7.36825168132782e-05
443,1896,15_min_interval_stocks/Healthcare/ZTS.csv,15_min_interval_stocks,Healthcare,ZTS,5338990,0.0049723219126462
444,1850,15_min_interval_stocks/Healthcare/DRTS.csv,15_min_interval_stocks,Healthcare,DRTS,603471,0.0005620261654257
445,1432,15_min_interval_stocks/Healthcare/INBS.csv,15_min_interval_stocks,Healthcare,INBS,1603608,0.0014934763312339
446,1921,15_min_interval_stocks/Healthcare/AZN.csv,15_min_interval_stocks,Healthcare,AZN,13038828,0.0121433548629283
447,1819,15_min_interval_stocks/Healthcare/CGTX.csv,15_min_interval_stocks,Healthcare,CGTX,1006194,0.0009370911866426
448,1443,15_min_interval_stocks/Healthcare/TECX.csv,15_min_interval_stocks,Healthcare,TECX,136504,0.0001271292567253
449,1917,15_min_interval_stocks/Healthcare/CBLL.csv,15_min_interval_stocks,Healthcare,CBLL,56214,5.235336720943451e-05
450,1911,15_min_interval_stocks/Healthcare/TVGNW.csv,15_min_interval_stocks,Healthcare,TVGNW,64686,6.024353206157684e-05
451,1368,15_min_interval_stocks/Healthcare/VTGN.csv,15_min_interval_stocks,Healthcare,VTGN,3246248,0.0030233040452003
452,1784,15_min_interval_stocks/Healthcare/COEPW.csv,15_min_interval_stocks,Healthcare,COEPW,311382,0.0002899970859289
453,1684,15_min_interval_stocks/Healthcare/CSTL.csv,15_min_interval_stocks,Healthcare,CSTL,1893358,0.0017633270472288
454,1790,15_min_interval_stocks/Healthcare/KPRX.csv,15_min_interval_stocks,Healthcare,KPRX,3055502,0.0028456579893827
455,1897,15_min_interval_stocks/Healthcare/ABUS.csv,15_min_interval_stocks,Healthcare,ABUS,4673070,0.0043521355837583
456,1673,15_min_interval_stocks/Healthcare/TCRX.csv,15_min_interval_stocks,Healthcare,TCRX,893464,0.0008321031928062
457,1600,15_min_interval_stocks/Healthcare/SLRN.csv,15_min_interval_stocks,Healthcare,SLRN,562001,0.0005234042182564
458,1919,15_min_interval_stocks/Healthcare/BTMD.csv,15_min_interval_stocks,Healthcare,BTMD,699580,0.0006515346467494
459,1691,15_min_interval_stocks/Healthcare/VVOS.csv,15_min_interval_stocks,Healthcare,VVOS,1410649,0.0013137692585587
460,1794,15_min_interval_stocks/Healthcare/MYNZ.csv,15_min_interval_stocks,Healthcare,MYNZ,1023818,0.0009535048156976
461,1745,15_min_interval_stocks/Healthcare/DYAI.csv,15_min_interval_stocks,Healthcare,DYAI,2465658,0.0022963229566812
462,1796,15_min_interval_stocks/Healthcare/LIXTW.csv,15_min_interval_stocks,Healthcare,LIXTW,163653,0.0001524137333035
463,1722,15_min_interval_stocks/Healthcare/NXLIW.csv,15_min_interval_stocks,Healthcare,NXLIW,75738,7.053650915622711e-05
464,1435,15_min_interval_stocks/Healthcare/INGN.csv,15_min_interval_stocks,Healthcare,INGN,3716298,0.0034610722213983
465,1401,15_min_interval_stocks/Healthcare/FNA.csv,15_min_interval_stocks,Healthcare,FNA,1114345,0.0010378146544098
466,1517,15_min_interval_stocks/Healthcare/PFE.csv,15_min_interval_stocks,Healthcare,PFE,15176562,0.0141342747956514
467,1580,15_min_interval_stocks/Healthcare/GNPX.csv,15_min_interval_stocks,Healthcare,GNPX,2426727,0.0022600656375288
468,1731,15_min_interval_stocks/Healthcare/PGNY.csv,15_min_interval_stocks,Healthcare,PGNY,1971931,0.001836503855884
469,1572,15_min_interval_stocks/Healthcare/DVAX.csv,15_min_interval_stocks,Healthcare,DVAX,7291261,0.0067905159667134
470,1597,15_min_interval_stocks/Healthcare/CARA.csv,15_min_interval_stocks,Healthcare,CARA,4131100,0.003847386687994
471,1906,15_min_interval_stocks/Healthcare/NVCT.csv,15_min_interval_stocks,Healthcare,NVCT,688275,0.0006410060450434
472,1422,15_min_interval_stocks/Healthcare/IRON.csv,15_min_interval_stocks,Healthcare,IRON,1333674,0.0012420807033777
473,1661,15_min_interval_stocks/Healthcare/BTI.csv,15_min_interval_stocks,Healthcare,BTI,11624220,0.0108258984982967
474,1621,15_min_interval_stocks/Healthcare/EHC.csv,15_min_interval_stocks,Healthcare,EHC,6461049,0.0060173207893967
475,1642,15_min_interval_stocks/Healthcare/FRES.csv,15_min_interval_stocks,Healthcare,FRES,208393,0.0001940811052918
476,1590,15_min_interval_stocks/Healthcare/AVTE.csv,15_min_interval_stocks,Healthcare,AVTE,1044362,0.0009726379066705
477,1373,15_min_interval_stocks/Healthcare/RNAZ.csv,15_min_interval_stocks,Healthcare,RNAZ,1513503,0.0014095595106482
478,1667,15_min_interval_stocks/Healthcare/NXL.csv,15_min_interval_stocks,Healthcare,NXL,633532,0.0005900226533412
479,1445,15_min_interval_stocks/Healthcare/ANGO.csv,15_min_interval_stocks,Healthcare,ANGO,6920155,0.0064448965713381
480,1452,15_min_interval_stocks/Healthcare/BCAB.csv,15_min_interval_stocks,Healthcare,BCAB,1457863,0.0013577407225966
481,1570,15_min_interval_stocks/Healthcare/STOK.csv,15_min_interval_stocks,Healthcare,STOK,1882837,0.0017535286024212
482,1898,15_min_interval_stocks/Healthcare/INSM.csv,15_min_interval_stocks,Healthcare,INSM,7853779,0.0073144016787409
483,1696,15_min_interval_stocks/Healthcare/JNJ.csv,15_min_interval_stocks,Healthcare,JNJ,13566045,0.0126343639567494
484,1441,15_min_interval_stocks/Healthcare/ARGX.csv,15_min_interval_stocks,Healthcare,ARGX,2998326,0.0027924086898565
485,1700,15_min_interval_stocks/Healthcare/KYMR.csv,15_min_interval_stocks,Healthcare,KYMR,1520772,0.0014163292944431
486,1502,15_min_interval_stocks/Healthcare/CABA.csv,15_min_interval_stocks,Healthcare,CABA,1865267,0.0017371652647852
487,1643,15_min_interval_stocks/Healthcare/PMCB.csv,15_min_interval_stocks,Healthcare,PMCB,3859699,0.0035946248099207
488,1630,15_min_interval_stocks/Healthcare/CELU.csv,15_min_interval_stocks,Healthcare,CELU,1491921,0.0013894597068428
489,1941,15_min_interval_stocks/Healthcare/BFLY.csv,15_min_interval_stocks,Healthcare,BFLY,2074171,0.0019317222759127
490,1561,15_min_interval_stocks/Healthcare/PDEX.csv,15_min_interval_stocks,Healthcare,PDEX,2229666,0.0020765382796525
491,1712,15_min_interval_stocks/Healthcare/ATHE.csv,15_min_interval_stocks,Healthcare,ATHE,3781575,0.0035218661651015
492,1674,15_min_interval_stocks/Healthcare/FTRE.csv,15_min_interval_stocks,Healthcare,FTRE,552527,0.0005145808681845
493,1718,15_min_interval_stocks/Healthcare/NLSP.csv,15_min_interval_stocks,Healthcare,NLSP,1321284,0.0012305416166782
494,1732,15_min_interval_stocks/Healthcare/PRTA.csv,15_min_interval_stocks,Healthcare,PRTA,4133511,0.0038496321067214
495,1760,15_min_interval_stocks/Healthcare/HROWL.csv,15_min_interval_stocks,Healthcare,HROWL,520733,0.0004849703982472
496,1795,15_min_interval_stocks/Healthcare/ALUR.csv,15_min_interval_stocks,Healthcare,ALUR,496889,0.0004627639427781
497,1510,15_min_interval_stocks/Healthcare/LSB.csv,15_min_interval_stocks,Healthcare,LSB,137186,0.0001277644187211
498,1855,15_min_interval_stocks/Healthcare/CSCI.csv,15_min_interval_stocks,Healthcare,CSCI,33146,3.086961805820465e-05
499,1800,15_min_interval_stocks/Healthcare/TRUP.csv,15_min_interval_stocks,Healthcare,TRUP,3622405,0.0033736275508999
500,1507,15_min_interval_stocks/Healthcare/MOVE.csv,15_min_interval_stocks,Healthcare,MOVE,768663,0.0007158732041716
501,1371,15_min_interval_stocks/Healthcare/DNLI.csv,15_min_interval_stocks,Healthcare,DNLI,2498914,0.0023272950202226
502,1736,15_min_interval_stocks/Healthcare/ALLR.csv,15_min_interval_stocks,Healthcare,ALLR,1600566,0.0014906432479619
503,1883,15_min_interval_stocks/Healthcare/GMAB.csv,15_min_interval_stocks,Healthcare,GMAB,2263139,0.0021077124401926
504,1550,15_min_interval_stocks/Healthcare/LRMR.csv,15_min_interval_stocks,Healthcare,LRMR,3308275,0.003081071190536
505,1493,15_min_interval_stocks/Healthcare/ZYXI.csv,15_min_interval_stocks,Healthcare,ZYXI,2873105,0.0026757875457406
506,1920,15_min_interval_stocks/Healthcare/ANAB.csv,15_min_interval_stocks,Healthcare,ANAB,2690617,0.0025058323517441
507,1703,15_min_interval_stocks/Healthcare/ADAP.csv,15_min_interval_stocks,Healthcare,ADAP,3439537,0.0032033184543251
508,1946,15_min_interval_stocks/Healthcare/AORT.csv,15_min_interval_stocks,Healthcare,AORT,6177436,0.0057531856000423
509,1807,15_min_interval_stocks/Healthcare/CALC.csv,15_min_interval_stocks,Healthcare,CALC,229491,0.000213730148971
510,1446,15_min_interval_stocks/Healthcare/CNTA.csv,15_min_interval_stocks,Healthcare,CNTA,1050747,0.0009785844013094
511,1827,15_min_interval_stocks/Healthcare/ITOS.csv,15_min_interval_stocks,Healthcare,ITOS,1520121,0.001415723003447
512,1539,15_min_interval_stocks/Healthcare/PRLD.csv,15_min_interval_stocks,Healthcare,PRLD,1284319,0.0011961152777075
513,1515,15_min_interval_stocks/Healthcare/PHAT.csv,15_min_interval_stocks,Healthcare,PHAT,1755302,0.0016347523778676
514,1813,15_min_interval_stocks/Healthcare/CRON.csv,15_min_interval_stocks,Healthcare,CRON,3660674,0.0034092683345079
515,1558,15_min_interval_stocks/Healthcare/SPRB.csv,15_min_interval_stocks,Healthcare,SPRB,1382325,0.0012873904779553
516,1437,15_min_interval_stocks/Healthcare/SNOA.csv,15_min_interval_stocks,Healthcare,SNOA,4728145,0.0044034281745553
517,1454,15_min_interval_stocks/Healthcare/CYTO.csv,15_min_interval_stocks,Healthcare,CYTO,3762802,0.0035043824464082
518,1891,15_min_interval_stocks/Healthcare/TVTX.csv,15_min_interval_stocks,Healthcare,TVTX,3895194,0.0036276821047067
519,1430,15_min_interval_stocks/Healthcare/IPHA.csv,15_min_interval_stocks,Healthcare,IPHA,717379,0.000668111257255
520,1377,15_min_interval_stocks/Healthcare/BEAT.csv,15_min_interval_stocks,Healthcare,BEAT,5148478,0.0047948937863111
521,1566,15_min_interval_stocks/Healthcare/QNCX.csv,15_min_interval_stocks,Healthcare,QNCX,1918162,0.0017864275723695
522,1520,15_min_interval_stocks/Healthcare/PASG.csv,15_min_interval_stocks,Healthcare,PASG,1637643,0.001525173895061
523,1450,15_min_interval_stocks/Healthcare/SSY.csv,15_min_interval_stocks,Healthcare,SSY,1987760,0.0018512457609176
524,1858,15_min_interval_stocks/Healthcare/VTVT.csv,15_min_interval_stocks,Healthcare,VTVT,2852422,0.0026565250009298
525,1479,15_min_interval_stocks/Healthcare/CPHI.csv,15_min_interval_stocks,Healthcare,CPHI,4715466,0.0043916199356317
526,1743,15_min_interval_stocks/Healthcare/COCH.csv,15_min_interval_stocks,Healthcare,COCH,302364,0.000281598418951
527,1766,15_min_interval_stocks/Healthcare/INMB.csv,15_min_interval_stocks,Healthcare,INMB,1660992,0.0015469193458557
528,1395,15_min_interval_stocks/Healthcare/ZNTL.csv,15_min_interval_stocks,Healthcare,ZNTL,1667582,0.0015530567616224
529,1362,15_min_interval_stocks/Healthcare/ORKA.csv,15_min_interval_stocks,Healthcare,ORKA,90037,8.385349065065384e-05
530,1953,15_min_interval_stocks/Healthcare/AUNA.csv,15_min_interval_stocks,Healthcare,AUNA,214243,0.0001995293423533
531,1928,15_min_interval_stocks/Healthcare/SRDX.csv,15_min_interval_stocks,Healthcare,SRDX,7837227,0.0072989864274859
532,1706,15_min_interval_stocks/Healthcare/AKBA.csv,15_min_interval_stocks,Healthcare,AKBA,4464833,0.0041581997647881
533,2005,15_min_interval_stocks/Industrials/CNH.csv,15_min_interval_stocks,Industrials,CNH,302403,0.0002816347405314
534,2117,15_min_interval_stocks/Industrials/HY.csv,15_min_interval_stocks,Industrials,HY,4317623,0.004021099768579
535,2234,15_min_interval_stocks/Industrials/BIO.csv,15_min_interval_stocks,Industrials,BIO,7943748,0.0073981918394565
536,2002,15_min_interval_stocks/Industrials/NTIC.csv,15_min_interval_stocks,Industrials,NTIC,1673641,0.001558699645102
537,2141,15_min_interval_stocks/Industrials/USAP.csv,15_min_interval_stocks,Industrials,USAP,5549463,0.0051683401688933
538,1969,15_min_interval_stocks/Industrials/MEC.csv,15_min_interval_stocks,Industrials,MEC,1567233,0.0014595994725823
539,2006,15_min_interval_stocks/Industrials/KMT.csv,15_min_interval_stocks,Industrials,KMT,9889048,0.009209893643856
540,2132,15_min_interval_stocks/Industrials/EH.csv,15_min_interval_stocks,Industrials,EH,2633462,0.002452602609992
541,2037,15_min_interval_stocks/Industrials/MLAB.csv,15_min_interval_stocks,Industrials,MLAB,3528992,0.0032866299152374
542,2155,15_min_interval_stocks/Industrials/SENS.csv,15_min_interval_stocks,Industrials,SENS,4374071,0.0040736710652709
543,2181,15_min_interval_stocks/Industrials/AZZ.csv,15_min_interval_stocks,Industrials,AZZ,7817233,0.007280365563929
544,1993,15_min_interval_stocks/Industrials/VLTO.csv,15_min_interval_stocks,Industrials,VLTO,628308,0.0005851574242115
545,2076,15_min_interval_stocks/Industrials/BCPC.csv,15_min_interval_stocks,Industrials,BCPC,6976500,0.0064973719418048
546,2175,15_min_interval_stocks/Industrials/AQMS.csv,15_min_interval_stocks,Industrials,AQMS,3464747,0.0032267970964312
547,2016,15_min_interval_stocks/Industrials/HLP.csv,15_min_interval_stocks,Industrials,HLP,524532,0.0004885084927082
548,2183,15_min_interval_stocks/Industrials/GTN.csv,15_min_interval_stocks,Industrials,GTN,8370183,0.0077953403815627
549,1965,15_min_interval_stocks/Industrials/MIDD.csv,15_min_interval_stocks,Industrials,MIDD,8298112,0.0077282190322875
550,2185,15_min_interval_stocks/Industrials/ALG.csv,15_min_interval_stocks,Industrials,ALG,6962495,0.0064843287691473
551,2198,15_min_interval_stocks/Industrials/FMC.csv,15_min_interval_stocks,Industrials,FMC,10225484,0.0095232240855693
552,2035,15_min_interval_stocks/Industrials/NEU.csv,15_min_interval_stocks,Industrials,NEU,7349590,0.0068448390811681
553,2228,15_min_interval_stocks/Industrials/WERN.csv,15_min_interval_stocks,Industrials,WERN,9869857,0.0091920206323266
554,2044,15_min_interval_stocks/Industrials/GHM.csv,15_min_interval_stocks,Industrials,GHM,6021839,0.0056082746013998
555,2073,15_min_interval_stocks/Industrials/JHX.csv,15_min_interval_stocks,Industrials,JHX,3346478,0.003116650506854
556,2231,15_min_interval_stocks/Industrials/VEEE.csv,15_min_interval_stocks,Industrials,VEEE,663897,0.0006183022633194
557,2033,15_min_interval_stocks/Industrials/RGLD.csv,15_min_interval_stocks,Industrials,RGLD,10095604,0.0094022639095783
558,2247,15_min_interval_stocks/Industrials/BRKR.csv,15_min_interval_stocks,Industrials,BRKR,8395928,0.0078193172812461
559,2100,15_min_interval_stocks/Industrials/FORD.csv,15_min_interval_stocks,Industrials,FORD,4785907,0.0044572232291102
560,2107,15_min_interval_stocks/Industrials/TDY.csv,15_min_interval_stocks,Industrials,TDY,8775931,0.0081732226535677
561,2071,15_min_interval_stocks/Industrials/IEX.csv,15_min_interval_stocks,Industrials,IEX,9863987,0.0091865537688136
562,2020,15_min_interval_stocks/Industrials/BWSN.csv,15_min_interval_stocks,Industrials,BWSN,824389,0.0007677720859646
563,2061,15_min_interval_stocks/Industrials/DOW.csv,15_min_interval_stocks,Industrials,DOW,3300184,0.0030735358595848
564,2145,15_min_interval_stocks/Industrials/NX.csv,15_min_interval_stocks,Industrials,NX,9353582,0.0087112020701169
565,2114,15_min_interval_stocks/Industrials/CF.csv,15_min_interval_stocks,Industrials,CF,8641865,0.0080483639612793
566,2197,15_min_interval_stocks/Industrials/CGNX.csv,15_min_interval_stocks,Industrials,CGNX,9968422,0.0092838164418935
567,2143,15_min_interval_stocks/Industrials/CPAC.csv,15_min_interval_stocks,Industrials,CPAC,1454348,0.0013544671237468
568,2128,15_min_interval_stocks/Industrials/INVX.csv,15_min_interval_stocks,Industrials,INVX,94856,8.834153413772583e-05
569,2192,15_min_interval_stocks/Industrials/FTAIO.csv,15_min_interval_stocks,Industrials,FTAIO,727713,0.0006777355447411
570,2103,15_min_interval_stocks/Industrials/LHX.csv,15_min_interval_stocks,Industrials,LHX,7637493,0.0071129696443676
571,2162,15_min_interval_stocks/Industrials/TRNS.csv,15_min_interval_stocks,Industrials,TRNS,2259568,0.0021043866872787
572,2077,15_min_interval_stocks/Industrials/ESLT.csv,15_min_interval_stocks,Industrials,ESLT,5992309,0.0055807726457715
573,2125,15_min_interval_stocks/Industrials/NDSN.csv,15_min_interval_stocks,Industrials,NDSN,10038773,0.0093493359163403
574,2216,15_min_interval_stocks/Industrials/WLKP.csv,15_min_interval_stocks,Industrials,WLKP,2276977,0.0021206000819802
575,2115,15_min_interval_stocks/Industrials/X.csv,15_min_interval_stocks,Industrials,X,14403324,0.0134141407907009
576,2092,15_min_interval_stocks/Industrials/LODE.csv,15_min_interval_stocks,Industrials,LODE,5352921,0.0049852961674332
577,1990,15_min_interval_stocks/Industrials/LNZA.csv,15_min_interval_stocks,Industrials,LNZA,707647,0.0006590476259589
578,1982,15_min_interval_stocks/Industrials/ZTO.csv,15_min_interval_stocks,Industrials,ZTO,3696174,0.0034423302859067
579,1984,15_min_interval_stocks/Industrials/JBI.csv,15_min_interval_stocks,Industrials,JBI,1567453,0.0014598043635487
580,2118,15_min_interval_stocks/Industrials/ZWS.csv,15_min_interval_stocks,Industrials,ZWS,1330402,0.0012390334159135
581,2104,15_min_interval_stocks/Industrials/DTCK.csv,15_min_interval_stocks,Industrials,DTCK,406633,0.0003787064924836
582,2127,15_min_interval_stocks/Industrials/BKR.csv,15_min_interval_stocks,Industrials,BKR,3651698,0.0034009087830781
583,2200,15_min_interval_stocks/Industrials/RDW.csv,15_min_interval_stocks,Industrials,RDW,1394119,0.0012983744964003
584,2215,15_min_interval_stocks/Industrials/AVAV.csv,15_min_interval_stocks,Industrials,AVAV,6668172,0.0062102191150188
585,2057,15_min_interval_stocks/Industrials/GEVO.csv,15_min_interval_stocks,Industrials,GEVO,6345878,0.0059100594371557
586,2168,15_min_interval_stocks/Industrials/ROAD.csv,15_min_interval_stocks,Industrials,ROAD,2284646,0.0021277423948049
587,2133,15_min_interval_stocks/Industrials/CUB.csv,15_min_interval_stocks,Industrials,CUB,19344,1.8015503883361816e-05
588,2139,15_min_interval_stocks/Industrials/PLL.csv,15_min_interval_stocks,Industrials,PLL,2287534,0.0021304320544004
589,2238,15_min_interval_stocks/Industrials/SPXC.csv,15_min_interval_stocks,Industrials,SPXC,6555836,0.0061055980622768
590,1966,15_min_interval_stocks/Industrials/FTAIM.csv,15_min_interval_stocks,Industrials,FTAIM,192989,0.0001797350123524
591,2053,15_min_interval_stocks/Industrials/SSRM.csv,15_min_interval_stocks,Industrials,SSRM,7725201,0.007194654084742
592,2026,15_min_interval_stocks/Industrials/CSL.csv,15_min_interval_stocks,Industrials,CSL,10040178,0.0093506444245576
593,2023,15_min_interval_stocks/Industrials/VNT.csv,15_min_interval_stocks,Industrials,VNT,1741072,0.0016214996576309
594,2039,15_min_interval_stocks/Industrials/OMIC.csv,15_min_interval_stocks,Industrials,OMIC,1061780,0.0009888596832752
595,1985,15_min_interval_stocks/Industrials/BSLKW.csv,15_min_interval_stocks,Industrials,BSLKW,10084,9.391456842422484e-06
596,2154,15_min_interval_stocks/Industrials/PPSI.csv,15_min_interval_stocks,Industrials,PPSI,2039455,0.0018993904814124
597,2106,15_min_interval_stocks/Industrials/HWM.csv,15_min_interval_stocks,Industrials,HWM,3748011,0.0034906072542071
598,2032,15_min_interval_stocks/Industrials/PH.csv,15_min_interval_stocks,Industrials,PH,10601502,0.0098734181374311
599,1979,15_min_interval_stocks/Industrials/KNF.csv,15_min_interval_stocks,Industrials,KNF,607681,0.0005659470334649
600,2241,15_min_interval_stocks/Industrials/LMT.csv,15_min_interval_stocks,Industrials,LMT,11737143,0.01093106623739
601,2052,15_min_interval_stocks/Industrials/TFPM.csv,15_min_interval_stocks,Industrials,TFPM,909125,0.0008466886356472
602,1975,15_min_interval_stocks/Industrials/CBT.csv,15_min_interval_stocks,Industrials,CBT,9917326,0.009236229583621
603,1970,15_min_interval_stocks/Industrials/TOMZ.csv,15_min_interval_stocks,Industrials,TOMZ,1027201,0.0009566554799675
604,2166,15_min_interval_stocks/Industrials/WDFC.csv,15_min_interval_stocks,Industrials,WDFC,9562157,0.0089054526761174
605,2028,15_min_interval_stocks/Industrials/GRMN.csv,15_min_interval_stocks,Industrials,GRMN,10362172,0.0096505247056484
606,2068,15_min_interval_stocks/Industrials/OUST.csv,15_min_interval_stocks,Industrials,OUST,1998788,0.0018615163862705
607,1997,15_min_interval_stocks/Industrials/FTI.csv,15_min_interval_stocks,Industrials,FTI,10386794,0.0096734557300806
608,1976,15_min_interval_stocks/Industrials/WS.csv,15_min_interval_stocks,Industrials,WS,438329,0.0004082256928086
609,2412,15_min_interval_stocks/Technology/RELL.csv,15_min_interval_stocks,Technology,RELL,6728525,0.0062664272263646
610,2282,15_min_interval_stocks/Technology/CCLDP.csv,15_min_interval_stocks,Technology,CCLDP,1395419,0.0012995852157473
611,2264,15_min_interval_stocks/Technology/ISSC.csv,15_min_interval_stocks,Technology,ISSC,5325059,0.0049593476578593
612,2571,15_min_interval_stocks/Technology/GLOB.csv,15_min_interval_stocks,Technology,GLOB,3755855,0.0034979125484824
613,2306,15_min_interval_stocks/Technology/PL.csv,15_min_interval_stocks,Technology,PL,1644190,0.001531271263957
614,2431,15_min_interval_stocks/Technology/VSH.csv,15_min_interval_stocks,Technology,VSH,10009639,0.0093222027644515
615,2325,15_min_interval_stocks/Technology/NEXN.csv,15_min_interval_stocks,Technology,NEXN,259787,0.0002419454976916
616,2368,15_min_interval_stocks/Technology/MMVWW.csv,15_min_interval_stocks,Technology,MMVWW,186897,0.0001740613952279
617,2516,15_min_interval_stocks/Technology/MTSI.csv,15_min_interval_stocks,Technology,MTSI,4359722,0.0040603075176477
618,2375,15_min_interval_stocks/Technology/BCOV.csv,15_min_interval_stocks,Technology,BCOV,4131708,0.0038479529321193
619,2507,15_min_interval_stocks/Technology/KWESW.csv,15_min_interval_stocks,Technology,KWESW,49765,4.634726792573929e-05
620,2288,15_min_interval_stocks/Technology/WFCF.csv,15_min_interval_stocks,Technology,WFCF,318896,0.0002969950437545
621,2481,15_min_interval_stocks/Technology/ERIC.csv,15_min_interval_stocks,Technology,ERIC,8997450,0.008379528298974
622,2304,15_min_interval_stocks/Technology/ON.csv,15_min_interval_stocks,Technology,ON,9875987,0.0091977296397089
623,2386,15_min_interval_stocks/Technology/LGTY.csv,15_min_interval_stocks,Technology,LGTY,70285,6.545800715684891e-05
624,2448,15_min_interval_stocks/Technology/BZ.csv,15_min_interval_stocks,Technology,BZ,1640974,0.001528276130557
625,2504,15_min_interval_stocks/Technology/TSEM.csv,15_min_interval_stocks,Technology,TSEM,7493980,0.0069793127477169
626,2473,15_min_interval_stocks/Technology/GIGGU.csv,15_min_interval_stocks,Technology,GIGGU,12480,1.1622905731201172e-05
627,2575,15_min_interval_stocks/Technology/CCCS.csv,15_min_interval_stocks,Technology,CCCS,1204426,0.0011217091232538
628,2350,15_min_interval_stocks/Technology/INSE.csv,15_min_interval_stocks,Technology,INSE,1953546,0.0018193814903497
629,2258,15_min_interval_stocks/Technology/PCOR.csv,15_min_interval_stocks,Technology,PCOR,1362267,0.0012687100097537
630,2441,15_min_interval_stocks/Technology/HOLO.csv,15_min_interval_stocks,Technology,HOLO,1398597,0.0013025449588894
631,2321,15_min_interval_stocks/Technology/TCX.csv,15_min_interval_stocks,Technology,TCX,4652543,0.0043330183252692
632,2534,15_min_interval_stocks/Technology/AI.csv,15_min_interval_stocks,Technology,AI,6563149,0.006112408824265
633,2585,15_min_interval_stocks/Technology/GRNQ.csv,15_min_interval_stocks,Technology,GRNQ,1641158,0.0015284474939107
634,2443,15_min_interval_stocks/Technology/SMXWW.csv,15_min_interval_stocks,Technology,SMXWW,116374,0.0001083817332983
635,2467,15_min_interval_stocks/Technology/BCAN.csv,15_min_interval_stocks,Technology,BCAN,924769,0.0008612582460045
636,2417,15_min_interval_stocks/Technology/CLPS.csv,15_min_interval_stocks,Technology,CLPS,1514113,0.0014101276174187
637,2397,15_min_interval_stocks/Technology/PCTY.csv,15_min_interval_stocks,Technology,PCTY,3878608,0.0036122351884841
638,2607,15_min_interval_stocks/Technology/ZUO.csv,15_min_interval_stocks,Technology,ZUO,2606334,0.0024273376911878
639,2274,15_min_interval_stocks/Technology/MTTR.csv,15_min_interval_stocks,Technology,MTTR,2190926,0.0020404588431119
640,2357,15_min_interval_stocks/Technology/ABTS.csv,15_min_interval_stocks,Technology,ABTS,236179,0.0002199588343501
641,2291,15_min_interval_stocks/Technology/AUROW.csv,15_min_interval_stocks,Technology,AUROW,507492,0.0004726387560367
642,2598,15_min_interval_stocks/Technology/RGTIW.csv,15_min_interval_stocks,Technology,RGTIW,381500,0.0003552995622158
643,2402,15_min_interval_stocks/Technology/AVDX.csv,15_min_interval_stocks,Technology,AVDX,1183387,0.0011021150276064
644,2363,15_min_interval_stocks/Technology/NOK.csv,15_min_interval_stocks,Technology,NOK,15061817,0.0140274101868271
645,2312,15_min_interval_stocks/Technology/ZIP.csv,15_min_interval_stocks,Technology,ZIP,1324659,0.0012336848303675
646,2271,15_min_interval_stocks/Technology/MTC.csv,15_min_interval_stocks,Technology,MTC,2066363,0.0019244505092501
647,2547,15_min_interval_stocks/Technology/AISPW.csv,15_min_interval_stocks,Technology,AISPW,167624,0.0001561120152473
648,2422,15_min_interval_stocks/Technology/AVPTW.csv,15_min_interval_stocks,Technology,AVPTW,703747,0.0006554154679179
649,2489,15_min_interval_stocks/Technology/FIVN.csv,15_min_interval_stocks,Technology,FIVN,3876048,0.0036098510026931
650,2594,15_min_interval_stocks/Technology/COHR.csv,15_min_interval_stocks,Technology,COHR,9351870,0.0087096076458692
651,2279,15_min_interval_stocks/Technology/ONFO.csv,15_min_interval_stocks,Technology,ONFO,509078,0.00047411583364
652,2540,15_min_interval_stocks/Technology/MSAIW.csv,15_min_interval_stocks,Technology,MSAIW,65134,6.066076457500458e-05
653,2358,15_min_interval_stocks/Technology/PENG.csv,15_min_interval_stocks,Technology,PENG,75541,7.035303860902786e-05
654,2595,15_min_interval_stocks/Technology/NTAP.csv,15_min_interval_stocks,Technology,NTAP,11873618,0.0110581684857606
655,2339,15_min_interval_stocks/Technology/DOCS.csv,15_min_interval_stocks,Technology,DOCS,1574740,0.0014665909111499
656,2305,15_min_interval_stocks/Technology/EBON.csv,15_min_interval_stocks,Technology,EBON,1865756,0.0017376206815242
657,2254,15_min_interval_stocks/Technology/AZTA.csv,15_min_interval_stocks,Technology,AZTA,6732541,0.0062701674178242
658,2294,15_min_interval_stocks/Technology/MU.csv,15_min_interval_stocks,Technology,MU,15777957,0.0146943675354123
659,2482,15_min_interval_stocks/Technology/SLNHP.csv,15_min_interval_stocks,Technology,SLNHP,381137,0.0003549614921212
660,2407,15_min_interval_stocks/Technology/MCHP.csv,15_min_interval_stocks,Technology,MCHP,11324603,0.0105468584224581
661,2529,15_min_interval_stocks/Technology/PRCH.csv,15_min_interval_stocks,Technology,PRCH,1760801,0.0016398737207055
662,2460,15_min_interval_stocks/Technology/ZETA.csv,15_min_interval_stocks,Technology,ZETA,1447720,0.0013482943177223
663,2424,15_min_interval_stocks/Technology/SSTK.csv,15_min_interval_stocks,Technology,SSTK,4847399,0.0045144921168684
664,2583,15_min_interval_stocks/Technology/XTKG.csv,15_min_interval_stocks,Technology,XTKG,447405,0.0004166783764958
665,2342,15_min_interval_stocks/Technology/FORM.csv,15_min_interval_stocks,Technology,FORM,7510843,0.0069950176402926
666,2252,15_min_interval_stocks/Technology/PANW.csv,15_min_interval_stocks,Technology,PANW,6113732,0.005693856626749
667,2533,15_min_interval_stocks/Technology/TEL.csv,15_min_interval_stocks,Technology,TEL,7356130,0.0068509299308061
668,2326,15_min_interval_stocks/Technology/ETN.csv,15_min_interval_stocks,Technology,ETN,10911738,0.0101623479276895
669,2584,15_min_interval_stocks/Technology/XNET.csv,15_min_interval_stocks,Technology,XNET,3605630,0.0033580046147108
670,2503,15_min_interval_stocks/Technology/KC.csv,15_min_interval_stocks,Technology,KC,2162231,0.0020137345418334
671,2327,15_min_interval_stocks/Technology/CTSH.csv,15_min_interval_stocks,Technology,CTSH,10859784,0.0101139619946479
672,2295,15_min_interval_stocks/Technology/WIMI.csv,15_min_interval_stocks,Technology,WIMI,2415140,0.0022492744028568
673,2521,15_min_interval_stocks/Technology/CVV.csv,15_min_interval_stocks,Technology,CVV,3166847,0.0029493561014533
674,2322,15_min_interval_stocks/Technology/DOYU.csv,15_min_interval_stocks,Technology,DOYU,2694177,0.0025091478601098
675,2471,15_min_interval_stocks/Technology/ALRM.csv,15_min_interval_stocks,Technology,ALRM,3306634,0.003079542890191
676,2373,15_min_interval_stocks/Technology/KVYO.csv,15_min_interval_stocks,Technology,KVYO,563388,0.0005246959626674
677,2546,15_min_interval_stocks/Technology/FSLR.csv,15_min_interval_stocks,Technology,FSLR,9130406,0.0085033532232046
678,2331,15_min_interval_stocks/Technology/HSTM.csv,15_min_interval_stocks,Technology,HSTM,6743855,0.0062807044014334
679,2343,15_min_interval_stocks/Technology/FSLY.csv,15_min_interval_stocks,Technology,FSLY,3125955,0.0029112724587321
680,2590,15_min_interval_stocks/Technology/SDIG.csv,15_min_interval_stocks,Technology,SDIG,1629799,0.0015178686007857
681,2552,15_min_interval_stocks/Technology/MKTW.csv,15_min_interval_stocks,Technology,MKTW,1427213,0.0013291956856846
682,2458,15_min_interval_stocks/Technology/CMBM.csv,15_min_interval_stocks,Technology,CMBM,1708244,0.0015909262001514
683,2586,15_min_interval_stocks/Technology/TENB.csv,15_min_interval_stocks,Technology,TENB,2305763,0.0021474091336131
684,2605,15_min_interval_stocks/Technology/GDYN.csv,15_min_interval_stocks,Technology,GDYN,1709901,0.0015924694016575
685,2324,15_min_interval_stocks/Technology/GFS.csv,15_min_interval_stocks,Technology,GFS,1566732,0.0014591328799724
686,2333,15_min_interval_stocks/Technology/LFLYW.csv,15_min_interval_stocks,Technology,LFLYW,426962,0.0003976393491029
687,2599,15_min_interval_stocks/Technology/GILT.csv,15_min_interval_stocks,Technology,GILT,5240904,0.0048809722065925
688,2265,15_min_interval_stocks/Technology/GB.csv,15_min_interval_stocks,Technology,GB,1033352,0.000962384045124
689,2315,15_min_interval_stocks/Technology/CTV.csv,15_min_interval_stocks,Technology,CTV,1218834,0.0011351276189088
690,2517,15_min_interval_stocks/Technology/SHOP.csv,15_min_interval_stocks,Technology,SHOP,5424761,0.0050522023811936
691,2256,15_min_interval_stocks/Technology/BTCM.csv,15_min_interval_stocks,Technology,BTCM,3840774,0.0035769995301961
692,2362,15_min_interval_stocks/Technology/VRSK.csv,15_min_interval_stocks,Technology,VRSK,6456840,0.0060134008526802
693,2365,15_min_interval_stocks/Technology/SAIHW.csv,15_min_interval_stocks,Technology,SAIHW,5082,4.732981324195862e-06
694,2569,15_min_interval_stocks/Technology/VOXX.csv,15_min_interval_stocks,Technology,VOXX,7865161,0.0073250019922852
695,2565,15_min_interval_stocks/Technology/AWRE.csv,15_min_interval_stocks,Technology,AWRE,5307463,0.0049429601058363
696,2559,15_min_interval_stocks/Technology/NIXX.csv,15_min_interval_stocks,Technology,NIXX,91678,8.538179099559784e-05
697,2588,15_min_interval_stocks/Technology/ETWO.csv,15_min_interval_stocks,Technology,ETWO,1592674,0.0014832932502031
698,2359,15_min_interval_stocks/Technology/RBBN.csv,15_min_interval_stocks,Technology,RBBN,5883482,0.0054794196039438
699,2544,15_min_interval_stocks/Technology/SPNS.csv,15_min_interval_stocks,Technology,SPNS,5536640,0.005156397819519
700,2309,15_min_interval_stocks/Technology/GDS.csv,15_min_interval_stocks,Technology,GDS,3103726,0.002890570089221
701,2444,15_min_interval_stocks/Technology/SAP.csv,15_min_interval_stocks,Technology,SAP,12068259,0.0112394420430064
702,2551,15_min_interval_stocks/Technology/YMM.csv,15_min_interval_stocks,Technology,YMM,1664229,0.0015499340370297
703,2381,15_min_interval_stocks/Technology/EA.csv,15_min_interval_stocks,Technology,EA,12112089,0.0112802619114518
704,2469,15_min_interval_stocks/Technology/WISA.csv,15_min_interval_stocks,Technology,WISA,2741959,0.00255364831537
705,2389,15_min_interval_stocks/Technology/NBIS.csv,15_min_interval_stocks,Technology,NBIS,89916,8.374080061912537e-05
706,2266,15_min_interval_stocks/Technology/NIXXW.csv,15_min_interval_stocks,Technology,NIXXW,7197,6.702728569507599e-06
707,2396,15_min_interval_stocks/Technology/EGAN.csv,15_min_interval_stocks,Technology,EGAN,3601945,0.0033545726910233
708,2273,15_min_interval_stocks/Technology/SIMO.csv,15_min_interval_stocks,Technology,SIMO,7619033,0.0070957774296402
709,2684,15_min_interval_stocks/Real_Estate/CUBE.csv,15_min_interval_stocks,Real_Estate,CUBE,6981456,0.0065019875764846
710,2629,15_min_interval_stocks/Real_Estate/RYN.csv,15_min_interval_stocks,Real_Estate,RYN,9783453,0.0091115506365895
711,2729,15_min_interval_stocks/Real_Estate/MFAN.csv,15_min_interval_stocks,Real_Estate,MFAN,239768,0.0002233013510704
712,2689,15_min_interval_stocks/Real_Estate/KREF.csv,15_min_interval_stocks,Real_Estate,KREF,3054164,0.0028444118797779
713,2687,15_min_interval_stocks/Real_Estate/AKR.csv,15_min_interval_stocks,Real_Estate,AKR,8787306,0.008183816447854
714,2642,15_min_interval_stocks/Real_Estate/CIMO.csv,15_min_interval_stocks,Real_Estate,CIMO,64752,6.0304999351501465e-05
715,2675,15_min_interval_stocks/Real_Estate/GOTU.csv,15_min_interval_stocks,Real_Estate,GOTU,3110944,0.0028972923755645
716,2752,15_min_interval_stocks/Real_Estate/SUI.csv,15_min_interval_stocks,Real_Estate,SUI,9580244,0.0089222975075244
717,2679,15_min_interval_stocks/Real_Estate/GSUN.csv,15_min_interval_stocks,Real_Estate,GSUN,799262,0.0007443707436323
718,2693,15_min_interval_stocks/Real_Estate/INN.csv,15_min_interval_stocks,Real_Estate,INN,5239917,0.0048800529912114
719,2721,15_min_interval_stocks/Real_Estate/PSA.csv,15_min_interval_stocks,Real_Estate,PSA,10540218,0.0098163429647684
720,2623,15_min_interval_stocks/Real_Estate/BFS.csv,15_min_interval_stocks,Real_Estate,BFS,7680335,0.0071528693661093
721,2647,15_min_interval_stocks/Real_Estate/VTR.csv,15_min_interval_stocks,Real_Estate,VTR,9984326,0.0092986281961202
722,2620,15_min_interval_stocks/Real_Estate/EQC.csv,15_min_interval_stocks,Real_Estate,EQC,9712127,0.0090451231226325
723,2630,15_min_interval_stocks/Real_Estate/SILA.csv,15_min_interval_stocks,Real_Estate,SILA,221439,0.0002062311396002
724,2667,15_min_interval_stocks/Real_Estate/NXDT.csv,15_min_interval_stocks,Real_Estate,NXDT,5804124,0.0054055117070674
725,2715,15_min_interval_stocks/Real_Estate/LTC.csv,15_min_interval_stocks,Real_Estate,LTC,9423310,0.0087761413305997
726,2680,15_min_interval_stocks/Real_Estate/ESRT.csv,15_min_interval_stocks,Real_Estate,ESRT,4406364,0.0041037462651729
727,2666,15_min_interval_stocks/Real_Estate/NLY.csv,15_min_interval_stocks,Real_Estate,NLY,12187282,0.0113502908498048
728,2743,15_min_interval_stocks/Real_Estate/INTG.csv,15_min_interval_stocks,Real_Estate,INTG,602283,0.0005609197542071
729,2640,15_min_interval_stocks/Real_Estate/PECO.csv,15_min_interval_stocks,Real_Estate,PECO,1386389,0.0012911753728985
730,2738,15_min_interval_stocks/Real_Estate/MDRRP.csv,15_min_interval_stocks,Real_Estate,MDRRP,101466,9.449757635593414e-05
731,2637,15_min_interval_stocks/Real_Estate/UHT.csv,15_min_interval_stocks,Real_Estate,UHT,8266310,0.0076986011117696
732,2739,15_min_interval_stocks/Real_Estate/RCB.csv,15_min_interval_stocks,Real_Estate,RCB,460015,0.0004284223541617
733,2742,15_min_interval_stocks/Real_Estate/SQFTW.csv,15_min_interval_stocks,Real_Estate,SQFTW,207817,0.0001935446634888
734,2756,15_min_interval_stocks/Real_Estate/EEIQ.csv,15_min_interval_stocks,Real_Estate,EEIQ,603718,0.0005622562021017
735,2719,15_min_interval_stocks/Real_Estate/YQ.csv,15_min_interval_stocks,Real_Estate,YQ,1199989,0.0011175768449902
736,2754,15_min_interval_stocks/Real_Estate/CSR.csv,15_min_interval_stocks,Real_Estate,CSR,1408664,0.0013119205832481
737,2656,15_min_interval_stocks/Real_Estate/AXR.csv,15_min_interval_stocks,Real_Estate,AXR,2760560,0.0025709718465805
738,2641,15_min_interval_stocks/Real_Estate/BRT.csv,15_min_interval_stocks,Real_Estate,BRT,4540673,0.0042288312688469
739,2633,15_min_interval_stocks/Real_Estate/VNO.csv,15_min_interval_stocks,Real_Estate,VNO,10270487,0.0095651363953948
740,2626,15_min_interval_stocks/Real_Estate/DHCNL.csv,15_min_interval_stocks,Real_Estate,DHCNL,1846656,0.0017198324203491
741,2676,15_min_interval_stocks/Real_Estate/LANDP.csv,15_min_interval_stocks,Real_Estate,LANDP,337697,0.0003145048394799
742,2622,15_min_interval_stocks/Real_Estate/UMH.csv,15_min_interval_stocks,Real_Estate,UMH,6588621,0.0061361314728856
743,2653,15_min_interval_stocks/Real_Estate/TPTA.csv,15_min_interval_stocks,Real_Estate,TPTA,216887,0.0002019917592406
744,2757,15_min_interval_stocks/Real_Estate/OUT.csv,15_min_interval_stocks,Real_Estate,OUT,4373358,0.0040730070322752
745,2801,15_min_interval_stocks/Energy/VET.csv,15_min_interval_stocks,Energy,VET,5212707,0.0048547117039561
746,2783,15_min_interval_stocks/Energy/LB.csv,15_min_interval_stocks,Energy,LB,232072,0.0002161338925361
747,2816,15_min_interval_stocks/Energy/PDS.csv,15_min_interval_stocks,Energy,PDS,9597950,0.0089387875050306
748,2833,15_min_interval_stocks/Energy/CVE.csv,15_min_interval_stocks,Energy,CVE,6771312,0.0063062757253646
749,2761,15_min_interval_stocks/Energy/HP.csv,15_min_interval_stocks,Energy,HP,10347578,0.0096369329839944
750,2787,15_min_interval_stocks/Energy/PRTG.csv,15_min_interval_stocks,Energy,PRTG,868530,0.0008088815957307
751,2800,15_min_interval_stocks/Energy/HES.csv,15_min_interval_stocks,Energy,HES,8281210,0.0077124778181314
752,2828,15_min_interval_stocks/Energy/PBF.csv,15_min_interval_stocks,Energy,PBF,5448837,0.0050746249035
753,2771,15_min_interval_stocks/Energy/TPL.csv,15_min_interval_stocks,Energy,TPL,5410160,0.0050386041402816
754,2805,15_min_interval_stocks/Energy/PHX.csv,15_min_interval_stocks,Energy,PHX,5563239,0.0051811700686812
755,2844,15_min_interval_stocks/Energy/VLO.csv,15_min_interval_stocks,Energy,VLO,12678964,0.0118082053959369
756,2796,15_min_interval_stocks/Energy/GFR.csv,15_min_interval_stocks,Energy,GFR,259030,0.0002412404865026
757,2851,15_min_interval_stocks/Energy/CNQ.csv,15_min_interval_stocks,Energy,CNQ,9124913,0.0084982374683022
758,2823,15_min_interval_stocks/Energy/BE.csv,15_min_interval_stocks,Energy,BE,3392733,0.0031597288325428
759,2773,15_min_interval_stocks/Energy/FCEL.csv,15_min_interval_stocks,Energy,FCEL,11672768,0.0108711123466491
760,2765,15_min_interval_stocks/Energy/HAL.csv,15_min_interval_stocks,Energy,HAL,13353397,0.0124363200739026
761,2779,15_min_interval_stocks/Energy/IMO.csv,15_min_interval_stocks,Energy,IMO,9414914,0.0087683219462633
762,2789,15_min_interval_stocks/Energy/BPT.csv,15_min_interval_stocks,Energy,BPT,9481968,0.0088307708501815
763,2810,15_min_interval_stocks/Energy/NESR.csv,15_min_interval_stocks,Energy,NESR,37471,3.4897588193416595e-05
764,2826,15_min_interval_stocks/Energy/CVI.csv,15_min_interval_stocks,Energy,CVI,6917906,0.0064428020268678
765,2894,15_min_interval_stocks/Utilities/CLNE.csv,15_min_interval_stocks,Utilities,CLNE,7214433,0.0067189643159508
766,2876,15_min_interval_stocks/Utilities/EAI.csv,15_min_interval_stocks,Utilities,EAI,2118226,0.0019727516919374
767,2909,15_min_interval_stocks/Utilities/NEP.csv,15_min_interval_stocks,Utilities,NEP,4539003,0.0042272759601473
768,2926,15_min_interval_stocks/Utilities/ENO.csv,15_min_interval_stocks,Utilities,ENO,1088598,0.0010138358920812
769,2854,15_min_interval_stocks/Utilities/AWX.csv,15_min_interval_stocks,Utilities,AWX,1764425,0.0016432488337159
770,2880,15_min_interval_stocks/Utilities/NWN.csv,15_min_interval_stocks,Utilities,NWN,9499172,0.0088467933237552
771,2893,15_min_interval_stocks/Utilities/TVE.csv,15_min_interval_stocks,Utilities,TVE,4664926,0.0043445508927106
772,2921,15_min_interval_stocks/Utilities/SOJC.csv,15_min_interval_stocks,Utilities,SOJC,1999495,0.0018621748313307
773,2864,15_min_interval_stocks/Utilities/BEPI.csv,15_min_interval_stocks,Utilities,BEPI,577141,0.0005375044420361
774,2898,15_min_interval_stocks/Utilities/SO.csv,15_min_interval_stocks,Utilities,SO,11005296,0.0102494806051254
775,2937,15_min_interval_stocks/Utilities/CMS.csv,15_min_interval_stocks,Utilities,CMS,10004974,0.0093178581446409
776,2889,15_min_interval_stocks/Utilities/CMSC.csv,15_min_interval_stocks,Utilities,CMSC,1242090,0.0011567864567041
777,2944,15_min_interval_stocks/Utilities/FE.csv,15_min_interval_stocks,Utilities,FE,10524029,0.0098012657836079
778,2916,15_min_interval_stocks/Utilities/ELPC.csv,15_min_interval_stocks,Utilities,ELPC,196827,0.0001833094283938
779,2866,15_min_interval_stocks/Utilities/CMSA.csv,15_min_interval_stocks,Utilities,CMSA,1228150,0.001143803820014
780,2858,15_min_interval_stocks/Utilities/ELLO.csv,15_min_interval_stocks,Utilities,ELLO,492402,0.0004585850983858
781,2872,15_min_interval_stocks/Utilities/AMPS.csv,15_min_interval_stocks,Utilities,AMPS,1279446,0.0011915769428014
782,2882,15_min_interval_stocks/Utilities/GPJA.csv,15_min_interval_stocks,Utilities,GPJA,1268098,0.0011810082942247
783,2903,15_min_interval_stocks/Utilities/CWT.csv,15_min_interval_stocks,Utilities,CWT,9230731,0.0085967881605029
784,2919,15_min_interval_stocks/Utilities/ALCE.csv,15_min_interval_stocks,Utilities,ALCE,408344,0.0003802999854087
785,2869,15_min_interval_stocks/Utilities/NJR.csv,15_min_interval_stocks,Utilities,NJR,9441116,0.0087927244603633
786,2922,15_min_interval_stocks/Utilities/AGR.csv,15_min_interval_stocks,Utilities,AGR,3571212,0.0033259503543376
787,2932,15_min_interval_stocks/Utilities/OTTR.csv,15_min_interval_stocks,Utilities,OTTR,9236288,0.00860196352005
788,2884,15_min_interval_stocks/Utilities/CDZI.csv,15_min_interval_stocks,Utilities,CDZI,5275987,0.0049136457964777
789,2887,15_min_interval_stocks/Utilities/CEG.csv,15_min_interval_stocks,Utilities,CEG,1676108,0.0015609972178936
790,2865,15_min_interval_stocks/Utilities/UGP.csv,15_min_interval_stocks,Utilities,UGP,8037720,0.0074857100844383
791,2920,15_min_interval_stocks/Utilities/BIPJ.csv,15_min_interval_stocks,Utilities,BIPJ,112392,0.0001046732068061
792,2923,15_min_interval_stocks/Utilities/CEPU.csv,15_min_interval_stocks,Utilities,CEPU,2482231,0.0023117577657103
793,2885,15_min_interval_stocks/Utilities/PCG.csv,15_min_interval_stocks,Utilities,PCG,11272073,0.0104979360476136
794,2952,15_min_interval_stocks/Consumer_Staples/WVVI.csv,15_min_interval_stocks,Consumer_Staples,WVVI,1031031,0.0009602224454283
795,2983,15_min_interval_stocks/Consumer_Staples/FARM.csv,15_min_interval_stocks,Consumer_Staples,FARM,5768728,0.0053725466132164
796,2958,15_min_interval_stocks/Consumer_Staples/DNUT.csv,15_min_interval_stocks,Consumer_Staples,DNUT,1772796,0.001651044934988
797,2948,15_min_interval_stocks/Consumer_Staples/KHC.csv,15_min_interval_stocks,Consumer_Staples,KHC,5445431,0.0050714528188109
798,2993,15_min_interval_stocks/Consumer_Staples/ARKO.csv,15_min_interval_stocks,Consumer_Staples,ARKO,1477390,0.0013759266585111
799,2995,15_min_interval_stocks/Consumer_Staples/STZ.csv,15_min_interval_stocks,Consumer_Staples,STZ,10598843,0.0098709417507052
800,3013,15_min_interval_stocks/Consumer_Staples/BRLS.csv,15_min_interval_stocks,Consumer_Staples,BRLS,70476,6.563588976860046e-05
801,3001,15_min_interval_stocks/Consumer_Staples/RKDA.csv,15_min_interval_stocks,Consumer_Staples,RKDA,2826599,0.0026324754580855
802,2998,15_min_interval_stocks/Consumer_Staples/IBG.csv,15_min_interval_stocks,Consumer_Staples,IBG,98746,9.196437895298004e-05
803,2976,15_min_interval_stocks/Consumer_Staples/MSS.csv,15_min_interval_stocks,Consumer_Staples,MSS,413923,0.0003854958340525
804,3015,15_min_interval_stocks/Consumer_Staples/CPB.csv,15_min_interval_stocks,Consumer_Staples,CPB,10591240,0.0098638609051704
805,3018,15_min_interval_stocks/Consumer_Staples/EAST.csv,15_min_interval_stocks,Consumer_Staples,EAST,1936999,0.0018039708957076
806,2966,15_min_interval_stocks/Consumer_Staples/FRPT.csv,15_min_interval_stocks,Consumer_Staples,FRPT,3566735,0.0033217808231711
807,2960,15_min_interval_stocks/Consumer_Staples/COKE.csv,15_min_interval_stocks,Consumer_Staples,COKE,7489635,0.0069752661511301
808,3006,15_min_interval_stocks/Consumer_Staples/CTVA.csv,15_min_interval_stocks,Consumer_Staples,CTVA,2608596,0.0024294443428516
809,2981,15_min_interval_stocks/Consumer_Staples/ARLO.csv,15_min_interval_stocks,Consumer_Staples,ARLO,2434740,0.0022675283253192
810,2957,15_min_interval_stocks/Consumer_Staples/LND.csv,15_min_interval_stocks,Consumer_Staples,LND,1593771,0.0014843149110674
811,2953,15_min_interval_stocks/Consumer_Staples/CCU.csv,15_min_interval_stocks,Consumer_Staples,CCU,9463806,0.0088138561695814
812,2982,15_min_interval_stocks/Consumer_Staples/SYNX.csv,15_min_interval_stocks,Consumer_Staples,SYNX,114781,0.0001068981364369
813,2970,15_min_interval_stocks/Consumer_Staples/BUD.csv,15_min_interval_stocks,Consumer_Staples,BUD,8509912,0.0079254731535911
814,2978,15_min_interval_stocks/Consumer_Staples/BRID.csv,15_min_interval_stocks,Consumer_Staples,BRID,906175,0.0008439412340521
815,2988,15_min_interval_stocks/Consumer_Staples/CELH.csv,15_min_interval_stocks,Consumer_Staples,CELH,4045220,0.003767404705286
816,2987,15_min_interval_stocks/Consumer_Staples/ADM.csv,15_min_interval_stocks,Consumer_Staples,ADM,10564655,0.0098391016945242
817,3077,15_min_interval_stocks/Basic_Materials/IP.csv,15_min_interval_stocks,Basic_Materials,IP,10947230,0.0101954024285078
818,3084,15_min_interval_stocks/Basic_Materials/CLF.csv,15_min_interval_stocks,Basic_Materials,CLF,12520862,0.0116609614342451
819,3024,15_min_interval_stocks/Basic_Materials/EQX.csv,15_min_interval_stocks,Basic_Materials,EQX,2131123,0.0019847629591822
820,3069,15_min_interval_stocks/Basic_Materials/AUST.csv,15_min_interval_stocks,Basic_Materials,AUST,772558,0.0007195007055997
821,3029,15_min_interval_stocks/Basic_Materials/SCCO.csv,15_min_interval_stocks,Basic_Materials,SCCO,10360915,0.0096493540331721
822,3085,15_min_interval_stocks/Basic_Materials/MTAL.csv,15_min_interval_stocks,Basic_Materials,MTAL,481695,0.0004486134275794
823,3040,15_min_interval_stocks/Basic_Materials/CRML.csv,15_min_interval_stocks,Basic_Materials,CRML,160964,0.0001499094069004
824,3036,15_min_interval_stocks/Basic_Materials/CMCL.csv,15_min_interval_stocks,Basic_Materials,CMCL,3061293,0.0028510512784123
825,3088,15_min_interval_stocks/Basic_Materials/AU.csv,15_min_interval_stocks,Basic_Materials,AU,12677514,0.0118068549782037
826,3054,15_min_interval_stocks/Basic_Materials/FCX.csv,15_min_interval_stocks,Basic_Materials,FCX,15072035,0.0140369264408946
827,3057,15_min_interval_stocks/Basic_Materials/RYAM.csv,15_min_interval_stocks,Basic_Materials,RYAM,3810583,0.0035488819703459
828,3033,15_min_interval_stocks/Basic_Materials/LPX.csv,15_min_interval_stocks,Basic_Materials,LPX,10136013,0.0094398977234959
829,3108,15_min_interval_stocks/Telecommunications/DGII.csv,15_min_interval_stocks,Telecommunications,DGII,7819996,0.0072829388082027
830,3130,15_min_interval_stocks/Telecommunications/CHT.csv,15_min_interval_stocks,Telecommunications,CHT,8091381,0.0075356857851147
831,3136,15_min_interval_stocks/Telecommunications/SIDU.csv,15_min_interval_stocks,Telecommunications,SIDU,1592573,0.001483199186623
832,3101,15_min_interval_stocks/Telecommunications/TU.csv,15_min_interval_stocks,Telecommunications,TU,2980983,0.0027762567624449
833,3132,15_min_interval_stocks/Telecommunications/HUBC.csv,15_min_interval_stocks,Telecommunications,HUBC,1088927,0.0010141422972083
834,3094,15_min_interval_stocks/Telecommunications/UZF.csv,15_min_interval_stocks,Telecommunications,UZF,1023634,0.0009533334523439
835,3106,15_min_interval_stocks/Telecommunications/HEAR.csv,15_min_interval_stocks,Telecommunications,HEAR,4381206,0.0040803160518407
836,3139,15_min_interval_stocks/Telecommunications/TIMB.csv,15_min_interval_stocks,Telecommunications,TIMB,6581959,0.0061299270018935
837,3092,15_min_interval_stocks/Telecommunications/LILA.csv,15_min_interval_stocks,Telecommunications,LILA,3406150,0.0031722243875265
838,3121,15_min_interval_stocks/Telecommunications/WOW.csv,15_min_interval_stocks,Telecommunications,WOW,2512124,0.0023395977914333
839,3102,15_min_interval_stocks/Telecommunications/VISL.csv,15_min_interval_stocks,Telecommunications,VISL,4320838,0.0040240939706563
840,3097,15_min_interval_stocks/Telecommunications/ATUS.csv,15_min_interval_stocks,Telecommunications,ATUS,2942660,0.0027405656874179
841,3115,15_min_interval_stocks/Telecommunications/CCZ.csv,15_min_interval_stocks,Telecommunications,CCZ,427805,0.0003984244540333
842,3095,15_min_interval_stocks/Telecommunications/ZD.csv,15_min_interval_stocks,Telecommunications,ZD,6922844,0.0064474008977413
843,3123,15_min_interval_stocks/Telecommunications/EXTR.csv,15_min_interval_stocks,Telecommunications,EXTR,9036618,0.0084160063415765
844,3093,15_min_interval_stocks/Telecommunications/KSCP.csv,15_min_interval_stocks,Telecommunications,KSCP,1511657,0.0014078402891755
845,3317,15_min_interval_stocks/Other/ONCT.csv,15_min_interval_stocks,Other,ONCT,1877297,0.0017483690753579
846,3322,15_min_interval_stocks/Other/THCPU.csv,15_min_interval_stocks,Other,THCPU,4782,4.453584551811218e-06
847,3253,15_min_interval_stocks/Other/ATIP.csv,15_min_interval_stocks,Other,ATIP,1178542,0.0010976027697324
848,3207,15_min_interval_stocks/Other/DBL.csv,15_min_interval_stocks,Other,DBL,4125089,0.0038417885079979
849,3243,15_min_interval_stocks/Other/IROHR.csv,15_min_interval_stocks,Other,IROHR,17738,1.6519799828529358e-05
850,3157,15_min_interval_stocks/Other/BELFA.csv,15_min_interval_stocks,Other,BELFA,1773178,0.0016514007002115
851,3151,15_min_interval_stocks/Other/GPAT.csv,15_min_interval_stocks,Other,GPAT,25602,2.384372055530548e-05
852,3158,15_min_interval_stocks/Other/SLDP.csv,15_min_interval_stocks,Other,SLDP,1988004,0.0018514730036258
853,3283,15_min_interval_stocks/Other/NEOV.csv,15_min_interval_stocks,Other,NEOV,1014616,0.000944934785366
854,3266,15_min_interval_stocks/Other/ALCO.csv,15_min_interval_stocks,Other,ALCO,5268825,0.0049069756641983
855,3251,15_min_interval_stocks/Other/DTSQ.csv,15_min_interval_stocks,Other,DTSQ,8138,7.579103112220764e-06
856,3237,15_min_interval_stocks/Other/VRM.csv,15_min_interval_stocks,Other,VRM,2459554,0.0022906381636857
857,3160,15_min_interval_stocks/Other/BRACR.csv,15_min_interval_stocks,Other,BRACR,30922,2.8798356652259827e-05
858,3306,15_min_interval_stocks/Other/VLYPN.csv,15_min_interval_stocks,Other,VLYPN,60825,5.664769560098648e-05
859,3227,15_min_interval_stocks/Other/BSII.csv,15_min_interval_stocks,Other,BSII,6273,5.842186510562897e-06
860,3262,15_min_interval_stocks/Other/STEM.csv,15_min_interval_stocks,Other,STEM,2113570,0.00196841545403
861,3246,15_min_interval_stocks/Other/MSDL.csv,15_min_interval_stocks,Other,MSDL,335784,0.0003127232193946
862,3208,15_min_interval_stocks/Other/JBDI.csv,15_min_interval_stocks,Other,JBDI,187130,0.0001742783933877
863,3198,15_min_interval_stocks/Other/BKHAR.csv,15_min_interval_stocks,Other,BKHAR,10767,1.0027550160884855e-05
864,3184,15_min_interval_stocks/Other/DXYZ.csv,15_min_interval_stocks,Other,DXYZ,502025,0.0004675472155213
865,3172,15_min_interval_stocks/Other/DYCQ.csv,15_min_interval_stocks,Other,DYCQ,27506,2.5616958737373352e-05
866,3166,15_min_interval_stocks/Other/CLRCW.csv,15_min_interval_stocks,Other,CLRCW,19092,1.7780810594558716e-05
867,3297,15_min_interval_stocks/Other/ESHA.csv,15_min_interval_stocks,Other,ESHA,51352,4.782527685165405e-05
868,3239,15_min_interval_stocks/Other/YHNAR.csv,15_min_interval_stocks,Other,YHNAR,1128,1.0505318641662598e-06
869,3210,15_min_interval_stocks/Other/LEGT.csv,15_min_interval_stocks,Other,LEGT,62026,5.776621401309967e-05
870,3269,15_min_interval_stocks/Other/PBI.csv,15_min_interval_stocks,Other,PBI,10237314,0.009534241631627
871,3265,15_min_interval_stocks/Other/FREY.csv,15_min_interval_stocks,Other,FREY,1961650,0.0018269289284944
872,3161,15_min_interval_stocks/Other/IROHU.csv,15_min_interval_stocks,Other,IROHU,24240,2.25752592086792e-05
873,3187,15_min_interval_stocks/Other/ENR.csv,15_min_interval_stocks,Other,ENR,3816741,0.0035546170547604
874,3217,15_min_interval_stocks/Other/ETX.csv,15_min_interval_stocks,Other,ETX,2701025,0.0025155255571007
875,3310,15_min_interval_stocks/Other/EXAI.csv,15_min_interval_stocks,Other,EXAI,1221840,0.0011379271745681
876,3209,15_min_interval_stocks/Other/JVSAR.csv,15_min_interval_stocks,Other,JVSAR,9248,8.612871170043945e-06
877,3147,15_min_interval_stocks/Other/EQV.csv,15_min_interval_stocks,Other,EQV,14942,1.391582190990448e-05
878,3274,15_min_interval_stocks/Other/CLRC.csv,15_min_interval_stocks,Other,CLRC,50864,4.73707914352417e-05
879,3311,15_min_interval_stocks/Other/BEAGU.csv,15_min_interval_stocks,Other,BEAGU,11682,1.087971031665802e-05
880,3305,15_min_interval_stocks/Other/POLE.csv,15_min_interval_stocks,Other,POLE,9935,9.25268977880478e-06
881,3220,15_min_interval_stocks/Other/YHNAU.csv,15_min_interval_stocks,Other,YHNAU,8816,8.210539817810059e-06
882,3254,15_min_interval_stocks/Other/VFF.csv,15_min_interval_stocks,Other,VFF,2676910,0.0024930667132139
883,3193,15_min_interval_stocks/Other/ADN.csv,15_min_interval_stocks,Other,ADN,1902879,0.0017721941694617
